#{"t_start": 1791205135.6760585, "env_id": "None"}
r,l,t,is_success
-11.82,7,1.037635,False
-12.08,8,1.04416,False
-12.06,6,1.050424,False
-11.83,8,1.058437,False
-12.04,4,1.061444,False
-11.36,11,1.07141,False
-12.05,5,1.07593,False
-11.59,9,1.082447,False
-10.59,9,1.090973,False
-11.56,6,1.096016,False
-11.85,10,1.10468,False
-11.81,6,1.110686,False
-11.83,8,1.118654,False
-12.06,6,1.123661,False
-12.03,3,1.126178,False
-11.82,7,1.131593,False
-11.81,6,1.137098,False
-12.04,4,1.141102,False
-12.04,4,1.144102,False
-12.03,3,1.147104,False
-12.03,3,1.149803,False
-11.8,5,1.154341,False
-12.02,2,1.155338,False
-12.02,2,1.156843,False
-11.81,6,1.163369,False
-12.02,2,1.164767,False
-12.04,4,1.168818,False
-11.8,5,1.172835,False
-12.05,5,1.176831,False
-12.03,3,1.179354,False
-12.02,2,1.180867,False
-12.03,3,1.184172,False
-11.57,7,1.191133,False
-11.81,5,1.195133,False
-12.07,7,1.201701,False
-11.8,5,1.205697,False
-12.07,7,1.212209,False
-10.6,10,1.221127,False
-11.86,11,1.22997,False
-11.63,12,1.240512,False
-11.81,6,1.245516,False
-11.81,6,1.250468,False
-11.62,11,1.259187,False
-12.12,12,1.270011,False
-11.79,3,1.273068,False
-11.8,5,1.277068,False
-10.87,10,1.286547,False
-12.12,12,1.296995,False
-12.06,6,1.303466,False
-11.79,4,1.307462,False
-10.57,7,1.312973,False
-12.05,5,1.317809,False
-11.36,11,1.327318,False
-12.05,5,1.331735,False
-11.8,5,1.335935,False
-12.05,5,1.339936,False
-12.04,4,1.342928,False
-11.79,4,1.347146,False
-11.82,7,1.353279,False
-11.81,6,1.35879,False
-12.08,8,1.365263,False
-12.06,6,1.369798,False
-11.84,9,1.378749,False
-11.6,10,1.387127,False
-11.8,5,1.391127,False
-11.79,4,1.39413,False
-12.04,4,1.398038,False
-11.79,4,1.401036,False
-11.81,6,1.40707,False
-12.05,5,1.411086,False
-11.87,12,1.421188,False
-12.03,3,1.424195,False
-11.8,5,1.427708,False
-12.05,5,1.432228,False
-11.8,5,1.436227,False
-12.05,5,1.441541,False
-12.02,2,1.443538,False
-11.59,9,1.450443,False
-12.04,4,1.453442,False
-11.79,4,1.457445,False
-12.03,3,1.459972,False
-12.07,7,1.465364,False
-12.06,6,1.470886,False
-11.58,8,1.478879,False
-11.78,3,1.482095,False
-11.35,9,1.488625,False
-11.87,11,1.498838,False
-12.03,3,1.501362,False
-12.02,2,1.502362,False
-12.06,6,1.508362,False
-11.59,9,1.515465,False
-12.04,4,1.518465,False
-11.82,6,1.523496,False
-11.81,5,1.528491,False
-11.8,4,1.532394,False
-11.81,6,1.537188,False
-11.8,5,1.541187,False
-12.04,4,1.544711,False
-11.81,6,1.550035,False
-11.36,10,1.558275,False
-12.06,6,1.56285,False
-11.84,8,1.570164,False
-12.05,5,1.574692,False
-12.04,4,1.578213,False
-12.02,2,1.579564,False
-11.8,5,1.583632,False
-11.84,9,1.591791,False
-12.06,6,1.596713,False
-12.08,8,1.604245,False
-12.03,3,1.60726,False
-12.07,7,1.612782,False
-12.03,3,1.614707,False
-11.84,9,1.622728,False
-12.09,9,1.630513,False
-12.04,4,1.633523,False
-12.05,5,1.638039,False
-11.56,6,1.643046,False
-12.02,2,1.645046,False
-11.83,8,1.651557,False
-12.04,4,1.654715,False
-12.05,5,1.658252,False
-11.79,4,1.66278,False
-12.03,3,1.665275,False
-11.82,7,1.671304,False
-12.03,3,1.674314,False
-12.04,4,1.677837,False
-11.79,4,1.680302,False
-12.08,8,1.68685,False
-11.65,15,1.699965,False
-11.86,11,1.710659,False
-11.57,7,1.715999,False
-11.81,6,1.721518,False
-12.02,2,1.723526,False
-12.1,10,1.731964,False
-11.57,7,1.738957,False
-12.04,4,1.742285,False
-12.04,4,1.745284,False
-12.02,2,1.747795,False
-12.03,3,1.750301,False
-12.04,4,1.753309,False
-12.07,7,1.759315,False
-11.56,6,1.765305,False
-11.6,10,1.773753,False
-11.59,9,1.781726,False
-12.02,2,1.783262,False
-11.4,15,1.797358,False
-12.02,2,1.798356,False
-12.04,4,1.802355,False
-11.8,5,1.806874,False
-11.8,5,1.810874,False
-11.61,10,1.820249,False
-12.03,3,1.823245,False
-11.86,11,1.832232,False
-11.6,9,1.839754,False
-11.8,5,1.844259,False
-11.82,7,1.850674,False
-12.03,3,1.853673,False
-11.82,7,1.859496,False
-12.06,6,1.864493,False
-12.03,3,1.867018,False
-11.85,10,1.875331,False
-11.84,9,1.883576,False
-12.03,3,1.886108,False
-12.03,3,1.888106,False
-11.84,9,1.896112,False
-11.81,6,1.901136,False
-11.81,6,1.905142,False
-11.86,11,1.915162,False
-11.78,3,1.91768,False
-12.06,6,1.922693,False
-11.78,3,2.288197,False
-10.84,9,2.299173,False
-12.04,4,2.302173,False
-12.02,2,2.304675,False
-11.82,7,2.311183,False
-11.31,6,2.318203,False
-11.88,13,2.333109,False
-11.58,8,2.342341,False
-12.13,13,2.355147,False
-11.84,9,2.363116,False
-12.06,6,2.368633,False
-12.03,3,2.372137,False
-10.82,7,2.379641,False
-12.05,5,2.384109,False
-11.81,6,2.391676,False
-12.09,9,2.402229,False
-11.81,6,2.40973,False
-11.79,4,2.413359,False
-12.06,6,2.419372,False
-12.07,7,2.426877,False
-12.05,5,2.43295,False
-12.03,3,2.435953,False
-12.1,10,2.447923,False
-12.04,4,2.452441,False
-11.6,9,2.462438,False
-11.8,5,2.467491,False
-11.79,4,2.472986,False
-11.81,6,2.479494,False
-12.02,2,2.480847,False
-11.82,7,2.487858,False
-11.83,8,2.494609,False
-12.05,5,2.500055,False
-11.82,7,2.505715,False
-11.65,15,2.519967,False
-11.87,12,2.530279,False
-11.82,7,2.536217,False
-12.03,3,2.539221,False
-11.81,5,2.543221,False
-10.39,14,2.554486,False
-12.07,7,2.560011,False
-12.03,3,2.56301,False
-11.33,8,2.569826,False
-10.85,10,2.577869,False
-11.59,9,2.585115,False
-11.8,4,2.588656,False
-11.81,6,2.593656,False
-11.59,8,2.6,False
-11.55,5,2.604,False
-11.88,12,2.615507,False
-12.08,8,2.621032,False
-11.66,16,2.635346,False
-12.02,2,2.637361,False
-11.84,9,2.64509,False
-11.81,5,2.648369,False
-11.85,9,2.655892,False
-11.62,12,2.665959,False
-11.81,6,2.670958,False
-12.04,4,2.67348,False
-11.62,12,2.684648,False
-11.55,5,2.689182,False
-11.81,6,2.693848,False
-11.85,10,2.702106,False
-10.63,12,2.71092,False
-11.6,10,2.71989,False
-12.06,6,2.725414,False
-12.08,8,2.731768,False
-11.6,10,2.740295,False
-11.79,4,2.743806,False
-12.03,3,2.74582,False
-11.83,8,2.75306,False
-12.05,5,2.758154,False
-12.03,3,2.760161,False
-11.84,9,2.768408,False
-11.56,6,2.772408,False
-12.03,3,2.775452,False
-10.86,10,2.783894,False
-12.06,6,2.787962,False
-12.04,4,2.791962,False
-11.6,9,2.799403,False
-12.11,11,2.809416,False
-11.64,12,2.819294,False
-12.05,5,2.823294,False
-11.81,6,2.828527,False
-11.84,9,2.835976,False
-12.06,6,2.841516,False
-12.06,6,2.846898,False
-12.05,5,2.850449,False
-11.92,17,2.866084,False
-11.57,7,2.8721,False
-12.03,3,2.874647,False
-12.03,3,2.877653,False
-12.07,7,2.882651,False
-12.04,4,2.885664,False
-11.84,9,2.8947,False
-11.92,17,2.909063,False
-11.79,4,2.912587,False
-12.04,4,2.915917,False
-11.55,5,2.919916,False
-11.36,11,2.929446,False
-12.03,3,2.932388,False
-11.58,8,2.938385,False
-12.02,2,2.940392,False
-11.79,4,2.943917,False
-12.06,6,2.949178,False
-11.83,8,2.955697,False
-11.64,13,2.966751,False
-11.82,7,2.97275,False
-12.04,4,2.976273,False
-11.79,4,2.979794,False
-10.82,7,2.985934,False
-11.79,4,2.988982,False
-11.8,5,2.992677,False
-11.59,9,3.000181,False
-11.77,2,3.002195,False
-12.08,8,3.008225,False
-11.82,7,3.015106,False
-12.06,6,3.020117,False
-12.05,5,3.024117,False
-11.78,3,3.026643,False
-12.04,4,3.030136,False
-12.04,4,3.033157,False
-12.03,3,3.035157,False
-11.8,5,3.03968,False
-11.6,10,3.048049,False
-11.85,10,3.056048,False
-12.02,2,3.057567,False
-12.08,8,3.064022,False
-11.86,11,3.072681,False
-12.05,5,3.077073,False
-12.04,4,3.080917,False
-11.8,4,3.083912,False
-11.55,5,3.088471,False
-11.83,8,3.095485,False
-11.62,12,3.104795,False
-11.82,7,3.111303,False
-11.83,8,3.117776,False
-12.02,2,3.119776,False
-12.06,6,3.124295,False
-10.83,7,3.13036,False
-12.05,5,3.135377,False
-11.61,11,3.144486,False
-11.8,4,3.147915,False
-11.81,6,3.152436,False
-11.78,3,3.155451,False
-11.86,11,3.165117,False
-11.83,8,3.171635,False
-10.86,11,3.180198,False
-11.58,8,3.186743,False
-11.81,6,3.191268,False
-11.82,7,3.571887,False
-11.83,8,3.580316,False
-12.03,3,3.58332,False
-11.82,7,3.590329,False
-11.85,9,3.59841,False
-11.81,6,3.60442,False
-12.03,3,3.607421,False
-12.03,3,3.61042,False
-12.03,3,3.6134,False
-12.03,3,3.616412,False
-11.68,18,3.632967,False
-11.59,8,3.640969,False
-11.8,5,3.64687,False
-12.08,8,3.655714,False
-11.82,7,3.662716,False
-11.79,4,3.668172,False
-12.06,6,3.674675,False
-11.85,10,3.684221,False
-12.08,8,3.693244,False
-11.78,3,3.696761,False
-11.34,9,3.706971,False
-11.84,9,3.718627,False
-12.04,4,3.722627,False
-11.58,8,3.731716,False
-11.78,3,3.734716,False
-12.07,7,3.741221,False
-12.09,9,3.751157,False
-11.81,6,3.757612,False
-12.03,3,3.761117,False
-11.81,6,3.768026,False
-12.03,3,3.771541,False
-12.06,6,3.77754,False
-11.6,9,3.78586,False
-11.36,11,3.79674,False
-11.82,7,3.802783,False
-11.62,12,3.813825,False
-12.06,6,3.817848,False
-12.05,5,3.821892,False
-11.81,6,3.826892,False
-10.87,12,3.837385,False
-10.64,14,3.849606,False
-11.81,6,3.855119,False
-11.57,7,3.860199,False
-12.05,5,3.865194,False
-11.84,9,3.871866,False
-11.81,6,3.876541,False
-11.82,6,3.882441,False
-11.12,12,3.892494,False
-11.77,2,3.893493,False
-11.83,8,3.900282,False
-11.83,8,3.90782,False
-11.79,4,3.91082,False
-12.08,8,3.918299,False
-11.84,9,3.924299,False
-12.07,7,3.931162,False
-11.61,11,3.940685,False
-11.85,10,3.9491,False
-12.06,6,3.953107,False
-12.04,4,3.957107,False
-11.81,6,3.96163,False
-12.05,5,3.966017,False
-10.89,14,3.976544,False
-12.04,4,3.980643,False
-11.85,10,3.989157,False
-12.04,4,3.991672,False
-12.08,8,3.999035,False
-11.83,8,4.004808,False
-11.79,4,4.009329,False
-11.86,11,4.017901,False
-11.78,3,4.020427,False
-11.54,4,4.02442,False
-12.04,4,4.02742,False
-11.84,9,4.034927,False
-11.77,2,4.036927,False
-11.6,10,4.046871,False
-10.4,15,4.05954,False
-11.54,4,4.063066,False
-12.06,6,4.067909,False
-12.09,9,4.075428,False
-11.85,9,4.083193,False
-11.79,4,4.086192,False
-12.08,8,4.092711,False
-11.58,8,4.099094,False
-12.04,4,4.102604,False
-12.08,8,4.109614,False
-11.61,10,4.118453,False
-11.78,3,4.120451,False
-11.61,11,4.129975,False
-12.03,3,4.13222,False
-12.05,5,4.136747,False
-12.04,4,4.139746,False
-12.04,4,4.142747,False
-11.86,11,4.15264,False
-12.03,3,4.154644,False
-11.82,7,4.160177,False
-12.08,8,4.167629,False
-12.02,2,4.169639,False
-11.8,5,4.173639,False
-11.8,5,4.17816,False
-11.65,15,4.190792,False
-11.79,4,4.193322,False
-11.81,6,4.199352,False
-12.04,4,4.202352,False
-11.82,7,4.207873,False
-10.59,9,4.215507,False
-11.8,5,4.220029,False
-11.83,8,4.226682,False
-11.78,3,4.228707,False
-11.56,6,4.234057,False
-11.78,3,4.236057,False
-11.36,11,4.24558,False
-11.84,8,4.252436,False
-12.02,2,4.253437,False
-10.64,12,4.264372,False
-12.03,3,4.266368,False
-11.36,10,4.274893,False
-11.38,13,4.285224,False
-11.87,12,4.295269,False
-11.83,8,4.302172,False
-11.85,10,4.309685,False
-12.05,5,4.313933,False
-11.59,9,4.320979,False
-11.84,9,4.329336,False
-12.05,5,4.333393,False
-12.06,6,4.338388,False
-11.57,7,4.344895,False
-11.8,5,4.349546,False
-11.13,12,4.359604,False
-11.36,9,4.366748,False
-11.79,4,4.370273,False
-11.65,15,4.382715,False
-12.06,6,4.387728,False
-11.62,11,4.396782,False
-10.39,14,4.408551,False
-12.03,3,4.411063,False
-12.03,3,4.413297,False
-11.85,9,4.421308,False
-12.02,2,4.422308,False
-11.6,10,4.431105,False
-10.42,16,4.443627,False
-11.79,4,4.447384,False
-12.03,3,4.449382,False
-12.09,9,4.456904,False
-10.85,10,4.465768,False
-11.82,7,4.471304,False
-11.8,5,4.830528,False
-11.56,6,4.836022,False
-11.89,14,4.848946,False
-11.37,11,4.859451,False
-12.04,4,4.863268,False
-11.79,4,4.866783,False
-11.61,10,4.877799,False
-12.02,2,4.880687,False
-11.83,8,4.888779,False
-11.79,4,4.891779,False
-11.8,5,4.896821,False
-11.56,6,4.902836,False
-11.56,6,4.90934,False
-10.34,9,4.91994,False
-11.83,7,4.927442,False
-11.8,5,4.933837,False
-11.77,2,4.935837,False
-11.84,9,4.944352,False
-12.04,4,4.948815,False
-11.55,5,4.954814,False
-11.59,9,4.96477,False
-11.57,7,4.973275,False
-12.09,9,4.983648,False
-10.87,11,4.994779,False
-12.06,6,5.000749,False
-11.78,3,5.005444,False
-10.6,10,5.016361,False
-11.65,15,5.032228,False
-11.79,4,5.036228,False
-11.4,15,5.050062,False
-12.05,5,5.054583,False
-11.84,9,5.062584,False
-11.57,7,5.068865,False
-11.78,3,5.074895,False
-12.04,4,5.079486,False
-11.85,10,5.091529,False
-12.05,5,5.098703,False
-11.82,7,5.105206,False
-11.84,8,5.11235,False
-11.8,5,5.116876,False
-11.82,7,5.122167,False
-11.84,9,5.129397,False
-12.03,3,5.132091,False
-12.06,6,5.136615,False
-11.32,7,5.142614,False
-11.85,9,5.150675,False
-11.85,10,5.158045,False
-11.82,7,5.164666,False
-11.78,3,5.16717,False
-11.82,7,5.172676,False
-11.81,6,5.177736,False
-11.8,5,5.18201,False
-11.79,4,5.18501,False
-11.59,9,5.192051,False
-11.83,8,5.199874,False
-11.58,8,5.20721,False
-11.57,7,5.212446,False
-11.84,9,5.220339,False
-11.82,7,5.22649,False
-12.07,7,5.232347,False
-11.81,6,5.237347,False
-11.82,7,5.24287,False
-11.8,5,5.247124,False
-11.87,11,5.256151,False
-11.62,12,5.26592,False
-12.08,8,5.271981,False
-11.84,9,5.28021,False
-12.1,10,5.288269,False
-12.03,3,5.291269,False
-11.8,5,5.294792,False
-12.06,6,5.300092,False
-11.63,13,5.312118,False
-11.87,12,5.322538,False
-12.08,8,5.329062,False
-11.81,6,5.33415,False
-11.63,13,5.344683,False
-12.11,11,5.354653,False
-11.57,6,5.359657,False
-11.38,12,5.369554,False
-11.58,8,5.376577,False
-10.8,5,5.381081,False
-11.69,18,5.396035,False
-11.82,7,5.401043,False
-11.83,8,5.408087,False
-10.64,14,5.419934,False
-12.04,4,5.423458,False
-11.87,11,5.432835,False
-11.32,7,5.438353,False
20.35,14,5.450195,True
-11.82,7,5.455194,False
-10.85,9,5.462718,False
-11.81,6,5.467977,False
-12.03,3,5.470501,False
-11.63,12,5.480767,False
-11.83,8,5.487291,False
-12.08,8,5.493815,False
-11.89,14,5.505338,False
-12.02,2,5.507349,False
-11.56,6,5.511871,False
-11.39,13,5.523186,False
-11.83,8,5.529522,False
-12.07,7,5.535098,False
-12.13,13,5.546248,False
-12.05,5,5.550712,False
-12.03,3,5.553224,False
-11.81,6,5.557225,False
-11.56,5,5.562224,False
-11.59,8,5.569184,False
-12.06,6,5.573696,False
-11.84,9,5.581049,False
-12.03,3,5.58355,False
-11.79,4,5.587557,False
-12.08,8,5.594062,False
-11.61,11,5.604071,False
-11.79,4,5.607169,False
-11.8,5,5.611694,False
-11.81,5,5.615207,False
-11.39,14,5.626719,False
-11.79,4,5.630894,False
-11.59,9,5.638412,False
-11.44,18,5.653434,False
-12.09,9,5.660953,False
-12.06,6,5.666339,False
-12.03,3,5.668862,False
-12.07,7,5.674386,False
-12.02,2,5.675386,False
-11.83,7,5.682058,False
-11.79,4,5.685062,False
-11.83,8,5.691535,False
-12.03,3,5.69453,False
-11.59,9,5.701807,False
-12.05,5,5.705731,False
-9.85,10,5.714694,False
-11.81,6,5.720217,False
-12.05,5,5.724216,False
-12.04,4,5.727212,False
-12.06,6,5.732507,False
-12.03,3,5.735507,False
-11.82,7,5.741033,False
-11.85,9,6.107847,False
-11.85,10,6.118385,False
-11.62,11,6.128891,False
-12.03,3,6.131222,False
-10.83,7,6.137723,False
22.33,42,6.181577,True
-11.81,6,6.188578,False
-11.82,7,6.195082,False
-11.6,9,6.203202,False
-11.82,7,6.209202,False
-12.11,11,6.220208,False
-11.85,10,6.228712,False
-11.84,9,6.237507,False
-11.57,7,6.244011,False
-11.59,9,6.253052,False
-10.36,11,6.263317,False
-11.57,7,6.270334,False
-11.85,10,6.281281,False
-11.79,4,6.285804,False
-11.86,11,6.298467,False
-11.79,4,6.302972,False
-11.58,8,6.310501,False
-12.05,5,6.315314,False
-11.61,10,6.32485,False
-12.04,4,6.328373,False
-11.87,12,6.339159,False
-12.05,5,6.344162,False
-11.59,8,6.351069,False
-11.39,13,6.362598,False
22.51,23,6.381877,True
-11.8,5,6.385877,False
-12.02,2,6.386877,False
-12.06,6,6.392392,False
-11.69,18,6.408318,False
-11.6,9,6.415616,False
-11.61,11,6.424138,False
-11.8,5,6.428132,False
22.32,17,6.443005,True
-12.04,4,6.446004,False
-11.57,6,6.450758,False
-11.59,8,6.456772,False
-11.34,9,6.4646,False
-11.82,7,6.470599,False
-11.34,8,6.476624,False
-11.57,7,6.482777,False
-11.58,8,6.488853,False
-11.57,7,6.495191,False
-11.58,8,6.50115,False
-11.59,8,6.508708,False
-11.57,7,6.514584,False
-11.33,8,6.521108,False
-10.81,6,6.525631,False
-12.05,5,6.529864,False
-11.8,5,6.533924,False
-11.55,4,6.536938,False
-11.6,10,6.545106,False
-12.08,8,6.551548,False
-11.63,13,6.563061,False
-11.79,4,6.566237,False
-11.81,6,6.571226,False
-11.63,13,6.58249,False
-11.59,9,6.590002,False
-11.79,3,6.592002,False
-11.85,9,6.599663,False
-12.11,11,6.608781,False
-12.07,7,6.614718,False
-12.04,4,6.618241,False
-11.81,6,6.62324,False
-11.82,7,6.628766,False
-11.59,9,6.6362,False
-11.6,9,6.643721,False
-10.8,5,6.647228,False
-11.79,4,6.650741,False
-11.79,4,6.654741,False
-12.03,3,6.65674,False
-11.67,16,6.670258,False
-11.6,9,6.677771,False
-11.86,11,6.688144,False
-10.38,12,6.6977,False
-11.84,9,6.704664,False
-11.83,8,6.711182,False
-12.12,12,6.722093,False
-12.07,7,6.727617,False
-11.36,11,6.737604,False
-12.05,5,6.741604,False
-12.05,5,6.746528,False
-11.79,4,6.749548,False
-11.6,10,6.757073,False
-11.62,12,6.767102,False
-12.03,3,6.770102,False
-11.33,8,6.776618,False
-11.81,6,6.781479,False
-12.05,5,6.784997,False
-11.84,9,6.793,False
-11.8,5,6.797889,False
-11.55,5,6.801414,False
-10.87,12,6.811464,False
-11.61,10,6.819474,False
-12.03,3,6.822986,False
-11.83,8,6.828498,False
-10.92,16,6.841609,False
-11.86,11,6.850467,False
-11.8,5,6.85546,False
-11.63,12,6.865426,False
-11.82,7,6.87095,False
-11.78,3,6.87295,False
-11.54,4,6.87595,False
20.6,13,6.887735,True
-11.84,8,6.894781,False
-11.78,3,7.450911,False
-11.85,9,7.461919,False
-11.77,2,7.464424,False
-11.81,6,7.47143,False
-12.03,3,7.474934,False
-11.61,10,7.48557,False
-11.81,5,7.490095,False
-11.55,5,7.496096,False
-12.04,4,7.50058,False
-10.64,14,7.514479,False
-11.79,4,7.518501,False
-11.55,5,7.524488,False
-12.07,7,7.532037,False
-11.61,9,7.541245,False
-11.57,7,7.546726,False
-11.39,13,7.559277,False
-11.81,5,7.563924,False
-12.07,7,7.569954,False
-11.83,8,7.970441,False
-11.81,6,7.976441,False
-11.85,9,7.986419,False
-11.83,7,7.993942,False
-11.81,6,8.000449,False
-11.59,9,8.010797,False
-11.81,5,8.01635,False
-11.78,3,8.02035,False
-12.03,3,8.023863,False
-11.55,5,8.029864,False
-11.8,5,8.035882,False
-11.62,11,8.047389,False
-11.6,10,8.057895,False
-11.6,10,8.068401,False
-11.84,8,8.077907,False
-12.05,5,8.083872,False
-11.79,4,8.088412,False
-11.61,11,8.100379,False
-11.85,10,8.112139,False
-11.36,10,8.12273,False
-11.79,4,8.126737,False
-11.79,4,8.131211,False
-12.03,3,8.13421,False
-11.86,11,8.147625,False
-11.55,5,8.152625,False
-11.54,4,8.15713,False
-11.83,7,8.164112,False
22.2,53,8.211069,True
-11.6,10,8.220079,False
-11.57,7,8.225624,False
-11.36,11,8.235571,False
-11.59,9,8.241571,False
-11.82,7,8.2486,False
-11.85,9,8.255124,False
-11.55,5,8.259641,False
-11.56,6,8.264867,False
-11.63,12,8.274389,False
-11.59,9,8.281395,False
-11.8,5,8.285455,False
-11.59,7,8.291455,False
-11.83,8,8.298198,False
-11.81,5,8.302719,False
-11.57,6,8.307237,False
-11.86,10,8.315474,False
-11.8,5,8.319484,False
-11.59,9,8.32701,False
-11.6,10,8.336268,False
-11.86,10,8.344275,False
-11.57,7,8.350057,False
-12.03,3,8.353057,False
-11.84,9,8.360605,False
-11.77,2,8.362605,False
-11.58,8,8.369347,False
-11.88,13,8.380134,False
-11.3,5,8.384631,False
-11.65,14,8.39615,False
-10.62,11,8.406906,False
-11.63,12,8.416535,False
-11.83,7,8.422065,False
-11.32,7,8.428058,False
-11.54,4,8.431015,False
-11.56,5,8.435029,False
-11.82,7,8.44154,False
-11.58,8,8.44798,False
-11.8,5,8.451979,False
-6.07,80,8.513328,False
-11.83,8,8.521029,False
-10.57,7,8.52655,False
-11.83,8,8.532802,False
22.49,25,8.553092,True
-11.82,7,8.559617,False
-11.61,10,8.567349,False
-11.89,14,8.580135,False
-11.59,8,8.586645,False
-10.57,7,8.592158,False
-11.81,6,8.597436,False
-11.8,5,8.601951,False
-11.61,10,8.609953,False
-11.55,5,8.614151,False
-11.6,8,8.621205,False
-10.62,12,8.632426,False
-12.03,3,8.63443,False
-11.58,7,8.640111,False
-11.85,10,8.648424,False
-11.55,5,8.652947,False
-10.37,12,8.661469,False
-11.34,9,8.669472,False
-11.8,5,8.673479,False
-11.84,8,8.680006,False
-11.6,9,8.687762,False
-11.56,6,8.692291,False
-11.81,6,8.697971,False
-11.35,9,8.705013,False
-11.55,4,8.708029,False
-11.79,4,8.712832,False
-11.82,7,8.718378,False
-11.37,10,8.725898,False
-12.03,3,8.728899,False
-11.62,12,8.738186,False
-11.64,13,8.748918,False
-6.08,80,8.812773,False
-11.55,5,8.817825,False
-11.56,6,8.822835,False
-11.82,6,8.828347,False
-11.82,7,8.83417,False
-11.62,11,8.842703,False
-11.79,4,8.8457,False
-11.85,9,8.854077,False
-10.63,12,8.864187,False
-11.33,8,9.230592,False
-10.57,7,9.238107,False
-11.35,10,9.249125,False
-11.82,7,9.255627,False
-11.82,7,9.26286,False
-10.56,6,9.267744,False
-10.4,14,9.280699,False
-11.78,3,9.283699,False
-11.62,11,9.296204,False
-10.36,11,9.308827,False
-11.81,6,9.314495,False
-11.77,2,9.316488,False
-12.04,4,9.321533,False
-10.65,15,9.339037,False
-11.54,4,9.343543,False
-11.6,10,9.35507,False
-11.86,11,9.367069,False
-12.05,5,9.373574,False
20.65,10,9.385958,True
-11.62,11,9.398871,False
22.22,51,9.449182,True
-11.84,8,9.455712,False
-11.38,11,9.464692,False
-11.57,6,9.469706,False
-11.6,9,9.478228,False
-11.81,6,9.482792,False
-11.83,7,9.488836,False
-11.59,9,9.496347,False
-11.32,6,9.501332,False
-12.08,8,9.507872,False
-11.56,5,9.51187,False
-11.8,5,9.516292,False
-11.77,2,9.517797,False
-11.79,4,9.521317,False
-11.8,5,9.525317,False
-12.05,5,9.52883,False
-10.86,10,9.536839,False
-11.34,8,9.544222,False
-11.63,11,9.553374,False
-11.61,10,9.56181,False
-11.34,8,9.568329,False
-11.57,6,9.572997,False
-11.63,12,9.58286,False
-11.79,4,9.58686,False
-12.07,7,9.591918,False
-11.56,6,9.597332,False
-11.09,9,9.604836,False
-11.6,10,9.613885,False
-11.83,7,9.619804,False
-11.55,5,9.624326,False
-11.82,7,9.62984,False
-11.84,9,9.637488,False
-11.56,6,9.642993,False
-11.81,6,9.647764,False
-11.6,9,9.655203,False
-11.36,10,9.663647,False
-11.57,7,9.669667,False
-11.56,6,9.674186,False
-11.81,5,9.679191,False
-11.38,12,9.688521,False
-11.85,10,9.697464,False
-11.6,9,9.704972,False
-11.6,9,9.713201,False
-12.04,4,9.716732,False
-11.57,7,9.722272,False
-11.6,9,9.730243,False
-11.81,6,9.735265,False
-11.61,10,9.742784,False
-10.37,11,9.752717,False
-12.05,5,9.755717,False
-11.85,9,9.764546,False
-12.03,3,9.766545,False
-11.78,3,9.769071,False
-11.8,5,9.77307,False
-12.03,3,9.776072,False
-11.63,12,9.786016,False
-12.06,6,9.791786,False
-11.81,6,9.79679,False
-11.38,11,9.805729,False
-12.03,3,9.80773,False
-11.57,7,9.813812,False
-11.78,3,9.816732,False
-11.8,5,9.82174,False
-11.58,8,9.827747,False
-11.55,5,9.831877,False
-11.78,3,9.834956,False
-12.03,3,9.837874,False
-11.79,4,9.841392,False
-10.58,8,9.847928,False
-11.85,10,9.856445,False
-11.6,9,9.863834,False
-11.55,5,9.868816,False
-11.77,2,9.869859,False
-11.8,5,9.874347,False
-11.58,8,9.881695,False
-11.35,9,9.888221,False
20.41,9,9.896638,True
-11.85,10,9.904524,False
-11.81,5,9.908054,False
-11.35,9,9.916737,False
-11.57,6,9.920738,False
-11.32,7,9.92679,False
-12.03,3,9.930428,False
-11.81,5,9.933425,False
-12.03,3,9.935951,False
-11.63,13,9.947778,False
-11.59,9,9.954777,False
-10.83,8,9.962697,False
-11.82,7,9.968247,False
-11.84,9,9.975249,False
-11.84,9,9.983059,False
-11.79,4,9.986059,False
-11.77,2,9.988582,False
-11.59,9,9.995894,False
-11.37,12,10.004957,False
-11.32,7,10.010986,False
-11.59,9,10.019101,False
-11.32,6,10.024612,False
20.65,10,10.032481,True
-11.34,9,10.040003,False
-10.61,10,10.048422,False
-11.66,16,10.061981,False
-12.02,2,10.06448,False
-11.82,7,10.069476,False
-11.58,8,10.077002,False
-11.87,11,10.085854,False
-11.57,7,10.090372,False
-11.61,11,10.101128,False
-11.78,3,10.10364,False
-11.58,7,10.109152,False
-11.38,12,10.118973,False
-11.81,5,10.12349,False
-12.03,3,10.125494,False
-11.61,9,10.13337,False
-12.03,3,10.512379,False
-11.54,4,10.516445,False
-11.8,5,10.522948,False
-11.79,4,10.526452,False
-11.79,4,10.529933,False
-11.58,8,10.537499,False
-11.56,5,10.542,False
-10.38,12,10.554288,False
-12.06,6,10.561288,False
-11.57,7,10.569714,False
-11.58,6,10.576219,False
-10.86,9,10.585233,False
-6.08,80,10.665182,False
-11.54,4,10.669686,False
-11.81,5,10.674686,False
-12.03,3,10.677188,False
-11.8,5,10.682744,False
-11.36,10,10.694757,False
-10.39,14,10.709813,False
-11.37,11,10.719712,False
-11.83,7,10.726391,False
-11.86,10,10.735861,False
-11.54,4,10.738382,False
-11.89,14,10.751931,False
-11.34,8,10.758931,False
-11.36,10,10.767229,False
-12.08,8,10.77452,False
-11.33,7,10.780236,False
-11.81,5,10.783932,False
-11.81,6,10.788847,False
-11.37,11,10.797801,False
-11.79,4,10.800801,False
-11.59,8,10.808329,False
-11.61,9,10.815305,False
-12.03,3,10.818298,False
-11.77,2,10.820308,False
-11.79,3,10.822304,False
-11.81,6,10.827353,False
-11.32,7,10.834281,False
-10.6,9,10.841297,False
-11.55,5,10.844823,False
-10.44,16,10.857973,False
-11.77,2,10.859973,False
-11.81,5,10.864159,False
-11.78,3,10.866669,False
-11.56,5,10.870675,False
-11.57,6,10.875675,False
-11.84,8,10.882557,False
-11.82,6,10.88807,False
-11.56,6,10.892575,False
-11.79,4,10.896473,False
-11.37,10,10.904002,False
-10.41,15,10.916963,False
-11.8,5,10.92148,False
-11.84,8,10.928541,False
-11.55,5,10.932545,False
-10.38,12,10.943054,False
-11.82,6,10.948158,False
-11.89,13,10.959221,False
-10.64,13,10.970187,False
-11.55,5,10.975188,False
-11.35,9,10.982144,False
-11.37,10,10.990868,False
-10.35,10,10.998953,False
-11.83,8,11.005468,False
-11.84,9,11.013433,False
-11.8,4,11.016424,False
-12.03,3,11.020923,False
-11.55,5,11.02493,False
-11.38,13,11.035498,False
-11.56,5,11.039504,False
-11.61,10,11.047951,False
-11.58,8,11.054475,False
-10.41,15,11.066322,False
-11.8,5,11.070328,False
-11.33,7,11.075852,False
-10.62,12,11.085857,False
-11.79,4,11.089857,False
-10.45,19,11.104865,False
-11.33,8,11.112416,False
-11.58,7,11.118273,False
-11.31,6,11.122369,False
-11.79,4,11.125797,False
-11.81,5,11.130862,False
-11.59,9,11.13812,False
-11.32,6,11.143047,False
-10.61,11,11.15238,False
-6.06,80,11.217122,False
-12.06,6,11.222637,False
-11.36,11,11.2313,False
-11.79,4,11.234299,False
-11.3,5,11.238224,False
-11.63,12,11.248275,False
-11.55,5,11.25279,False
-11.62,11,11.262495,False
-11.54,4,11.266245,False
-11.85,10,11.273981,False
-11.36,11,11.282538,False
-10.83,8,11.289938,False
-11.58,7,11.29498,False
-10.61,11,11.305063,False
-11.82,7,11.310575,False
-11.59,8,11.318561,False
-11.58,8,11.324078,False
-11.8,5,11.328618,False
-11.59,9,11.336372,False
-11.57,7,11.341882,False
-11.86,10,11.351375,False
-11.63,12,11.360503,False
-11.61,11,11.369772,False
-11.36,9,11.377292,False
-12.04,4,11.380533,False
-11.79,4,11.383546,False
-11.82,7,11.389071,False
-11.33,8,11.396415,False
-11.62,11,11.405428,False
-11.61,11,11.778027,False
-11.81,5,11.784162,False
-10.37,10,11.795674,False
-11.58,8,11.804171,False
-11.6,10,11.812785,False
-11.79,4,11.817307,False
-11.57,6,11.823307,False
-10.6,9,11.831743,False
-11.57,6,11.839246,False
-11.79,4,11.842748,False
-11.59,8,11.85279,False
-10.41,14,11.869254,False
-11.39,14,11.885427,False
-11.56,6,11.890933,False
-11.79,4,11.893932,False
-10.38,12,11.907791,False
-10.83,8,11.917687,False
-11.33,7,11.92403,False
-11.78,3,11.92703,False
-11.8,4,11.930992,False
-11.54,4,11.934993,False
-11.57,6,11.940503,False
-11.6,10,11.949977,False
-11.59,8,11.957992,False
-11.81,5,11.963997,False
-11.63,12,11.975516,False
-11.63,11,11.986026,False
-12.03,3,11.989025,False
-10.38,11,11.998524,False
-11.58,7,12.005702,False
-11.59,8,12.012226,False
-11.61,9,12.021088,False
-11.54,4,12.023095,False
-11.34,9,12.03176,False
-11.62,11,12.041425,False
-11.55,5,12.044423,False
-11.39,12,12.054744,False
-11.37,9,12.063179,False
-11.59,9,12.070698,False
-11.79,3,12.072699,False
-11.8,5,12.077211,False
-11.79,4,12.080468,False
-11.83,8,12.087459,False
-11.81,6,12.09197,False
-11.62,10,12.100961,False
-11.82,7,12.105961,False
-11.36,10,12.114716,False
-11.32,6,12.119232,False
-11.62,11,12.128236,False
-11.61,10,12.136054,False
-11.61,10,12.144576,False
-11.39,13,12.155947,False
-11.58,8,12.162861,False
-11.61,10,12.170122,False
-11.35,8,12.177646,False
-11.56,5,12.181523,False
-11.85,9,12.188537,False
-11.78,3,12.192053,False
-11.35,10,12.199927,False
-11.59,8,12.206451,False
-11.57,6,12.211447,False
-11.38,13,12.22195,False
-11.33,7,12.228595,False
-11.8,4,12.231335,False
-11.78,3,12.234349,False
-12.03,3,12.236349,False
-11.8,5,12.240855,False
-11.83,7,12.245858,False
-11.62,10,12.255195,False
-11.6,9,12.262849,False
-11.54,4,12.266113,False
-11.38,12,12.276635,False
-11.58,8,12.283473,False
-11.62,10,12.292,False
-11.33,8,12.297941,False
-11.37,11,12.307472,False
-11.83,8,12.31434,False
-11.36,11,12.323859,False
-11.58,7,12.328858,False
-11.83,8,12.336148,False
-11.33,8,12.343156,False
-11.32,7,12.348402,False
-12.02,2,12.350397,False
-11.83,8,12.357445,False
-11.38,12,12.367237,False
-11.58,8,12.373237,False
-11.58,8,12.379277,False
-12.08,8,12.386057,False
-11.63,12,12.396062,False
-10.63,11,12.404806,False
-10.58,8,12.41133,False
-11.8,5,12.415554,False
-11.78,3,12.418076,False
-11.56,6,12.423703,False
-11.81,5,12.427221,False
22.53,20,12.443863,True
-11.81,5,12.447595,False
-11.83,7,12.454133,False
-11.59,9,12.461641,False
-11.32,7,12.466992,False
-11.58,7,12.472518,False
-11.36,10,12.481244,False
-11.58,7,12.486243,False
-11.38,12,12.496774,False
-11.55,5,12.500839,False
-11.57,7,12.506839,False
-11.58,6,12.511365,False
-11.54,4,12.515739,False
-11.45,19,12.531163,False
-11.57,6,12.537341,False
-11.56,6,12.541859,False
-11.57,6,12.546722,False
-11.62,11,12.555278,False
-11.81,6,12.560278,False
-11.81,5,12.564878,False
-11.55,5,12.568877,False
-11.79,3,12.570877,False
-11.39,13,12.580943,False
-11.82,6,12.586473,False
-11.57,7,12.591473,False
-11.57,7,12.598988,False
22.44,31,12.623419,True
-11.82,6,12.628448,False
-10.35,9,12.635855,False
-11.81,6,12.640855,False
-11.85,9,12.648608,False
20.37,12,12.658657,True
-11.58,8,12.66488,False
-11.38,12,13.041539,False
-10.85,9,13.052121,False
-11.56,6,13.058626,False
-11.33,7,13.066734,False
-12.04,4,13.070745,False
-11.54,4,13.074249,False
-11.36,10,13.083684,False
-11.36,10,13.095189,False
-11.35,9,13.105633,False
-11.65,14,13.121163,False
-11.56,6,13.128006,False
-11.57,7,13.136073,False
-11.82,7,13.143579,False
-11.8,5,13.149639,False
-11.84,9,13.160156,False
-11.39,12,13.173734,False
-11.62,11,13.186223,False
-10.37,11,13.19832,False
-11.4,13,13.216956,False
-11.62,11,13.231486,False
-11.81,6,13.237997,False
-11.79,4,13.241501,False
-11.78,3,13.244506,False
-10.6,9,13.25286,False
-10.38,11,13.26405,False
-10.8,5,13.269055,False
-11.57,7,13.275724,False
-11.79,3,13.277729,False
-11.4,12,13.289757,False
-11.8,4,13.294263,False
-11.78,3,13.296925,False
-11.35,9,13.30494,False
-11.8,5,13.308947,False
-11.81,5,13.313441,False
-11.54,4,13.316956,False
-11.61,9,13.324475,False
-11.36,10,13.33246,False
-11.63,12,13.342035,False
-11.54,4,13.346667,False
-11.36,9,13.354192,False
-11.57,7,13.359234,False
-11.56,6,13.364707,False
-11.57,6,13.370234,False
-11.78,3,13.372234,False
-11.79,4,13.376234,False
-11.6,9,13.384208,False
-11.58,7,13.389736,False
-11.55,5,13.393731,False
-11.6,9,13.400731,False
-11.33,8,13.407744,False
-11.81,6,13.413718,False
-11.32,7,13.419232,False
-11.6,9,13.42675,False
-11.78,3,13.42929,False
-11.6,10,13.437826,False
-11.56,6,13.443363,False
-11.57,7,13.448745,False
-11.56,6,13.453796,False
-11.59,8,13.460796,False
-11.56,5,13.465035,False
-12.02,2,13.466034,False
-11.32,6,13.471027,False
-11.58,7,13.476557,False
-11.55,5,13.480872,False
-12.04,4,13.484398,False
-11.36,10,13.492899,False
-10.6,9,13.500895,False
-11.55,5,13.505431,False
-11.81,6,13.510438,False
-11.36,10,13.518285,False
-10.65,15,13.530548,False
-11.85,10,13.539289,False
-11.55,5,13.543288,False
-11.36,10,13.552093,False
-11.57,7,13.55762,False
-11.63,11,13.567707,False
-11.58,7,13.573707,False
-11.77,2,13.575706,False
-11.56,6,13.581691,False
-11.36,11,13.590215,False
-11.32,6,13.595219,False
20.41,8,13.602254,True
-11.8,4,13.605254,False
-10.59,8,13.612982,False
-11.57,6,13.617004,False
-10.4,15,13.630476,False
-10.62,11,13.639502,False
-12.03,3,13.642134,False
22.22,50,13.682065,True
-12.03,3,13.685063,False
-11.82,6,13.690064,False
-11.36,10,13.697937,False
-12.03,3,13.699936,False
22.4,35,13.729165,True
-11.6,9,13.736648,False
-11.78,3,13.739655,False
-11.56,5,13.74316,False
-11.8,4,13.746648,False
-11.59,8,13.753845,False
-11.81,5,14.241211,False
-11.81,6,14.246807,False
-11.82,7,14.252698,False
-11.82,7,14.260232,False
-11.81,6,14.266003,False
-11.58,7,14.272564,False
-11.56,6,14.277568,False
-11.82,6,14.283091,False
-11.31,6,14.288085,False
-11.58,8,14.294137,False
-11.79,4,14.297145,False
22.57,18,14.312715,True
-11.79,4,14.317579,False
-11.79,4,14.321095,False
-11.58,7,14.326095,False
-10.59,9,14.334585,False
-11.31,6,14.339584,False
-11.56,5,14.3431,False
-11.77,2,14.3451,False
-11.64,13,14.356565,False
-11.37,11,14.365346,False
-11.83,8,14.372852,False
-12.03,3,14.37486,False
-11.57,7,14.381291,False
-11.62,10,14.388803,False
-11.59,8,14.395619,False
-11.77,2,14.397699,False
-11.81,6,14.402696,False
-11.34,9,14.40936,False
-11.32,7,14.416166,False
-11.57,7,14.422174,False
-11.58,6,14.426757,False
-11.6,9,14.434761,False
-11.81,5,14.438848,False
-11.8,4,14.442223,False
-11.59,8,14.832884,False
-11.61,10,14.843892,False
-11.54,4,14.848987,False
-11.33,7,14.856481,False
-11.79,4,14.861723,False
-10.57,7,14.869497,False
-10.57,6,14.876776,False
-11.3,5,14.881694,False
-11.61,11,14.893208,False
-10.4,12,14.904187,False
-11.3,5,14.909194,False
-11.8,5,14.914099,False
-11.8,4,14.918604,False
-11.4,13,14.932564,False
-11.32,7,14.940069,False
20.62,12,14.953045,True
-11.63,11,14.965092,False
-11.33,8,14.974596,False
-11.36,11,14.987257,False
-11.54,4,14.991855,False
-11.34,8,15.000987,False
-11.78,3,15.003988,False
-11.35,9,15.01351,False
-11.37,11,15.024598,False
-11.36,9,15.033764,False
-11.54,4,15.037765,False
-11.57,6,15.043289,False
-11.79,3,15.04561,False
-11.34,8,15.053906,False
-11.58,7,15.059905,False
-10.81,6,15.06526,False
-11.61,9,15.07377,False
-11.33,7,15.080009,False
-11.61,11,15.090235,False
20.4,9,15.097448,True
21.38,10,15.105868,True
-11.32,6,15.110885,False
-10.41,15,15.123274,False
-11.35,8,15.130163,False
21.4,9,15.137688,True
-11.54,4,15.140687,False
-11.57,7,15.148184,False
-11.83,7,15.153184,False
-10.4,13,15.164247,False
-10.36,9,15.172771,False
-11.54,4,15.175771,False
-11.31,6,15.181222,False
-10.38,11,15.190748,False
-11.55,5,15.194748,False
-11.57,7,15.202802,False
-11.62,10,15.211099,False
-11.57,6,15.216215,False
-11.04,4,15.219606,False
-11.61,9,15.226565,False
-11.37,11,15.235924,False
21.4,9,15.243981,True
-11.58,7,15.250408,False
-10.34,8,15.256721,False
-10.6,9,15.264282,False
-11.82,7,15.270314,False
-11.59,8,15.277842,False
-11.58,7,15.283963,False
-11.8,5,15.288979,False
-11.38,12,15.298945,False
-11.55,4,15.301946,False
-11.81,5,15.306475,False
-11.79,3,15.30849,False
-11.78,3,15.311491,False
-11.77,2,15.31294,False
-11.59,8,15.320242,False
20.64,11,15.329771,True
-11.79,4,15.332394,False
-11.34,8,15.33892,False
-11.59,7,15.345759,False
-10.79,4,15.349426,False
-11.61,10,15.356937,False
-11.31,6,15.362307,False
-11.54,4,15.36633,False
-12.03,3,15.36836,False
-11.59,9,15.375376,False
-11.82,7,15.382248,False
-11.57,6,15.387248,False
-11.56,5,15.390773,False
-11.59,8,15.39818,False
-11.79,4,15.400711,False
-10.4,13,15.412504,False
-11.78,3,15.414893,False
-11.3,5,15.417892,False
21.63,10,15.427422,True
-12.05,5,15.432201,False
-11.57,6,15.437201,False
-11.8,5,15.440712,False
-11.38,12,15.451166,False
-11.79,4,15.454183,False
-11.34,9,15.461995,False
-11.57,6,15.467018,False
-11.77,2,15.469018,False
-11.57,6,15.473544,False
-11.8,5,15.477543,False
-11.82,7,15.484319,False
-11.34,8,15.490319,False
-11.56,6,15.496115,False
-11.79,4,15.499113,False
-10.81,6,15.504167,False
-11.58,7,15.50969,False
-11.54,4,15.51269,False
-10.35,8,15.519723,False
-11.57,6,15.52425,False
-11.57,6,15.530041,False
-10.39,14,15.541388,False
-11.8,4,15.543908,False
-11.59,9,15.552426,False
-11.35,8,15.558952,False
-11.55,4,15.561952,False
-11.31,6,15.567748,False
-11.56,5,15.571747,False
-11.57,6,15.577268,False
-11.35,8,15.583675,False
-11.34,8,15.590202,False
-11.79,4,15.594202,False
-11.58,7,15.599994,False
-10.38,12,15.610051,False
-11.55,5,15.614168,False
-11.57,7,15.619712,False
-11.33,8,15.626712,False
-11.79,4,15.630496,False
-11.56,5,15.634612,False
-11.54,4,15.637611,False
-11.31,6,15.642142,False
-11.79,4,15.64687,False
-10.4,15,15.659393,False
-11.55,5,15.663552,False
-11.35,9,15.671549,False
-11.6,9,15.679633,False
-11.58,7,15.685439,False
-11.78,3,15.688359,False
-11.58,8,15.695054,False
22.56,18,15.710155,True
-11.57,7,15.716145,False
-11.56,5,15.721074,False
-11.6,9,15.728276,False
-12.02,2,15.730652,False
-11.81,5,15.734241,False
-11.8,5,15.73924,False
-11.6,9,15.746266,False
-11.59,8,16.128875,False
-11.58,8,16.137274,False
-11.79,4,16.142778,False
-11.55,5,16.147775,False
-10.57,6,16.155272,False
-11.57,6,16.161393,False
-10.36,9,16.171695,False
-10.56,5,16.177695,False
-11.32,6,16.183611,False
-11.54,4,16.186612,False
-11.6,9,16.196507,False
-10.4,13,16.20801,False
-11.61,9,16.217019,False
-11.34,8,16.225199,False
-11.6,8,16.235096,False
-11.59,8,16.243598,False
-10.36,11,16.25685,False
-11.77,2,16.258851,False
-11.36,9,16.267184,False
-11.81,6,16.272183,False
-10.67,15,16.287709,False
-10.58,8,16.296628,False
-11.34,8,16.303627,False
-10.64,13,16.316791,False
-11.31,6,16.32279,False
-10.37,10,16.332716,False
-10.83,7,16.339238,False
-11.57,6,16.344239,False
-11.56,5,16.348632,False
-11.82,6,16.354631,False
-11.58,6,16.359154,False
-11.59,8,16.366169,False
-11.79,4,16.369693,False
-10.34,8,16.376694,False
-11.55,4,16.380563,False
-11.36,10,16.388612,False
-11.8,4,16.391628,False
-10.57,6,16.396902,False
-11.81,5,16.401418,False
-11.56,5,16.405418,False
-11.8,4,16.408421,False
-11.35,8,16.415184,False
-11.59,7,16.420711,False
-11.83,7,16.427234,False
20.4,8,16.434001,True
-10.37,11,16.443532,False
-11.55,5,16.4478,False
-10.37,10,16.456321,False
-11.32,6,16.461363,False
-11.79,3,16.4646,False
-11.77,2,16.465599,False
-11.58,6,16.471303,False
22.48,26,16.492826,True
-10.57,6,16.497254,False
-11.56,6,16.50277,False
-10.82,6,16.507784,False
-11.34,9,16.515229,False
-11.79,4,16.51923,False
-11.56,5,16.522229,False
-10.59,8,16.529277,False
-11.81,5,16.534155,False
-11.62,10,16.542677,False
-10.84,8,16.549445,False
-11.56,5,16.553444,False
-10.57,6,16.558486,False
-11.77,2,16.560491,False
-11.3,5,16.565232,False
-11.78,3,16.567246,False
-11.56,6,16.572245,False
22.32,16,16.586236,True
-11.55,5,16.590368,False
-11.33,8,16.597739,False
-10.42,16,16.610773,False
-10.61,10,16.619544,False
-11.34,9,16.627071,False
-11.36,9,16.634834,False
-11.56,5,16.638345,False
-11.82,6,16.64336,False
-11.79,3,16.646635,False
-11.55,5,16.650671,False
-11.56,6,16.65567,False
-11.58,8,16.66218,False
-12.02,2,16.664468,False
-11.78,3,16.666979,False
-11.34,7,16.672519,False
-11.6,8,16.678519,False
-11.78,3,16.682271,False
-11.54,4,16.68527,False
-10.58,7,16.690789,False
-11.56,6,16.696027,False
-11.34,8,16.702547,False
-11.35,9,16.709546,False
-10.42,15,16.723333,False
-11.58,7,16.728333,False
-11.34,9,16.736073,False
-11.56,6,16.741073,False
-11.32,7,16.746601,False
22.49,24,16.766931,True
-11.79,4,16.769928,False
-11.81,6,16.775454,False
-10.39,13,16.787197,False
-10.42,15,16.799536,False
-10.38,12,16.81006,False
-11.55,4,16.813816,False
-11.6,10,16.822142,False
-11.55,4,16.824666,False
-11.6,10,16.833773,False
-11.58,7,16.839295,False
-10.62,11,16.84868,False
22.52,20,16.865082,True
-11.79,3,16.868081,False
-11.36,9,16.876601,False
-11.61,10,16.884961,False
-10.39,12,16.894475,False
-10.6,8,16.901324,False
-11.57,6,16.906326,False
-11.59,9,16.914144,False
-11.37,11,16.922668,False
-11.55,5,16.927668,False
-10.38,11,16.936372,False
-11.6,9,16.944886,False
22.5,23,16.963899,True
-11.57,7,16.969892,False
-11.79,3,16.971899,False
-11.55,5,16.976421,False
20.17,7,16.982215,True
-11.35,10,16.991383,False
-11.6,8,16.997665,False
-10.35,9,17.005336,False
-11.8,5,17.00934,False
-11.35,10,17.018119,False
-11.6,8,17.024646,False
-10.41,16,17.410453,False
-11.58,8,17.417516,False
-11.57,6,17.42402,False
-11.35,8,17.433126,False
-10.63,12,17.447382,False
-11.8,5,17.45343,False
-11.62,11,17.464507,False
-10.61,10,17.474011,False
-11.59,8,17.481572,False
-11.56,5,17.487092,False
-11.56,6,17.493092,False
-10.58,8,17.503179,False
20.42,7,17.510684,True
-10.82,6,17.517823,False
-11.57,7,17.524823,False
-11.59,8,17.533922,False
-11.36,9,17.543427,False
20.18,7,17.551546,True
-11.53,3,17.554049,False
-11.81,5,17.558551,False
-11.62,11,17.570648,False
-10.61,10,17.582191,False
21.41,8,17.590696,True
20.42,7,17.597149,True
-11.79,4,17.600653,False
-11.8,4,17.604661,False
-11.37,10,17.613498,False
-11.8,5,17.618019,False
-11.57,6,17.62354,False
-11.58,7,17.62854,False
-11.77,2,17.631317,False
20.66,8,17.637852,True
-11.56,5,17.642376,False
-11.54,4,17.64538,False
-11.58,7,17.65063,False
-11.78,3,17.653156,False
-11.8,5,17.660158,False
-11.62,10,17.668536,False
-11.84,8,17.676051,False
20.2,5,17.68046,True
-11.59,8,17.686984,False
-10.65,14,17.698829,False
-11.58,7,17.705341,False
-11.8,4,17.709343,False
-11.55,5,17.71381,False
-11.63,13,17.725875,False
-10.63,11,17.735782,False
-11.59,8,17.741797,False
-11.57,6,17.746758,False
-11.53,3,17.749777,False
-11.57,6,17.755286,False
20.65,9,17.762193,True
-11.56,5,17.766206,False
-11.61,10,17.774711,False
-11.8,5,17.779092,False
-11.57,7,17.786108,False
-11.78,3,17.788614,False
-11.35,9,17.795996,False
-11.77,2,17.798092,False
-11.32,6,17.803627,False
-11.8,5,17.807627,False
-11.59,8,17.814147,False
-11.54,4,17.817442,False
-11.8,4,17.820959,False
-10.64,13,17.831832,False
-11.8,4,17.835831,False
-11.55,4,17.838342,False
-11.36,10,17.846459,False
-11.35,10,17.85552,False
22.33,14,17.867629,True
-10.58,8,17.87453,False
-11.81,5,17.878529,False
-11.55,5,17.882489,False
-11.56,5,17.886488,False
-11.78,3,17.889488,False
-11.58,7,17.894803,False
-11.81,5,17.899176,False
21.67,8,17.905701,True
-11.56,6,17.910701,False
-10.61,11,17.920109,False
-11.59,8,17.926632,False
-10.35,9,17.934446,False
-10.6,8,17.94145,False
-11.58,7,17.947287,False
21.61,12,17.956999,True
-10.36,9,17.964526,False
20.42,7,17.970535,True
-11.79,4,17.97353,False
-11.58,7,17.979414,False
-10.58,7,17.985933,False
22.4,9,17.992933,True
-11.79,3,17.995512,False
20.42,7,18.001749,True
-11.34,9,18.009261,False
-11.54,4,18.01269,False
-11.34,9,18.02091,False
-11.58,7,18.026422,False
-11.6,8,18.032859,False
-11.38,12,18.042882,False
-10.39,13,18.054371,False
-11.36,11,18.063356,False
-11.32,7,18.06905,False
-11.8,4,18.072714,False
-10.39,12,18.082997,False
-10.34,8,18.089516,False
20.14,10,18.097814,True
-11.55,5,18.10234,False
21.39,10,18.1103,True
20.41,8,18.117105,True
-11.61,9,18.124627,False
-10.37,10,18.133495,False
-11.59,7,18.138544,False
-11.32,7,18.145058,False
-11.55,5,18.149285,False
-11.85,10,18.157333,False
-11.81,5,18.160327,False
-11.57,7,18.167253,False
-11.83,8,18.174578,False
-11.58,7,18.180059,False
-11.32,7,18.185578,False
-11.34,8,18.193089,False
-11.6,9,18.200535,False
-11.55,5,18.204772,False
-11.36,10,18.21217,False
-11.83,7,18.218238,False
-11.32,6,18.223238,False
-11.58,7,18.22876,False
-11.58,6,18.232999,False
-11.33,8,18.240523,False
-11.56,6,18.245344,False
-11.83,7,18.251377,False
20.42,7,18.257433,True
-11.36,10,18.266258,False
22.54,19,18.281286,True
-10.35,9,18.288812,False
-11.56,5,18.292811,False
21.13,11,18.302887,True
-11.34,9,18.310399,False
-11.8,5,18.68558,False
-10.59,8,18.69258,False
-11.81,5,18.697675,False
-11.54,4,18.701672,False
-11.6,9,18.712179,False
-11.55,5,18.718091,False
-11.79,3,18.720595,False
-10.34,9,18.731112,False
-11.33,7,18.73762,False
-9.57,30,18.763866,False
21.63,11,18.774372,True
-10.38,13,18.787258,False
-11.35,9,18.797196,False
-11.33,7,18.805358,False
-11.8,4,18.80886,False
-11.59,8,18.816374,False
-10.36,9,18.826886,False
-11.58,7,18.835477,False
-11.59,8,18.844524,False
-11.56,5,18.850586,False
-10.58,7,18.858094,False
-11.77,2,18.861094,False
-11.55,5,18.866604,False
-11.58,8,18.874102,False
-11.58,6,18.879689,False
-11.82,6,18.8862,False
-11.82,6,18.8912,False
-11.58,7,18.899083,False
21.41,8,18.905606,True
-11.55,5,18.910606,False
-11.78,3,18.913707,False
-11.79,4,18.917721,False
-11.33,7,18.924242,False
-10.39,12,18.934733,False
-11.62,10,18.943746,False
-11.59,8,18.951611,False
-9.68,18,18.96656,False
-11.59,7,18.972564,False
-11.54,4,18.976564,False
-11.37,10,18.984138,False
-11.55,4,18.987662,False
-10.61,9,18.995519,False
-10.37,10,19.003711,False
-11.58,6,19.008245,False
-11.56,5,19.012613,False
-10.58,7,19.019263,False
-11.32,6,19.023278,False
-10.36,10,19.032351,False
20.4,9,19.039876,True
-10.59,8,19.046945,False
-11.59,8,19.053463,False
-11.6,8,19.06052,False
22.58,14,19.072406,True
-11.35,8,19.07853,False
-11.59,8,19.086035,False
-10.81,5,19.090537,False
-11.35,9,19.097899,False
-11.38,11,19.107423,False
-11.78,3,19.109423,False
20.2,5,19.114268,True
-11.79,4,19.117275,False
-11.77,2,19.118275,False
20.39,10,19.127341,True
-10.85,9,19.135256,False
-11.57,6,19.13978,False
-11.63,12,19.151746,False
20.19,6,19.156258,True
22.42,30,19.181351,True
-11.58,6,19.185876,False
-11.33,8,19.191875,False
-11.36,9,19.199916,False
20.68,7,19.205429,True
-11.31,6,19.210438,False
20.44,6,19.215205,True
-11.36,10,19.224459,False
-11.55,4,19.226983,False
-11.6,9,19.234551,False
-11.55,4,19.238942,False
-11.57,6,19.242942,False
-11.35,8,19.250302,False
-11.56,6,19.255297,False
-11.34,9,19.263287,False
-10.6,10,19.271312,False
20.65,9,19.279532,True
-10.36,10,19.288083,False
20.4,9,19.296087,True
-11.78,3,19.298963,False
-9.48,20,19.315785,False
-11.34,7,19.320814,False
-11.56,5,19.324828,False
-11.39,12,19.335885,False
-11.34,8,19.342401,False
22.35,13,19.353345,True
-11.34,7,19.358862,False
-11.78,3,19.361365,False
-11.59,7,19.367692,False
-11.59,8,19.374232,False
-11.81,5,19.378227,False
-10.6,9,19.386473,False
-11.55,4,19.390468,False
22.37,34,19.418921,True
-11.38,12,19.430194,False
-11.38,11,19.439729,False
-10.45,18,19.453611,False
-10.37,10,19.461796,False
-11.33,7,19.467331,False
-11.35,9,19.474331,False
20.64,10,19.483627,True
-11.57,6,19.48815,False
-10.6,9,19.496466,False
-11.35,8,19.503005,False
-11.37,11,19.511524,False
-11.79,4,19.514756,False
-11.56,6,19.52028,False
22.19,29,19.54442,True
20.38,10,19.552181,True
-11.36,9,19.560238,False
-11.58,6,19.565456,False
-11.54,4,19.567456,False
-11.03,3,19.570982,False
-11.56,5,19.575503,False
-10.82,6,19.579727,False
-11.34,7,19.585741,False
21.39,9,19.962066,True
-11.56,6,19.969039,False
-11.36,10,19.981543,False
-11.33,7,19.989048,False
-11.57,6,19.996523,False
22.4,9,20.006034,True
-11.34,8,20.014138,False
-11.59,7,20.021416,False
-11.57,6,20.028939,False
-11.37,10,20.038995,False
21.43,7,20.045032,True
-11.35,8,20.055217,False
-11.34,9,20.06528,False
-11.79,4,20.070239,False
-10.35,9,20.079814,False
-10.38,10,20.091319,False
-11.34,8,20.099285,False
20.41,8,20.106789,True
-10.6,8,20.1147,False
-10.37,9,20.125708,False
-11.6,8,20.13498,False
20.62,10,20.145965,True
-11.61,10,20.157488,False
-11.6,9,20.165843,False
-11.59,8,20.173366,False
-11.81,5,20.178881,False
22.41,9,20.187552,True
-10.37,11,20.198006,False
-10.61,9,20.206005,False
-11.35,10,20.215254,False
-10.35,8,20.221942,False
-11.58,7,20.227617,False
-11.85,9,20.236208,False
-11.56,6,20.240898,False
-11.78,3,20.243487,False
20.64,9,20.251412,True
-11.35,10,20.259412,False
-11.37,11,20.268788,False
-11.57,6,20.273812,False
-11.32,6,20.278706,False
-11.79,4,20.282251,False
20.4,10,20.290761,True
-11.78,3,20.292773,False
-11.8,5,20.297176,False
-11.57,6,20.302696,False
-11.81,5,20.306696,False
-11.58,7,20.312993,False
20.2,5,20.316989,True
-11.82,6,20.322506,False
20.4,9,20.329703,True
-10.59,7,20.335227,False
-10.39,12,20.345761,False
-11.35,9,20.353321,False
22.52,19,20.368858,True
-10.82,6,20.374374,False
-11.55,5,20.378388,False
-10.39,12,20.387908,False
-11.56,5,20.392909,False
-10.36,9,20.40073,False
21.17,7,20.406246,True
-11.38,11,20.416081,False
-11.55,5,20.420094,False
-11.77,2,20.42209,False
-11.58,6,20.427108,False
-10.56,5,20.432464,False
-10.41,14,20.443991,False
-11.35,8,20.45153,False
-11.78,3,20.45353,False
-10.39,12,20.463824,False
-10.37,10,20.472348,False
-11.55,4,20.475348,False
-10.63,12,20.486282,False
-10.61,10,20.494804,False
21.36,12,20.505721,True
-11.33,7,20.511791,False
-11.59,7,20.517814,False
20.65,9,20.524845,True
-11.34,8,20.531077,False
-11.8,4,20.534091,False
-11.63,11,20.543629,False
-11.56,5,20.548059,False
-10.38,12,20.558579,False
-11.54,4,20.56158,False
-11.57,6,20.566201,False
-11.34,8,20.573201,False
20.64,9,21.255693,True
-11.38,11,21.265442,False
-10.61,10,21.27662,False
-11.36,9,21.285108,False
20.66,8,21.293148,True
20.44,6,21.298354,True
-10.36,10,21.306351,False
-11.56,5,21.310874,False
-11.34,8,21.316866,False
-10.59,8,21.323903,False
20.4,9,21.331917,True
-11.32,6,21.336917,False
21.39,10,21.345451,True
-11.35,9,21.352999,False
-9.47,20,21.369998,False
21.41,8,21.377045,True
-11.54,4,21.380121,False
-11.35,9,21.388201,False
-11.36,9,21.396104,False
20.65,9,21.403624,True
-11.79,4,21.406623,False
-11.32,7,21.412143,False
22.58,15,21.424948,True
-11.56,6,21.430226,False
22.52,20,21.446508,True
22.59,14,21.458562,True
-11.54,4,21.461562,False
-11.33,7,21.467297,False
-10.34,8,21.475324,False
-10.36,9,21.482571,False
-11.78,3,21.485572,False
20.64,9,21.492095,True
-11.39,12,21.502349,False
-11.57,7,21.508879,False
-11.54,4,21.511878,False
-10.42,15,21.524386,False
-11.34,9,21.531697,False
22.57,17,21.546997,True
-11.58,7,21.552499,False
-11.54,4,21.556516,False
-11.58,7,21.934211,False
-10.34,8,21.943711,False
-11.8,4,21.947569,False
-11.35,9,21.958074,False
-11.57,6,21.964972,False
-10.61,10,21.975981,False
-10.35,9,21.985589,False
21.41,8,21.995093,True
20.44,6,22.002045,True
20.2,5,22.007048,True
21.41,8,22.016477,True
-11.3,5,22.022475,False
-10.37,10,22.03397,False
21.42,8,22.041966,True
-10.6,8,22.049481,False
20.42,7,22.056995,True
-11.31,6,22.063425,False
20.39,10,22.074929,True
-10.39,12,22.088481,False
-11.57,6,22.095983,False
21.61,12,22.108574,True
-11.33,7,22.115165,False
-10.36,11,22.125679,False
-10.35,8,22.133783,False
21.39,10,22.142314,True
-11.55,5,22.147609,False
-10.61,10,22.156807,False
-10.35,9,22.165334,False
-11.56,6,22.169872,False
-10.59,8,22.176404,False
-10.6,8,22.183616,False
20.2,5,22.187616,True
-11.35,9,22.195705,False
-11.55,4,22.199263,False
-11.78,3,22.20178,False
-11.36,10,22.209785,False
21.63,10,22.218098,True
-10.82,7,22.224619,False
-11.55,5,22.228619,False
-11.78,3,22.231357,False
-10.58,7,22.237409,False
-11.8,4,22.240409,False
20.68,7,22.246287,True
-11.36,9,22.253803,False
-11.37,11,22.263701,False
22.61,12,22.273237,True
20.42,7,22.279199,True
-10.34,8,22.28575,False
-11.79,3,22.28875,False
-11.55,5,22.292271,False
-11.82,6,22.297609,False
20.64,9,22.304609,True
20.16,8,22.312132,True
-11.61,10,22.320888,False
-11.55,5,22.324888,False
-12.04,4,22.328792,False
-11.35,9,22.336854,False
20.64,9,22.344374,True
-10.33,7,22.350271,False
-10.37,11,22.359846,False
-10.55,5,22.364254,False
21.39,9,22.371774,True
-11.57,6,22.37729,False
-11.79,3,22.379708,False
-10.56,6,22.384721,False
-11.8,5,22.388721,False
21.41,8,22.396554,True
-11.56,5,22.400078,False
-11.36,9,22.408598,False
-11.59,8,22.415057,False
-11.55,5,22.419695,False
21.41,8,22.426231,True
-10.81,5,22.43053,False
-10.6,10,22.439577,False
21.41,9,22.447343,True
20.42,7,22.453348,True
-11.34,9,22.460871,False
-11.84,8,22.46771,False
-11.36,9,22.474711,False
20.42,7,22.481647,True
-11.6,9,22.489172,False
-10.39,12,22.498573,False
-11.55,5,22.502573,False
-11.56,5,22.507084,False
22.62,12,22.517462,True
20.4,8,22.523983,True
-11.8,4,22.526983,False
20.43,7,22.533338,True
20.66,8,22.540121,True
-11.32,7,22.546418,False
-10.61,9,22.552938,False
-11.38,10,22.563223,False
-10.37,11,22.572743,False
21.39,9,22.580783,True
-10.37,10,22.588783,False
-11.78,3,22.591306,False
-11.57,6,22.596681,False
-11.79,4,22.599681,False
-10.4,13,22.611231,False
-11.56,5,22.615629,False
-11.8,4,22.618629,False
-10.38,12,22.629149,False
-10.6,8,22.637706,False
-11.6,9,22.645217,False
-10.58,7,22.651894,False
20.42,7,22.657414,True
-11.37,12,22.668185,False
-10.37,11,22.676695,False
-11.81,5,22.681476,False
-11.8,4,22.684476,False
-11.33,8,22.691,False
-11.59,8,22.697807,False
-11.53,3,22.700811,False
-11.57,7,22.706811,False
-11.36,10,22.714712,False
-11.34,8,22.721236,False
-11.78,3,22.724236,False
-11.56,5,22.727236,False
-11.36,9,22.735573,False
22.34,15,22.748339,True
21.63,11,22.757375,True
-11.56,5,22.760904,False
20.44,6,22.766241,True
22.62,11,22.775762,True
-11.79,4,22.778763,False
-11.53,3,22.781565,False
-10.35,9,22.789564,False
-10.61,10,22.797447,False
-10.34,9,22.805487,False
-11.35,9,22.814299,False
-10.36,9,22.821299,False
-11.6,8,22.828819,False
-12.02,2,22.830251,False
20.63,12,22.840297,True
-11.56,5,22.843813,False
21.62,11,23.229012,True
20.2,5,23.233562,True
21.41,8,23.241656,True
-11.36,8,23.249283,False
21.19,6,23.254315,True
-11.82,6,23.260321,False
21.63,10,23.269778,True
21.43,7,23.276958,True
-11.36,10,23.286552,False
21.63,10,23.29652,True
-11.33,8,23.304533,False
-11.57,5,23.310534,False
-10.34,8,23.317649,False
-11.31,6,23.324155,False
21.61,12,23.337046,True
-11.8,4,23.340563,False
21.41,8,23.349185,True
-11.56,5,23.354192,False
-11.58,6,23.360699,False
-11.35,8,23.368644,False
20.18,6,23.374761,True
-11.79,4,23.379668,False
-10.59,7,23.38819,False
20.66,8,23.396683,True
-11.33,7,23.405686,False
21.41,8,23.414648,True
-11.6,8,23.423151,False
-11.58,7,23.429412,False
20.18,6,23.435441,True
-11.55,5,23.440493,False
-11.57,6,23.44593,False
-11.6,9,23.45445,False
-11.58,8,23.461962,False
-11.59,8,23.468359,False
-11.57,5,23.472871,False
20.42,7,23.478871,True
-10.33,8,23.485326,False
20.68,7,23.490844,True
-11.57,6,23.4963,False
-11.79,4,23.499307,False
-11.57,6,23.503819,False
21.41,8,23.511331,True
-10.39,10,23.519796,False
22.6,13,23.530461,True
21.41,8,23.536986,True
-11.8,5,23.542289,False
-10.42,15,23.554658,False
20.14,10,23.563984,True
21.63,10,23.571982,True
-11.33,8,23.578846,False
-10.57,7,23.58491,False
-11.61,9,23.59191,False
-11.32,7,23.59828,False
-11.34,8,23.6048,False
20.4,8,23.612171,True
21.41,8,23.618715,True
-10.86,9,23.626234,False
-11.35,10,23.63524,False
-11.79,4,23.638407,False
-11.83,7,23.643934,False
-11.33,7,23.649701,False
-10.59,8,23.6557,False
20.38,10,23.664596,True
21.41,8,23.67213,True
-11.37,10,23.680986,False
-10.6,8,23.687508,False
-11.32,7,23.693667,False
-11.59,7,23.699729,False
20.66,8,23.705727,True
-11.8,5,23.709767,False
-11.32,6,23.715167,False
21.65,9,23.721691,True
-11.6,9,23.730083,False
-10.59,8,23.736097,False
-11.56,5,23.740597,False
-12.03,3,23.742604,False
20.19,6,23.748062,True
-10.35,8,23.755086,False
20.41,8,23.761569,True
-11.78,3,23.764668,False
-11.32,6,23.769673,False
22.32,16,23.782121,True
-11.81,5,23.786657,False
-10.39,13,23.796466,False
-11.34,9,23.803505,False
-11.36,9,23.81151,False
-10.33,7,23.81726,False
-11.39,13,23.827789,False
21.39,9,23.835598,True
-11.55,5,23.839598,False
-10.36,10,23.847938,False
-11.4,12,23.857473,False
-11.59,9,23.865314,False
-11.55,4,23.868212,False
-10.36,10,23.877506,False
-11.36,10,23.886489,False
-11.81,5,23.890495,False
-10.35,10,23.898471,False
-11.58,8,23.905475,False
-11.32,7,23.910524,False
-11.36,8,23.918395,False
-11.38,10,23.926394,False
20.43,7,23.932511,True
-11.57,6,23.937509,False
20.44,6,23.942559,True
20.42,7,23.948904,True
20.64,10,23.956954,True
22.38,10,23.964817,True
20.66,8,23.971338,True
-11.35,9,23.978645,False
-11.32,7,23.984701,False
21.39,10,23.993212,True
-11.64,12,24.003244,False
-11.54,4,24.007236,False
21.41,8,24.014028,True
-11.34,8,24.020544,False
-12.04,4,24.024118,False
-11.57,6,24.029506,False
-10.62,10,24.038017,False
-10.37,11,24.047493,False
-11.55,5,24.051492,False
-10.83,6,24.057,False
-11.77,2,24.059,False
21.63,10,24.066794,True
-10.37,10,24.076232,False
21.43,7,24.081702,True
-11.8,4,24.084819,False
-10.36,10,24.093825,False
20.44,6,24.099385,True
-11.79,4,24.103307,False
21.62,12,24.113471,True
-11.6,8,24.119824,False
-11.59,8,24.127416,False
22.38,11,24.517767,True
21.18,7,24.525269,True
-10.61,9,24.535172,False
-10.32,7,24.542211,False
20.18,7,24.550587,True
-11.55,5,24.556089,False
20.68,7,24.564613,True
-11.54,4,24.569135,False
20.66,8,24.578632,True
20.19,6,24.585049,True
-10.36,9,24.595657,False
-10.8,5,24.600176,False
-11.8,5,24.605175,False
-10.38,10,24.617234,False
-10.35,9,24.627739,False
-11.61,9,24.638772,False
20.2,5,24.644783,True
20.64,9,24.65375,True
-11.36,8,24.661638,False
-11.37,9,24.671154,False
-11.31,6,24.678514,False
20.44,6,24.684697,True
-11.79,4,24.688202,False
-10.61,10,24.698706,False
-11.79,4,24.703211,False
-11.53,3,24.706211,False
-11.38,11,24.717678,False
20.42,7,24.724202,True
20.43,7,24.730573,True
-10.35,9,24.739094,False
20.42,7,24.74558,True
-10.37,11,24.755119,False
21.41,8,24.761123,True
20.18,6,24.766988,True
-11.77,2,24.768493,False
20.67,8,24.775158,True
20.4,10,24.7837,True
-11.32,7,24.789045,False
20.44,6,24.79397,True
-11.57,7,24.800303,False
21.65,9,24.806833,True
-10.32,7,24.813054,False
-11.81,5,24.816569,False
20.66,8,24.823099,True
20.2,5,24.827624,True
21.15,8,24.834371,True
21.38,10,24.841897,True
-11.35,8,24.849176,False
20.18,6,24.854176,True
-11.81,5,24.857687,False
-11.59,7,24.862973,False
-11.36,9,24.870494,False
-11.33,7,24.876494,False
-10.79,4,24.879719,False
-11.57,6,24.885784,False
20.66,8,24.8918,True
20.42,7,24.898298,True
20.42,7,24.904881,True
-11.57,7,24.909837,False
-10.57,6,24.915545,False
20.66,8,24.922219,True
20.42,8,24.929144,True
-11.3,5,24.932526,False
-11.78,3,24.935531,False
20.68,7,24.941042,True
-11.78,3,24.943057,False
20.42,7,24.948935,True
20.66,8,24.955985,True
-11.58,6,24.961492,False
-10.59,8,24.968528,False
-10.37,10,24.977037,False
-11.33,8,24.984052,False
20.43,7,24.990196,True
20.2,5,24.993721,True
-11.79,4,24.997285,False
-10.59,8,25.004309,False
20.18,6,25.009386,True
20.68,7,25.015324,True
20.42,7,25.020324,True
22.6,13,25.032103,True
-10.58,8,25.038772,False
-10.59,9,25.046888,False
-10.35,9,25.05381,False
-10.62,10,25.062335,False
-11.32,6,25.067165,False
-9.63,10,25.075165,False
-10.58,7,25.080982,False
20.64,9,25.089025,True
-10.59,8,25.095029,False
-10.56,6,25.099828,False
-12.02,2,25.101828,False
-10.39,12,25.112354,False
-11.54,4,25.114876,False
20.42,7,25.121389,True
-10.61,9,25.128389,False
-11.81,5,25.132617,False
20.2,5,25.136618,True
-11.54,4,25.140131,False
21.17,7,25.145865,True
-11.35,8,25.152405,False
-11.6,8,25.159405,False
20.44,6,25.164205,True
-11.57,6,25.168731,False
-11.58,7,25.174768,False
-11.54,4,25.177768,False
20.42,7,25.184072,True
20.17,7,25.19012,True
21.41,8,25.196709,True
-11.56,5,25.201957,False
20.64,9,25.209202,True
20.19,6,25.21492,True
-11.8,4,25.218892,False
20.44,6,25.223413,True
-11.57,6,25.228724,False
-11.81,5,25.233251,False
-11.56,6,25.238244,False
-10.33,8,25.245288,False
21.4,9,25.252181,True
-11.58,7,25.258703,False
-10.6,8,25.265669,False
20.66,8,25.272698,True
20.42,7,25.278621,True
-10.36,11,25.288063,False
-11.55,4,25.292652,False
-11.3,5,25.297072,False
20.2,5,25.300671,True
20.44,6,25.306385,True
20.42,7,25.311736,True
-9.42,16,25.324596,False
20.2,5,25.329853,True
21.39,9,25.336431,True
-10.36,10,25.345753,False
-9.62,11,25.354791,False
-11.38,10,25.362658,False
20.63,11,25.371212,True
20.68,7,25.377212,True
20.2,5,25.381575,True
20.4,8,25.387574,True
-11.34,8,25.393767,False
21.41,8,25.401355,True
-10.37,11,25.4104,False
-11.55,5,25.414803,False
20.42,7,25.419882,True
-11.53,3,25.804361,False
20.39,10,25.815742,True
20.64,9,25.826251,True
-11.79,4,25.829604,False
21.41,8,25.837605,True
20.44,6,25.84511,True
20.66,8,25.853699,True
20.44,6,25.861203,True
-11.32,6,25.868087,False
-10.59,7,25.876327,False
-10.84,8,25.886264,False
20.42,7,25.893274,True
-11.59,9,25.90331,False
21.41,9,25.91401,True
21.43,7,25.920865,True
-11.34,8,25.92837,False
-11.57,7,25.936355,False
-10.57,6,25.94386,False
-11.81,5,25.949386,False
20.42,7,25.957892,True
20.2,5,25.963253,True
-11.55,4,25.967738,False
20.62,10,25.980108,True
21.41,8,25.988612,True
20.44,6,25.996039,True
20.68,7,26.003563,True
-11.36,9,26.012448,False
20.44,6,26.017971,True
20.68,7,26.024493,True
-11.34,7,26.03135,False
-11.81,5,26.036346,False
21.67,8,26.042863,True
21.41,8,26.050184,True
-10.81,5,26.054183,False
-11.33,8,26.06071,False
-11.55,5,26.065592,False
21.41,8,26.072108,True
21.43,7,26.078113,True
21.43,7,26.083086,True
-11.55,5,26.088087,False
-11.57,7,26.093131,False
20.4,10,26.103001,True
20.42,7,26.108007,True
-11.54,4,26.111965,False
21.16,8,26.118987,True
-12.04,4,26.121507,False
20.68,7,26.12751,True
-11.59,8,26.134426,False
20.44,6,26.139434,True
-11.33,7,26.145396,False
-11.57,7,26.15118,False
20.39,10,26.159108,True
-10.32,7,26.165987,False
20.44,6,26.171168,True
-10.33,8,26.177698,False
-11.56,5,26.182118,False
20.44,6,26.186645,True
-11.57,6,26.191645,False
-11.81,5,26.196176,False
21.19,6,26.2012,True
20.42,7,26.20626,True
-11.79,4,26.210259,False
-11.55,5,26.214586,False
20.44,6,26.219098,True
-11.57,6,26.224098,False
21.4,9,26.231991,True
20.43,7,26.237509,True
20.64,9,26.245501,True
-10.35,8,26.252355,False
21.39,10,26.260891,True
-10.36,9,26.268222,False
20.68,7,26.274775,True
-10.58,7,26.280691,False
-10.59,7,26.28569,False
-11.79,4,26.290214,False
20.2,5,26.293719,True
-11.35,9,26.301255,False
-11.79,4,26.305248,False
-11.34,8,26.312189,False
20.64,9,26.318713,True
-11.31,6,26.324228,False
-11.55,5,26.328228,False
21.43,7,26.33317,True
20.44,6,26.338171,True
-11.57,6,26.34369,False
-10.37,10,26.352035,False
-11.54,4,26.356035,False
20.42,7,26.362017,True
-11.57,6,26.367115,False
21.43,7,26.372541,True
-11.57,6,26.377548,False
-11.58,7,26.382702,False
-11.58,7,26.389213,False
20.68,7,26.395755,True
20.18,6,26.400839,True
-10.57,6,26.405513,False
-9.82,7,26.411179,False
22.4,9,26.419123,True
21.19,6,26.424638,True
20.19,6,26.42911,True
21.19,6,26.434758,True
21.61,11,26.442764,True
-11.33,8,26.450134,False
20.2,5,26.454659,True
-11.8,5,26.458673,False
-11.33,7,26.465182,False
-11.55,5,26.468705,False
-10.59,9,26.476753,False
-10.35,9,26.484165,False
-11.81,5,26.488693,False
-10.33,8,26.496052,False
21.65,10,26.504066,True
20.44,6,26.509587,True
21.39,11,26.519022,True
-11.35,8,26.526021,False
20.2,5,26.530444,True
-11.81,5,26.53444,False
-10.59,8,26.540686,False
-11.58,6,26.545959,False
20.42,7,26.551605,True
20.66,8,26.559125,True
20.68,7,26.56488,True
20.42,7,26.570417,True
-10.56,6,26.575416,False
20.44,6,26.580284,True
-10.36,10,26.588278,False
-10.34,9,26.596181,False
-10.61,10,26.605695,False
21.41,8,26.61209,True
20.42,7,26.618099,True
21.43,7,26.623632,True
20.44,6,26.62889,True
-11.78,3,26.6314,False
-11.78,3,26.633415,False
-10.82,6,26.638413,False
-11.37,10,26.647325,False
-11.54,4,26.650855,False
20.42,7,26.6564,True
-11.6,10,26.664793,False
-9.42,15,26.676317,False
-10.34,8,26.683683,False
20.44,6,26.688206,True
-10.33,8,26.695039,False
-11.79,4,26.698064,False
-10.38,10,26.707047,False
20.44,6,26.711425,True
-10.32,7,26.716971,False
21.67,8,27.100661,True
21.36,11,27.111169,True
20.42,7,27.118656,True
20.42,7,27.126161,True
20.41,8,27.136224,True
20.18,6,27.142725,True
20.66,8,27.151721,True
21.17,7,27.160238,True
-11.79,4,27.16433,False
-11.78,3,27.167336,False
-10.84,8,27.176027,False
21.41,8,27.184634,True
-11.59,8,27.192151,False
-11.33,7,27.199156,False
-10.32,7,27.206675,False
20.44,6,27.21207,True
-10.32,7,27.21913,False
-11.8,4,27.22313,False
-11.78,3,27.226634,False
20.42,7,27.23298,True
22.58,14,27.247462,True
20.18,6,27.252974,True
21.43,7,27.260492,True
20.44,6,27.266511,True
20.18,6,27.272015,True
-10.35,10,27.281499,False
20.42,7,27.289499,True
20.44,6,27.295487,True
20.2,5,27.300544,True
20.44,6,27.306549,True
-11.54,4,27.30955,False
20.2,5,27.314463,True
20.44,6,27.319462,True
20.66,8,27.326986,True
21.43,7,27.332928,True
20.2,5,27.337932,True
20.18,6,27.342441,True
20.44,6,27.348448,True
20.2,5,27.353488,True
-11.56,6,27.358003,False
-10.37,10,27.372814,False
20.42,7,27.378687,True
20.42,7,27.384404,True
20.42,7,27.390414,True
20.42,7,27.396231,True
20.44,6,27.40198,True
-10.6,10,27.409492,False
-11.31,6,27.414225,False
21.41,8,27.421328,True
-11.8,4,27.425333,False
20.42,7,27.4315,True
21.43,7,27.437085,True
-11.79,3,27.439706,False
20.66,8,27.446581,True
21.17,7,27.452103,True
20.44,6,27.456645,True
20.42,8,27.463574,True
20.2,5,27.468078,True
20.44,6,27.473092,True
21.43,7,27.478605,True
21.39,10,27.486854,True
21.43,7,27.493371,True
-10.6,9,27.501843,False
20.65,10,27.509507,True
20.44,6,27.514044,True
-10.59,8,27.521088,False
20.42,7,27.527087,True
20.42,7,27.532676,True
20.4,9,27.540902,True
20.44,6,27.545314,True
21.41,8,27.552335,True
-11.58,7,27.56034,False
20.44,6,27.564907,True
-10.36,10,27.57343,False
21.67,8,27.580271,True
-10.33,7,27.58527,False
20.44,6,27.590797,True
20.66,8,27.597616,True
20.44,6,27.60214,True
20.2,5,28.038405,True
21.17,7,28.043394,True
-11.34,9,28.051549,False
21.19,6,28.056554,True
-11.57,6,28.061595,False
20.68,7,28.067789,True
21.43,7,28.074009,True
20.44,6,28.079004,True
20.68,7,28.08503,True
21.18,7,28.091546,True
20.2,5,28.095546,True
-11.78,3,28.097981,False
21.43,7,28.104487,True
-10.64,13,28.116,False
20.44,6,28.12,True
20.68,7,28.127038,True
-10.33,8,28.133597,False
20.18,7,28.140118,True
20.44,6,28.144939,True
-11.54,4,28.149789,False
20.18,6,28.154396,True
20.44,6,28.159141,True
-11.57,6,28.164784,False
20.68,7,28.170784,True
-11.54,4,28.173993,False
20.44,6,28.178958,True
-10.32,7,28.184504,False
-11.59,8,28.191503,False
20.2,5,28.195484,True
20.18,6,28.200503,True
21.43,7,28.206553,True
22.4,9,28.213792,True
20.4,8,28.220843,True
20.44,6,28.226358,True
20.41,8,28.232621,True
20.44,6,28.237146,True
21.17,7,28.244146,True
20.64,10,28.252415,True
-10.57,7,28.258464,False
-11.56,5,28.262751,False
20.44,6,28.267258,True
20.41,8,28.273272,True
20.66,8,28.280006,True
-11.79,4,28.284525,False
-11.33,7,28.29004,False
-11.33,7,28.296319,False
20.44,6,28.300828,True
20.19,6,28.306359,True
-11.58,7,28.311884,False
21.43,7,28.318099,True
-11.81,5,28.321623,False
20.42,7,28.328145,True
20.44,6,28.332677,True
21.39,10,28.340726,True
-11.56,6,28.346724,False
-10.58,8,28.353259,False
20.44,6,28.357258,True
21.43,7,28.36356,True
20.41,8,28.37056,True
20.62,10,28.37983,True
21.43,7,28.385072,True
-11.55,5,28.38906,False
21.19,6,28.394583,True
21.41,8,28.400875,True
20.4,8,28.407917,True
20.42,7,28.413917,True
20.2,5,28.418442,True
20.43,7,28.423965,True
-11.55,5,28.428495,False
-11.8,5,28.432743,False
-11.57,7,28.439259,False
20.44,6,28.444257,True
21.43,7,28.830743,True
20.42,7,28.839249,True
21.17,7,28.847402,True
-11.81,5,28.8524,False
-11.59,9,28.86041,False
20.42,7,28.867481,True
20.42,7,28.87354,True
20.16,8,28.882171,True
-10.36,10,28.893676,False
-10.82,7,28.901807,False
20.44,6,28.907312,True
-10.59,9,28.917296,False
20.42,7,28.925308,True
-10.37,11,28.937336,False
20.44,6,28.944832,True
20.19,6,28.951842,True
20.2,5,28.957841,True
20.2,5,28.963211,True
20.2,5,28.968211,True
21.43,7,28.974717,True
20.66,8,28.983631,True
-10.32,7,28.992145,False
20.2,5,28.998547,True
-11.59,8,29.007557,False
20.44,6,29.013889,True
-10.62,11,29.023923,False
21.17,7,29.030275,True
20.44,6,29.036801,True
20.42,7,29.042801,True
20.4,8,29.050774,True
20.2,5,29.055293,True
20.2,5,29.060297,True
-10.81,6,29.065132,False
20.44,6,29.070654,True
-11.57,7,29.076172,False
20.68,7,29.082102,True
-11.33,7,29.08761,False
20.18,6,29.09261,True
21.41,8,29.099403,True
20.42,7,29.105931,True
20.18,6,29.110454,True
20.66,8,29.117185,True
21.41,8,29.123199,True
-10.57,6,29.128952,False
20.44,6,29.133565,True
20.42,7,29.139091,True
20.44,6,29.14409,True
20.42,7,29.149839,True
20.42,7,29.155838,True
21.43,7,29.161883,True
-11.55,5,29.166124,False
-11.8,4,29.169124,False
20.18,6,29.173699,True
20.68,7,29.180285,True
20.42,8,29.187284,True
20.18,6,29.191811,True
-11.81,5,29.195269,False
21.67,8,29.202709,True
20.64,10,29.210747,True
20.2,5,29.215301,True
20.44,6,29.219826,True
-11.33,7,29.225343,False
20.18,6,29.230676,True
21.41,8,29.237198,True
20.18,6,29.242199,True
-10.61,10,29.249936,False
20.2,5,29.254462,True
20.2,5,29.258462,True
21.41,8,29.265729,True
20.66,8,29.271725,True
-10.57,6,29.278745,False
20.66,9,29.286117,True
-11.55,5,29.290708,False
20.44,6,29.294708,True
-11.57,6,29.300486,False
20.44,6,29.305487,True
20.2,5,29.309531,True
-11.31,6,29.314748,False
20.44,6,29.319279,True
-11.81,6,29.324278,False
-11.57,7,29.331015,False
20.67,8,29.337015,True
20.2,5,29.341541,True
20.44,6,29.346802,True
20.18,6,29.352304,True
-11.55,5,29.356304,False
-11.81,5,29.35981,False
20.19,6,29.365561,True
21.39,9,29.37209,True
20.2,5,29.376615,True
20.64,9,29.384337,True
20.2,5,29.389413,True
-10.58,7,29.395157,False
-11.35,8,29.401177,False
-11.56,5,29.40569,False
20.39,9,29.412925,True
20.68,7,29.419445,True
20.2,5,29.422971,True
21.17,7,29.429715,True
-9.41,14,29.441217,False
-11.56,5,29.445218,False
20.44,6,29.449963,True
20.2,5,29.454955,True
20.2,5,29.459392,True
-10.81,6,29.464626,False
21.4,10,29.472154,True
20.2,5,29.477152,True
-10.56,6,29.481679,False
-11.34,8,29.489199,False
21.43,7,29.494711,True
-10.34,8,29.501497,False
20.18,6,29.507025,True
20.18,6,29.511555,True
-11.84,8,29.517797,False
20.44,6,29.523319,True
-10.6,9,29.530778,False
20.66,8,29.537588,True
20.44,6,29.543113,True
20.4,9,29.550344,True
-11.59,8,29.556859,False
20.44,6,29.562392,True
-11.31,6,29.567916,False
-10.81,6,29.572435,False
20.68,7,29.577946,True
20.44,6,29.583717,True
-11.8,4,29.586717,False
20.4,8,29.593235,True
20.19,6,29.59846,True
-11.37,11,29.607512,False
20.42,7,29.614244,True
20.42,7,29.619242,True
20.44,6,29.62477,True
20.18,6,29.629976,True
20.2,5,29.633974,True
-10.79,4,29.637481,False
21.4,10,29.645794,True
20.2,5,29.650212,True
21.43,7,29.656211,True
20.64,9,29.663997,True
-11.34,8,29.670519,False
20.44,6,29.674519,True
-11.33,7,29.681253,False
20.44,6,29.685765,True
20.2,5,29.690305,True
20.4,10,29.698524,True
-10.59,8,29.705046,False
20.44,6,29.710091,True
21.43,7,29.716294,True
20.44,6,29.721339,True
20.2,5,29.725339,True
20.44,6,29.730078,True
-11.55,5,30.1519,False
20.2,5,30.1579,True
20.2,5,30.16283,True
20.2,5,30.167951,True
20.44,6,30.173991,True
21.19,6,30.180084,True
20.2,5,30.184602,True
20.44,6,30.190124,True
20.44,6,30.196234,True
20.44,6,30.203732,True
20.2,5,30.21174,True
-11.8,4,30.216177,False
-11.8,5,30.221177,False
20.66,8,30.230161,True
-11.79,4,30.234172,False
20.44,6,30.240172,True
-11.36,9,30.2482,False
20.2,5,30.253703,True
20.18,6,30.260705,True
21.19,6,30.26725,True
20.2,5,30.27225,True
20.2,5,30.277259,True
20.44,6,30.282905,True
-11.78,3,30.285408,False
-11.55,5,30.291411,False
21.43,7,30.299455,True
21.19,6,30.304456,True
20.4,8,30.312091,True
20.2,5,30.31764,True
20.44,6,30.322641,True
20.2,5,30.327151,True
-10.81,6,30.333763,False
20.2,5,30.338286,True
20.44,6,30.344286,True
20.44,6,30.350423,True
20.2,5,30.355422,True
20.2,5,30.359944,True
20.4,9,30.368388,True
20.18,6,30.374399,True
20.43,7,30.380758,True
21.64,10,30.390279,True
20.2,5,30.395758,True
20.2,5,30.399783,True
20.18,6,30.405117,True
20.18,6,30.410119,True
22.38,10,30.418751,True
20.2,5,30.42343,True
21.43,7,30.428839,True
20.2,5,30.433166,True
-11.57,6,30.438168,False
20.44,6,30.443544,True
21.19,6,30.448987,True
21.41,8,30.455516,True
20.18,6,30.460515,True
-11.81,6,30.465412,False
20.18,6,30.470924,True
20.66,8,30.477515,True
20.44,6,30.482872,True
21.41,8,30.48955,True
-10.6,10,30.497422,False
20.44,6,30.502421,True
20.2,5,30.506946,True
-11.81,6,30.511472,False
20.16,9,30.518301,True
20.18,6,30.524301,True
-11.34,8,30.530628,False
20.44,6,30.536145,True
20.44,6,30.541151,True
20.18,6,30.546679,True
-11.58,8,30.553672,False
20.19,6,30.558789,True
20.42,7,30.565176,True
-11.82,6,30.570687,False
21.67,8,30.577192,True
20.44,6,30.582589,True
20.42,8,30.589113,True
20.2,5,30.59263,True
20.44,6,30.598568,True
20.42,7,30.604634,True
20.19,6,30.609311,True
20.18,6,30.614392,True
-11.55,5,30.618899,False
21.67,8,30.625417,True
20.18,6,30.631082,True
20.2,5,30.635084,True
20.18,6,30.639678,True
20.42,7,30.644773,True
21.43,7,30.651626,True
-11.79,4,30.654626,False
20.42,7,30.659626,True
-11.33,7,30.665679,False
20.44,6,30.671938,True
-11.55,5,30.676028,False
20.44,6,30.680546,True
20.18,6,30.686218,True
20.18,6,30.690889,True
20.42,7,30.696784,True
-11.34,9,30.703301,False
-11.78,3,30.706305,False
-11.8,5,30.710306,False
20.19,6,30.715114,True
21.18,7,30.721114,True
-11.8,5,30.725633,False
20.2,5,30.730062,True
20.66,8,30.736584,True
20.44,6,30.741579,True
20.42,7,30.748038,True
-11.55,5,30.752112,False
-11.34,8,30.759447,False
20.2,5,30.762923,True
20.2,5,30.7676,True
20.44,6,30.772191,True
-11.8,4,30.775697,False
-11.79,4,30.779204,False
20.44,6,30.784722,True
20.18,6,30.78931,True
-11.78,3,30.792308,False
-11.32,7,30.798463,False
21.43,7,30.803466,True
20.19,6,30.808988,True
20.44,6,30.813799,True
21.17,7,30.819326,True
20.18,6,30.824846,True
20.2,5,30.827847,True
20.18,6,30.833163,True
20.44,6,30.838681,True
-11.79,4,30.841685,False
21.19,6,30.845908,True
-11.79,4,30.849433,False
20.18,6,30.855428,True
20.68,7,30.861388,True
20.68,7,30.866474,True
20.44,6,30.871817,True
-11.56,5,30.875816,False
20.68,7,30.882292,True
20.44,6,30.887369,True
20.2,5,30.891552,True
20.44,6,30.895956,True
20.2,5,30.900467,True
20.44,6,30.905468,True
20.41,8,30.912088,True
20.2,5,30.91618,True
20.2,5,30.920774,True
20.42,7,30.926443,True
20.44,6,30.931487,True
21.65,10,30.93941,True
20.18,6,30.945453,True
20.44,6,30.949546,True
-11.56,6,30.955224,False
20.42,7,30.96015,True
20.44,6,30.965954,True
20.18,6,30.970481,True
21.65,9,30.977962,True
20.2,5,30.982262,True
-11.54,4,30.985305,False
20.2,5,30.989999,True
20.2,5,30.99451,True
-11.36,9,31.00186,False
20.44,6,31.006376,True
20.2,5,31.010382,True
20.42,7,31.016238,True
-11.57,6,31.021238,False
20.44,6,31.025769,True
20.2,5,31.029582,True
20.44,6,31.034618,True
20.44,6,31.039623,True
-11.8,5,31.044623,False
21.65,9,31.052138,True
20.2,5,31.43888,True
20.66,9,31.447804,True
-10.37,11,31.458309,False
20.2,5,31.462754,True
-11.32,7,31.469764,False
20.18,6,31.477273,True
20.19,6,31.484164,True
20.18,6,31.490669,True
20.2,5,31.496681,True
20.2,5,31.502177,True
20.44,6,31.511683,True
21.41,8,31.523258,True
20.2,5,31.528865,True
20.42,7,31.536396,True
20.2,5,31.542901,True
20.2,5,31.549056,True
20.2,5,31.555055,True
-11.8,4,31.559559,False
20.2,5,31.565258,True
20.43,7,31.57327,True
20.18,6,31.580775,True
-10.58,7,31.587774,False
20.2,5,31.592279,True
20.19,6,31.598655,True
20.44,6,31.60616,True
20.2,5,31.612124,True
20.42,7,31.619629,True
20.42,7,31.628134,True
20.2,5,31.634176,True
20.2,5,31.638689,True
20.2,5,31.643214,True
20.44,6,31.649625,True
20.68,7,31.656144,True
20.44,6,31.661144,True
20.66,8,31.667908,True
20.2,5,31.671434,True
21.43,7,31.677958,True
21.19,6,31.682172,True
20.18,6,31.687696,True
20.2,5,31.691696,True
20.44,6,31.696583,True
20.43,7,31.702582,True
20.44,6,31.70777,True
20.2,5,31.711114,True
20.2,5,31.715646,True
-11.55,5,31.71966,False
20.44,6,31.724659,True
20.18,6,31.729556,True
21.43,7,31.735081,True
20.68,7,31.740609,True
20.42,7,31.746494,True
20.2,5,31.750507,True
20.2,5,31.755507,True
20.44,6,31.760033,True
20.44,6,31.765425,True
-11.79,4,31.768935,False
20.44,6,31.774447,True
20.44,6,31.778929,True
21.43,7,31.785595,True
20.19,6,31.789596,True
21.67,8,31.7967,True
21.43,7,31.80221,True
20.42,7,31.808224,True
20.44,6,31.813586,True
21.17,8,31.820098,True
20.18,6,31.825609,True
20.2,5,31.83012,True
20.42,7,31.835557,True
20.66,8,31.842067,True
21.19,6,31.847724,True
20.44,6,31.851725,True
20.44,6,31.857402,True
-11.59,8,31.863831,False
21.41,8,31.870424,True
20.42,7,31.875982,True
20.2,5,31.880444,True
20.19,6,31.885948,True
20.2,5,31.89046,True
20.2,5,31.894819,True
-11.79,4,31.897864,False
20.2,5,31.901863,True
-10.57,7,31.908385,False
20.44,6,31.912687,True
20.44,6,31.917744,True
20.44,6,31.922743,True
20.2,5,31.927254,True
20.19,6,31.931494,True
20.2,5,31.93602,True
-11.79,3,31.938544,False
20.44,6,31.943544,True
-11.79,4,31.946839,False
20.44,6,31.951361,True
20.44,6,31.956363,True
20.44,6,31.961215,True
20.44,6,31.967221,True
21.42,8,31.972816,True
20.43,7,31.979116,True
20.2,5,31.983208,True
-10.56,6,31.98921,False
20.2,5,31.992737,True
21.19,6,31.997672,True
20.44,6,32.003196,True
21.43,7,32.009194,True
-11.8,5,32.013175,False
20.2,5,32.016685,True
-11.79,4,32.020699,False
21.17,7,32.025733,True
20.44,6,32.030887,True
20.44,6,32.035901,True
-11.34,7,32.041413,False
20.44,6,32.046811,True
20.44,6,32.051805,True
20.44,6,32.056326,True
20.2,5,32.060326,True
20.2,5,32.065225,True
21.17,8,32.071217,True
20.2,5,32.075261,True
20.2,5,32.079151,True
20.44,6,32.084657,True
-10.59,8,32.091667,False
20.42,8,32.098634,True
20.44,6,32.102634,True
20.2,5,32.107684,True
20.2,5,32.111686,True
20.2,5,32.116209,True
20.2,5,32.12073,True
20.2,5,32.123731,True
20.18,6,32.129729,True
-11.55,5,32.133729,False
20.44,6,32.138764,True
20.2,5,32.142763,True
20.2,5,32.146904,True
20.43,7,32.152903,True
20.44,6,32.15743,True
21.17,7,32.163815,True
20.42,7,32.169338,True
20.2,5,32.172849,True
20.42,7,32.17949,True
-11.8,5,32.183489,False
-11.59,7,32.189013,False
20.2,5,32.193012,True
-11.8,5,32.196423,False
20.18,7,32.203478,True
20.2,5,32.207478,True
20.18,6,32.21236,True
20.2,5,32.216379,True
-11.31,6,32.220922,False
20.2,5,32.225921,True
20.44,6,32.23007,True
21.19,6,32.235595,True
21.19,6,32.240114,True
20.68,7,32.245476,True
20.44,6,32.251021,True
21.19,6,32.25602,True
21.19,6,32.260533,True
20.68,7,32.266891,True
21.65,9,32.274402,True
20.2,5,32.278335,True
20.44,6,32.284019,True
20.42,7,32.290026,True
-10.32,7,32.295845,False
20.42,8,32.302343,True
20.18,6,32.307349,True
20.44,6,32.312419,True
20.42,7,32.31917,True
21.43,7,32.324622,True
20.42,7,32.33098,True
20.19,6,32.335499,True
20.42,7,32.341015,True
-10.58,7,32.346841,False
20.2,5,32.73953,True
20.44,6,32.746488,True
20.44,6,32.753994,True
20.41,9,32.762404,True
-11.79,4,32.766417,False
20.18,7,32.774922,True
20.2,5,32.780543,True
20.2,5,32.786048,True
20.44,6,32.79355,True
21.19,6,32.800179,True
-11.78,3,32.802179,False
-10.57,7,32.808685,False
20.44,6,32.814781,True
21.43,7,32.822289,True
21.19,6,32.827793,True
20.2,5,32.832355,True
-11.31,6,32.83786,False
20.44,6,32.843365,True
20.19,6,32.84947,True
20.2,5,32.85447,True
20.2,5,32.858975,True
20.2,5,32.863495,True
20.2,5,32.87,True
20.4,10,32.881408,True
20.2,5,32.886603,True
20.2,5,32.891114,True
20.2,5,32.896553,True
21.43,7,32.904562,True
20.19,6,32.911413,True
20.2,5,32.917425,True
20.44,6,32.924437,True
20.18,7,32.931868,True
-10.81,6,32.937618,False
21.43,7,32.944522,True
20.2,5,32.949543,True
20.2,5,32.954067,True
20.2,5,32.959066,True
20.2,5,32.963864,True
20.42,7,32.968859,True
21.43,7,32.975376,True
20.18,6,32.980728,True
20.2,5,32.984741,True
20.2,5,32.988862,True
-11.77,2,32.990875,False
20.2,5,32.994756,True
20.2,5,32.998292,True
20.44,6,33.003325,True
20.2,5,33.007324,True
-11.81,6,33.013144,False
20.2,5,33.017142,True
21.43,7,33.023167,True
-11.79,4,33.026165,False
20.2,5,33.030199,True
20.2,5,33.034723,True
-11.55,5,33.038722,False
20.44,6,33.044597,True
-11.56,6,33.049603,False
20.2,5,33.054109,True
-11.56,6,33.059115,False
20.2,5,33.062637,True
-11.79,4,33.067229,False
20.44,6,33.072228,True
20.2,5,33.07574,True
20.2,5,33.080383,True
20.44,6,33.085401,True
20.44,6,33.089407,True
20.44,6,33.095832,True
20.68,7,33.101978,True
20.2,5,33.105978,True
20.44,6,33.110489,True
20.2,5,33.114928,True
20.2,5,33.119602,True
21.19,6,33.124275,True
20.44,6,33.129393,True
20.2,5,33.133393,True
20.2,5,33.137391,True
20.44,6,33.142572,True
20.2,5,33.146881,True
20.44,6,33.151404,True
20.19,6,33.156404,True
20.44,6,33.161919,True
20.2,5,33.165926,True
20.2,5,33.170437,True
21.19,6,33.176301,True
-11.8,5,33.180806,False
20.2,5,33.18589,True
20.43,7,33.19189,True
20.2,5,33.195104,True
20.2,5,33.199205,True
20.4,8,33.207382,True
-11.79,4,33.210381,False
20.42,7,33.215633,True
-11.56,5,33.219634,False
20.18,7,33.226659,True
20.44,6,33.231321,True
21.43,7,33.237499,True
20.2,5,33.241498,True
20.2,5,33.245023,True
20.2,5,33.249351,True
20.2,5,33.253858,True
20.18,6,33.258869,True
-11.55,5,33.263222,False
20.44,6,33.268745,True
20.18,7,33.273744,True
-11.57,6,33.27934,False
20.42,7,33.285118,True
20.44,6,33.290132,True
20.42,7,33.2965,True
20.44,6,33.301493,True
20.44,6,33.307006,True
-11.57,6,33.311445,False
20.2,5,33.316451,True
20.44,6,33.320962,True
20.42,7,33.32698,True
-11.79,4,33.330505,False
20.44,6,33.335544,True
20.68,7,33.340806,True
20.2,5,33.345211,True
20.2,5,33.349983,True
20.2,5,33.353983,True
20.2,5,33.358418,True
20.44,6,33.362828,True
20.44,6,33.367827,True
21.38,10,33.376339,True
20.2,5,33.380979,True
21.43,7,33.386647,True
20.2,5,33.390324,True
20.2,5,33.394728,True
20.2,5,33.398735,True
20.2,5,33.402752,True
20.44,6,33.407758,True
20.2,5,33.411928,True
20.44,6,33.417032,True
20.68,7,33.423294,True
-11.8,5,33.427298,False
20.68,7,33.432115,True
20.44,6,33.437639,True
20.2,5,33.442137,True
20.44,6,33.447048,True
20.19,6,33.452047,True
20.18,7,33.458561,True
20.68,7,33.463857,True
20.2,5,33.468382,True
20.2,5,33.472378,True
20.44,6,33.47789,True
20.2,5,33.48138,True
20.18,6,33.48742,True
20.68,7,33.49242,True
20.2,5,33.496949,True
20.19,6,33.503025,True
20.44,6,33.507529,True
21.19,6,33.513073,True
20.2,5,33.516073,True
20.2,5,33.52167,True
20.44,6,33.526344,True
20.2,5,33.53095,True
20.68,7,33.536542,True
20.44,6,33.541054,True
20.44,6,33.546802,True
20.2,5,33.550544,True
20.68,7,33.556556,True
20.2,5,33.561465,True
20.2,5,33.565546,True
20.19,6,33.570224,True
20.42,7,33.576227,True
20.42,7,33.583247,True
20.44,6,33.588254,True
20.18,6,33.592759,True
20.44,6,33.598264,True
20.68,7,33.604241,True
20.44,6,33.609253,True
20.44,6,33.61428,True
-11.54,4,33.61828,False
-11.79,4,33.621279,False
20.18,6,33.626799,True
20.66,9,33.634404,True
20.2,5,33.637931,True
20.18,7,33.644931,True
-11.78,3,34.04532,False
20.2,5,34.050069,True
20.2,5,34.055574,True
20.18,6,34.060573,True
20.44,6,34.067617,True
-11.79,4,34.071617,False
20.2,5,34.077444,True
20.2,5,34.083956,True
20.4,8,34.09246,True
21.43,7,34.100394,True
20.19,6,34.107892,True
20.2,5,34.113431,True
20.42,7,34.119938,True
20.2,5,34.123938,True
20.42,7,34.132934,True
20.2,5,34.13844,True
20.2,5,34.144802,True
21.19,6,34.15032,True
20.2,5,34.15532,True
20.44,6,34.162139,True
20.44,6,34.167644,True
20.44,6,34.173644,True
20.2,5,34.178741,True
20.2,5,34.183436,True
20.19,6,34.190448,True
-11.79,4,34.194448,False
20.2,5,34.199969,True
20.42,7,34.208471,True
20.68,7,34.215907,True
20.2,5,34.221415,True
20.2,5,34.226919,True
20.18,6,34.233423,True
20.2,5,34.239926,True
21.17,7,34.247338,True
20.44,6,34.252862,True
20.68,7,34.258862,True
20.2,5,34.263717,True
21.43,7,34.269718,True
20.2,5,34.274231,True
-11.57,7,34.28161,False
21.17,8,34.288633,True
21.19,6,34.293145,True
20.42,7,34.299584,True
20.2,5,34.303105,True
20.2,5,34.307635,True
20.44,6,34.312929,True
20.2,5,34.317183,True
20.2,5,34.321182,True
20.2,5,34.324706,True
20.44,6,34.330748,True
20.2,5,34.334274,True
21.19,6,34.338798,True
20.44,6,34.34431,True
-11.58,7,34.350723,False
20.2,5,34.354235,True
20.2,5,34.359243,True
-9.61,11,34.368148,False
20.44,6,34.373656,True
20.18,6,34.379104,True
20.44,6,34.384107,True
21.19,6,34.389386,True
20.44,6,34.394705,True
20.2,5,34.398778,True
20.44,6,34.403773,True
20.44,6,34.408283,True
21.18,7,34.413906,True
20.44,6,34.419495,True
20.2,5,34.423496,True
20.2,5,34.428508,True
20.2,5,34.432515,True
20.44,6,34.437591,True
20.2,5,34.44126,True
20.44,6,34.447269,True
20.2,5,34.798637,True
20.2,5,34.803229,True
20.2,5,34.806978,True
20.2,5,34.813406,True
20.2,5,34.817412,True
20.2,5,34.823411,True
20.42,8,34.830997,True
20.44,6,34.83567,True
20.2,5,34.839595,True
21.19,6,34.845274,True
20.44,6,34.850274,True
21.43,7,34.85642,True
20.44,6,34.861335,True
20.2,5,34.865837,True
20.44,6,34.870866,True
20.68,7,34.877069,True
20.2,5,34.881345,True
20.44,6,34.885345,True
-11.3,5,34.890404,False
20.2,5,34.894408,True
20.2,5,34.89767,True
20.42,7,34.903719,True
20.68,7,34.909719,True
20.2,5,34.91396,True
20.44,6,34.91896,True
20.18,6,34.924488,True
-11.78,3,34.926487,False
-11.82,7,34.932243,False
20.42,7,34.939242,True
20.2,5,34.94277,True
21.43,7,34.948527,True
20.2,5,34.953062,True
21.19,6,34.958052,True
20.44,6,34.963884,True
20.19,6,34.968875,True
20.42,7,34.974388,True
20.2,5,34.978759,True
-11.8,5,34.982678,False
20.2,5,34.98719,True
20.2,5,34.991216,True
20.2,5,34.996093,True
20.18,6,35.001094,True
20.2,5,35.004672,True
20.44,6,35.00944,True
20.44,6,35.013716,True
20.2,5,35.018387,True
20.2,5,35.022383,True
20.18,7,35.028058,True
20.68,7,35.03434,True
20.44,6,35.039015,True
20.2,5,35.042945,True
20.2,5,35.047714,True
20.2,5,35.051715,True
20.2,5,35.055241,True
20.18,6,35.061744,True
20.2,5,35.06604,True
20.2,5,35.069566,True
20.2,5,35.073565,True
20.44,6,35.078876,True
20.2,5,35.082883,True
20.44,6,35.087883,True
20.2,5,35.092927,True
20.2,5,35.0962,True
20.2,5,35.10023,True
20.2,5,35.105243,True
20.2,5,35.108243,True
20.18,6,35.113977,True
20.44,6,35.118976,True
20.2,5,35.123499,True
20.2,5,35.127499,True
21.41,8,35.134029,True
20.2,5,35.139045,True
-11.81,6,35.143573,False
20.2,5,35.148535,True
20.2,5,35.153055,True
20.44,6,35.158053,True
20.44,6,35.162804,True
20.2,5,35.166802,True
20.2,5,35.171803,True
20.2,5,35.175328,True
20.44,6,35.180708,True
20.2,5,35.185234,True
20.16,8,35.191757,True
20.2,5,35.195546,True
20.2,5,35.200545,True
20.2,5,35.204062,True
20.2,5,35.208061,True
20.44,6,35.21332,True
20.44,6,35.218329,True
20.2,5,35.223835,True
20.2,5,35.227602,True
20.42,7,35.234444,True
20.2,5,35.237967,True
20.44,6,35.243411,True
20.2,5,35.247247,True
20.2,5,35.251243,True
20.2,5,35.255763,True
20.44,6,35.260767,True
20.2,5,35.264019,True
20.2,5,35.269546,True
21.19,6,35.274541,True
20.2,5,35.279416,True
20.2,5,35.283431,True
20.4,8,35.289955,True
20.2,5,35.294477,True
20.2,5,35.299005,True
20.42,7,35.304522,True
20.44,6,35.689376,True
20.2,5,35.694305,True
21.19,6,35.700346,True
20.42,7,35.707858,True
20.44,6,35.714019,True
20.44,6,35.720531,True
20.2,5,35.726532,True
20.2,5,35.731557,True
20.44,6,35.737075,True
20.2,5,35.741594,True
20.18,6,35.747604,True
20.68,7,35.753615,True
20.44,6,35.760129,True
20.4,8,35.768279,True
20.2,5,35.773281,True
-11.59,9,35.78227,False
20.2,5,35.78827,True
20.2,5,35.794283,True
20.42,7,35.802175,True
21.19,6,35.808681,True
20.2,5,35.814605,True
20.44,6,35.822085,True
20.2,5,35.827086,True
-11.33,8,35.835092,False
20.2,5,35.839092,True
20.18,6,35.846292,True
20.2,5,35.852304,True
20.2,5,35.857307,True
20.2,5,35.86396,True
20.2,5,35.867959,True
20.2,5,35.873739,True
20.19,6,35.880954,True
20.2,5,35.886629,True
20.44,6,35.892713,True
-11.58,8,35.89981,False
-11.55,5,35.904732,False
20.2,5,35.909835,True
20.44,6,35.915164,True
20.2,5,35.920179,True
21.42,8,35.926703,True
20.2,5,35.930915,True
20.2,5,35.934437,True
-11.55,5,35.938951,False
-11.77,2,35.94095,False
20.44,6,35.946164,True
20.44,6,35.950691,True
20.42,7,35.957207,True
20.2,5,35.961211,True
20.2,5,35.965418,True
20.2,5,35.969933,True
20.44,6,35.974932,True
20.68,7,35.980684,True
20.2,5,35.984683,True
20.2,5,35.989212,True
20.2,5,35.993208,True
20.2,5,35.996435,True
20.2,5,36.000965,True
20.44,6,36.006703,True
20.2,5,36.010247,True
20.2,5,36.01456,True
20.2,5,36.019078,True
20.44,6,36.024082,True
20.2,5,36.028386,True
20.2,5,36.032453,True
20.2,5,36.035979,True
20.2,5,36.040505,True
-10.36,9,36.048135,False
20.18,6,36.05266,True
-11.78,3,36.055187,False
20.44,6,36.060699,True
20.68,7,36.065923,True
21.67,8,36.072449,True
20.44,6,36.07845,True
20.2,5,36.082139,True
20.2,5,36.086138,True
20.2,5,36.091131,True
-11.54,4,36.094544,False
20.2,5,36.098559,True
20.2,5,36.103082,True
20.44,6,36.108075,True
20.2,5,36.112369,True
20.42,7,36.117908,True
20.42,7,36.123919,True
20.42,7,36.129202,True
20.2,5,36.133701,True
21.43,7,36.141211,True
20.2,5,36.146632,True
20.2,5,36.150646,True
20.2,5,36.154162,True
20.2,5,36.15818,True
20.4,8,36.165109,True
20.2,5,36.169114,True
20.44,6,36.174112,True
20.2,5,36.178986,True
20.2,5,36.182962,True
-11.79,4,36.186485,False
20.68,7,36.191484,True
20.2,5,36.195904,True
21.17,7,36.201912,True
20.2,5,36.206431,True
20.2,5,36.20997,True
20.2,5,36.215214,True
20.2,5,36.219241,True
20.2,5,36.224241,True
20.44,6,36.229653,True
20.2,5,36.233658,True
20.42,7,36.239508,True
20.2,5,36.242602,True
21.41,8,36.250405,True
20.2,5,36.254551,True
-11.58,7,36.260548,False
20.2,5,36.264467,True
20.2,5,36.268465,True
20.44,6,36.27399,True
20.2,5,36.276997,True
20.44,6,36.282419,True
20.2,5,36.287424,True
20.2,5,36.291424,True
20.2,5,36.2964,True
20.44,6,36.301396,True
20.2,5,36.304922,True
21.15,8,36.312227,True
20.2,5,36.316741,True
20.2,5,36.320263,True
20.44,6,36.326768,True
20.2,5,36.331051,True
20.2,5,36.335051,True
20.18,6,36.340572,True
20.18,6,36.345407,True
20.2,5,36.349946,True
20.2,5,36.354941,True
20.2,5,36.359452,True
21.41,8,36.366459,True
20.42,7,36.37198,True
-11.57,6,36.377487,False
20.2,5,36.381847,True
20.2,5,36.386449,True
20.44,6,36.390959,True
20.18,6,36.396764,True
20.2,5,36.400277,True
21.19,6,36.405355,True
20.2,5,36.410037,True
20.2,5,36.414017,True
21.43,7,36.419616,True
20.44,6,36.424698,True
20.19,6,36.429691,True
20.2,5,36.433717,True
20.2,5,36.438233,True
20.44,6,36.442759,True
20.2,5,36.44701,True
20.44,6,36.452535,True
20.2,5,36.456535,True
20.2,5,36.46055,True
20.44,6,36.465787,True
20.2,5,36.469786,True
20.2,5,36.474301,True
20.19,6,36.479558,True
20.19,6,36.485072,True
20.2,5,36.48908,True
20.2,5,36.49308,True
20.44,6,36.49839,True
20.42,7,36.504399,True
20.44,6,36.50893,True
20.2,5,36.514157,True
20.44,6,36.518687,True
20.2,5,36.522218,True
20.44,6,36.527219,True
20.2,5,36.531962,True
20.2,5,36.535477,True
20.2,5,36.540016,True
20.2,5,36.54477,True
20.44,6,36.549511,True
-11.79,4,36.553032,False
20.2,5,36.557034,True
20.44,6,36.561553,True
20.44,6,36.566798,True
20.18,6,36.572329,True
20.44,6,36.576323,True
20.44,6,36.581576,True
20.18,6,36.586575,True
20.44,6,36.592101,True
20.2,5,36.595101,True
-11.8,5,36.60035,False
20.44,6,37.012435,True
20.2,5,37.018941,True
21.19,6,37.025448,True
20.2,5,37.03067,True
20.44,6,37.035673,True
20.2,5,37.040688,True
20.2,5,37.046332,True
20.2,5,37.052346,True
20.2,5,37.057752,True
20.2,5,37.064188,True
20.2,5,37.070651,True
20.2,5,37.075642,True
20.2,5,37.081723,True
20.2,5,37.087723,True
20.18,6,37.093227,True
20.2,5,37.097148,True
20.2,5,37.103157,True
20.18,6,37.110157,True
20.44,6,37.116667,True
20.18,6,37.124171,True
20.2,5,37.128593,True
20.2,5,37.133093,True
20.2,5,37.139632,True
20.2,5,37.145514,True
20.2,5,37.150533,True
20.2,5,37.155039,True
20.43,7,37.162058,True
20.44,6,37.168562,True
20.2,5,37.174562,True
21.19,6,37.181149,True
20.2,5,37.187688,True
20.2,5,37.192684,True
-11.79,4,37.196828,False
21.43,7,37.204333,True
20.42,7,37.211501,True
20.2,5,37.216594,True
20.18,6,37.221696,True
20.2,5,37.225709,True
20.18,6,37.231485,True
20.2,5,37.235485,True
20.68,7,37.241014,True
20.2,5,37.245447,True
20.44,6,37.250993,True
20.2,5,37.254518,True
20.2,5,37.258512,True
20.2,5,37.263162,True
20.44,6,37.268674,True
20.44,6,37.273694,True
20.2,5,37.277689,True
20.44,6,37.282311,True
20.2,5,37.286324,True
20.44,6,37.291853,True
20.44,6,37.297129,True
20.2,5,37.300659,True
21.43,7,37.30666,True
20.2,5,37.311186,True
20.2,5,37.315155,True
20.2,5,37.319153,True
21.43,7,37.325672,True
20.44,6,37.330144,True
20.19,6,37.335661,True
20.2,5,37.339195,True
20.44,6,37.345087,True
20.2,5,37.349104,True
20.2,5,37.353619,True
20.2,5,37.357143,True
20.2,5,37.361659,True
21.19,6,37.366627,True
20.2,5,37.370623,True
20.2,5,37.375125,True
20.44,6,37.3796,True
20.2,5,37.3836,True
20.2,5,37.389112,True
20.2,5,37.393112,True
20.18,6,37.398011,True
20.2,5,37.401699,True
20.18,6,37.407339,True
20.44,6,37.412343,True
20.44,6,37.416777,True
-11.33,8,37.424315,False
20.2,5,37.428136,True
20.2,5,37.433137,True
20.44,6,37.438726,True
20.2,5,37.442739,True
20.2,5,37.446677,True
20.2,5,37.451202,True
20.2,5,37.455415,True
20.2,5,37.459938,True
-11.79,4,37.46326,False
20.2,5,37.467259,True
21.19,6,37.47178,True
20.2,5,37.476784,True
20.2,5,37.481116,True
20.2,5,37.485115,True
20.44,6,37.489625,True
20.2,5,37.493639,True
20.2,5,37.497879,True
20.68,7,37.503402,True
-11.55,5,37.507404,False
20.18,6,37.513393,True
20.2,5,37.516903,True
20.18,6,37.522434,True
20.2,5,37.526434,True
20.19,6,37.531924,True
20.18,6,37.53593,True
20.2,5,37.5404,True
20.2,5,37.545492,True
-11.79,4,37.548492,False
20.2,5,37.552997,True
20.2,5,37.557003,True
20.2,5,37.561416,True
20.2,5,37.56518,True
20.44,6,37.571106,True
20.2,5,37.574617,True
20.18,6,37.58027,True
20.44,6,37.584867,True
20.68,7,37.590867,True
20.2,5,37.594882,True
20.66,8,37.601476,True
20.2,5,37.606142,True
20.2,5,37.609142,True
-11.82,7,37.615323,False
20.44,6,37.620856,True
20.2,5,37.624782,True
20.41,8,37.632827,True
21.43,7,37.638532,True
20.44,6,37.643204,True
21.41,8,37.650201,True
20.2,5,37.654209,True
20.2,5,37.658733,True
20.2,5,37.662981,True
20.2,5,37.667491,True
20.2,5,37.671505,True
20.2,5,37.675505,True
20.2,5,37.679221,True
-11.8,5,37.683221,False
20.44,6,37.68881,True
20.44,6,37.693818,True
20.2,5,37.69716,True
20.2,5,37.70145,True
20.2,5,37.70553,True
20.19,6,37.711197,True
20.2,5,37.714808,True
20.18,6,37.719397,True
20.2,5,37.723145,True
20.2,5,37.728078,True
20.2,5,37.731486,True
20.2,5,37.735486,True
20.2,5,37.739998,True
20.18,6,37.744946,True
20.44,6,37.748962,True
21.15,9,37.757021,True
20.2,5,37.761022,True
20.2,5,37.765301,True
20.43,7,37.770301,True
21.19,6,37.775827,True
20.44,6,37.781145,True
-11.81,5,37.785669,False
20.2,5,37.789663,True
20.2,5,37.79417,True
20.2,5,37.798901,True
-11.8,5,37.802408,False
-11.82,6,37.808917,False
20.41,8,37.816545,True
20.2,5,37.821553,True
20.44,6,37.827459,True
20.2,5,37.832481,True
20.2,5,37.837008,True
20.2,5,37.841529,True
20.2,5,37.846428,True
20.2,5,37.85142,True
20.44,6,37.856939,True
20.44,6,37.86228,True
21.19,6,37.867587,True
20.2,5,37.872626,True
20.2,5,37.877679,True
20.2,5,37.88105,True
20.2,5,37.886044,True
20.2,5,37.890217,True
20.2,5,37.894516,True
20.2,5,37.898906,True
20.18,6,37.904033,True
20.2,5,37.908031,True
20.2,5,37.913974,True
20.2,5,37.918493,True
21.19,6,37.923508,True
20.2,5,38.32079,True
20.2,5,38.32579,True
20.2,5,38.330745,True
20.2,5,38.334745,True
20.2,5,38.340251,True
20.44,6,38.347252,True
20.67,8,38.357349,True
20.2,5,38.362234,True
20.2,5,38.366739,True
20.18,7,38.373244,True
20.2,5,38.377692,True
20.43,7,38.385211,True
20.19,6,38.392724,True
20.2,5,38.397374,True
20.2,5,38.402878,True
20.2,5,38.409383,True
20.2,5,38.414504,True
20.2,5,38.420503,True
20.2,5,38.425514,True
20.44,6,38.432026,True
20.2,5,38.437531,True
20.2,5,38.443033,True
20.2,5,38.448708,True
20.44,6,38.455716,True
20.2,5,38.461827,True
20.68,7,38.470333,True
20.2,5,38.475837,True
20.42,7,38.482836,True
20.44,6,38.489341,True
20.2,5,38.495246,True
20.2,5,38.500763,True
20.2,5,38.506774,True
20.2,5,38.512684,True
20.2,5,38.51819,True
20.2,5,38.523238,True
20.2,5,38.527764,True
20.2,5,38.53229,True
20.2,5,38.536807,True
20.2,5,38.541429,True
-11.55,5,38.546781,False
20.2,5,38.551794,True
20.2,5,38.555795,True
20.2,5,38.56032,True
20.44,6,38.566108,True
20.2,5,38.570632,True
20.2,5,38.575633,True
20.2,5,38.579458,True
20.44,6,38.584455,True
20.2,5,38.588957,True
20.44,6,38.593963,True
20.18,7,38.599867,True
-11.57,6,38.605387,False
20.2,5,38.609909,True
20.2,5,38.613165,True
20.2,5,38.618158,True
20.2,5,38.621687,True
20.2,5,38.625687,True
20.44,6,38.631479,True
20.42,7,38.637477,True
20.2,5,38.640996,True
20.43,7,38.646397,True
-11.55,5,38.650894,False
20.2,5,38.655904,True
20.2,5,38.659424,True
20.2,5,38.664351,True
20.44,6,38.66935,True
20.44,6,38.673877,True
20.2,5,38.678295,True
21.19,6,38.683852,True
20.2,5,38.687851,True
20.19,6,38.691851,True
20.42,7,38.697971,True
20.2,5,38.70197,True
20.66,8,38.70803,True
20.2,5,38.711577,True
20.2,5,38.716122,True
20.44,6,38.720639,True
20.2,5,38.725161,True
20.4,8,38.731455,True
20.44,6,38.735982,True
20.44,6,38.740982,True
20.18,6,38.746382,True
20.2,5,38.750381,True
20.2,5,38.754381,True
20.19,6,38.759906,True
20.2,5,38.764302,True
20.2,5,38.768834,True
20.44,6,38.773829,True
20.2,5,38.778727,True
20.2,5,38.782742,True
20.2,5,38.785742,True
20.43,7,38.792042,True
20.2,5,38.796444,True
20.42,7,38.80197,True
20.44,6,38.807495,True
20.19,6,38.812445,True
20.44,6,38.817443,True
20.44,6,38.821969,True
20.2,5,38.825969,True
21.19,6,38.831384,True
20.2,5,38.835379,True
20.44,6,38.840892,True
20.2,5,38.844892,True
20.44,6,38.849285,True
20.2,5,38.853813,True
20.18,6,38.858813,True
21.43,7,38.865259,True
20.2,5,38.869259,True
20.18,6,38.874565,True
20.2,5,38.879123,True
20.2,5,38.883913,True
20.2,5,38.888008,True
20.2,5,38.890928,True
20.2,5,38.89592,True
20.2,5,38.899918,True
20.2,5,38.903436,True
20.44,6,38.908966,True
20.42,7,38.914772,True
20.18,6,38.919771,True
21.19,6,38.923796,True
20.44,6,38.929073,True
20.44,6,38.934589,True
20.2,5,38.938594,True
-11.78,3,38.940594,False
20.2,5,38.945316,True
20.68,7,38.951331,True
20.2,5,38.954842,True
20.44,6,38.959858,True
20.42,7,38.965739,True
20.42,7,38.971268,True
20.44,6,38.976781,True
20.2,5,38.981249,True
20.42,7,38.986755,True
20.2,5,38.990865,True
20.2,5,38.995374,True
20.44,6,39.000488,True
21.19,6,39.005488,True
20.2,5,39.009659,True
20.2,5,39.014663,True
20.2,5,39.018191,True
20.44,6,39.02319,True
20.19,6,39.02809,True
20.2,5,39.032154,True
20.2,5,39.036168,True
20.2,5,39.040699,True
20.2,5,39.045094,True
20.44,6,39.050154,True
20.2,5,39.054148,True
20.44,6,39.059154,True
20.19,6,39.0645,True
20.2,5,39.068495,True
20.2,5,39.07229,True
20.2,5,39.0763,True
20.2,5,39.081195,True
20.2,5,39.085215,True
20.2,5,39.088214,True
20.2,5,39.092892,True
20.44,6,39.098244,True
20.2,5,39.102816,True
20.2,5,39.106803,True
20.42,7,39.112386,True
20.2,5,39.116384,True
20.2,5,39.120895,True
20.18,6,39.125426,True
20.2,5,39.129718,True
21.43,7,39.135246,True
20.2,5,39.139245,True
20.2,5,39.143769,True
20.2,5,39.147583,True
-11.79,4,39.150583,False
20.2,5,39.155107,True
20.2,5,39.159107,True
20.2,5,39.163558,True
20.2,5,39.167558,True
20.44,6,39.173068,True
20.2,5,39.176075,True
20.2,5,39.180948,True
21.19,6,39.186517,True
20.2,5,39.190514,True
20.44,6,39.195651,True
20.2,5,39.199677,True
20.44,6,39.205203,True
20.44,6,39.209732,True
20.2,5,39.213103,True
20.2,5,39.217627,True
20.43,7,39.224151,True
20.2,5,39.632366,True
20.2,5,39.63787,True
20.2,5,39.64287,True
20.2,5,39.649645,True
20.2,5,39.654561,True
20.2,5,39.659959,True
-11.79,4,39.663948,False
20.2,5,39.669454,True
20.2,5,39.675956,True
20.2,5,39.68157,True
20.44,6,39.688073,True
20.2,5,39.692072,True
20.2,5,39.697046,True
20.2,5,39.703046,True
20.2,5,39.709053,True
20.68,7,39.717063,True
20.2,5,39.722568,True
21.19,6,39.730088,True
20.2,5,39.736088,True
20.2,5,39.741593,True
20.2,5,39.746983,True
20.2,5,39.752503,True
20.2,5,39.757503,True
20.2,5,39.762488,True
20.44,6,39.769487,True
20.2,5,39.774993,True
20.2,5,39.780636,True
20.2,5,39.786636,True
20.18,6,39.794142,True
20.44,6,39.800797,True
20.2,5,39.806302,True
20.2,5,39.811965,True
20.68,7,39.818979,True
20.18,6,39.824991,True
20.2,5,39.829468,True
20.2,5,39.833818,True
20.2,5,39.838816,True
20.2,5,39.843902,True
20.2,5,39.848512,True
20.2,5,39.853035,True
20.67,8,39.859042,True
20.18,6,39.864583,True
20.2,5,39.868577,True
20.2,5,39.872576,True
20.2,5,39.877089,True
20.2,5,39.881615,True
20.2,5,39.885216,True
21.19,6,39.890285,True
20.44,6,39.895244,True
20.44,6,39.900262,True
20.2,5,39.90426,True
20.2,5,39.909272,True
20.44,6,39.914042,True
20.2,5,39.918723,True
21.19,6,39.922721,True
20.2,5,39.92785,True
20.2,5,39.931874,True
20.2,5,39.93487,True
20.2,5,39.940385,True
20.44,6,39.944752,True
20.44,6,39.949515,True
20.2,5,39.953519,True
20.2,5,39.958028,True
20.2,5,39.96247,True
20.2,5,39.966461,True
20.44,6,39.970986,True
20.2,5,39.975509,True
20.2,5,39.979296,True
20.2,5,39.984291,True
20.2,5,39.988291,True
20.2,5,39.991814,True
20.2,5,39.996194,True
20.2,5,39.999722,True
20.44,6,40.00472,True
21.43,7,40.010795,True
20.2,5,40.015164,True
20.44,6,40.019675,True
20.2,5,40.023688,True
20.2,5,40.028118,True
20.2,5,40.031634,True
-11.55,5,40.036798,False
20.2,5,40.04131,True
20.44,6,40.045818,True
-11.56,6,40.050985,False
20.2,5,40.055074,True
20.2,5,40.060079,True
20.2,5,40.064501,True
20.2,5,40.06903,True
20.2,5,40.073549,True
20.2,5,40.078703,True
20.2,5,40.083224,True
20.2,5,40.08794,True
20.2,5,40.092469,True
20.2,5,40.096242,True
20.2,5,40.100242,True
20.2,5,40.105762,True
20.44,6,40.110703,True
20.2,5,40.115257,True
20.2,5,40.119252,True
20.2,5,40.123757,True
20.44,6,40.128762,True
20.2,5,40.132779,True
20.2,5,40.137303,True
20.2,5,40.141303,True
20.2,5,40.145256,True
20.2,5,40.149768,True
20.18,6,40.153852,True
20.2,5,40.15853,True
20.44,6,40.163625,True
20.2,5,40.168371,True
20.44,6,40.173379,True
20.2,5,40.177558,True
20.2,5,40.182308,True
20.2,5,40.186399,True
20.2,5,40.190063,True
20.2,5,40.194369,True
20.42,7,40.199624,True
20.2,5,40.203623,True
-11.79,4,40.207623,False
20.2,5,40.211906,True
20.44,6,40.216904,True
20.2,5,40.221427,True
-11.79,4,40.224948,False
20.2,5,40.229102,True
20.2,5,40.232729,True
20.2,5,40.23673,True
21.19,6,40.242256,True
20.2,5,40.246578,True
20.2,5,40.250089,True
20.2,5,40.254103,True
20.2,5,40.258102,True
20.44,6,40.263885,True
20.2,5,40.267885,True
20.2,5,40.272407,True
20.2,5,40.27641,True
20.2,5,40.279683,True
20.18,7,40.285536,True
20.2,5,40.289535,True
20.2,5,40.29449,True
20.2,5,40.298496,True
20.2,5,40.30325,True
20.18,6,40.308249,True
20.2,5,40.312312,True
20.2,5,40.316396,True
20.2,5,40.320402,True
20.2,5,40.324923,True
20.2,5,40.329368,True
20.2,5,40.334041,True
20.2,5,40.337974,True
20.2,5,40.341963,True
20.2,5,40.346691,True
20.2,5,40.350691,True
20.2,5,40.354744,True
20.2,5,40.358742,True
20.18,6,40.362509,True
20.2,5,40.367055,True
20.44,6,40.372055,True
20.2,5,40.376581,True
21.19,6,40.380866,True
20.2,5,40.385388,True
20.2,5,40.389392,True
20.44,6,40.394745,True
20.2,5,40.39828,True
21.19,6,40.40328,True
20.2,5,40.407806,True
20.44,6,40.412749,True
20.44,6,40.418261,True
20.2,5,40.422261,True
20.2,5,40.425766,True
-11.81,6,40.43121,False
20.44,6,40.437284,True
20.44,6,40.441951,True
20.2,5,40.446436,True
20.18,7,40.4524,True
20.2,5,40.456399,True
20.2,5,40.459924,True
20.2,5,40.464223,True
20.2,5,40.46874,True
20.18,6,40.473261,True
20.2,5,40.477266,True
20.2,5,40.482072,True
20.2,5,40.485072,True
20.2,5,40.489583,True
20.2,5,40.493598,True
20.2,5,40.4979,True
20.2,5,40.501422,True
20.44,6,40.506421,True
20.2,5,40.511374,True
-11.82,7,40.517398,False
20.44,6,40.521922,True
20.2,5,40.525922,True
20.44,6,40.531461,True
20.2,5,40.535469,True
20.2,5,40.539981,True
20.2,5,40.918397,True
20.44,6,40.924909,True
20.2,5,40.929366,True
20.19,6,40.935883,True
20.2,5,40.941388,True
20.44,6,40.94795,True
20.2,5,40.953011,True
20.2,5,40.95801,True
20.2,5,40.96507,True
20.2,5,40.971071,True
20.19,6,40.97817,True
20.2,5,40.983688,True
20.2,5,40.988922,True
20.44,6,40.99443,True
20.44,6,41.000031,True
20.2,5,41.006542,True
20.2,5,41.012164,True
20.2,5,41.017716,True
20.2,5,41.026222,True
20.44,6,41.034291,True
20.2,5,41.040815,True
20.2,5,41.046462,True
20.44,6,41.053471,True
20.44,6,41.060975,True
20.2,5,41.067028,True
20.2,5,41.072031,True
20.44,6,41.079102,True
20.2,5,41.085101,True
20.44,6,41.090606,True
20.2,5,41.096787,True
20.2,5,41.102294,True
20.2,5,41.107294,True
20.2,5,41.11292,True
20.2,5,41.11793,True
20.2,5,41.122455,True
20.44,6,41.12853,True
20.2,5,41.133201,True
20.2,5,41.1378,True
20.44,6,41.143801,True
20.2,5,41.147821,True
20.2,5,41.152851,True
20.2,5,41.156868,True
20.2,5,41.161376,True
20.18,6,41.166151,True
20.2,5,41.170165,True
20.2,5,41.174687,True
20.2,5,41.178643,True
20.19,6,41.183854,True
20.2,5,41.188853,True
20.2,5,41.192853,True
20.2,5,41.196779,True
20.44,6,41.201778,True
20.2,5,41.20637,True
20.2,5,41.21037,True
20.2,5,41.213914,True
20.2,5,41.218004,True
20.2,5,41.222929,True
20.2,5,41.571615,True
20.2,5,41.575197,True
20.42,7,41.582224,True
20.2,5,41.587224,True
-11.58,7,41.593455,False
20.2,5,41.598549,True
20.2,5,41.602563,True
20.2,5,41.606563,True
20.2,5,41.611089,True
20.2,5,41.614609,True
20.19,6,41.620131,True
20.2,5,41.624135,True
20.2,5,41.628135,True
20.18,7,41.634659,True
20.2,5,41.637651,True
-11.79,4,41.641704,False
20.2,5,41.645872,True
21.19,6,41.650871,True
20.44,6,41.655465,True
20.44,6,41.660981,True
20.18,6,41.665996,True
20.2,5,41.669996,True
20.2,5,41.673543,True
20.18,6,41.678901,True
20.2,5,41.683412,True
20.2,5,41.687412,True
20.44,6,41.692914,True
20.2,5,41.697462,True
20.2,5,41.701461,True
20.2,5,41.706053,True
20.2,5,41.709974,True
20.2,5,41.715043,True
20.44,6,41.719113,True
21.19,6,41.724624,True
20.2,5,41.729144,True
20.2,5,41.732144,True
20.44,6,41.73817,True
20.2,5,41.74217,True
20.2,5,41.746831,True
20.2,5,41.75083,True
20.2,5,41.755429,True
20.2,5,41.759098,True
20.44,6,41.764555,True
20.2,5,41.768223,True
20.2,5,41.773151,True
20.2,5,41.776664,True
20.2,5,41.780609,True
20.2,5,41.784608,True
20.2,5,41.789125,True
20.44,6,41.794504,True
20.44,6,41.799047,True
20.2,5,41.803046,True
20.2,5,41.807046,True
20.19,6,41.811964,True
20.43,7,41.818485,True
20.44,6,41.823003,True
20.44,6,41.828949,True
20.2,5,41.832966,True
20.44,6,41.837965,True
20.2,5,41.841492,True
20.2,5,41.845891,True
20.2,5,41.85041,True
20.2,5,41.854414,True
20.2,5,41.858936,True
20.2,5,41.862905,True
20.2,5,41.866904,True
20.44,6,41.872621,True
20.2,5,41.876387,True
20.44,6,41.881781,True
20.2,5,41.885874,True
20.2,5,41.889874,True
21.19,6,41.8944,True
20.2,5,41.898686,True
20.2,5,41.90321,True
20.2,5,41.907209,True
20.2,5,41.912077,True
-11.79,4,41.915091,False
20.2,5,41.919614,True
20.2,5,41.923131,True
20.2,5,41.928131,True
20.2,5,41.931597,True
20.2,5,41.936621,True
20.2,5,41.940622,True
20.2,5,41.945128,True
20.2,5,41.949135,True
20.2,5,41.953129,True
20.2,5,41.95781,True
20.2,5,41.961318,True
20.18,6,41.966676,True
-11.55,5,41.970758,False
21.19,6,41.976184,True
20.2,5,41.98065,True
20.2,5,41.983645,True
20.2,5,41.989317,True
20.2,5,41.993316,True
20.2,5,41.996934,True
20.2,5,42.000864,True
20.2,5,42.004864,True
20.2,5,42.009391,True
20.2,5,42.013684,True
20.2,5,42.017725,True
20.2,5,42.02172,True
20.44,6,42.027225,True
20.2,5,42.031259,True
20.2,5,42.035779,True
21.43,7,42.041291,True
20.2,5,42.045834,True
20.2,5,42.050346,True
20.2,5,42.05435,True
20.2,5,42.057874,True
20.18,6,42.062787,True
20.44,6,42.067786,True
20.42,7,42.074308,True
20.43,7,42.08066,True
20.2,5,42.084751,True
20.2,5,42.088745,True
20.19,6,42.093424,True
20.2,5,42.098119,True
20.2,5,42.102171,True
20.2,5,42.10617,True
20.44,6,42.111171,True
20.44,6,42.11597,True
20.2,5,42.11998,True
20.2,5,42.124505,True
20.2,5,42.12783,True
20.2,5,42.13237,True
20.2,5,42.136374,True
20.2,5,42.140895,True
20.2,5,42.144767,True
20.44,6,42.149792,True
20.2,5,42.154314,True
20.2,5,42.157839,True
20.2,5,42.162238,True
20.44,6,42.166759,True
20.2,5,42.171283,True
20.2,5,42.174806,True
20.2,5,42.579047,True
20.2,5,42.584552,True
20.2,5,42.590552,True
20.2,5,42.596477,True
20.2,5,42.601478,True
20.2,5,42.605984,True
20.2,5,42.611488,True
20.2,5,42.61603,True
20.2,5,42.620534,True
20.2,5,42.625037,True
20.2,5,42.630407,True
20.2,5,42.63491,True
20.2,5,42.639913,True
20.2,5,42.644063,True
20.2,5,42.649079,True
20.44,6,42.655581,True
20.2,5,42.660088,True
20.2,5,42.664571,True
20.2,5,42.671076,True
20.2,5,42.677083,True
20.2,5,42.682506,True
20.2,5,42.689012,True
20.44,6,42.695618,True
20.2,5,42.701124,True
20.44,6,42.708631,True
20.2,5,42.7144,True
20.2,5,42.718914,True
20.2,5,42.723914,True
20.2,5,42.72842,True
20.44,6,42.734943,True
20.44,6,42.741455,True
20.2,5,42.747923,True
20.2,5,42.753444,True
20.2,5,42.75944,True
20.2,5,42.76437,True
20.2,5,42.76837,True
20.2,5,42.774881,True
20.2,5,42.779279,True
20.2,5,42.783312,True
-11.79,4,42.787313,False
20.2,5,42.791824,True
20.2,5,42.79528,True
20.2,5,42.800304,True
20.44,6,42.805824,True
20.19,6,42.810823,True
20.2,5,42.814357,True
20.2,5,42.818876,True
20.2,5,42.822904,True
20.2,5,42.827914,True
20.2,5,42.83244,True
20.2,5,42.836108,True
20.2,5,42.840107,True
20.2,5,42.843789,True
20.2,5,42.849064,True
20.2,5,42.853064,True
20.2,5,42.856738,True
20.2,5,42.861403,True
20.44,6,42.866917,True
20.2,5,42.871916,True
20.2,5,42.876449,True
20.2,5,42.880687,True
20.2,5,42.885214,True
20.2,5,42.889218,True
20.2,5,42.893218,True
20.2,5,42.897534,True
20.2,5,42.901534,True
20.2,5,42.904534,True
20.2,5,42.910059,True
20.44,6,42.915272,True
20.2,5,42.919316,True
20.2,5,42.923315,True
20.18,7,42.929065,True
20.2,5,42.933062,True
20.2,5,42.937375,True
20.2,5,42.941381,True
20.2,5,42.94661,True
20.2,5,42.950135,True
20.18,6,42.955135,True
20.2,5,42.958663,True
20.44,6,42.9644,True
20.2,5,42.968393,True
20.2,5,42.971914,True
20.2,5,42.976914,True
21.19,6,42.981145,True
20.2,5,42.985668,True
20.2,5,42.98941,True
20.2,5,42.993423,True
20.2,5,42.997634,True
20.2,5,43.002157,True
20.2,5,43.006152,True
20.2,5,43.011931,True
20.2,5,43.015937,True
20.2,5,43.019464,True
20.2,5,43.023996,True
20.2,5,43.029236,True
20.2,5,43.033278,True
20.2,5,43.036826,True
20.2,5,43.041336,True
20.2,5,43.04557,True
20.19,6,43.050565,True
20.2,5,43.054096,True
20.44,6,43.059095,True
20.2,5,43.063342,True
20.2,5,43.067347,True
20.2,5,43.07134,True
20.2,5,43.075866,True
20.19,6,43.081081,True
20.2,5,43.085123,True
20.44,6,43.089839,True
20.44,6,43.094366,True
20.2,5,43.099575,True
20.2,5,43.103575,True
20.44,6,43.108099,True
20.2,5,43.112307,True
20.2,5,43.116216,True
20.2,5,43.120741,True
20.2,5,43.125259,True
20.2,5,43.128498,True
20.44,6,43.136002,True
20.2,5,43.140018,True
20.2,5,43.144455,True
20.2,5,43.148981,True
20.2,5,43.152906,True
20.2,5,43.156908,True
20.44,6,43.160946,True
20.18,6,43.166214,True
20.2,5,43.171252,True
20.2,5,43.175265,True
20.2,5,43.179523,True
20.44,6,43.184521,True
20.2,5,43.188709,True
20.2,5,43.192224,True
20.2,5,43.196469,True
20.2,5,43.200993,True
20.2,5,43.204992,True
-11.79,4,43.207992,False
20.2,5,43.212719,True
20.44,6,43.217719,True
20.2,5,43.221769,True
21.19,6,43.226764,True
20.2,5,43.230564,True
20.44,6,43.236104,True
20.2,5,43.240098,True
20.2,5,43.24463,True
20.2,5,43.248629,True
20.2,5,43.253155,True
20.2,5,43.257154,True
20.2,5,43.261154,True
20.2,5,43.265424,True
20.2,5,43.269424,True
20.2,5,43.273954,True
20.2,5,43.278265,True
20.2,5,43.281802,True
20.44,6,43.288324,True
20.2,5,43.291841,True
20.2,5,43.296633,True
21.19,6,43.301631,True
21.19,6,43.306166,True
20.44,6,43.311165,True
20.2,5,43.314904,True
20.2,5,43.319432,True
20.44,6,43.324446,True
20.2,5,43.32797,True
20.2,5,43.333447,True
20.2,5,43.337499,True
20.2,5,43.341515,True
20.2,5,43.345286,True
20.41,8,43.352063,True
20.2,5,43.356589,True
20.2,5,43.360588,True
20.2,5,43.364794,True
20.2,5,43.369312,True
20.2,5,43.373824,True
-10.33,8,43.380574,False
20.2,5,43.384653,True
20.2,5,43.388321,True
20.2,5,43.39225,True
20.2,5,43.396996,True
20.2,5,43.401007,True
20.2,5,43.406007,True
21.19,6,43.410534,True
20.2,5,43.414767,True
20.2,5,43.418288,True
20.2,5,43.422815,True
20.44,6,43.426815,True
20.2,5,43.432364,True
20.44,6,43.43737,True
20.2,5,43.441882,True
20.68,7,43.448219,True
20.2,5,43.451886,True
20.2,5,43.455888,True
21.19,6,43.461854,True
20.2,5,43.46553,True
20.2,5,43.470049,True
20.2,5,43.474066,True
20.44,6,43.478978,True
20.2,5,43.86517,True
20.44,6,43.871213,True
20.2,5,43.875269,True
20.2,5,43.880227,True
20.2,5,43.88623,True
20.2,5,43.891742,True
20.2,5,43.896279,True
20.2,5,43.903785,True
20.2,5,43.90929,True
20.2,5,43.914712,True
20.2,5,43.920216,True
20.2,5,43.926721,True
20.44,6,43.932613,True
20.44,6,43.938614,True
20.2,5,43.943118,True
20.2,5,43.948557,True
20.44,6,43.956064,True
20.44,6,43.963108,True
20.2,5,43.968613,True
20.44,6,43.975119,True
20.19,6,43.982926,True
21.19,6,43.988925,True
20.44,6,43.996758,True
20.2,5,44.000758,True
20.44,6,44.007279,True
20.68,7,44.014817,True
20.2,5,44.018817,True
20.2,5,44.02388,True
20.19,6,44.03035,True
20.2,5,44.034386,True
20.2,5,44.040078,True
20.2,5,44.044684,True
20.2,5,44.049716,True
21.43,7,44.056234,True
20.44,6,44.062677,True
20.2,5,44.068215,True
20.2,5,44.072868,True
20.2,5,44.077689,True
20.2,5,44.082768,True
20.44,6,44.087365,True
20.2,5,44.091364,True
20.2,5,44.095698,True
20.2,5,44.099713,True
20.2,5,44.104708,True
20.44,6,44.109221,True
20.2,5,44.11372,True
20.2,5,44.117708,True
20.2,5,44.122233,True
20.2,5,44.126247,True
20.2,5,44.130493,True
20.2,5,44.135197,True
20.44,6,44.140721,True
20.2,5,44.145241,True
20.44,6,44.149432,True
20.2,5,44.153431,True
20.2,5,44.157431,True
21.19,6,44.162324,True
20.2,5,44.166851,True
20.2,5,44.171374,True
20.2,5,44.175373,True
20.44,6,44.180269,True
20.2,5,44.184277,True
20.2,5,44.187277,True
20.44,6,44.193372,True
20.44,6,44.198721,True
20.2,5,44.202243,True
20.2,5,44.206243,True
20.2,5,44.210243,True
20.2,5,44.214924,True
20.2,5,44.218923,True
20.2,5,44.223464,True
20.2,5,44.227464,True
20.2,5,44.231228,True
20.44,6,44.236315,True
20.2,5,44.240316,True
20.2,5,44.245158,True
20.2,5,44.249155,True
20.44,6,44.254681,True
20.2,5,44.258675,True
20.2,5,44.26312,True
20.2,5,44.267615,True
20.2,5,44.271615,True
20.44,6,44.276412,True
20.2,5,44.280887,True
20.2,5,44.285411,True
20.2,5,44.289412,True
20.2,5,44.293452,True
20.2,5,44.297869,True
20.2,5,44.301869,True
20.42,8,44.309368,True
20.2,5,44.313368,True
20.2,5,44.317416,True
20.2,5,44.321425,True
20.2,5,44.325493,True
20.2,5,44.32976,True
20.19,6,44.335568,True
-10.59,9,44.34257,False
20.2,5,44.347372,True
20.2,5,44.351371,True
20.2,5,44.355876,True
20.2,5,44.359889,True
20.2,5,44.363279,True
20.2,5,44.367313,True
20.2,5,44.372311,True
20.2,5,44.375311,True
20.2,5,44.380177,True
20.2,5,44.385178,True
20.44,6,44.389689,True
20.44,6,44.395108,True
20.2,5,44.398872,True
20.2,5,44.402874,True
20.2,5,44.406872,True
20.2,5,44.410968,True
20.44,6,44.41705,True
20.2,5,44.42073,True
20.2,5,44.425396,True
20.2,5,44.429759,True
20.2,5,44.433769,True
20.2,5,44.437814,True
20.2,5,44.44234,True
20.2,5,44.446704,True
20.2,5,44.450223,True
21.43,7,44.456227,True
20.2,5,44.460227,True
20.2,5,44.464112,True
20.2,5,44.468624,True
20.2,5,44.473133,True
20.2,5,44.47681,True
20.2,5,44.481849,True
20.2,5,44.485923,True
20.2,5,44.489921,True
20.44,6,44.495041,True
20.2,5,44.499134,True
20.44,6,44.503811,True
20.2,5,44.507735,True
20.2,5,44.51204,True
20.2,5,44.515566,True
20.2,5,44.519566,True
-11.8,5,44.524629,False
20.2,5,44.528023,True
20.2,5,44.53206,True
20.2,5,44.536583,True
20.2,5,44.540243,True
20.2,5,44.544767,True
20.2,5,44.548986,True
20.2,5,44.552986,True
20.2,5,44.557195,True
20.2,5,44.561634,True
20.2,5,44.566145,True
20.2,5,44.569831,True
20.2,5,44.573916,True
-11.77,2,44.57551,False
20.2,5,44.580062,True
20.44,6,44.585494,True
20.2,5,44.5895,True
20.2,5,44.5935,True
20.2,5,44.597639,True
20.2,5,44.60264,True
20.2,5,44.60623,True
20.2,5,44.610726,True
20.2,5,44.614732,True
20.44,6,44.620322,True
20.2,5,44.6239,True
20.44,6,44.629103,True
20.2,5,44.63397,True
20.2,5,44.637572,True
20.2,5,44.641652,True
20.44,6,44.647296,True
20.44,6,44.651885,True
20.2,5,44.655884,True
20.19,6,44.660717,True
20.2,5,44.664725,True
20.44,6,44.669786,True
20.2,5,44.674785,True
20.2,5,44.679289,True
20.2,5,44.683288,True
20.2,5,44.687291,True
20.2,5,44.691803,True
20.2,5,44.696264,True
20.2,5,44.700775,True
20.2,5,44.704775,True
20.2,5,44.708773,True
20.2,5,44.713818,True
20.2,5,44.717824,True
20.2,5,44.721494,True
20.2,5,44.725745,True
20.2,5,44.729227,True
20.19,6,44.734895,True
20.2,5,44.738896,True
20.44,6,44.745498,True
20.2,5,44.749504,True
20.2,5,44.75401,True
20.2,5,44.758092,True
20.19,6,44.762804,True
20.2,5,44.767078,True
20.18,6,45.162986,True
20.2,5,45.169088,True
20.44,6,45.175593,True
20.2,5,45.181535,True
20.2,5,45.18704,True
20.2,5,45.193048,True
20.2,5,45.198453,True
20.2,5,45.203454,True
20.2,5,45.207971,True
20.44,6,45.213908,True
20.2,5,45.218919,True
20.2,5,45.22344,True
20.44,6,45.230164,True
20.44,6,45.236415,True
20.2,5,45.240516,True
20.2,5,45.246067,True
20.2,5,45.25033,True
20.44,6,45.256088,True
20.2,5,45.261549,True
20.2,5,45.266084,True
20.2,5,45.271229,True
20.2,5,45.277119,True
20.44,6,45.283145,True
20.2,5,45.287305,True
20.2,5,45.292305,True
20.2,5,45.296751,True
21.19,6,45.302761,True
20.18,6,45.308282,True
20.2,5,45.312864,True
20.2,5,45.318381,True
20.2,5,45.324379,True
20.2,5,45.32885,True
20.2,5,45.33345,True
20.2,5,45.339958,True
20.2,5,45.345451,True
21.19,6,45.352956,True
20.2,5,45.357956,True
20.44,6,45.36447,True
20.2,5,45.368984,True
20.2,5,45.373539,True
20.2,5,45.377841,True
20.2,5,45.382368,True
20.44,6,45.388368,True
21.19,6,45.394201,True
20.2,5,45.398222,True
20.2,5,45.402747,True
20.44,6,45.407743,True
21.19,6,45.413593,True
20.44,6,45.417592,True
20.2,5,45.422103,True
20.44,6,45.427059,True
20.44,6,45.432594,True
20.2,5,45.436601,True
20.2,5,45.440608,True
20.2,5,45.444428,True
20.2,5,45.449432,True
20.2,5,45.453431,True
20.2,5,45.457942,True
20.2,5,45.462555,True
20.2,5,45.466228,True
20.19,6,45.471823,True
20.2,5,45.476143,True
20.2,5,45.479748,True
20.2,5,45.484331,True
20.2,5,45.488421,True
20.2,5,45.492345,True
20.2,5,45.49722,True
20.2,5,45.50122,True
20.2,5,45.50522,True
20.2,5,45.509842,True
20.2,5,45.513271,True
20.2,5,45.517789,True
21.18,7,45.524788,True
20.68,7,45.53056,True
20.2,5,45.534556,True
20.2,5,45.538806,True
20.2,5,45.542805,True
21.19,6,45.548102,True
20.44,6,45.553105,True
20.2,5,45.557542,True
20.2,5,45.561185,True
20.2,5,45.565205,True
20.2,5,45.569735,True
20.2,5,45.574254,True
20.2,5,45.578159,True
20.2,5,45.582188,True
20.19,6,45.586987,True
20.2,5,45.59151,True
20.2,5,45.595967,True
20.2,5,45.600478,True
20.2,5,45.604479,True
20.2,5,45.608982,True
20.2,5,45.613559,True
20.2,5,45.618484,True
20.2,5,45.622007,True
20.2,5,45.626518,True
20.2,5,45.630278,True
20.2,5,45.634292,True
20.44,6,45.639292,True
20.2,5,45.643813,True
20.2,5,45.64809,True
20.2,5,45.652875,True
20.2,5,45.656875,True
20.2,5,45.661309,True
20.2,5,45.665316,True
20.2,5,45.669822,True
20.44,6,45.67434,True
20.2,5,45.679149,True
20.2,5,45.682658,True
20.2,5,45.686672,True
20.2,5,45.690672,True
20.44,6,45.695424,True
21.19,6,45.700422,True
21.43,7,45.705944,True
20.2,5,45.710849,True
20.2,5,45.715396,True
20.44,6,45.720395,True
20.2,5,45.724916,True
20.2,5,45.729184,True
20.2,5,45.733184,True
20.44,6,45.737708,True
20.2,5,45.742382,True
20.44,6,45.747205,True
20.44,6,45.751205,True
20.2,5,45.755702,True
20.2,5,45.760712,True
20.44,6,45.765116,True
20.2,5,45.770146,True
20.2,5,45.774055,True
20.2,5,45.77896,True
20.2,5,45.782956,True
20.2,5,45.787321,True
20.2,5,45.791326,True
20.2,5,45.795623,True
20.2,5,45.799147,True
20.2,5,45.803147,True
20.2,5,45.807658,True
20.2,5,45.811958,True
20.2,5,45.81595,True
20.2,5,45.819987,True
20.2,5,45.824,True
21.18,7,45.83035,True
20.2,5,45.834131,True
20.44,6,45.839644,True
21.19,6,45.845104,True
20.2,5,45.849181,True
20.2,5,45.852855,True
20.44,6,45.857853,True
20.2,5,45.862921,True
20.2,5,45.867004,True
20.44,6,45.872267,True
20.2,5,45.876271,True
20.2,5,45.880702,True
20.2,5,45.8847,True
21.43,7,45.890213,True
21.19,6,45.89523,True
20.2,5,45.899227,True
20.2,5,45.903753,True
20.2,5,45.907753,True
20.2,5,45.911267,True
20.44,6,45.916572,True
20.44,6,45.921572,True
20.2,5,45.926096,True
20.2,5,45.929486,True
20.2,5,45.934011,True
20.43,7,45.940011,True
-11.55,5,45.943221,False
20.2,5,45.947614,True
20.2,5,45.951613,True
20.2,5,45.95614,True
20.2,5,45.960137,True
20.19,6,45.965056,True
20.2,5,45.970056,True
20.2,5,45.974072,True
20.2,5,45.978597,True
20.19,6,45.982596,True
20.2,5,45.9872,True
20.2,5,45.991199,True
20.2,5,45.996159,True
20.2,5,46.000158,True
-11.8,5,46.004158,False
20.2,5,46.00867,True
20.2,5,46.013262,True
-11.81,6,46.017931,False
20.2,5,46.021931,True
20.2,5,46.026605,True
20.18,7,46.032283,True
20.2,5,46.036346,True
20.2,5,46.040371,True
20.44,6,46.04476,True
20.2,5,46.049287,True
20.2,5,46.053287,True
20.2,5,46.056799,True
20.2,5,46.061193,True
20.2,5,46.458692,True
20.2,5,46.464687,True
20.2,5,46.469687,True
20.44,6,46.475696,True
20.44,6,46.48102,True
20.2,5,46.486526,True
21.19,6,46.493031,True
20.2,5,46.498868,True
20.19,6,46.506372,True
21.43,7,46.512837,True
20.44,6,46.519342,True
20.2,5,46.525342,True
20.2,5,46.530242,True
20.2,5,46.536786,True
20.2,5,46.54229,True
20.2,5,46.548291,True
20.2,5,46.55229,True
20.2,5,46.557792,True
20.44,6,46.563174,True
20.44,6,46.569688,True
20.2,5,46.575191,True
20.2,5,46.579634,True
20.2,5,46.585634,True
20.68,7,46.593138,True
20.2,5,46.599565,True
20.44,6,46.60607,True
20.2,5,46.612036,True
21.19,6,46.619035,True
20.44,6,46.626541,True
20.2,5,46.63201,True
20.2,5,46.637009,True
20.2,5,46.642515,True
20.44,6,46.649829,True
20.2,5,46.654342,True
20.2,5,46.659342,True
20.2,5,46.664198,True
20.2,5,46.669198,True
20.2,5,46.672706,True
20.2,5,46.677642,True
20.2,5,46.68166,True
20.2,5,46.686186,True
20.44,6,46.691181,True
21.19,6,46.696059,True
20.2,5,46.700583,True
20.2,5,46.705113,True
20.2,5,46.709108,True
20.2,5,46.71345,True
20.2,5,46.716973,True
20.2,5,46.721968,True
20.44,6,46.726834,True
20.2,5,46.731378,True
20.2,5,46.735882,True
20.2,5,46.739892,True
20.2,5,46.744223,True
20.2,5,46.74777,True
20.2,5,46.751765,True
20.2,5,46.756271,True
20.2,5,46.760643,True
20.2,5,46.764664,True
20.44,6,46.770178,True
20.2,5,46.773178,True
20.2,5,46.778506,True
20.2,5,46.782497,True
20.2,5,46.786504,True
20.44,6,46.791026,True
-11.79,4,46.794913,False
20.2,5,46.79843,True
20.2,5,46.802434,True
20.2,5,46.806435,True
20.2,5,46.810272,True
20.2,5,46.814289,True
20.2,5,46.8188,True
20.2,5,46.822814,True
20.44,6,46.82816,True
20.2,5,46.832707,True
20.2,5,46.836707,True
20.2,5,46.840232,True
20.2,5,46.844559,True
20.2,5,46.848554,True
20.2,5,46.852076,True
20.2,5,46.8566,True
20.2,5,46.861117,True
20.2,5,46.865421,True
20.44,6,46.870421,True
20.2,5,46.87413,True
20.2,5,46.87894,True
20.2,5,46.88246,True
20.2,5,46.88646,True
20.2,5,46.890454,True
20.42,7,46.896234,True
20.2,5,46.900741,True
20.44,6,46.906757,True
20.2,5,46.910757,True
20.2,5,46.914564,True
20.2,5,46.918564,True
20.2,5,46.923081,True
20.2,5,46.927095,True
20.2,5,46.930892,True
20.2,5,46.935421,True
20.2,5,46.939417,True
20.2,5,46.943922,True
20.44,6,46.949457,True
20.68,7,46.954966,True
20.2,5,46.95897,True
20.44,6,46.96397,True
20.2,5,46.968493,True
20.44,6,46.973489,True
-11.55,5,46.978457,False
20.44,6,46.983457,True
20.2,5,46.987048,True
20.2,5,46.991496,True
20.2,5,46.994849,True
20.2,5,47.000397,True
20.2,5,47.00439,True
20.2,5,47.007924,True
20.2,5,47.012313,True
20.2,5,47.016305,True
20.44,6,47.021836,True
20.2,5,47.025836,True
20.2,5,47.029222,True
20.2,5,47.033749,True
20.44,6,47.038253,True
20.2,5,47.042786,True
21.43,7,47.04868,True
20.42,7,47.053694,True
20.2,5,47.057694,True
20.2,5,47.062599,True
20.2,5,47.066597,True
20.44,6,47.071121,True
20.2,5,47.07512,True
20.2,5,47.080009,True
20.2,5,47.08352,True
20.44,6,47.089033,True
20.44,6,47.094529,True
20.44,6,47.099652,True
20.2,5,47.103913,True
20.2,5,47.107911,True
20.2,5,47.111751,True
20.2,5,47.116757,True
20.2,5,47.120757,True
20.2,5,47.124269,True
20.2,5,47.128777,True
20.2,5,47.133043,True
20.2,5,47.137043,True
20.19,6,47.142638,True
20.2,5,47.146124,True
20.2,5,47.150636,True
20.2,5,47.155327,True
20.2,5,47.158999,True
20.2,5,47.163729,True
20.2,5,47.167727,True
20.2,5,47.171646,True
20.2,5,47.176667,True
20.44,6,47.181168,True
20.2,5,47.185681,True
20.2,5,47.190185,True
20.2,5,47.194337,True
20.2,5,47.198701,True
20.2,5,47.202617,True
20.2,5,47.207253,True
20.44,6,47.211178,True
20.2,5,47.215981,True
20.2,5,47.219986,True
20.2,5,47.223986,True
20.2,5,47.22773,True
20.44,6,47.233346,True
20.2,5,47.237859,True
20.2,5,47.240858,True
20.68,7,47.247467,True
20.44,6,47.252464,True
20.2,5,47.256976,True
20.2,5,47.261396,True
20.2,5,47.265393,True
20.2,5,47.269917,True
20.2,5,47.273912,True
20.2,5,47.278234,True
20.2,5,47.282248,True
20.2,5,47.287247,True
20.2,5,47.291314,True
20.44,6,47.296156,True
20.44,6,47.30169,True
20.2,5,47.30569,True
20.2,5,47.30869,True
20.2,5,47.313668,True
20.2,5,47.317668,True
20.44,6,47.323175,True
20.44,6,47.328612,True
20.44,6,47.333661,True
20.2,5,47.33766,True
20.44,6,47.34317,True
20.2,5,47.3467,True
20.2,5,47.351228,True
21.19,6,47.356746,True
20.2,5,47.360752,True
20.2,5,47.774018,True
20.2,5,47.780478,True
20.2,5,47.78599,True
20.44,6,47.792982,True
20.2,5,47.799148,True
20.44,6,47.805654,True
20.44,6,47.813071,True
20.2,5,47.818576,True
21.19,6,47.825078,True
20.2,5,47.830507,True
20.2,5,47.835011,True
20.2,5,47.840046,True
20.2,5,47.845485,True
20.2,5,47.851488,True
20.2,5,47.856994,True
20.44,6,47.864381,True
20.2,5,47.869887,True
20.44,6,47.87761,True
20.2,5,47.883066,True
-10.57,7,47.890811,False
20.2,5,47.896181,True
20.2,5,47.900687,True
20.68,7,47.908188,True
20.2,5,47.914613,True
20.2,5,47.92011,True
20.2,5,47.92611,True
20.44,6,47.932651,True
20.2,5,47.939201,True
20.44,6,47.945634,True
20.2,5,47.951139,True
20.2,5,47.957139,True
20.2,5,47.961087,True
20.2,5,47.967099,True
20.2,5,47.971624,True
20.2,5,48.34099,True
20.2,5,48.345827,True
21.43,7,48.351502,True
20.2,5,48.355505,True
20.2,5,48.360938,True
20.2,5,48.365944,True
20.2,5,48.369944,True
21.43,7,48.376464,True
20.2,5,48.38046,True
20.2,5,48.384999,True
20.2,5,48.389748,True
20.2,5,48.393289,True
20.2,5,48.397288,True
20.2,5,48.401808,True
20.2,5,48.405815,True
20.2,5,48.409811,True
20.68,7,48.416333,True
20.44,6,48.422333,True
20.2,5,48.425845,True
20.2,5,48.430177,True
20.2,5,48.43471,True
20.44,6,48.440245,True
20.2,5,48.443778,True
20.2,5,48.449012,True
20.2,5,48.451761,True
20.2,5,48.456285,True
20.2,5,48.461494,True
20.44,6,48.466014,True
20.2,5,48.470014,True
20.2,5,48.474534,True
20.44,6,48.479769,True
20.2,5,48.483286,True
20.2,5,48.487808,True
20.44,6,48.492808,True
20.2,5,48.497033,True
20.2,5,48.501029,True
20.2,5,48.505534,True
20.2,5,48.509541,True
20.2,5,48.513831,True
20.44,6,48.519099,True
21.19,6,48.524099,True
20.19,6,48.52941,True
20.2,5,48.533715,True
20.2,5,48.538412,True
20.2,5,48.542412,True
21.19,6,48.547729,True
20.2,5,48.551743,True
20.44,6,48.556743,True
20.2,5,48.560268,True
20.2,5,48.565837,True
20.2,5,48.569349,True
21.19,6,48.574348,True
20.2,5,48.579492,True
20.2,5,48.584244,True
20.2,5,48.588178,True
20.2,5,48.592695,True
-10.8,5,48.596731,False
20.2,5,48.601258,True
20.2,5,48.605258,True
20.2,5,48.609763,True
20.2,5,48.61431,True
20.2,5,48.61831,True
20.2,5,48.621836,True
-10.59,9,48.630215,False
21.19,6,48.634738,True
-10.56,6,48.639998,False
20.2,5,48.643525,True
20.2,5,48.647772,True
-10.82,7,48.654295,False
20.44,6,48.659295,True
20.2,5,48.663529,True
20.2,5,48.667529,True
20.2,5,48.672029,True
20.44,6,48.677041,True
20.2,5,48.681258,True
20.2,5,48.686777,True
21.19,6,48.691581,True
20.2,5,48.696482,True
20.2,5,48.700483,True
20.2,5,48.704111,True
20.2,5,48.708039,True
21.43,7,48.714804,True
20.44,6,48.718803,True
20.68,7,48.725327,True
20.2,5,48.729552,True
20.2,5,48.73255,True
20.2,5,48.737605,True
21.19,6,48.742609,True
20.2,5,48.746845,True
20.2,5,48.750541,True
20.2,5,48.755052,True
20.2,5,48.759066,True
20.2,5,48.763274,True
20.2,5,48.766797,True
21.19,6,48.771796,True
20.2,5,48.775796,True
20.19,6,48.78111,True
20.18,6,48.786149,True
21.19,6,48.791162,True
20.2,5,48.795019,True
20.2,5,48.800533,True
20.2,5,48.804533,True
20.44,6,48.809046,True
21.19,6,48.814695,True
20.2,5,48.818374,True
20.2,5,48.823054,True
20.2,5,48.827301,True
20.2,5,48.831914,True
20.2,5,48.835914,True
20.2,5,48.839965,True
-10.83,8,48.846879,False
20.2,5,48.850959,True
20.2,5,48.854959,True
20.2,5,48.859555,True
20.44,6,48.864783,True
20.2,5,48.867783,True
20.2,5,48.872309,True
20.19,6,48.877302,True
20.2,5,48.881995,True
20.44,6,48.886507,True
20.2,5,48.890759,True
20.2,5,48.894989,True
20.44,6,48.900505,True
20.2,5,48.904508,True
20.2,5,48.908509,True
21.19,6,48.91373,True
20.2,5,48.91773,True
20.2,5,48.922265,True
20.2,5,48.926263,True
20.2,5,48.930475,True
22.16,8,48.936999,True
20.2,5,48.940507,True
20.44,6,48.946251,True
21.19,6,48.95096,True
21.19,6,48.956508,True
20.2,5,48.960508,True
20.2,5,48.964244,True
20.2,5,48.968244,True
20.2,5,48.972243,True
20.2,5,48.976761,True
20.2,5,48.980323,True
20.44,6,48.985848,True
20.2,5,48.989975,True
20.2,5,48.993486,True
20.2,5,48.998412,True
20.2,5,49.002412,True
20.2,5,49.006925,True
20.44,6,49.012173,True
20.2,5,49.016492,True
20.2,5,49.020491,True
20.44,6,49.025014,True
20.19,6,49.031267,True
-10.83,8,49.037286,False
20.2,5,49.041809,True
20.44,6,49.047296,True
20.2,5,49.051294,True
20.19,6,49.448795,True
20.2,5,49.454304,True
20.2,5,49.459303,True
20.2,5,49.464724,True
20.2,5,49.470723,True
20.2,5,49.476228,True
20.2,5,49.482652,True
20.2,5,49.487664,True
20.2,5,49.494252,True
20.2,5,49.499264,True
20.2,5,49.50577,True
20.44,6,49.51232,True
20.44,6,49.518822,True
20.2,5,49.523823,True
20.2,5,49.530308,True
20.2,5,49.535809,True
20.2,5,49.541478,True
20.2,5,49.547792,True
-11.54,4,49.551791,False
20.2,5,49.558008,True
-11.79,4,49.562527,False
20.2,5,49.568031,True
20.44,6,49.575031,True
20.2,5,49.580551,True
21.19,6,49.587585,True
20.2,5,49.592587,True
20.2,5,49.599092,True
21.19,6,49.606092,True
20.2,5,49.611083,True
20.2,5,49.617083,True
20.2,5,49.623589,True
20.2,5,49.629118,True
20.2,5,49.634623,True
20.44,6,49.641637,True
-11.79,4,49.645961,False
21.19,6,49.651197,True
20.2,5,49.656202,True
20.2,5,49.660201,True
20.2,5,49.665483,True
20.2,5,49.669483,True
20.2,5,49.674008,True
20.44,6,49.678252,True
21.19,6,49.68375,True
20.2,5,49.68822,True
20.44,6,49.694132,True
20.2,5,49.697901,True
20.2,5,49.702901,True
20.2,5,49.706419,True
20.2,5,49.710419,True
20.2,5,49.715254,True
20.2,5,49.719254,True
20.2,5,49.723765,True
20.2,5,49.727969,True
20.2,5,49.731963,True
20.2,5,49.735489,True
20.44,6,49.740999,True
20.2,5,49.745379,True
20.2,5,49.749375,True
20.2,5,49.753375,True
20.2,5,49.7579,True
20.44,6,49.762112,True
21.41,8,49.768637,True
20.2,5,49.773643,True
20.2,5,49.777164,True
20.2,5,49.782367,True
20.2,5,49.786377,True
20.2,5,49.790262,True
20.2,5,49.794568,True
20.44,6,49.799227,True
20.2,5,49.804156,True
20.2,5,49.807679,True
20.2,5,49.811975,True
20.44,6,49.817493,True
20.2,5,49.821493,True
20.2,5,49.825493,True
20.19,6,49.831231,True
21.43,7,49.83675,True
20.2,5,49.841278,True
20.44,6,49.845506,True
20.2,5,49.850031,True
20.2,5,49.854944,True
20.2,5,49.858472,True
20.2,5,49.862681,True
20.2,5,49.86668,True
20.2,5,49.871189,True
20.2,5,49.875535,True
20.2,5,49.880301,True
20.2,5,49.886802,True
20.2,5,49.891319,True
20.2,5,49.894642,True
20.2,5,49.898893,True
20.44,6,49.903898,True
20.2,5,49.90791,True
20.2,5,49.91285,True
20.2,5,49.916849,True
20.2,5,49.921375,True
20.2,5,49.925374,True
20.2,5,49.928787,True
20.2,5,49.933322,True
20.2,5,49.937317,True
20.2,5,49.94185,True
20.44,6,49.947173,True
20.2,5,49.951172,True
20.2,5,49.954684,True
20.2,5,49.959684,True
20.2,5,49.963735,True
20.44,6,49.968737,True
20.2,5,49.972328,True
20.2,5,49.976403,True
20.44,6,49.982203,True
-10.8,5,49.98621,False
20.44,6,49.991814,True
20.2,5,49.995766,True
20.44,6,50.000768,True
20.2,5,50.004446,True
20.44,6,50.009441,True
20.2,5,50.014394,True
20.2,5,50.018399,True
20.2,5,50.022396,True
20.2,5,50.025988,True
20.2,5,50.030215,True
20.2,5,50.034744,True
20.44,6,50.039603,True
20.2,5,50.044372,True
20.2,5,50.048386,True
20.2,5,50.052386,True
20.44,6,50.057416,True
20.2,5,50.061658,True
20.2,5,50.065167,True
20.2,5,50.070184,True
21.19,6,50.07418,True
20.2,5,50.078922,True
20.2,5,50.08292,True
20.2,5,50.087452,True
20.2,5,50.091465,True
21.43,7,50.097211,True
20.2,5,50.101213,True
20.2,5,50.105721,True
20.2,5,50.109259,True
20.2,5,50.11347,True
20.2,5,50.118984,True
-11.8,5,50.122984,False
20.2,5,50.127489,True
20.2,5,50.131496,True
20.2,5,50.135576,True
20.2,5,50.140089,True
20.2,5,50.144995,True
20.44,6,50.149666,True
20.2,5,50.154486,True
20.2,5,50.158159,True
20.44,6,50.163034,True
20.2,5,50.167033,True
20.2,5,50.171561,True
20.2,5,50.17556,True
20.2,5,50.180406,True
20.44,6,50.185407,True
20.2,5,50.18992,True
20.2,5,50.194487,True
20.2,5,50.198363,True
20.2,5,50.202892,True
20.2,5,50.206418,True
20.44,6,50.212188,True
20.2,5,50.216183,True
20.2,5,50.219183,True
20.44,6,50.224708,True
21.43,7,50.231485,True
20.2,5,50.235012,True
20.2,5,50.239011,True
20.2,5,50.243846,True
20.19,6,50.249081,True
20.44,6,50.253607,True
20.44,6,50.258606,True
21.19,6,50.263343,True
21.19,6,50.268864,True
-11.78,3,50.270864,False
20.2,5,50.275387,True
20.2,5,50.279595,True
20.2,5,50.284108,True
20.44,6,50.288651,True
20.2,5,50.293173,True
20.2,5,50.297422,True
20.2,5,50.301422,True
20.2,5,50.305947,True
20.2,5,50.309947,True
20.44,6,50.314711,True
20.2,5,50.318715,True
20.2,5,50.322709,True
20.2,5,50.327236,True
20.44,6,50.332459,True
20.2,5,50.335988,True
21.43,7,50.34198,True
20.2,5,50.346246,True
20.2,5,50.351239,True
20.2,5,50.354239,True
20.2,5,50.359257,True
20.2,5,50.744633,True
20.44,6,50.751639,True
20.44,6,50.758143,True
20.44,6,50.76521,True
20.44,6,50.770731,True
20.2,5,50.776241,True
20.2,5,50.781863,True
20.2,5,50.786383,True
20.2,5,50.791897,True
20.2,5,50.796897,True
20.2,5,50.801897,True
20.18,7,50.808417,True
20.2,5,50.813436,True
20.2,5,50.817967,True
21.19,6,50.824965,True
20.2,5,50.831249,True
20.2,5,50.83525,True
20.2,5,50.839755,True
20.2,5,50.844878,True
20.2,5,50.849388,True
21.19,6,50.856387,True
20.2,5,50.861942,True
20.2,5,50.868443,True
-11.55,5,50.874562,False
20.44,6,50.881767,True
20.2,5,50.88746,True
20.2,5,50.893217,True
20.2,5,50.898672,True
20.44,6,50.904685,True
20.2,5,50.911563,True
20.2,5,50.917563,True
20.2,5,50.923068,True
20.44,6,50.929541,True
20.2,5,50.936046,True
20.68,7,50.943551,True
20.2,5,50.949317,True
20.44,6,50.954843,True
20.2,5,50.958843,True
20.2,5,50.963728,True
20.44,6,50.969255,True
20.44,6,50.974771,True
21.19,6,50.98109,True
20.2,5,50.984602,True
20.2,5,50.98876,True
20.2,5,50.993735,True
20.2,5,50.997741,True
20.2,5,51.002253,True
20.2,5,51.00684,True
20.2,5,51.010205,True
20.2,5,51.014895,True
21.19,6,51.019969,True
20.44,6,51.024552,True
20.2,5,51.028987,True
20.2,5,51.032986,True
20.2,5,51.038505,True
20.2,5,51.043561,True
20.2,5,51.047615,True
20.2,5,51.052622,True
21.17,7,51.058965,True
20.2,5,51.063959,True
20.2,5,51.068959,True
20.2,5,51.073959,True
20.18,7,51.080945,True
20.2,5,51.084937,True
21.43,7,51.092475,True
20.2,5,51.096865,True
20.2,5,51.100867,True
20.2,5,51.106374,True
20.2,5,51.111304,True
21.19,6,51.117825,True
20.44,6,51.123335,True
20.2,5,51.128774,True
20.44,6,51.135799,True
20.2,5,51.140798,True
20.2,5,51.145767,True
20.2,5,51.150782,True
-11.79,4,51.1543,False
20.2,5,51.159824,True
20.2,5,51.163782,True
20.2,5,51.168793,True
20.2,5,51.172794,True
20.2,5,51.177728,True
20.2,5,51.182726,True
20.44,6,51.188251,True
21.19,6,51.195306,True
20.2,5,51.199823,True
20.2,5,51.20283,True
20.2,5,51.207877,True
20.44,6,51.213319,True
20.2,5,51.216836,True
20.2,5,51.221354,True
20.44,6,51.227239,True
20.2,5,51.231263,True
20.2,5,51.235789,True
20.2,5,51.240309,True
20.43,7,51.246305,True
20.2,5,51.249859,True
20.2,5,51.254858,True
21.19,6,51.259385,True
21.19,6,51.263693,True
20.2,5,51.268729,True
21.43,7,51.274743,True
20.2,5,51.278966,True
20.2,5,51.282481,True
20.2,5,51.286481,True
-11.79,4,51.29,False
20.2,5,51.293893,True
20.2,5,51.297929,True
20.18,7,51.304451,True
20.2,5,51.308451,True
20.2,5,51.313354,True
20.44,6,51.31836,True
20.2,5,51.322887,True
20.44,6,51.326887,True
20.2,5,51.331651,True
20.2,5,51.336655,True
20.2,5,51.340654,True
20.2,5,51.344946,True
20.2,5,51.348473,True
20.2,5,51.35301,True
-11.8,5,51.357008,False
20.2,5,51.361408,True
20.44,6,51.36692,True
20.2,5,51.37092,True
21.19,6,51.375946,True
20.44,6,51.381454,True
-11.55,5,51.385116,False
20.2,5,51.389114,True
20.2,5,51.393395,True
20.44,6,51.398273,True
20.2,5,51.403273,True
20.2,5,51.407315,True
20.2,5,51.411561,True
20.2,5,51.415062,True
20.2,5,51.420068,True
20.2,5,51.424068,True
20.2,5,51.428167,True
20.2,5,51.432167,True
20.2,5,51.436671,True
20.2,5,51.440678,True
20.2,5,51.445298,True
20.2,5,51.448966,True
20.2,5,51.452965,True
20.2,5,51.457639,True
20.2,5,51.462072,True
20.2,5,51.466072,True
21.19,6,51.47109,True
20.2,5,51.475164,True
20.2,5,51.4792,True
20.44,6,51.484277,True
20.2,5,51.488869,True
20.44,6,51.493689,True
20.44,6,51.498785,True
20.2,5,51.503039,True
20.2,5,51.507126,True
20.2,5,51.511116,True
20.2,5,51.515621,True
20.2,5,51.519628,True
21.19,6,51.524214,True
20.44,6,51.529922,True
20.2,5,51.533939,True
20.2,5,51.538634,True
20.2,5,51.542152,True
20.2,5,51.547047,True
21.19,6,51.551568,True
20.2,5,51.555644,True
20.2,5,51.559648,True
20.44,6,51.565205,True
20.18,6,51.570205,True
20.44,6,51.574867,True
20.2,5,51.579276,True
20.2,5,51.583857,True
20.2,5,51.587856,True
20.44,6,51.5923,True
20.44,6,51.597709,True
20.2,5,51.602211,True
20.2,5,51.606222,True
20.2,5,51.610307,True
20.2,5,51.615326,True
20.44,6,51.619848,True
20.2,5,51.623848,True
20.2,5,51.628627,True
20.2,5,51.632626,True
20.2,5,51.636138,True
20.44,6,51.642152,True
20.2,5,51.645387,True
20.2,5,51.649431,True
20.2,5,51.654427,True
20.18,7,51.659939,True
20.2,5,51.664197,True
20.2,5,51.668721,True
20.2,5,51.672248,True
20.2,5,51.676657,True
20.2,5,52.072124,True
20.2,5,52.078034,True
20.2,5,52.084048,True
20.2,5,52.089552,True
20.44,6,52.096457,True
20.2,5,52.102458,True
21.43,7,52.11043,True
20.2,5,52.116441,True
20.2,5,52.120946,True
20.2,5,52.125946,True
20.2,5,52.131398,True
20.2,5,52.136397,True
20.68,7,52.144483,True
-11.54,4,52.149545,False
20.2,5,52.155549,True
20.2,5,52.161607,True
20.2,5,52.167597,True
20.2,5,52.172605,True
20.2,5,52.178184,True
20.2,5,52.183691,True
20.2,5,52.187691,True
20.2,5,52.191703,True
21.43,7,52.201115,True
20.2,5,52.207116,True
20.44,6,52.214226,True
20.2,5,52.218737,True
20.2,5,52.223264,True
20.19,6,52.229572,True
20.2,5,52.234089,True
20.2,5,52.23909,True
20.44,6,52.245156,True
20.2,5,52.249661,True
20.2,5,52.25417,True
20.2,5,52.259168,True
20.44,6,52.264674,True
20.2,5,52.269178,True
20.2,5,52.27471,True
20.2,5,52.279043,True
20.2,5,52.28304,True
20.2,5,52.288567,True
20.44,6,52.293566,True
20.2,5,52.298228,True
20.2,5,52.303232,True
20.2,5,52.30674,True
20.2,5,52.311094,True
20.2,5,52.314612,True
20.2,5,52.320134,True
20.2,5,52.324134,True
20.2,5,52.327663,True
20.2,5,52.332918,True
20.2,5,52.336918,True
20.2,5,52.340443,True
20.2,5,52.344678,True
20.2,5,52.34972,True
20.2,5,52.353734,True
20.2,5,52.357776,True
20.2,5,52.362131,True
20.44,6,52.366131,True
21.43,7,52.372656,True
20.2,5,52.37618,True
20.2,5,52.381128,True
20.2,5,52.38512,True
20.2,5,52.388632,True
21.19,6,52.394039,True
20.44,6,52.399086,True
20.44,6,52.4031,True
20.2,5,52.407626,True
20.2,5,52.412566,True
20.42,8,52.418552,True
20.2,5,52.422081,True
20.2,5,52.426081,True
20.44,6,52.431886,True
20.2,5,52.435885,True
20.2,5,52.439888,True
20.44,6,52.445757,True
20.44,6,52.450265,True
20.2,5,52.454789,True
20.2,5,52.45886,True
20.44,6,52.463699,True
-10.83,8,52.470219,False
20.44,6,52.475733,True
20.2,5,52.480313,True
-11.81,6,52.485751,False
20.2,5,52.489751,True
21.43,7,52.494855,True
21.43,7,52.501373,True
20.2,5,52.505888,True
21.19,6,52.511261,True
20.2,5,52.515328,True
20.2,5,52.519342,True
20.2,5,52.524343,True
20.2,5,52.528222,True
20.2,5,52.532257,True
20.2,5,52.53675,True
20.2,5,52.540765,True
-10.8,5,52.54521,False
20.44,6,52.549223,True
21.19,6,52.554748,True
20.2,5,52.559272,True
20.2,5,52.563222,True
20.2,5,52.566739,True
20.44,6,52.571743,True
20.2,5,52.575742,True
20.19,6,52.581167,True
20.2,5,52.585169,True
20.2,5,52.589691,True
20.2,5,52.593691,True
20.44,6,52.598159,True
20.44,6,52.603174,True
20.2,5,52.607165,True
20.44,6,52.612147,True
20.2,5,52.616144,True
20.44,6,52.621687,True
20.2,5,52.625687,True
20.2,5,52.629535,True
21.19,6,52.634539,True
20.2,5,52.638538,True
20.2,5,52.643412,True
20.2,5,52.647436,True
20.2,5,52.65249,True
20.2,5,52.657489,True
20.2,5,52.661814,True
20.44,6,52.666816,True
20.2,5,52.671336,True
20.2,5,52.675361,True
20.2,5,52.678931,True
20.2,5,52.683443,True
20.68,7,52.688442,True
20.2,5,52.693267,True
20.44,6,52.697816,True
20.2,5,52.702335,True
22.17,8,52.708338,True
20.2,5,52.712309,True
20.2,5,52.716323,True
20.44,6,52.721848,True
20.44,6,52.727371,True
21.19,6,52.731702,True
20.2,5,52.736219,True
20.2,5,52.740219,True
20.2,5,52.744282,True
20.68,7,52.750306,True
20.2,5,52.754332,True
20.2,5,52.759413,True
20.2,5,52.763744,True
20.2,5,52.767774,True
21.19,6,52.772846,True
20.44,6,52.778218,True
20.44,6,52.78233,True
20.2,5,52.786997,True
20.2,5,52.790923,True
20.44,6,52.796443,True
20.2,5,52.799997,True
20.2,5,52.804001,True
21.43,7,52.809526,True
20.2,5,52.813489,True
20.2,5,52.818027,True
21.19,6,52.823026,True
20.2,5,52.827539,True
20.2,5,52.830976,True
20.44,6,52.83597,True
20.2,5,52.840491,True
20.44,6,52.845888,True
20.2,5,52.850406,True
20.2,5,52.854933,True
20.2,5,52.858933,True
20.2,5,52.862809,True
20.2,5,52.866826,True
20.19,6,52.872339,True
20.2,5,52.876356,True
20.2,5,52.880337,True
20.44,6,52.885341,True
20.2,5,52.889341,True
20.2,5,52.893269,True
20.2,5,52.897794,True
21.19,6,52.902323,True
20.2,5,52.906322,True
20.2,5,52.909846,True
20.44,6,52.915656,True
20.2,5,52.919656,True
20.2,5,52.924171,True
20.2,5,52.928624,True
20.2,5,52.932277,True
20.44,6,52.937369,True
20.2,5,52.941293,True
20.2,5,52.946259,True
20.2,5,52.950261,True
20.2,5,52.954527,True
21.19,6,52.959527,True
21.19,6,52.964591,True
20.2,5,52.967588,True
20.2,5,52.972112,True
20.44,6,53.386128,True
20.2,5,53.391128,True
20.2,5,53.396689,True
20.2,5,53.402196,True
20.2,5,53.406703,True
20.2,5,53.411756,True
20.2,5,53.416262,True
20.2,5,53.422261,True
21.19,6,53.429334,True
20.44,6,53.435253,True
20.2,5,53.439759,True
20.2,5,53.444357,True
20.2,5,53.449968,True
20.68,7,53.456481,True
20.2,5,53.461647,True
20.44,6,53.470175,True
20.2,5,53.474679,True
20.2,5,53.479726,True
20.2,5,53.485725,True
20.2,5,53.491229,True
20.2,5,53.496747,True
20.2,5,53.502758,True
20.2,5,53.506757,True
20.44,6,53.512822,True
21.41,8,53.522326,True
20.2,5,53.52735,True
20.2,5,53.533397,True
21.19,6,53.540903,True
20.44,6,53.54806,True
20.2,5,53.552566,True
20.44,6,53.560685,True
20.2,5,53.5652,True
20.2,5,53.570705,True
20.2,5,53.575211,True
20.2,5,53.580745,True
20.2,5,53.585423,True
20.2,5,53.589428,True
20.18,6,53.594668,True
20.2,5,53.598777,True
20.68,7,53.605674,True
20.44,6,53.610669,True
20.2,5,53.614805,True
20.2,5,53.618471,True
20.2,5,53.622402,True
20.2,5,53.626989,True
20.2,5,53.631994,True
20.2,5,53.636749,True
20.2,5,53.64063,True
20.2,5,53.644835,True
20.2,5,53.649632,True
20.2,5,53.653635,True
20.2,5,53.658458,True
20.2,5,53.662777,True
21.19,6,53.668298,True
20.2,5,53.673302,True
20.44,6,53.67843,True
20.2,5,53.6827,True
20.2,5,53.687238,True
20.2,5,53.691409,True
20.2,5,53.695679,True
20.2,5,53.699233,True
20.2,5,53.704252,True
20.44,6,53.709858,True
20.2,5,53.714203,True
20.2,5,53.718139,True
20.2,5,53.722661,True
20.2,5,53.727058,True
20.2,5,53.730846,True
20.2,5,53.734845,True
20.2,5,53.739846,True
20.2,5,53.743751,True
20.2,5,53.747771,True
20.2,5,53.752295,True
21.19,6,53.75682,True
20.2,5,53.760752,True
20.2,5,53.764766,True
-11.8,5,53.769763,False
20.2,5,53.773274,True
20.2,5,53.778126,True
20.44,6,53.783713,True
20.2,5,53.787713,True
20.2,5,53.792218,True
20.44,6,53.797467,True
21.19,6,53.801976,True
20.2,5,53.806513,True
20.2,5,53.810652,True
20.2,5,53.815202,True
21.19,6,53.820202,True
21.43,7,53.825732,True
20.2,5,53.830169,True
20.2,5,53.834217,True
20.2,5,53.838231,True
20.2,5,53.84323,True
20.2,5,53.847763,True
20.2,5,53.851756,True
20.2,5,53.856787,True
20.44,6,53.862258,True
20.2,5,53.865764,True
20.2,5,53.869771,True
21.19,6,53.875744,True
20.2,5,53.879763,True
20.2,5,53.883967,True
20.2,5,53.888051,True
20.2,5,53.893049,True
20.44,6,53.896958,True
20.2,5,53.900972,True
20.2,5,53.905174,True
-11.79,4,53.908696,False
20.2,5,53.913054,True
20.44,6,53.917564,True
20.2,5,53.922573,True
20.2,5,53.926573,True
20.2,5,53.930513,True
21.67,8,53.937513,True
20.44,6,53.942851,True
20.2,5,53.947281,True
20.2,5,53.951871,True
21.19,6,53.955868,True
-11.54,4,53.96014,False
20.2,5,53.963652,True
20.2,5,53.968298,True
20.2,5,53.972809,True
20.2,5,53.976809,True
20.44,6,53.982811,True
20.2,5,53.986811,True
20.2,5,53.989811,True
20.44,6,53.995844,True
20.2,5,54.000844,True
20.2,5,54.00486,True
21.41,9,54.012887,True
20.44,6,54.016968,True
20.2,5,54.020969,True
20.19,6,54.026647,True
20.2,5,54.031054,True
20.2,5,54.034579,True
20.2,5,54.038578,True
20.2,5,54.043532,True
20.44,6,54.048552,True
20.2,5,54.052552,True
20.2,5,54.057078,True
20.2,5,54.061088,True
20.2,5,54.065622,True
20.44,6,54.070622,True
20.44,6,54.075132,True
20.2,5,54.079379,True
20.2,5,54.083386,True
20.2,5,54.087911,True
20.2,5,54.091913,True
21.19,6,54.096743,True
20.2,5,54.101743,True
20.2,5,54.105255,True
20.2,5,54.109443,True
20.44,6,54.114854,True
20.2,5,54.118379,True
20.2,5,54.123379,True
21.19,6,54.128247,True
20.2,5,54.132276,True
20.2,5,54.136276,True
20.2,5,54.139791,True
20.2,5,54.14379,True
21.19,6,54.149599,True
20.2,5,54.153597,True
20.2,5,54.157597,True
20.2,5,54.161747,True
20.2,5,54.165747,True
20.2,5,54.16998,True
20.2,5,54.174987,True
20.44,6,54.179981,True
20.2,5,54.183995,True
20.2,5,54.187995,True
20.2,5,54.191522,True
20.2,5,54.19605,True
20.2,5,54.201252,True
20.44,6,54.205782,True
20.2,5,54.209781,True
20.2,5,54.214654,True
20.2,5,54.218478,True
20.44,6,54.223984,True
20.2,5,54.228291,True
20.44,6,54.232983,True
20.44,6,54.237993,True
20.2,5,54.242511,True
20.2,5,54.245912,True
21.19,6,54.250906,True
20.2,5,54.25543,True
20.2,5,54.25943,True
21.43,7,54.265612,True
20.2,5,54.269607,True
20.2,5,54.273117,True
20.2,5,54.277554,True
20.44,6,54.282577,True
20.2,5,54.286099,True
20.44,6,54.2911,True
20.2,5,54.675617,True
20.2,5,54.680129,True
-11.34,8,54.689288,False
20.2,5,54.695289,True
21.43,7,54.702794,True
20.44,6,54.708306,True
20.44,6,54.714934,True
21.43,7,54.722934,True
21.19,6,54.729865,True
20.2,5,54.73537,True
20.44,6,55.132259,True
20.2,5,55.137273,True
20.2,5,55.140792,True
20.44,6,55.146172,True
20.2,5,55.151259,True
20.2,5,55.156262,True
20.2,5,55.161273,True
21.41,8,55.16803,True
20.18,7,55.173541,True
20.2,5,55.178553,True
20.2,5,55.183648,True
20.2,5,55.188722,True
21.19,6,55.193231,True
20.44,6,55.199426,True
20.44,6,55.205013,True
20.68,7,55.210681,True
20.2,5,55.216117,True
20.2,5,55.220206,True
20.2,5,55.22479,True
20.2,5,55.229122,True
20.2,5,55.234171,True
20.44,6,55.240173,True
20.2,5,55.243811,True
20.44,6,55.249501,True
20.42,8,55.256361,True
21.19,6,55.260695,True
20.2,5,55.265141,True
21.19,6,55.269667,True
20.2,5,55.273667,True
20.2,5,55.278324,True
20.2,5,55.281834,True
20.2,5,55.286403,True
21.41,9,55.295188,True
20.2,5,55.298224,True
20.44,6,55.303914,True
20.2,5,55.308432,True
20.2,5,55.312719,True
20.2,5,55.316718,True
20.44,6,55.322545,True
20.2,5,55.327064,True
20.68,7,55.332041,True
20.44,6,55.33704,True
-11.32,7,55.343997,False
-10.81,6,55.349018,False
20.2,5,55.353542,True
20.44,6,55.358541,True
-10.33,8,55.365041,False
20.2,5,55.369695,True
20.44,6,55.374918,True
20.44,6,55.380252,True
21.19,6,55.38484,True
20.44,6,55.390841,True
20.44,6,55.395744,True
20.2,5,55.400753,True
20.2,5,55.404336,True
20.2,5,55.408424,True
20.2,5,55.412657,True
20.2,5,55.416719,True
20.2,5,55.42173,True
20.2,5,55.425249,True
-11.56,6,55.430254,False
20.44,6,55.435767,True
20.2,5,55.439782,True
20.2,5,55.444302,True
20.44,6,55.448823,True
20.2,5,55.453827,True
21.19,6,55.458353,True
20.2,5,55.461811,True
20.2,5,55.466845,True
21.19,6,55.47187,True
20.2,5,55.475857,True
20.2,5,55.481302,True
-10.56,6,55.487302,False
21.19,6,55.491813,True
20.2,5,55.496249,True
20.2,5,55.49983,True
21.19,6,55.505597,True
20.2,5,55.508595,True
20.44,6,55.515002,True
20.2,5,55.519003,True
20.2,5,55.522683,True
21.19,6,55.528946,True
20.2,5,55.532714,True
20.44,6,55.537706,True
20.2,5,55.541907,True
20.2,5,55.546554,True
20.2,5,55.550555,True
20.2,5,55.554227,True
20.2,5,55.559223,True
20.2,5,55.563563,True
20.2,5,55.56757,True
20.2,5,55.572355,True
21.19,6,55.577477,True
20.2,5,55.580752,True
20.2,5,55.585274,True
20.2,5,55.589274,True
20.2,5,55.593274,True
20.68,7,55.599567,True
20.2,5,55.605104,True
20.2,5,55.609104,True
20.2,5,55.612906,True
20.2,5,55.617199,True
20.2,5,55.621214,True
20.2,5,55.625735,True
20.2,5,55.629984,True
20.44,6,55.635491,True
21.19,6,55.640368,True
20.2,5,55.644658,True
21.19,6,55.64964,True
20.44,6,55.654625,True
20.2,5,55.658625,True
20.2,5,55.662539,True
20.2,5,55.667775,True
20.2,5,55.671287,True
20.2,5,55.676287,True
20.2,5,55.680611,True
21.19,6,55.685122,True
-12.04,4,55.688123,False
20.44,6,55.694167,True
20.2,5,55.698191,True
20.2,5,55.702702,True
20.44,6,55.707707,True
20.2,5,55.712115,True
20.2,5,55.716205,True
20.2,5,55.720208,True
20.2,5,55.723885,True
20.2,5,55.72912,True
20.2,5,55.732631,True
20.2,5,55.737641,True
-10.79,4,55.740641,False
20.2,5,55.745569,True
20.2,5,55.749569,True
20.2,5,55.752496,True
20.2,5,55.758017,True
20.2,5,55.762397,True
20.44,6,55.766994,True
20.68,7,55.772993,True
20.2,5,55.777179,True
22.65,10,55.785067,True
20.2,5,55.790077,True
20.44,6,55.794378,True
20.2,5,55.798548,True
20.2,5,55.802551,True
20.2,5,55.806984,True
20.2,5,55.811361,True
20.44,6,55.816533,True
20.2,5,55.821204,True
20.2,5,55.825211,True
21.43,7,55.831104,True
20.2,5,55.835103,True
20.2,5,55.839536,True
20.68,7,55.845921,True
20.2,5,55.849591,True
20.2,5,55.854513,True
20.2,5,55.858019,True
20.68,7,55.863342,True
20.2,5,55.868293,True
20.44,6,55.873805,True
20.19,6,55.87873,True
20.2,5,55.882814,True
21.19,6,55.887739,True
20.2,5,55.892251,True
20.2,5,55.896804,True
20.2,5,55.900403,True
20.2,5,55.904483,True
-11.81,6,55.910073,False
20.44,6,55.914857,True
20.2,5,55.918867,True
20.2,5,55.923392,True
21.19,6,55.92792,True
20.19,6,55.933464,True
-11.79,4,55.937464,False
20.44,6,55.942013,True
20.2,5,55.947239,True
20.68,7,55.95375,True
20.44,6,55.958452,True
20.44,6,56.371576,True
20.44,6,56.377081,True
20.2,5,56.382203,True
20.2,5,56.387713,True
20.2,5,56.394193,True
20.44,6,56.401196,True
20.2,5,56.405701,True
20.2,5,56.410077,True
20.2,5,56.415092,True
20.44,6,56.420593,True
20.2,5,56.425593,True
20.2,5,56.431109,True
20.44,6,56.437619,True
20.44,6,56.445057,True
20.2,5,56.451562,True
21.19,6,56.458066,True
20.2,5,56.46437,True
20.2,5,56.469874,True
20.2,5,56.476432,True
20.2,5,56.481908,True
20.2,5,56.486907,True
20.2,5,56.493412,True
20.2,5,56.498816,True
20.44,6,56.50582,True
21.43,7,56.513695,True
20.44,6,56.519704,True
20.2,5,56.52621,True
20.2,5,56.53213,True
20.2,5,56.536675,True
20.2,5,56.54118,True
20.2,5,56.546575,True
20.19,6,56.552079,True
20.2,5,56.557083,True
20.44,6,56.562452,True
20.2,5,56.567978,True
20.2,5,56.572498,True
20.44,6,56.577944,True
20.44,6,56.583459,True
20.2,5,56.588991,True
21.19,6,56.594329,True
20.2,5,56.599328,True
20.2,5,56.603328,True
20.2,5,56.608452,True
20.44,6,56.613765,True
20.2,5,56.617434,True
20.2,5,56.622434,True
20.2,5,56.625959,True
20.2,5,56.630225,True
21.43,7,56.636748,True
20.2,5,56.64027,True
20.2,5,56.644994,True
20.2,5,56.649004,True
21.19,6,56.654004,True
20.2,5,56.658516,True
20.44,6,56.663774,True
20.2,5,56.667785,True
20.2,5,56.671792,True
20.44,6,56.677381,True
20.2,5,56.681678,True
20.2,5,56.68568,True
21.19,6,56.690347,True
20.2,5,56.695655,True
20.2,5,56.699327,True
21.19,6,56.704327,True
20.2,5,56.707919,True
20.2,5,56.712278,True
20.2,5,56.715861,True
20.44,6,56.72155,True
20.2,5,56.726471,True
21.43,7,56.732419,True
20.2,5,56.736087,True
20.2,5,56.74069,True
20.44,6,56.745985,True
21.19,6,56.7505,True
21.19,6,56.755501,True
20.2,5,56.760017,True
21.19,6,56.765227,True
-11.8,5,56.768744,False
20.2,5,56.77277,True
20.2,5,56.776769,True
20.2,5,56.781556,True
20.2,5,56.786552,True
20.2,5,56.791827,True
20.2,5,56.796118,True
21.17,8,56.803376,True
-10.85,10,56.811379,False
20.2,5,56.814903,True
20.2,5,56.819427,True
-9.4,14,56.831239,False
20.2,5,56.835746,True
20.2,5,56.839746,True
20.2,5,56.843569,True
20.44,6,56.84959,True
21.19,6,56.854102,True
21.19,6,56.859102,True
20.2,5,56.8639,True
-10.57,7,56.869419,False
20.2,5,56.87393,True
20.19,6,56.879431,True
21.19,6,56.884384,True
21.67,8,56.890539,True
20.2,5,56.895676,True
20.44,6,56.900754,True
20.2,5,56.903754,True
21.19,6,56.909428,True
20.2,5,56.914008,True
20.2,5,56.917276,True
20.2,5,56.92135,True
20.2,5,56.925794,True
20.2,5,56.930104,True
20.2,5,56.934611,True
20.44,6,56.940131,True
20.68,7,56.946366,True
21.19,6,56.950889,True
20.2,5,56.954889,True
20.2,5,56.959395,True
20.2,5,56.963703,True
21.19,6,56.968755,True
20.2,5,56.972764,True
20.44,6,56.97808,True
20.44,6,56.982614,True
20.2,5,56.986619,True
20.2,5,56.991682,True
20.44,6,56.996989,True
20.2,5,57.000516,True
20.2,5,57.005524,True
20.2,5,57.010036,True
-9.62,12,57.018547,False
20.2,5,57.024068,True
-10.83,8,57.030563,False
20.2,5,57.034569,True
20.2,5,57.039569,True
21.19,6,57.045053,True
20.2,5,57.048912,True
20.2,5,57.053503,True
20.2,5,57.057503,True
20.2,5,57.061887,True
20.2,5,57.065557,True
20.44,6,57.071074,True
20.2,5,57.074822,True
20.2,5,57.079114,True
20.2,5,57.083629,True
20.2,5,57.088706,True
20.2,5,57.092706,True
20.2,5,57.096685,True
20.2,5,57.10061,True
20.2,5,57.105121,True
20.44,6,57.110121,True
-11.56,6,57.115113,False
20.2,5,57.11955,True
20.2,5,57.124056,True
20.2,5,57.128309,True
20.2,5,57.132309,True
20.68,7,57.137821,True
20.2,5,57.142332,True
20.2,5,57.146675,True
20.2,5,57.150675,True
20.44,6,57.156186,True
20.2,5,57.160187,True
20.2,5,57.164485,True
20.2,5,57.167996,True
20.2,5,57.172508,True
20.2,5,57.17702,True
20.2,5,57.18137,True
20.2,5,57.185367,True
21.19,6,57.190549,True
20.2,5,57.195674,True
21.19,6,57.199874,True
20.2,5,57.204885,True
20.2,5,57.209396,True
20.2,5,57.213685,True
20.2,5,57.217733,True
20.2,5,57.221747,True
20.44,6,57.227046,True
20.2,5,57.230581,True
21.19,6,57.236107,True
20.2,5,57.240624,True
20.44,6,57.245952,True
20.2,5,57.249474,True
21.17,7,57.255474,True
20.2,5,57.259986,True
20.2,5,57.264242,True
20.2,5,57.268242,True
20.2,5,57.273058,True
20.2,5,57.277326,True
21.19,6,57.282359,True
20.2,5,57.686425,True
20.2,5,57.691427,True
20.2,5,57.697291,True
20.44,6,57.70429,True
20.2,5,57.709795,True
20.2,5,57.714118,True
20.2,5,57.718623,True
-10.57,7,57.72567,False
20.2,5,57.7297,True
20.44,6,57.735699,True
20.44,6,57.742198,True
20.2,5,57.746611,True
20.2,5,57.751115,True
20.2,5,57.757115,True
20.2,5,57.763055,True
20.2,5,57.769054,True
20.19,6,57.776422,True
20.18,6,57.783482,True
20.2,5,57.788168,True
20.2,5,57.793672,True
20.2,5,57.798234,True
20.2,5,57.80374,True
20.44,6,57.80974,True
20.2,5,57.814792,True
21.19,6,57.820294,True
21.19,6,57.826299,True
21.19,6,57.832393,True
20.2,5,57.837395,True
20.2,5,57.843321,True
20.2,5,57.849334,True
20.44,6,57.855839,True
20.2,5,57.861497,True
20.2,5,57.868003,True
20.2,5,57.872509,True
20.2,5,57.877541,True
20.2,5,57.882605,True
20.2,5,57.887308,True
20.2,5,57.89231,True
20.2,5,57.89657,True
20.2,5,57.901493,True
20.2,5,57.906016,True
20.2,5,57.91142,True
20.2,5,57.91594,True
20.2,5,57.920457,True
20.44,6,57.926711,True
20.44,6,57.932037,True
20.2,5,57.936562,True
20.2,5,57.941562,True
20.2,5,57.945811,True
20.2,5,57.949332,True
20.44,6,57.954333,True
20.2,5,57.958841,True
21.19,6,57.964211,True
20.2,5,57.968737,True
20.2,5,57.97226,True
20.2,5,57.977111,True
20.2,5,57.981125,True
20.2,5,57.985125,True
20.2,5,57.989371,True
21.43,7,57.995744,True
20.2,5,57.999269,True
20.2,5,58.003269,True
20.2,5,58.007268,True
20.2,5,58.012135,True
21.19,6,58.017134,True
20.2,5,58.0212,True
20.2,5,58.025199,True
21.19,6,58.030039,True
20.2,5,58.034727,True
20.2,5,58.037726,True
20.2,5,58.042249,True
20.2,5,58.046109,True
20.2,5,58.051299,True
20.2,5,58.055299,True
20.2,5,58.059805,True
20.2,5,58.06407,True
20.2,5,58.06807,True
20.2,5,58.072102,True
20.2,5,58.076117,True
20.2,5,58.081334,True
20.2,5,58.084866,True
20.44,6,58.090876,True
20.2,5,58.094782,True
21.41,9,58.102282,True
20.2,5,58.107281,True
20.2,5,58.111728,True
20.2,5,58.115743,True
20.2,5,58.120745,True
20.2,5,58.125363,True
20.2,5,58.13031,True
20.2,5,58.134824,True
20.2,5,58.139332,True
20.2,5,58.143677,True
20.2,5,58.14828,True
20.2,5,58.153794,True
20.2,5,58.15881,True
20.2,5,58.163214,True
20.2,5,58.167625,True
20.2,5,58.172618,True
20.2,5,58.177531,True
-10.36,11,58.188079,False
20.2,5,58.192079,True
20.2,5,58.196915,True
20.2,5,58.202199,True
20.44,6,58.207738,True
20.44,6,58.213036,True
20.2,5,58.217052,True
-11.55,5,58.221555,False
20.44,6,58.226076,True
20.2,5,58.230379,True
20.2,5,58.235379,True
20.2,5,58.239777,True
20.2,5,58.243776,True
20.44,6,58.248597,True
20.2,5,58.252598,True
20.2,5,58.257592,True
20.2,5,58.261484,True
20.2,5,58.265476,True
20.2,5,58.269997,True
20.2,5,58.274527,True
20.2,5,58.278469,True
20.44,6,58.283484,True
21.43,7,58.288934,True
20.42,7,58.294868,True
20.2,5,58.297866,True
20.2,5,58.303316,True
21.19,6,58.307312,True
20.2,5,58.312295,True
20.44,6,58.317293,True
20.2,5,58.32132,True
20.2,5,58.325334,True
20.2,5,58.328726,True
20.2,5,58.333241,True
20.44,6,58.338765,True
20.2,5,58.342284,True
20.2,5,58.347481,True
20.2,5,58.351478,True
20.2,5,58.355001,True
20.2,5,58.359001,True
20.2,5,58.363826,True
20.2,5,58.367833,True
20.43,7,58.373878,True
20.2,5,58.377347,True
20.2,5,58.381372,True
21.19,6,58.386897,True
20.44,6,58.390897,True
20.44,6,58.39678,True
21.19,6,58.400779,True
-10.57,7,58.407305,False
20.2,5,58.410679,True
20.2,5,58.415216,True
20.2,5,58.419221,True
20.44,6,58.423745,True
20.2,5,58.428303,True
20.2,5,58.432302,True
20.2,5,58.436828,True
20.2,5,58.44082,True
20.2,5,58.445212,True
20.2,5,58.448734,True
20.2,5,58.452734,True
20.42,8,58.460607,True
20.2,5,58.464607,True
20.44,6,58.469119,True
20.2,5,58.473624,True
20.2,5,58.478138,True
-10.82,7,58.483225,False
20.44,6,58.488775,True
20.2,5,58.492787,True
20.2,5,58.497095,True
20.2,5,58.500621,True
20.2,5,58.504626,True
20.2,5,58.509133,True
20.2,5,58.513453,True
20.2,5,58.517453,True
20.2,5,58.520978,True
20.2,5,58.5255,True
20.2,5,58.52983,True
20.2,5,58.533844,True
20.2,5,58.538449,True
20.2,5,58.541962,True
20.2,5,58.546431,True
20.44,6,58.551892,True
20.2,5,58.555884,True
20.2,5,58.559884,True
20.2,5,58.56409,True
20.2,5,58.568018,True
20.2,5,58.572545,True
20.2,5,58.576069,True
20.2,5,58.58041,True
20.2,5,58.585722,True
20.2,5,58.589723,True
20.2,5,58.593227,True
20.2,5,58.598689,True
20.2,5,58.993208,True
20.2,5,58.997815,True
21.19,6,59.003321,True
21.41,8,59.011319,True
20.43,7,59.019318,True
20.2,5,59.025328,True
20.2,5,59.031273,True
21.19,6,59.038274,True
20.2,5,59.044858,True
20.44,6,59.055564,True
20.2,5,59.062932,True
20.2,5,59.067933,True
20.2,5,59.073433,True
20.2,5,59.079564,True
20.2,5,59.08575,True
20.2,5,59.09075,True
21.18,7,59.099313,True
20.44,6,59.105819,True
20.2,5,59.111279,True
20.2,5,59.115784,True
20.44,6,59.121784,True
20.2,5,59.126774,True
20.2,5,59.131349,True
21.19,6,59.136857,True
20.44,6,59.142857,True
20.2,5,59.148362,True
21.43,7,59.155864,True
20.44,6,59.162858,True
20.2,5,59.168363,True
20.2,5,59.174363,True
20.2,5,59.179815,True
-11.33,8,59.189327,False
20.2,5,59.193326,True
20.44,6,59.199663,True
20.2,5,59.204081,True
21.19,6,59.209924,True
20.2,5,59.214931,True
20.2,5,59.219453,True
20.2,5,59.223453,True
20.2,5,59.22854,True
20.44,6,59.232694,True
20.2,5,59.236694,True
20.2,5,59.241229,True
20.44,6,59.246551,True
20.44,6,59.251075,True
20.44,6,59.256075,True
20.2,5,59.261421,True
20.2,5,59.26541,True
20.2,5,59.26941,True
20.44,6,59.273935,True
20.19,6,59.279195,True
20.2,5,59.28372,True
20.44,6,59.289023,True
20.2,5,59.293058,True
20.2,5,59.296502,True
20.2,5,59.301502,True
20.2,5,59.305173,True
20.2,5,59.309168,True
20.2,5,59.314029,True
20.2,5,59.318028,True
20.44,6,59.32254,True
20.2,5,59.327075,True
20.44,6,59.331319,True
20.2,5,59.336499,True
20.44,6,59.341493,True
20.2,5,59.345479,True
20.2,5,59.350479,True
20.2,5,59.353985,True
20.2,5,59.357991,True
20.2,5,59.362502,True
20.2,5,59.367095,True
20.44,6,59.371174,True
20.2,5,59.376454,True
20.2,5,59.380441,True
20.2,5,59.384667,True
20.2,5,59.388681,True
20.44,6,59.39411,True
20.2,5,59.398149,True
20.2,5,59.403154,True
20.2,5,59.40668,True
20.2,5,59.410963,True
-10.8,5,59.414962,False
20.2,5,59.419485,True
21.43,7,59.424996,True
20.2,5,59.42947,True
20.2,5,59.43447,True
20.2,5,59.438982,True
21.43,7,59.444713,True
20.2,5,59.449233,True
20.2,5,59.453231,True
20.2,5,59.457741,True
20.2,5,59.462211,True
20.2,5,59.46621,True
20.2,5,59.469735,True
20.2,5,59.473734,True
20.2,5,59.477638,True
20.2,5,59.482175,True
20.2,5,59.486175,True
20.2,5,59.490359,True
21.19,6,59.495829,True
20.2,5,59.499335,True
20.2,5,59.503847,True
20.44,6,59.507931,True
20.2,5,59.513065,True
20.44,6,59.518066,True
20.2,5,59.522661,True
20.2,5,59.526676,True
20.2,5,59.530707,True
20.2,5,59.534707,True
21.19,6,59.539867,True
20.2,5,59.544459,True
20.2,5,59.548466,True
21.19,6,59.554051,True
20.2,5,59.558051,True
20.2,5,59.561982,True
21.19,6,59.566982,True
20.2,5,59.57165,True
20.2,5,59.575724,True
21.19,6,59.580291,True
20.2,5,59.58468,True
21.19,6,59.589691,True
20.2,5,59.594668,True
20.2,5,59.598668,True
20.2,5,59.60318,True
20.2,5,59.60718,True
20.2,5,59.611652,True
20.2,5,59.616243,True
21.43,7,59.621243,True
21.19,6,59.627025,True
20.44,6,59.631987,True
20.2,5,59.635748,True
20.2,5,59.639747,True
20.2,5,59.643572,True
20.2,5,59.648579,True
20.44,6,59.653579,True
20.2,5,59.657103,True
20.2,5,59.661436,True
20.2,5,59.665944,True
20.18,7,59.671949,True
20.2,5,59.675947,True
20.2,5,59.680672,True
20.2,5,59.684676,True
20.2,5,59.688676,True
20.2,5,59.693189,True
21.19,6,59.698475,True
20.2,5,59.702995,True
21.19,6,59.707988,True
20.2,5,59.712393,True
20.2,5,59.716917,True
21.43,7,59.721917,True
20.44,6,59.726742,True
20.2,5,59.732008,True
20.2,5,59.73552,True
20.44,6,59.74052,True
20.2,5,59.745902,True
20.2,5,59.749902,True
20.2,5,59.753901,True
20.2,5,59.757979,True
20.2,5,59.762346,True
20.2,5,59.766869,True
20.2,5,59.770869,True
20.2,5,59.775388,True
20.44,6,59.780244,True
20.2,5,59.784243,True
20.2,5,59.787765,True
20.2,5,59.79345,True
20.2,5,59.797348,True
20.44,6,59.802348,True
21.19,6,59.807858,True
20.44,6,59.813253,True
20.68,7,59.818777,True
20.2,5,59.822773,True
20.2,5,59.827651,True
20.2,5,59.831642,True
20.2,5,59.836282,True
20.2,5,59.839811,True
20.2,5,59.84416,True
20.2,5,59.84868,True
20.2,5,59.852674,True
20.44,6,59.858181,True
20.2,5,59.862559,True
20.2,5,59.866559,True
20.2,5,59.871086,True
21.19,6,59.875751,True
20.2,5,59.880303,True
20.2,5,59.88468,True
20.44,6,59.889205,True
20.2,5,59.893538,True
20.2,5,59.897559,True
20.2,5,59.902067,True
20.2,5,59.906068,True
20.2,5,60.303082,True
20.2,5,60.307898,True
20.2,5,60.314373,True
20.2,5,60.319877,True
20.2,5,60.325877,True
20.2,5,60.330299,True
20.2,5,60.335299,True
20.2,5,60.339801,True
20.2,5,60.346121,True
20.2,5,60.351624,True
20.2,5,60.357625,True
20.2,5,60.363472,True
20.2,5,60.368473,True
20.44,6,60.375977,True
20.44,6,60.381523,True
20.2,5,60.385526,True
20.2,5,60.390526,True
20.2,5,60.395664,True
20.44,6,60.40167,True
20.2,5,60.407673,True
20.2,5,60.413811,True
20.44,6,60.420811,True
20.44,6,60.426972,True
21.19,6,60.434493,True
20.2,5,60.439492,True
20.2,5,60.444519,True
21.19,6,60.451518,True
21.19,6,60.458023,True
20.2,5,60.463562,True
20.2,5,60.470066,True
20.44,6,60.477114,True
20.2,5,60.482629,True
20.2,5,60.488135,True
20.2,5,60.493661,True
20.2,5,60.49919,True
20.2,5,60.504198,True
20.44,6,60.509737,True
20.2,5,60.514065,True
20.2,5,60.518586,True
20.2,5,60.523586,True
20.2,5,60.527448,True
20.2,5,60.531987,True
20.2,5,60.535987,True
20.2,5,60.539508,True
20.2,5,60.544522,True
20.2,5,60.548518,True
-10.6,9,60.555562,False
20.2,5,60.56009,True
20.2,5,60.564347,True
20.2,5,60.568346,True
20.2,5,60.572868,True
20.2,5,60.576868,True
20.44,6,60.581602,True
20.2,5,60.586124,True
20.2,5,60.590069,True
21.19,6,60.595347,True
21.19,6,60.600375,True
20.44,6,60.605388,True
20.2,5,60.609693,True
20.2,5,60.613721,True
20.2,5,60.617721,True
20.2,5,60.622244,True
21.43,7,60.628659,True
20.2,5,60.63219,True
20.2,5,60.637196,True
20.43,7,60.6431,True
20.44,6,60.647619,True
21.19,6,60.653124,True
21.43,7,60.659131,True
20.44,6,60.664091,True
20.2,5,60.668086,True
20.2,5,60.672086,True
20.44,6,60.67809,True
-10.35,9,60.686353,False
20.2,5,60.690276,True
20.2,5,60.694815,True
20.44,6,60.699831,True
20.44,6,60.705336,True
20.44,6,60.710271,True
20.2,5,60.714289,True
21.43,7,60.720802,True
20.2,5,60.724802,True
20.44,6,60.731324,True
20.2,5,60.735244,True
21.65,9,60.742771,True
20.2,5,60.747284,True
20.2,5,60.751299,True
20.44,6,60.756822,True
20.2,5,60.760794,True
20.2,5,60.764787,True
20.2,5,60.769313,True
20.2,5,60.773313,True
20.2,5,60.777676,True
20.2,5,60.782197,True
20.2,5,60.785724,True
21.19,6,60.791224,True
20.44,6,60.796585,True
20.2,5,60.800626,True
21.43,7,60.806636,True
20.2,5,60.811012,True
20.44,6,60.816003,True
20.2,5,60.820003,True
20.68,7,60.825527,True
20.2,5,60.830425,True
20.2,5,60.833969,True
20.44,6,60.839968,True
20.2,5,60.843493,True
20.2,5,60.847748,True
20.44,6,60.853266,True
20.2,5,60.857273,True
20.2,5,60.860272,True
20.2,5,60.865008,True
20.2,5,60.870008,True
20.2,5,60.873533,True
20.2,5,60.877843,True
20.2,5,60.881839,True
20.2,5,60.885871,True
20.2,5,60.890871,True
20.2,5,60.89475,True
21.19,6,60.899751,True
20.2,5,60.904266,True
20.2,5,60.90827,True
20.44,6,60.912992,True
20.2,5,60.917505,True
20.2,5,60.921505,True
21.43,7,60.927325,True
20.44,6,60.932515,True
20.2,5,60.937028,True
20.2,5,60.941561,True
20.2,5,60.946158,True
20.2,5,60.950238,True
20.2,5,60.954238,True
20.44,6,60.958764,True
20.2,5,60.964215,True
20.2,5,60.968742,True
20.44,6,60.973741,True
20.2,5,60.977731,True
20.44,6,60.982754,True
20.2,5,60.98628,True
20.2,5,60.990435,True
20.2,5,60.995714,True
20.2,5,60.99924,True
20.2,5,61.003764,True
20.2,5,61.007764,True
20.44,6,61.012514,True
20.2,5,61.016514,True
20.44,6,61.022037,True
20.2,5,61.026037,True
20.2,5,61.030793,True
21.19,6,61.034792,True
20.2,5,61.039794,True
20.2,5,61.043316,True
20.44,6,61.049061,True
20.2,5,61.052657,True
20.2,5,61.056657,True
20.68,7,61.062562,True
21.19,6,61.067562,True
21.43,7,61.073087,True
20.2,5,61.077466,True
20.2,5,61.081465,True
20.2,5,61.085511,True
20.2,5,61.089511,True
21.19,6,61.095436,True
20.2,5,61.098948,True
21.17,7,61.104972,True
20.2,5,61.108972,True
20.2,5,61.114165,True
20.2,5,61.118166,True
20.2,5,61.122086,True
20.2,5,61.127013,True
20.2,5,61.1307,True
20.2,5,61.135288,True
20.2,5,61.139288,True
20.2,5,61.143802,True
20.2,5,61.147329,True
20.2,5,61.152329,True
20.2,5,61.156841,True
20.2,5,61.160365,True
20.2,5,61.165452,True
21.19,6,61.513548,True
20.2,5,61.517545,True
20.2,5,61.522138,True
20.2,5,61.526137,True
20.2,5,61.530201,True
20.2,5,61.534726,True
20.2,5,61.539821,True
20.2,5,61.543339,True
20.44,6,61.548878,True
20.2,5,61.5524,True
20.2,5,61.5564,True
21.19,6,61.947374,True
20.2,5,61.952377,True
20.2,5,61.958386,True
21.41,9,61.969293,True
20.2,5,61.975293,True
20.2,5,61.981246,True
20.2,5,61.987246,True
20.2,5,61.992253,True
20.2,5,61.996939,True
20.2,5,62.001949,True
20.44,6,62.006949,True
20.2,5,62.012383,True
20.44,6,62.017382,True
20.2,5,62.022888,True
20.2,5,62.028348,True
20.2,5,62.034354,True
20.2,5,62.039357,True
20.2,5,62.045331,True
20.2,5,62.051341,True
20.2,5,62.056355,True
21.43,7,62.063161,True
-11.79,4,62.067161,False
20.44,6,62.073677,True
-11.79,4,62.078321,False
20.2,5,62.082824,True
20.2,5,62.088333,True
20.2,5,62.092868,True
21.19,6,62.098385,True
20.2,5,62.102385,True
20.2,5,62.107891,True
20.44,6,62.113528,True
20.2,5,62.118033,True
20.2,5,62.123033,True
20.44,6,62.129092,True
20.2,5,62.134091,True
20.44,6,62.140598,True
20.2,5,62.145913,True
20.44,6,62.151515,True
20.2,5,62.155515,True
20.2,5,62.160558,True
20.44,6,62.165893,True
20.2,5,62.171415,True
20.68,7,62.177708,True
20.2,5,62.181721,True
20.2,5,62.185721,True
20.2,5,62.190246,True
-11.32,7,62.196565,False
20.44,6,62.200779,True
20.2,5,62.205812,True
20.2,5,62.209337,True
20.2,5,62.213597,True
20.2,5,62.217596,True
20.2,5,62.222119,True
20.44,6,62.227119,True
20.44,6,62.231912,True
20.2,5,62.236435,True
20.44,6,62.240952,True
20.44,6,62.246256,True
21.43,7,62.252769,True
20.2,5,62.256281,True
21.19,6,62.262249,True
20.44,6,62.267251,True
20.44,6,62.271842,True
20.2,5,62.275915,True
20.44,6,62.280201,True
20.2,5,62.284871,True
20.2,5,62.289325,True
20.2,5,62.294206,True
21.19,6,62.298226,True
21.43,7,62.3044,True
20.2,5,62.309415,True
20.44,6,62.314168,True
20.44,6,62.319168,True
20.2,5,62.323153,True
20.44,6,62.329167,True
20.44,6,62.333678,True
20.2,5,62.338211,True
20.2,5,62.343211,True
20.68,7,62.349058,True
20.2,5,62.353057,True
20.44,6,62.358088,True
20.2,5,62.362325,True
20.2,5,62.366847,True
20.44,6,62.371853,True
20.2,5,62.376366,True
20.2,5,62.380136,True
20.2,5,62.385131,True
20.2,5,62.390004,True
20.44,6,62.39531,True
20.2,5,62.399318,True
20.2,5,62.403183,True
20.2,5,62.408182,True
20.2,5,62.412012,True
20.2,5,62.416005,True
20.2,5,62.420531,True
-11.57,7,62.426535,False
20.2,5,62.431288,True
20.2,5,62.435287,True
20.2,5,62.438799,True
21.42,8,62.446547,True
20.2,5,62.45106,True
20.2,5,62.455075,True
20.2,5,62.4586,True
20.44,6,62.464368,True
20.2,5,62.468368,True
-11.79,4,62.471878,False
20.2,5,62.475891,True
20.2,5,62.480117,True
20.2,5,62.484641,True
20.2,5,62.487641,True
20.2,5,62.492683,True
20.2,5,62.496917,True
20.44,6,62.502938,True
20.44,6,62.506944,True
21.43,7,62.513718,True
-11.8,5,62.517717,False
20.2,5,62.521717,True
20.2,5,62.526247,True
21.19,6,62.530996,True
20.19,6,62.536037,True
21.19,6,62.540756,True
21.19,6,62.546494,True
20.2,5,62.550009,True
20.2,5,62.554014,True
20.2,5,62.558542,True
20.2,5,62.562759,True
20.2,5,62.567281,True
20.2,5,62.571281,True
20.2,5,62.57528,True
20.2,5,62.579488,True
20.2,5,62.583488,True
20.44,6,62.588019,True
20.2,5,62.592544,True
20.2,5,62.597248,True
20.2,5,62.601255,True
20.2,5,62.605255,True
20.44,6,62.611431,True
20.44,6,62.616431,True
20.2,5,62.620944,True
20.44,6,62.624944,True
20.2,5,62.629939,True
20.68,7,62.635938,True
20.2,5,62.640287,True
20.2,5,62.643286,True
20.44,6,62.649003,True
20.2,5,62.65301,True
20.2,5,62.657515,True
20.2,5,62.661837,True
20.2,5,62.665842,True
21.43,7,62.671512,True
20.2,5,62.675512,True
20.44,6,62.68223,True
20.68,7,62.68723,True
20.2,5,62.691248,True
20.2,5,62.695678,True
21.19,6,62.699672,True
20.2,5,62.705034,True
20.2,5,62.709035,True
20.44,6,62.713515,True
20.2,5,62.717515,True
20.2,5,62.722112,True
20.2,5,62.726127,True
20.2,5,62.73035,True
21.19,6,62.734876,True
20.2,5,62.739401,True
20.2,5,62.743652,True
20.44,6,62.748641,True
20.44,6,62.753686,True
20.44,6,62.758685,True
21.19,6,62.764419,True
20.2,5,62.768419,True
20.2,5,62.772424,True
20.2,5,62.775943,True
20.44,6,62.781225,True
20.68,7,62.787751,True
21.19,6,62.792276,True
20.44,6,62.797496,True
20.2,5,62.801496,True
20.2,5,62.806043,True
20.44,6,62.811276,True
20.2,5,62.815315,True
20.2,5,62.819332,True
20.2,5,62.823329,True
20.2,5,62.828068,True
20.2,5,62.832064,True
21.19,6,62.836577,True
21.19,6,62.841591,True
20.68,7,62.847342,True
20.44,6,63.259367,True
20.2,5,63.263958,True
20.2,5,63.268462,True
20.2,5,63.273463,True
20.2,5,63.277608,True
20.2,5,63.282608,True
20.2,5,63.288114,True
20.2,5,63.293152,True
20.2,5,63.298706,True
20.2,5,63.303703,True
20.44,6,63.310087,True
20.2,5,63.315176,True
20.2,5,63.320686,True
20.44,6,63.326225,True
20.2,5,63.331745,True
20.2,5,63.336707,True
20.44,6,63.342212,True
20.44,6,63.348637,True
20.2,5,63.354141,True
20.2,5,63.360147,True
20.2,5,63.365727,True
20.2,5,63.371232,True
20.2,5,63.376736,True
20.2,5,63.38324,True
20.2,5,63.38924,True
20.2,5,63.394847,True
20.2,5,63.400847,True
20.2,5,63.405857,True
20.44,6,63.413398,True
20.2,5,63.419398,True
20.2,5,63.425089,True
20.2,5,63.430479,True
21.19,6,63.435984,True
20.2,5,63.44149,True
20.2,5,63.447381,True
20.2,5,63.451886,True
20.2,5,63.458398,True
20.2,5,63.462739,True
21.43,7,63.46926,True
20.2,5,63.473992,True
20.2,5,63.47828,True
20.2,5,63.482279,True
20.2,5,63.486811,True
20.2,5,63.4908,True
20.2,5,63.495113,True
20.44,6,63.500117,True
20.2,5,63.505145,True
20.2,5,63.509159,True
20.2,5,63.513587,True
20.2,5,63.518105,True
20.2,5,63.52211,True
20.2,5,63.526109,True
20.2,5,63.530076,True
20.2,5,63.534703,True
20.2,5,63.538738,True
20.2,5,63.542751,True
21.43,7,63.54767,True
20.2,5,63.551663,True
20.2,5,63.55567,True
20.2,5,63.559602,True
20.44,6,63.564624,True
21.19,6,63.569147,True
20.2,5,63.573147,True
20.2,5,63.577542,True
20.2,5,63.582061,True
20.44,6,63.587067,True
20.2,5,63.591592,True
21.43,7,63.597019,True
20.2,5,63.601533,True
20.2,5,63.606039,True
20.2,5,63.609867,True
-11.82,7,63.617279,False
20.2,5,63.620878,True
20.2,5,63.624878,True
20.44,6,63.630127,True
20.2,5,63.634142,True
-10.82,7,63.640667,False
20.2,5,63.644115,True
20.2,5,63.648114,True
21.19,6,63.653154,True
20.2,5,63.657154,True
20.2,5,63.66159,True
20.2,5,63.665604,True
20.2,5,63.669604,True
20.2,5,63.674122,True
20.2,5,63.678602,True
21.19,6,63.683129,True
20.2,5,63.687132,True
20.2,5,63.691127,True
20.2,5,63.695778,True
20.44,6,63.700784,True
20.2,5,63.705319,True
20.68,7,63.710871,True
20.44,6,63.71542,True
21.43,7,63.72142,True
20.2,5,63.725943,True
20.2,5,63.730354,True
20.2,5,63.733354,True
20.2,5,63.73787,True
20.2,5,63.742754,True
20.2,5,63.747274,True
21.43,7,63.753273,True
20.44,6,63.757785,True
20.44,6,63.763379,True
20.2,5,63.767047,True
20.2,5,63.771047,True
20.2,5,63.775048,True
20.2,5,63.779145,True
20.2,5,63.784075,True
20.2,5,63.787592,True
20.2,5,63.791596,True
20.2,5,63.795845,True
20.2,5,63.79937,True
20.2,5,63.80337,True
20.2,5,63.807881,True
20.2,5,63.812177,True
21.19,6,63.816719,True
20.2,5,63.820776,True
21.19,6,63.825775,True
20.2,5,63.83051,True
20.44,6,63.83451,True
20.2,5,63.83902,True
20.2,5,63.843563,True
20.2,5,63.846824,True
20.2,5,63.851349,True
21.19,6,63.855873,True
20.2,5,63.859876,True
-10.56,6,63.86509,False
20.2,5,63.86909,True
20.2,5,63.873612,True
20.2,5,63.877831,True
20.2,5,63.881356,True
20.44,6,63.886355,True
20.2,5,63.890866,True
20.2,5,63.895203,True
20.2,5,63.899201,True
21.19,6,63.903723,True
20.2,5,63.908716,True
20.2,5,63.913605,True
20.2,5,63.917605,True
20.2,5,63.921119,True
20.44,6,63.926404,True
20.2,5,63.9314,True
20.2,5,63.934911,True
20.2,5,63.939916,True
20.44,6,63.944256,True
20.2,5,63.948254,True
20.2,5,63.952254,True
20.2,5,63.956584,True
20.2,5,63.960981,True
21.43,7,63.966504,True
20.2,5,63.970505,True
20.2,5,63.975029,True
20.2,5,63.979316,True
20.2,5,63.983316,True
20.2,5,63.986832,True
20.2,5,63.990831,True
20.2,5,63.995636,True
21.19,6,64.00063,True
21.19,6,64.005147,True
21.19,6,64.009993,True
20.44,6,64.015518,True
20.2,5,64.019532,True
20.2,5,64.023532,True
20.44,6,64.028349,True
20.2,5,64.033348,True
20.2,5,64.036865,True
20.2,5,64.041394,True
20.2,5,64.045681,True
20.2,5,64.049195,True
20.2,5,64.053195,True
20.2,5,64.057711,True
20.44,6,64.062578,True
20.2,5,64.066569,True
20.2,5,64.07109,True
20.2,5,64.075089,True
21.19,6,64.079835,True
20.2,5,64.084835,True
20.44,6,64.08936,True
20.44,6,64.093624,True
20.44,6,64.09967,True
20.2,5,64.103669,True
20.2,5,64.10767,True
20.2,5,64.111506,True
21.19,6,64.116504,True
20.2,5,64.120023,True
20.2,5,64.124027,True
20.44,6,64.128317,True
20.2,5,64.132841,True
21.43,7,64.138841,True
20.2,5,64.143354,True
20.2,5,64.14736,True
20.2,5,64.151872,True
20.2,5,64.565432,True
20.2,5,64.570936,True
20.2,5,64.577388,True
20.2,5,64.582907,True
20.2,5,64.587907,True
20.2,5,64.59283,True
20.2,5,64.598346,True
21.19,6,64.604851,True
20.2,5,64.611308,True
20.2,5,64.616813,True
21.19,6,64.62382,True
20.2,5,64.629325,True
20.2,5,64.635828,True
20.2,5,64.640829,True
20.2,5,64.646279,True
20.44,6,64.651279,True
20.2,5,64.655784,True
20.2,5,64.661201,True
20.2,5,64.665715,True
20.2,5,64.670219,True
21.19,6,64.676724,True
20.2,5,64.683335,True
20.2,5,64.69084,True
20.2,5,64.695823,True
21.19,6,64.703326,True
20.2,5,64.709834,True
20.2,5,64.714695,True
-10.82,7,64.7232,False
20.2,5,64.728643,True
21.19,6,64.735642,True
20.2,5,64.741147,True
20.2,5,64.747039,True
20.2,5,64.752042,True
20.44,6,64.757545,True
20.2,5,64.762003,True
20.2,5,64.767002,True
20.2,5,64.771525,True
20.2,5,64.776525,True
20.2,5,64.7804,True
20.2,5,64.7854,True
21.19,6,64.790924,True
20.2,5,64.796198,True
20.44,6,64.80123,True
20.44,6,64.807229,True
20.2,5,64.811095,True
21.19,6,64.816093,True
20.2,5,64.820612,True
20.2,5,64.825137,True
20.2,5,64.829378,True
20.2,5,64.8339,True
20.2,5,64.837901,True
20.2,5,64.841418,True
20.2,5,64.84638,True
20.2,5,64.85038,True
20.2,5,64.853902,True
20.2,5,64.858903,True
21.19,6,64.863774,True
20.2,5,64.866774,True
20.2,5,64.872299,True
21.19,6,64.877136,True
20.2,5,64.880707,True
20.2,5,64.885229,True
21.19,6,64.890232,True
20.2,5,64.894135,True
21.19,6,64.899437,True
20.44,6,64.903954,True
20.2,5,64.908954,True
20.2,5,64.912404,True
20.44,6,64.918432,True
21.19,6,64.923432,True
20.68,7,64.92945,True
21.19,6,64.93345,True
20.2,5,64.938961,True
20.2,5,64.941964,True
20.2,5,64.947747,True
20.2,5,64.95175,True
20.2,5,64.955749,True
21.19,6,64.96086,True
20.2,5,64.964371,True
21.19,6,64.970966,True
20.2,5,64.974964,True
21.19,6,64.980643,True
20.2,5,64.985563,True
20.2,5,64.990585,True
20.2,5,64.995079,True
20.2,5,64.99918,True
20.2,5,65.003272,True
21.19,6,65.007854,True
20.2,5,65.012835,True
20.2,5,65.016754,True
20.68,7,65.023266,True
20.2,5,65.027927,True
21.19,6,65.032603,True
20.2,5,65.036523,True
20.44,6,65.04211,True
21.43,7,65.048095,True
20.2,5,65.052606,True
20.2,5,65.056111,True
20.2,5,65.06128,True
20.2,5,65.065374,True
20.2,5,65.068373,True
20.44,6,65.074041,True
20.2,5,65.078403,True
20.44,6,65.083069,True
20.2,5,65.086999,True
21.19,6,65.091518,True
20.2,5,65.095838,True
20.2,5,65.100352,True
20.2,5,65.103873,True
20.2,5,65.107872,True
20.2,5,65.111683,True
20.2,5,65.11669,True
21.19,6,65.121213,True
20.2,5,65.125731,True
20.2,5,65.129683,True
20.2,5,65.134195,True
20.2,5,65.138195,True
20.2,5,65.142862,True
20.2,5,65.146811,True
20.68,7,65.151809,True
21.43,7,65.158478,True
20.2,5,65.161972,True
20.2,5,65.166234,True
21.19,6,65.171233,True
20.2,5,65.17576,True
20.44,6,65.180151,True
20.2,5,65.18467,True
21.19,6,65.189676,True
21.19,6,65.194576,True
20.44,6,65.199093,True
21.19,6,65.205122,True
20.2,5,65.209501,True
20.19,6,65.21402,True
21.19,6,65.219532,True
20.44,6,65.224532,True
20.2,5,65.228497,True
20.2,5,65.233414,True
21.43,7,65.239673,True
20.2,5,65.24421,True
20.2,5,65.247746,True
20.2,5,65.251745,True
20.2,5,65.255745,True
21.43,7,65.261692,True
20.2,5,65.266692,True
20.2,5,65.270215,True
20.2,5,65.275215,True
20.44,6,65.280106,True
21.19,6,65.285107,True
20.2,5,65.28962,True
20.2,5,65.294135,True
20.2,5,65.298051,True
20.2,5,65.302719,True
20.44,6,65.307491,True
21.43,7,65.313974,True
-11.79,4,65.316966,False
21.19,6,65.321424,True
20.2,5,65.325438,True
20.2,5,65.330239,True
20.2,5,65.334246,True
20.44,6,65.339245,True
21.19,6,65.344396,True
20.68,7,65.350066,True
20.2,5,65.354733,True
20.2,5,65.35876,True
20.2,5,65.362193,True
20.2,5,65.367192,True
20.2,5,65.370714,True
20.68,7,65.377116,True
20.2,5,65.381136,True
20.2,5,65.384658,True
20.44,6,65.389658,True
20.2,5,65.394066,True
20.2,5,65.398065,True
20.2,5,65.401587,True
20.44,6,65.407112,True
20.44,6,65.412497,True
20.2,5,65.41654,True
20.44,6,65.421533,True
20.2,5,65.425066,True
20.2,5,65.429449,True
20.2,5,65.433449,True
20.2,5,65.437971,True
20.2,5,65.44249,True
20.2,5,65.445885,True
20.2,5,65.449898,True
20.2,5,65.455414,True
20.2,5,65.45943,True
20.2,5,65.463526,True
20.2,5,65.468037,True
20.2,5,65.472037,True
20.2,5,65.476394,True
21.19,6,65.85415,True
20.44,6,65.860784,True
-9.86,11,65.871795,False
20.2,5,65.877345,True
-10.56,6,65.884669,False
20.2,5,65.890323,True
20.44,6,65.897184,True
21.19,6,65.903981,True
20.2,5,65.910328,True
20.68,7,65.918459,True
20.2,5,65.923458,True
20.2,5,65.929249,True
22.16,8,65.937754,True
21.43,7,65.945771,True
20.2,5,65.952284,True
20.2,5,65.956786,True
20.2,5,65.960303,True
20.2,5,65.96582,True
21.19,6,65.972324,True
21.17,7,65.981224,True
20.68,7,65.988728,True
20.2,5,65.994186,True
20.2,5,65.999691,True
21.19,6,66.006196,True
20.44,6,66.014183,True
20.2,5,66.019684,True
20.44,6,66.0262,True
-11.82,7,66.033713,False
20.2,5,66.04022,True
20.2,5,66.046066,True
20.2,5,66.05125,True
21.19,6,66.056338,True
20.44,6,66.062685,True
20.2,5,66.066699,True
20.44,6,66.073288,True
20.2,5,66.077621,True
20.2,5,66.082925,True
20.2,5,66.08692,True
21.19,6,66.092426,True
20.44,6,66.096802,True
20.2,5,66.101802,True
20.44,6,66.106329,True
20.2,5,66.110587,True
20.2,5,66.115112,True
20.2,5,66.118622,True
21.19,6,66.124156,True
-10.81,6,66.128536,False
20.2,5,66.132536,True
20.2,5,66.137061,True
21.19,6,66.142061,True
20.2,5,66.146455,True
20.2,5,66.149979,True
20.44,6,66.155502,True
20.2,5,66.159874,True
22.4,9,66.166418,True
20.42,8,66.173417,True
20.44,6,66.178364,True
21.19,6,66.183364,True
21.19,6,66.188595,True
20.44,6,66.193951,True
20.2,5,66.197553,True
20.2,5,66.201555,True
20.2,5,66.205714,True
21.43,7,66.212021,True
20.2,5,66.21602,True
21.43,7,66.222625,True
20.2,5,66.226625,True
20.2,5,66.230362,True
21.43,7,66.236357,True
21.19,6,66.241869,True
20.2,5,66.246313,True
20.44,6,66.251487,True
21.43,7,66.256486,True
20.44,6,66.261401,True
20.2,5,66.266394,True
20.2,5,66.270899,True
20.68,7,66.275905,True
20.44,6,66.281939,True
21.43,7,66.287969,True
20.2,5,66.291554,True
20.2,5,66.296042,True
20.2,5,66.300043,True
21.19,6,66.305088,True
20.68,7,66.31088,True
20.2,5,66.315401,True
20.2,5,66.319399,True
20.2,5,66.323936,True
20.44,6,66.329546,True
20.68,7,66.335058,True
20.2,5,66.339058,True
20.2,5,66.34389,True
20.2,5,66.348429,True
20.68,7,66.353959,True
20.2,5,66.357975,True
20.2,5,66.362076,True
22.16,8,66.368604,True
22.17,8,66.374636,True
21.17,7,66.381097,True
20.2,5,66.385597,True
20.2,5,66.389604,True
20.2,5,66.393919,True
21.43,7,66.400454,True
21.43,7,66.40598,True
20.44,6,66.411417,True
20.44,6,66.416417,True
20.44,6,66.420928,True
20.2,5,66.425007,True
20.2,5,66.430092,True
20.44,6,66.435086,True
20.2,5,66.439522,True
20.44,6,66.444134,True
21.19,6,66.449999,True
20.2,5,66.453939,True
20.2,5,66.457586,True
20.2,5,66.46111,True
20.44,6,66.466637,True
20.2,5,66.471164,True
20.44,6,66.476532,True
20.2,5,66.481075,True
21.43,7,66.487707,True
20.44,6,66.492238,True
21.19,6,66.497732,True
21.19,6,66.502258,True
20.44,6,66.507784,True
20.2,5,66.511308,True
21.43,7,66.517308,True
-11.78,3,66.520308,False
20.68,7,66.52583,True
-11.3,5,66.529228,False
20.44,6,66.534399,True
20.2,5,66.539398,True
20.2,5,66.542921,True
20.2,5,66.547171,True
20.2,5,66.5517,True
20.44,6,66.556221,True
20.44,6,66.562227,True
20.2,5,66.56575,True
20.2,5,66.56975,True
20.2,5,66.573815,True
21.65,9,66.582161,True
20.2,5,66.586684,True
20.2,5,66.590684,True
-11.57,7,66.596577,False
21.43,7,66.602578,True
21.19,6,66.607609,True
20.2,5,66.611997,True
21.19,6,66.617531,True
20.2,5,66.621056,True
21.19,6,66.626561,True
20.2,5,66.630105,True
-10.8,5,66.634104,False
20.2,5,66.638629,True
20.44,6,66.64398,True
20.2,5,66.648493,True
21.19,6,66.653015,True
-10.57,7,66.659888,False
-10.33,8,66.666435,False
20.2,5,66.670952,True
20.44,6,66.67626,True
-11.31,6,66.680809,False
-11.8,5,66.684809,False
20.44,6,66.690341,True
20.2,5,66.693646,True
20.2,5,66.698644,True
20.2,5,66.702162,True
20.2,5,66.706692,True
20.2,5,66.710529,True
22.64,11,66.720052,True
21.19,6,66.725054,True
20.2,5,66.728329,True
21.19,6,66.734855,True
20.2,5,66.738855,True
20.2,5,66.743768,True
20.2,5,66.747758,True
20.44,6,66.752809,True
20.44,6,66.757808,True
20.2,5,66.76172,True
21.19,6,66.76772,True
20.44,6,67.165141,True
20.2,5,67.17065,True
21.19,6,67.177007,True
20.44,6,67.182524,True
21.43,7,67.189524,True
20.2,5,67.193864,True
20.44,6,67.19956,True
20.2,5,67.205584,True
21.19,6,67.212347,True
20.2,5,67.216347,True
20.2,5,67.222858,True
20.44,6,67.22873,True
21.19,6,67.235249,True
21.19,6,67.241249,True
20.2,5,67.246154,True
20.2,5,67.251657,True
20.2,5,67.257168,True
20.2,5,67.26263,True
22.4,9,67.273134,True
20.2,5,67.279983,True
20.2,5,67.284485,True
20.44,6,67.290488,True
22.16,8,67.300003,True
20.2,5,67.305505,True
20.44,6,67.311316,True
20.2,5,67.31682,True
20.44,6,67.324324,True
20.44,6,67.330844,True
20.2,5,67.335843,True
20.44,6,67.342348,True
20.2,5,67.347487,True
21.19,6,67.354994,True
20.68,7,67.362397,True
20.2,5,67.366397,True
20.2,5,67.371916,True
20.2,5,67.376815,True
21.19,6,67.382501,True
20.2,5,67.386495,True
20.2,5,67.392097,True
20.44,6,67.39655,True
21.43,7,67.402065,True
20.2,5,67.406076,True
20.2,5,67.410101,True
20.44,6,67.415404,True
21.41,8,67.422572,True
20.44,6,67.428013,True
20.2,5,67.431531,True
21.43,7,67.437774,True
20.44,6,67.442885,True
20.44,6,67.448447,True
20.2,5,67.452978,True
20.2,5,67.456996,True
20.2,5,67.460335,True
21.19,6,67.46588,True
20.2,5,67.469873,True
21.17,8,67.476839,True
20.2,5,67.481359,True
20.68,7,67.486879,True
20.44,6,67.491879,True
20.2,5,67.495801,True
20.2,5,67.499799,True
20.44,6,67.504307,True
21.43,7,67.510835,True
21.19,6,67.516332,True
20.2,5,67.520343,True
21.43,7,67.526526,True
22.4,9,67.534067,True
21.41,8,67.540589,True
20.68,7,67.545967,True
20.44,6,67.551492,True
20.2,5,67.556015,True
21.43,7,67.562178,True
20.2,5,67.566178,True
21.19,6,67.570868,True
20.2,5,67.574867,True
20.44,6,67.579832,True
20.2,5,67.583831,True
20.2,5,67.587831,True
20.2,5,67.592806,True
20.44,6,67.59782,True
20.2,5,67.602335,True
20.68,7,67.609707,True
20.2,5,67.613261,True
22.18,7,67.619261,True
20.2,5,67.623781,True
20.2,5,67.627781,True
20.2,5,67.631292,True
20.19,6,67.636828,True
20.2,5,67.640821,True
20.2,5,67.645739,True
20.2,5,67.650739,True
20.2,5,67.654801,True
20.68,7,67.661078,True
20.44,6,67.666135,True
20.2,5,67.67013,True
20.2,5,67.67466,True
21.19,6,67.679936,True
20.2,5,67.683447,True
20.2,5,67.687461,True
21.19,6,67.692456,True
20.2,5,67.697412,True
20.2,5,67.701412,True
21.19,6,67.706147,True
20.2,5,67.711227,True
22.16,8,67.717819,True
22.16,9,67.725324,True
21.17,7,67.731887,True
20.2,5,67.736393,True
20.2,5,67.740478,True
20.2,5,67.744029,True
20.2,5,67.748755,True
20.2,5,67.752755,True
21.19,6,67.756936,True
20.2,5,67.761457,True
20.2,5,67.765453,True
20.2,5,67.769976,True
20.2,5,67.773496,True
20.44,6,67.779407,True
20.44,6,67.784406,True
20.44,6,67.788923,True
21.19,6,67.794271,True
20.2,5,67.79878,True
21.43,7,67.803793,True
20.2,5,67.807794,True
20.44,6,67.813202,True
20.2,5,67.817202,True
20.2,5,67.821727,True
20.2,5,67.8261,True
20.44,6,67.831618,True
20.2,5,67.83513,True
20.2,5,67.83913,True
20.2,5,67.844264,True
20.2,5,67.848266,True
20.2,5,67.851941,True
20.2,5,67.856877,True
20.44,6,67.860987,True
20.2,5,67.865664,True
21.17,7,67.871183,True
20.2,5,67.874199,True
20.2,5,67.879581,True
20.2,5,67.883105,True
20.2,5,67.887104,True
21.19,6,67.892104,True
20.2,5,67.896012,True
20.2,5,67.900017,True
20.2,5,67.905239,True
21.43,7,67.911157,True
20.2,5,67.915702,True
20.2,5,67.919702,True
20.2,5,68.287302,True
20.2,5,68.292331,True
20.44,6,68.297667,True
20.2,5,68.302174,True
20.2,5,68.306187,True
20.2,5,68.31114,True
20.44,6,68.316647,True
21.43,7,68.323154,True
20.2,5,68.327155,True
20.44,6,68.332668,True
-11.33,8,68.339191,False
21.41,8,68.345707,True
22.16,8,68.35323,True
20.2,5,68.358756,True
20.2,5,68.362522,True
20.44,6,68.368043,True
20.2,5,68.371041,True
21.43,7,68.377809,True
20.2,5,68.381805,True
20.2,5,68.386328,True
21.19,6,68.391223,True
20.2,5,68.395487,True
20.2,5,68.399487,True
21.19,6,68.403993,True
20.44,6,68.410004,True
21.19,6,68.414901,True
20.2,5,68.4189,True
20.44,6,68.4229,True
21.19,6,68.42783,True
20.2,5,68.432355,True
20.2,5,68.43688,True
20.2,5,68.839996,True
21.19,6,68.846156,True
20.44,6,68.852156,True
20.2,5,68.856661,True
21.19,6,68.86283,True
20.2,5,68.869844,True
20.2,5,68.875345,True
21.43,7,68.883716,True
20.2,5,68.889423,True
21.43,7,68.896534,True
20.2,5,68.901534,True
20.2,5,68.906037,True
20.44,6,68.91233,True
20.44,6,68.920337,True
20.44,6,68.926672,True
20.44,6,68.933181,True
20.2,5,68.937686,True
21.19,6,68.9443,True
20.2,5,68.948796,True
21.19,6,68.955797,True
20.2,5,68.960763,True
20.2,5,68.965761,True
20.44,6,68.971266,True
21.41,8,68.978312,True
21.43,7,68.985842,True
21.19,6,68.990855,True
21.19,6,68.996327,True
20.44,6,69.001832,True
20.2,5,69.007831,True
20.2,5,69.01291,True
20.18,6,69.018415,True
20.68,7,69.026497,True
20.44,6,69.032013,True
-10.33,8,69.040024,False
20.2,5,69.044935,True
20.44,6,69.049935,True
20.2,5,69.055075,True
21.19,6,69.059586,True
20.44,6,69.065402,True
21.19,6,69.070401,True
21.43,7,69.076406,True
20.44,6,69.082087,True
20.42,7,69.087599,True
20.44,6,69.093003,True
20.2,5,69.09754,True
20.2,5,69.10154,True
20.2,5,69.10554,True
20.2,5,69.11045,True
20.44,6,69.114964,True
20.42,8,69.121494,True
20.2,5,69.125494,True
21.19,6,69.131225,True
20.2,5,69.135225,True
20.2,5,69.139241,True
20.2,5,69.144495,True
20.44,6,69.149006,True
21.19,6,69.15401,True
20.2,5,69.15701,True
20.44,6,69.163463,True
21.19,6,69.167463,True
20.2,5,69.172477,True
20.44,6,69.177746,True
20.2,5,69.181267,True
20.2,5,69.185267,True
20.2,5,69.190267,True
20.2,5,69.194152,True
20.44,6,69.199144,True
20.2,5,69.20267,True
20.2,5,69.207192,True
22.17,8,69.213117,True
21.43,7,69.219641,True
20.2,5,69.223786,True
21.41,8,69.229785,True
20.2,5,69.234304,True
20.44,6,69.240304,True
21.41,8,69.246628,True
21.19,6,69.251626,True
20.68,7,69.258636,True
20.2,5,69.262928,True
20.2,5,69.266928,True
20.44,6,69.272456,True
21.19,6,69.276959,True
20.44,6,69.283031,True
21.19,6,69.287031,True
20.2,5,69.291542,True
20.2,5,69.295848,True
21.19,6,69.299848,True
22.16,8,69.306372,True
20.18,7,69.312429,True
21.43,7,69.318954,True
21.4,10,69.327355,True
21.19,6,69.332271,True
20.2,5,69.336783,True
21.41,8,69.342782,True
20.2,5,69.348129,True
21.19,6,69.353128,True
20.44,6,69.357641,True
-10.35,10,69.365693,False
20.2,5,69.37077,True
20.2,5,69.374364,True
20.2,5,69.37882,True
21.42,8,69.385745,True
21.19,6,69.390255,True
20.2,5,69.39535,True
21.43,7,69.400375,True
20.2,5,69.405451,True
20.2,5,69.409124,True
21.17,8,69.415909,True
20.2,5,69.420429,True
20.44,6,69.425735,True
-11.8,5,69.430262,False
20.2,5,69.434262,True
20.2,5,69.438272,True
20.2,5,69.443278,True
20.2,5,69.44763,True
21.19,6,69.452297,True
21.19,6,69.457222,True
21.19,6,69.462576,True
20.2,5,69.466573,True
21.43,7,69.472097,True
20.44,6,69.477447,True
20.2,5,69.48196,True
22.4,9,69.488484,True
20.2,5,69.493017,True
20.2,5,69.497316,True
20.44,6,69.502837,True
20.68,7,69.508838,True
20.44,6,69.513155,True
21.43,7,69.518676,True
20.2,5,69.523199,True
20.44,6,69.527489,True
20.2,5,69.532149,True
20.2,5,69.536665,True
20.2,5,69.541036,True
20.44,6,69.545887,True
20.68,7,69.55188,True
21.19,6,69.557391,True
21.19,6,69.562225,True
20.18,6,69.567249,True
-11.33,7,69.572257,False
21.43,7,69.579323,True
21.66,9,69.586826,True
22.4,9,69.594794,True
21.43,7,69.599805,True
-10.32,7,69.606315,False
20.18,7,69.612694,True
21.43,7,69.618633,True
21.19,6,69.622633,True
21.41,8,69.630354,True
20.42,8,69.636858,True
20.2,5,69.641621,True
21.19,6,69.645842,True
22.42,8,69.653355,True
20.2,5,69.656354,True
21.41,8,69.66391,True
20.2,5,69.66691,True
21.43,7,69.673583,True
20.44,6,69.679474,True
20.2,5,69.68355,True
20.2,5,69.687231,True
20.2,5,69.691822,True
21.43,7,69.697202,True
20.2,5,69.701876,True
20.2,5,69.705875,True
21.19,6,69.711601,True
20.2,5,69.715604,True
21.19,6,69.720857,True
20.2,5,69.726168,True
20.2,5,69.731687,True
21.17,8,69.739202,True
21.19,6,70.122998,True
20.2,5,70.127526,True
20.2,5,70.13503,True
20.2,5,70.140535,True
20.68,7,70.148005,True
21.19,6,70.155509,True
21.19,6,70.162563,True
20.2,5,70.168067,True
20.2,5,70.174571,True
20.2,5,70.18007,True
20.2,5,70.186076,True
21.19,6,70.191078,True
20.2,5,70.196571,True
20.2,5,70.200571,True
20.2,5,70.206286,True
21.19,6,70.212863,True
21.41,8,70.221503,True
20.2,5,70.226435,True
20.44,6,70.231949,True
21.18,7,70.239966,True
20.2,5,70.244867,True
20.44,6,70.250867,True
20.2,5,70.256928,True
20.2,5,70.261928,True
20.2,5,70.26844,True
21.19,6,70.274947,True
20.44,6,70.281075,True
21.19,6,70.287108,True
20.44,6,70.294655,True
20.2,5,70.299174,True
20.44,6,70.305171,True
20.44,6,70.312638,True
20.2,5,70.318151,True
21.19,6,70.324665,True
20.2,5,70.329599,True
20.44,6,70.334602,True
20.2,5,70.339127,True
20.44,6,70.345481,True
21.19,6,70.351224,True
20.2,5,70.355222,True
20.2,5,70.360421,True
21.19,6,70.365179,True
21.18,7,70.370703,True
20.44,6,70.375705,True
20.2,5,70.380512,True
20.2,5,70.383517,True
20.2,5,70.388041,True
20.44,6,70.393856,True
20.2,5,70.397854,True
20.2,5,70.401372,True
21.19,6,70.407344,True
20.44,6,70.412184,True
20.44,6,70.417184,True
20.2,5,70.420696,True
-10.35,10,70.430291,False
20.44,6,70.434803,True
20.2,5,70.438877,True
21.43,7,70.44497,True
21.43,7,70.450971,True
20.44,6,70.45627,True
20.2,5,70.459864,True
20.44,6,70.464934,True
20.2,5,70.468938,True
22.18,7,70.474455,True
20.2,5,70.477854,True
20.2,5,70.482381,True
20.18,6,70.487896,True
20.2,5,70.491895,True
20.2,5,70.496798,True
20.2,5,70.500799,True
20.2,5,70.503798,True
21.19,6,70.509723,True
21.19,6,70.51482,True
21.19,6,70.519338,True
20.2,5,70.523863,True
20.2,5,70.528461,True
20.2,5,70.533229,True
20.2,5,70.536814,True
20.44,6,70.541906,True
20.44,6,70.546156,True
20.2,5,70.55067,True
20.2,5,70.55567,True
20.44,6,70.560581,True
20.2,5,70.565072,True
20.2,5,70.569242,True
20.2,5,70.57325,True
21.43,7,70.578628,True
20.44,6,70.584918,True
20.2,5,70.588917,True
20.2,5,70.59343,True
20.2,5,70.597769,True
20.44,6,70.602296,True
20.66,8,70.608296,True
21.19,6,70.614233,True
20.44,6,70.619232,True
20.2,5,70.623275,True
20.2,5,70.627711,True
20.2,5,70.631903,True
20.2,5,70.635903,True
20.2,5,70.639415,True
20.44,6,70.645384,True
20.2,5,70.649384,True
20.44,6,70.654895,True
20.2,5,70.658895,True
20.2,5,70.663009,True
21.19,6,70.667679,True
21.43,7,70.674277,True
21.19,6,70.679786,True
20.2,5,70.683291,True
21.19,6,70.688298,True
20.44,6,70.693799,True
20.2,5,70.697804,True
20.2,5,70.701805,True
20.2,5,70.706286,True
20.2,5,70.71082,True
20.2,5,70.714257,True
20.44,6,70.719272,True
20.44,6,70.724799,True
21.19,6,70.729611,True
22.64,11,70.738133,True
20.2,5,70.742133,True
20.2,5,70.74711,True
20.2,5,70.751104,True
20.44,6,70.75661,True
20.68,7,70.762163,True
20.2,5,70.766748,True
20.2,5,70.771425,True
21.19,6,70.776005,True
22.41,9,70.783807,True
21.19,6,70.787807,True
21.41,8,70.794722,True
21.43,7,70.801244,True
20.44,6,70.806237,True
21.19,6,70.810766,True
20.2,5,70.81477,True
20.2,5,70.81877,True
20.2,5,70.823293,True
21.19,6,70.827701,True
21.42,8,70.835209,True
-11.78,3,70.838208,False
20.2,5,70.842225,True
20.2,5,70.84667,True
20.2,5,70.850669,True
20.2,5,70.855202,True
20.2,5,70.859511,True
20.2,5,70.864046,True
20.2,5,70.867567,True
21.43,7,70.873084,True
20.2,5,70.877884,True
20.44,6,70.882883,True
20.2,5,70.886922,True
20.2,5,70.890926,True
20.68,7,70.895823,True
21.19,6,70.900822,True
-11.56,6,70.906338,False
21.19,6,70.911805,True
20.2,5,70.915317,True
20.44,6,70.920317,True
20.68,7,70.926948,True
21.19,6,70.932048,True
20.44,6,70.936726,True
20.44,6,70.941725,True
20.2,5,70.947031,True
20.2,5,70.95103,True
-11.55,5,70.954027,False
20.2,5,70.959561,True
20.2,5,70.962838,True
-11.79,4,70.96635,False
20.2,5,70.970366,True
20.2,5,70.975364,True
20.44,6,70.980267,True
22.4,10,70.987799,True
-10.57,7,70.993505,False
-10.33,8,71.000329,False
20.2,5,71.00433,True
20.2,5,71.008854,True
21.43,7,71.014066,True
20.2,5,71.018567,True
20.2,5,71.023078,True
21.43,7,71.029052,True
20.2,5,71.463318,True
21.43,7,71.469822,True
20.2,5,71.474823,True
20.2,5,71.478849,True
20.2,5,71.483351,True
20.2,5,71.488856,True
20.2,5,71.494341,True
20.2,5,71.499846,True
20.2,5,71.505348,True
20.2,5,71.510743,True
20.2,5,71.515747,True
20.2,5,71.520253,True
20.2,5,71.525784,True
21.43,7,71.532993,True
-11.57,7,71.541064,False
20.2,5,71.546328,True
20.2,5,71.551923,True
20.2,5,71.556922,True
20.44,6,71.56289,True
20.2,5,71.56689,True
22.16,8,71.576311,True
20.44,6,71.583827,True
20.2,5,71.589827,True
21.41,9,71.598309,True
20.2,5,71.602309,True
20.2,5,71.607815,True
20.2,5,71.612274,True
21.19,6,71.618779,True
20.44,6,71.625703,True
20.44,6,71.632714,True
20.44,6,71.639721,True
20.2,5,71.645739,True
20.44,6,71.652741,True
20.2,5,71.657245,True
20.2,5,71.662778,True
20.66,8,71.669825,True
20.2,5,71.674825,True
20.2,5,71.679843,True
20.2,5,71.683842,True
20.68,7,71.689353,True
20.2,5,71.693713,True
21.41,8,71.70026,True
20.2,5,71.704259,True
21.19,6,71.710022,True
20.2,5,71.714019,True
21.19,6,71.719542,True
20.2,5,71.723542,True
22.42,8,71.729784,True
20.2,5,71.733783,True
20.44,6,71.738784,True
20.2,5,71.742939,True
21.41,8,71.749672,True
20.2,5,71.753677,True
20.2,5,71.75867,True
20.68,7,71.764773,True
-10.59,9,71.771826,False
21.19,6,71.777323,True
20.44,6,71.781842,True
20.2,5,71.786837,True
20.44,6,71.791342,True
20.18,6,71.796822,True
21.19,6,71.801328,True
20.19,6,71.806417,True
21.43,7,71.812338,True
20.18,6,71.817344,True
21.43,7,71.823855,True
20.44,6,71.828482,True
20.2,5,71.832982,True
20.2,5,71.836988,True
20.44,6,71.841988,True
20.19,6,71.847454,True
20.2,5,71.851454,True
22.42,8,71.858052,True
20.2,5,71.862052,True
20.44,6,71.86857,True
20.2,5,71.872607,True
21.19,6,71.878102,True
20.44,6,71.883105,True
22.16,8,71.889951,True
20.2,5,71.894289,True
21.19,6,71.899816,True
20.2,5,71.903816,True
20.2,5,71.908343,True
20.2,5,71.912692,True
-11.55,5,71.91721,False
20.2,5,71.921209,True
20.68,7,71.92621,True
20.44,6,71.932436,True
21.43,7,71.937939,True
20.2,5,71.941949,True
20.2,5,71.946745,True
20.44,6,71.951249,True
20.2,5,71.95525,True
20.2,5,71.96011,True
20.2,5,71.964196,True
21.43,7,71.970467,True
20.2,5,71.974546,True
20.44,6,71.97956,True
20.2,5,71.98356,True
20.2,5,71.987235,True
21.19,6,71.993047,True
20.2,5,71.997081,True
20.44,6,72.002607,True
20.2,5,72.006603,True
20.2,5,72.010581,True
21.19,6,72.01558,True
21.19,6,72.021092,True
20.2,5,72.025167,True
20.2,5,72.029821,True
20.2,5,72.033911,True
20.2,5,72.03791,True
21.43,7,72.043997,True
20.2,5,72.047503,True
20.44,6,72.05302,True
21.19,6,72.058097,True
21.19,6,72.06272,True
-11.57,6,72.067798,False
21.19,6,72.073065,True
20.2,5,72.077346,True
21.43,7,72.0826,True
21.19,6,72.088596,True
20.2,5,72.092108,True
20.2,5,72.09594,True
20.2,5,72.100945,True
21.19,6,72.105472,True
21.19,6,72.109779,True
20.2,5,72.114309,True
20.2,5,72.118312,True
20.2,5,72.122308,True
21.41,8,72.129302,True
20.2,5,72.133813,True
21.19,6,72.137827,True
20.2,5,72.142728,True
20.2,5,72.146272,True
20.2,5,72.150272,True
21.19,6,72.155797,True
-10.58,8,72.163262,False
20.68,7,72.168921,True
22.4,9,72.176024,True
20.2,5,72.181031,True
20.2,5,72.18503,True
21.19,6,72.190054,True
21.42,8,72.196611,True
20.18,7,72.202281,True
20.2,5,72.206865,True
20.2,5,72.210365,True
-11.79,4,72.214534,False
21.43,7,72.220199,True
22.18,7,72.225126,True
20.2,5,72.229954,True
20.2,5,72.233954,True
21.19,6,72.238464,True
20.2,5,72.242479,True
-10.58,8,72.249283,False
20.2,5,72.253806,True
21.41,8,72.25968,True
20.44,6,72.264694,True
20.2,5,72.268694,True
20.44,6,72.27421,True
21.19,6,72.279824,True
20.2,5,72.283871,True
20.2,5,72.287867,True
20.2,5,72.292378,True
20.44,6,72.296984,True
20.2,5,72.301438,True
21.43,7,72.307431,True
20.2,5,72.312443,True
20.2,5,72.31644,True
21.19,6,72.320939,True
20.44,6,72.326406,True
20.2,5,72.329923,True
20.2,5,72.335512,True
20.2,5,72.339511,True
-9.89,13,72.350042,False
20.44,6,72.355294,True
21.19,6,72.359791,True
21.19,6,72.365335,True
21.19,6,72.75683,True
20.68,7,72.763745,True
20.2,5,72.767745,True
20.18,6,72.774753,True
20.2,5,72.780233,True
20.44,6,72.787738,True
20.2,5,72.792818,True
20.2,5,72.798595,True
20.2,5,72.805189,True
20.2,5,72.810701,True
20.2,5,72.816204,True
22.18,7,72.824214,True
20.2,5,72.82861,True
20.2,5,72.833616,True
20.2,5,72.839618,True
20.44,6,72.845998,True
20.2,5,72.851998,True
20.68,7,72.859845,True
20.2,5,72.865941,True
20.44,6,72.873442,True
20.2,5,72.878378,True
20.2,5,72.883379,True
21.43,7,72.889884,True
20.44,6,72.896496,True
20.2,5,72.901499,True
20.2,5,72.908004,True
20.2,5,72.912621,True
20.44,6,72.919125,True
21.41,8,72.926125,True
20.2,5,72.932135,True
21.43,7,72.940639,True
20.2,5,72.946276,True
20.2,5,72.95179,True
20.2,5,72.95631,True
21.19,6,72.96164,True
20.2,5,72.966639,True
21.43,7,72.973161,True
20.2,5,72.977064,True
20.2,5,72.981579,True
21.41,8,72.988105,True
20.44,6,72.993517,True
21.43,7,72.998514,True
20.44,6,73.004037,True
21.19,6,73.009037,True
20.44,6,73.013998,True
-10.56,6,73.018997,False
20.68,7,73.025521,True
20.2,5,73.028751,True
20.2,5,73.033791,True
20.2,5,73.037793,True
20.2,5,73.040791,True
21.19,6,73.047168,True
21.43,7,73.052692,True
21.41,9,73.060037,True
20.2,5,73.064558,True
20.44,6,73.0691,True
21.19,6,73.073611,True
20.2,5,73.078033,True
20.44,6,73.082031,True
20.2,5,73.086555,True
20.44,6,73.091555,True
20.2,5,73.095963,True
20.44,6,73.100962,True
20.18,6,73.105489,True
21.19,6,73.110399,True
20.44,6,73.116005,True
20.2,5,73.120011,True
20.2,5,73.124011,True
-9.58,8,73.130909,False
21.19,6,73.136488,True
20.44,6,73.140502,True
22.16,8,73.147765,True
20.2,5,73.151765,True
20.2,5,73.155765,True
20.2,5,73.159751,True
20.2,5,73.163773,True
20.2,5,73.168298,True
20.2,5,73.172297,True
20.2,5,73.176183,True
20.44,6,73.181718,True
20.44,6,73.186718,True
21.19,6,73.19123,True
20.2,5,73.195775,True
21.19,6,73.202361,True
20.2,5,73.206326,True
21.19,6,73.210963,True
21.19,6,73.216139,True
22.64,10,73.224804,True
20.2,5,73.228444,True
21.19,6,73.233581,True
20.2,5,73.23758,True
20.2,5,73.242112,True
20.44,6,73.246504,True
20.2,5,73.250015,True
20.2,5,73.254558,True
20.2,5,73.258916,True
21.19,6,73.263456,True
21.19,6,73.268456,True
-10.58,8,73.276007,False
20.68,7,73.281399,True
20.2,5,73.285911,True
21.43,7,73.291911,True
20.2,5,73.295943,True
20.2,5,73.300612,True
20.44,6,73.306049,True
21.19,6,73.311797,True
20.2,5,73.315315,True
20.2,5,73.319315,True
20.2,5,73.324315,True
21.19,6,73.32934,True
20.2,5,73.333004,True
20.2,5,73.336673,True
-9.87,11,73.346227,False
20.2,5,73.350889,True
20.2,5,73.353896,True
20.2,5,73.358934,True
20.2,5,73.363029,True
20.2,5,73.367627,True
20.2,5,73.371626,True
20.2,5,73.3766,True
20.44,6,73.381606,True
21.19,6,73.386684,True
21.41,8,73.393031,True
20.2,5,73.39696,True
20.2,5,73.401971,True
20.2,5,73.405971,True
20.2,5,73.409842,True
20.18,6,73.415848,True
20.44,6,73.420373,True
20.2,5,73.424373,True
20.44,6,73.430133,True
20.44,6,73.434653,True
20.68,7,73.440174,True
21.43,7,73.446603,True
20.2,5,73.451146,True
22.16,8,73.457659,True
20.2,5,73.461192,True
20.2,5,73.46519,True
20.2,5,73.469191,True
21.19,6,73.474223,True
20.2,5,73.47855,True
21.19,6,73.483072,True
20.2,5,73.487589,True
20.2,5,73.492112,True
20.2,5,73.496483,True
-11.55,5,73.500483,False
20.2,5,73.505006,True
20.44,6,73.51029,True
20.2,5,73.513815,True
21.19,6,73.518815,True
21.43,7,73.525339,True
20.2,5,73.529148,True
20.44,6,73.533686,True
21.19,6,73.539342,True
20.2,5,73.543221,True
20.44,6,73.547761,True
20.2,5,73.55176,True
21.19,6,73.55729,True
20.2,5,73.561523,True
21.19,6,73.567044,True
20.2,5,73.57104,True
20.2,5,73.576003,True
21.19,6,73.581024,True
20.2,5,73.585538,True
20.44,6,73.590538,True
20.2,5,73.593494,True
21.19,6,73.600039,True
21.19,6,73.604039,True
20.68,7,73.611038,True
20.2,5,73.615047,True
20.2,5,73.619581,True
20.2,5,73.623581,True
20.2,5,73.6279,True
21.41,8,73.634405,True
20.2,5,73.63791,True
20.44,6,73.643378,True
21.43,7,73.650054,True
20.2,5,73.654053,True
20.44,6,73.659189,True
20.2,5,74.051339,True
20.2,5,74.056845,True
22.16,8,74.066759,True
20.2,5,74.071264,True
20.2,5,74.075839,True
20.44,6,74.081851,True
20.2,5,74.087353,True
20.2,5,74.092819,True
21.19,6,74.099904,True
20.2,5,74.105903,True
20.2,5,74.109967,True
20.2,5,74.114997,True
20.44,6,74.122508,True
20.2,5,74.128096,True
20.2,5,74.132613,True
20.2,5,74.139129,True
20.2,5,74.144208,True
20.2,5,74.149206,True
21.19,6,74.156507,True
20.44,6,74.163278,True
20.2,5,74.169275,True
20.2,5,74.173789,True
20.2,5,74.178375,True
22.16,8,74.187886,True
20.2,5,74.193926,True
20.44,6,74.199925,True
20.2,5,74.204431,True
20.44,6,74.210557,True
20.2,5,74.217065,True
20.2,5,74.222065,True
20.2,5,74.228049,True
20.44,6,74.234049,True
20.19,6,74.239575,True
21.43,7,74.246558,True
21.19,6,74.252067,True
20.44,6,74.257595,True
20.44,6,74.264022,True
20.44,6,74.270543,True
20.68,7,74.276441,True
22.4,9,74.28398,True
20.44,6,74.289498,True
20.2,5,74.293735,True
20.2,5,74.298476,True
20.2,5,74.302139,True
20.2,5,74.306075,True
20.44,6,74.310885,True
20.2,5,74.315426,True
20.2,5,74.319942,True
20.44,6,74.324946,True
20.2,5,74.328779,True
20.2,5,74.332779,True
20.2,5,74.336297,True
20.2,5,74.340808,True
20.2,5,74.345249,True
20.2,5,74.349268,True
22.16,8,74.356273,True
21.19,6,74.361725,True
20.2,5,74.365645,True
21.19,6,74.371174,True
20.2,5,74.375174,True
20.44,6,74.380788,True
20.2,5,74.384789,True
20.2,5,74.388786,True
20.44,6,74.394234,True
20.2,5,74.398242,True
20.44,6,74.403795,True
20.44,6,74.408788,True
20.2,5,74.412578,True
20.2,5,74.417586,True
20.2,5,74.421585,True
20.44,6,74.426551,True
20.2,5,74.430542,True
20.2,5,74.434404,True
-11.8,5,74.43893,False
20.2,5,74.442923,True
20.2,5,74.447394,True
21.43,7,74.4524,True
20.2,5,74.45744,True
20.2,5,74.460894,True
21.19,6,74.466401,True
20.2,5,74.470401,True
20.2,5,74.474906,True
20.44,6,74.479922,True
21.19,6,74.484921,True
20.2,5,74.488443,True
20.2,5,74.493889,True
21.19,6,74.498407,True
20.2,5,74.503414,True
21.19,6,74.508459,True
20.2,5,74.512459,True
20.2,5,74.516959,True
22.16,8,74.523965,True
20.2,5,74.527809,True
21.19,6,74.533335,True
20.2,5,74.53685,True
21.19,6,74.542935,True
20.2,5,74.546966,True
20.2,5,74.551003,True
20.42,7,74.556001,True
20.2,5,74.560935,True
20.68,7,74.565932,True
20.44,6,74.57146,True
21.19,6,74.57681,True
20.44,6,74.58184,True
20.2,5,74.58584,True
20.2,5,74.590587,True
20.2,5,74.595059,True
20.44,6,74.599323,True
21.19,6,74.605321,True
22.16,8,74.612359,True
20.2,5,74.616359,True
20.44,6,74.621871,True
20.2,5,74.62587,True
21.19,6,74.630228,True
20.2,5,74.635306,True
21.19,6,74.639976,True
21.43,7,74.645261,True
20.2,5,74.650262,True
20.2,5,74.653441,True
20.2,5,74.657441,True
20.2,5,74.661587,True
20.2,5,74.665588,True
20.2,5,74.669587,True
20.44,6,74.675112,True
20.2,5,74.678431,True
20.2,5,74.684514,True
20.2,5,74.688514,True
20.44,6,74.693465,True
20.2,5,74.697552,True
20.2,5,74.701552,True
20.2,5,74.706231,True
20.2,5,75.072228,True
20.2,5,75.076217,True
20.2,5,75.081016,True
20.68,7,75.087539,True
20.2,5,75.092054,True
20.44,6,75.097095,True
20.44,6,75.102624,True
20.2,5,75.106623,True
21.19,6,75.112122,True
20.2,5,75.116146,True
20.2,5,75.121126,True
20.2,5,75.124651,True
20.2,5,75.129647,True
20.2,5,75.13415,True
20.2,5,75.137149,True
20.2,5,75.14168,True
20.66,8,75.149423,True
20.44,6,75.154415,True
20.2,5,75.158465,True
20.2,5,75.161893,True
20.2,5,75.166893,True
20.44,6,75.171417,True
21.19,6,75.176852,True
20.2,5,75.1804,True
21.19,6,75.184921,True
20.2,5,75.189432,True
20.2,5,75.193743,True
20.44,6,75.198734,True
20.2,5,75.203266,True
-10.8,5,75.207789,False
20.44,6,75.213559,True
20.44,6,75.218163,True
20.2,5,75.222686,True
20.2,5,75.227029,True
21.19,6,75.231533,True
21.19,6,75.237441,True
20.2,5,75.241961,True
21.19,6,75.247003,True
20.2,5,75.251119,True
20.2,5,75.25516,True
20.2,5,75.259582,True
20.2,5,75.26261,True
21.19,6,75.268136,True
20.2,5,75.272135,True
20.2,5,75.277061,True
20.44,6,75.282055,True
20.44,6,75.287072,True
21.19,6,75.292379,True
20.2,5,75.296918,True
20.2,5,75.300448,True
20.2,5,75.304456,True
21.41,8,75.311193,True
20.44,6,75.316234,True
20.44,6,75.32124,True
20.2,5,75.706697,True
20.2,5,75.711234,True
20.2,5,75.716739,True
21.17,7,75.725243,True
20.2,5,75.730658,True
20.2,5,75.737162,True
21.19,6,75.743318,True
20.44,6,75.748821,True
20.2,5,75.753322,True
20.44,6,75.759434,True
20.2,5,75.76346,True
20.2,5,75.768978,True
21.19,6,75.775483,True
20.44,6,75.78182,True
20.2,5,75.787577,True
20.2,5,75.793939,True
22.16,8,75.80702,True
20.68,7,75.813408,True
22.16,8,75.821419,True
20.44,6,75.828811,True
20.2,5,75.834318,True
20.2,5,75.839824,True
20.2,5,75.845844,True
21.19,6,75.852951,True
-11.79,4,75.856951,False
21.19,6,75.864097,True
21.19,6,75.869598,True
21.41,8,75.8796,True
20.44,6,75.886107,True
20.2,5,75.891612,True
21.19,6,75.899248,True
20.2,5,75.904839,True
20.44,6,75.910018,True
20.44,6,75.915691,True
21.43,7,75.922297,True
20.44,6,75.927531,True
21.19,6,75.933037,True
21.19,6,75.938037,True
20.19,6,75.943406,True
20.44,6,75.94842,True
20.2,5,75.95242,True
21.19,6,75.957443,True
-10.8,5,75.961688,False
21.41,8,75.9692,True
20.2,5,75.973199,True
20.2,5,75.97702,True
21.19,6,75.982022,True
20.2,5,75.986372,True
20.2,5,75.990373,True
20.2,5,75.995261,True
20.2,5,75.999263,True
20.44,6,76.002935,True
20.2,5,76.008528,True
20.2,5,76.012903,True
20.44,6,76.017567,True
20.68,7,76.02349,True
20.68,7,76.029386,True
20.2,5,76.03338,True
20.44,6,76.03897,True
21.19,6,76.043774,True
20.2,5,76.047442,True
20.2,5,76.051437,True
20.44,6,76.057107,True
20.2,5,76.061395,True
20.2,5,76.06506,True
20.2,5,76.069661,True
21.19,6,76.074173,True
21.19,6,76.079701,True
20.44,6,76.084229,True
20.2,5,76.089304,True
20.2,5,76.093307,True
21.19,6,76.098829,True
20.2,5,76.102824,True
22.16,8,76.110114,True
20.2,5,76.114128,True
21.19,6,76.119636,True
20.2,5,76.123636,True
21.19,6,76.128551,True
20.2,5,76.132547,True
20.44,6,76.138133,True
20.2,5,76.141807,True
20.2,5,76.147016,True
20.44,6,76.152524,True
20.44,6,76.158038,True
20.2,5,76.161975,True
21.19,6,76.166975,True
20.18,6,76.172487,True
21.19,6,76.177745,True
20.2,5,76.181821,True
20.2,5,76.185487,True
20.2,5,76.190159,True
20.2,5,76.194599,True
20.2,5,76.198605,True
21.19,6,76.203193,True
21.43,7,76.209194,True
20.44,6,76.213643,True
20.2,5,76.218323,True
20.2,5,76.223324,True
20.2,5,76.227113,True
20.2,5,76.231111,True
20.2,5,76.235635,True
20.2,5,76.23963,True
20.2,5,76.24389,True
21.19,6,76.248904,True
20.44,6,76.254417,True
20.44,6,76.25965,True
20.44,6,76.263647,True
20.2,5,76.26817,True
20.44,6,76.27317,True
-11.8,4,76.276907,False
20.2,5,76.2809,True
20.2,5,76.285405,True
20.44,6,76.290937,True
21.19,6,76.295841,True
21.19,6,76.300932,True
20.2,5,76.304856,True
21.43,7,76.310691,True
20.2,5,76.314945,True
20.2,5,76.319538,True
21.19,6,76.324538,True
20.44,6,76.32946,True
20.2,5,76.333385,True
20.2,5,76.33789,True
20.44,6,76.342402,True
20.2,5,76.346634,True
20.44,6,76.352146,True
20.2,5,76.356146,True
20.2,5,76.361017,True
20.44,6,76.365938,True
20.2,5,76.370449,True
20.44,6,76.375449,True
20.2,5,76.379352,True
20.2,5,76.383367,True
20.2,5,76.387871,True
20.2,5,76.39139,True
20.2,5,76.395688,True
21.18,7,76.401711,True
20.2,5,76.406224,True
21.43,7,76.412558,True
21.19,6,76.417558,True
22.18,7,76.42307,True
20.2,5,76.427327,True
21.19,6,76.432839,True
21.19,6,76.437839,True
20.2,5,76.441839,True
21.43,7,76.448049,True
20.2,5,76.452049,True
20.2,5,76.455573,True
21.43,7,76.462114,True
20.2,5,76.46564,True
20.2,5,76.470165,True
21.19,6,76.475676,True
20.2,5,76.48023,True
20.42,8,76.486751,True
20.2,5,76.492612,True
20.2,5,76.497142,True
20.2,5,76.500654,True
20.44,6,76.506159,True
20.2,5,76.510543,True
20.2,5,76.514531,True
20.19,6,76.52005,True
20.2,5,76.52405,True
20.2,5,76.528459,True
20.44,6,76.533474,True
21.19,6,76.538665,True
20.2,5,76.543538,True
20.2,5,76.546553,True
21.19,6,76.553077,True
20.2,5,76.557077,True
20.2,5,76.560898,True
21.19,6,76.565912,True
20.44,6,76.571428,True
20.2,5,76.575428,True
20.44,6,76.580223,True
20.44,6,76.586218,True
20.2,5,76.591243,True
20.44,6,76.595577,True
20.44,6,76.602087,True
20.2,5,76.606086,True
20.2,5,76.610412,True
20.2,5,76.614418,True
-10.82,7,76.620937,False
20.2,5,76.625257,True
20.44,6,77.017016,True
20.2,5,77.023521,True
20.2,5,77.02787,True
20.2,5,77.032377,True
22.4,9,77.040879,True
20.44,6,77.046939,True
20.2,5,77.051436,True
20.2,5,77.057436,True
20.2,5,77.063462,True
20.2,5,77.068462,True
20.2,5,77.074474,True
21.43,7,77.082643,True
20.2,5,77.088642,True
20.44,6,77.094665,True
21.19,6,77.100665,True
22.16,8,77.11022,True
20.2,5,77.115303,True
20.2,5,77.121302,True
-11.79,4,77.126196,False
20.44,6,77.133209,True
21.43,7,77.140714,True
21.19,6,77.148352,True
21.43,7,77.155854,True
22.16,8,77.164859,True
21.19,6,77.171879,True
20.44,6,77.1781,True
20.44,6,77.185099,True
20.44,6,77.192568,True
21.43,7,77.199114,True
20.2,5,77.204633,True
21.19,6,77.21087,True
21.43,7,77.216389,True
20.2,5,77.22191,True
20.42,7,77.228776,True
20.2,5,77.23378,True
20.2,5,77.238774,True
-9.82,7,77.244569,False
21.19,6,77.249607,True
21.19,6,77.254614,True
20.44,6,77.259895,True
20.2,5,77.263909,True
20.2,5,77.26743,True
21.17,7,77.273955,True
20.2,5,77.277345,True
20.2,5,77.281871,True
20.2,5,77.285873,True
21.19,6,77.28987,True
21.43,7,77.295776,True
21.19,6,77.300776,True
21.19,6,77.305302,True
21.17,7,77.312149,True
21.19,6,77.317171,True
20.2,5,77.321171,True
20.2,5,77.325683,True
21.67,8,77.332191,True
20.2,5,77.336622,True
21.19,6,77.341622,True
20.44,6,77.346303,True
20.2,5,77.351302,True
20.44,6,77.356328,True
20.2,5,77.360367,True
22.4,9,77.368071,True
20.2,5,77.37207,True
20.44,6,77.37706,True
20.44,6,77.382051,True
22.4,9,77.389562,True
21.19,6,77.394539,True
20.2,5,77.39917,True
21.43,7,77.404849,True
-11.79,4,77.408528,False
20.2,5,77.412048,True
21.19,6,77.417501,True
21.19,6,77.422501,True
20.2,5,77.426739,True
20.2,5,77.430753,True
20.2,5,77.434753,True
-9.6,10,77.44363,False
20.2,5,77.447676,True
20.2,5,77.451689,True
20.44,6,77.456689,True
20.2,5,77.4615,True
20.2,5,77.465492,True
20.2,5,77.469557,True
20.2,5,77.473596,True
21.19,6,77.478716,True
20.68,7,77.48473,True
20.18,6,77.49024,True
20.2,5,77.494076,True
20.44,6,77.499586,True
20.2,5,77.5036,True
21.19,6,77.5086,True
21.19,6,77.513384,True
20.2,5,77.517906,True
20.2,5,77.522435,True
20.2,5,77.526695,True
20.2,5,77.530755,True
21.19,6,77.535963,True
21.19,6,77.539968,True
20.2,5,77.543914,True
20.2,5,77.548438,True
21.19,6,77.552962,True
21.41,8,77.559863,True
22.16,8,77.566394,True
21.43,7,77.5724,True
21.43,7,77.578216,True
21.19,6,77.583726,True
20.2,5,77.587723,True
22.42,8,77.594186,True
20.2,5,77.598185,True
20.44,6,77.602185,True
21.19,6,77.608233,True
20.2,5,77.612631,True
20.2,5,77.617156,True
20.2,5,77.621156,True
21.19,6,77.626077,True
21.19,6,77.631125,True
20.44,6,77.636649,True
20.44,6,77.641649,True
20.42,7,77.647135,True
20.2,5,77.65114,True
21.19,6,77.65614,True
20.4,9,77.664711,True
20.68,7,77.669966,True
21.19,6,77.675973,True
20.2,5,77.680239,True
20.68,7,77.685239,True
21.43,7,77.690758,True
20.2,5,77.695286,True
20.2,5,77.699811,True
20.44,6,77.704803,True
20.44,6,77.709797,True
20.2,5,77.714298,True
20.2,5,77.717313,True
20.2,5,77.722837,True
21.19,6,77.728204,True
20.2,5,77.731725,True
20.2,5,77.736721,True
20.44,6,77.74125,True
21.43,7,77.747445,True
20.2,5,77.751967,True
21.19,6,77.756974,True
20.2,5,77.760619,True
20.44,6,77.765633,True
21.19,6,77.771144,True
22.4,10,77.778754,True
21.19,6,77.784266,True
20.2,5,77.788265,True
21.19,6,77.792661,True
21.43,7,77.799682,True
20.2,5,77.803182,True
21.19,6,77.808715,True
20.2,5,77.812293,True
20.2,5,77.816808,True
20.2,5,77.820816,True
21.43,7,77.826744,True
20.44,6,77.831742,True
20.2,5,77.836268,True
20.44,6,77.840268,True
20.2,5,77.845347,True
20.44,6,77.849868,True
20.2,5,77.853867,True
20.2,5,77.858388,True
20.2,5,77.862803,True
21.43,7,77.868839,True
21.19,6,77.872852,True
22.42,8,77.88018,True
21.19,6,77.885071,True
20.2,5,77.888805,True
-11.8,5,77.893316,False
22.16,8,77.900142,True
22.4,9,77.907661,True
20.2,5,77.911895,True
20.44,6,77.917109,True
-11.8,5,78.305637,False
21.41,8,78.314534,True
20.44,6,78.320195,True
20.2,5,78.324701,True
20.44,6,78.331284,True
21.19,6,78.336786,True
21.19,6,78.343354,True
21.19,6,78.347884,True
20.2,5,78.353393,True
21.19,6,78.359383,True
20.44,6,78.364405,True
22.4,9,78.374415,True
20.44,6,78.38144,True
20.44,6,78.386942,True
20.2,5,78.392532,True
21.19,6,78.400555,True
20.2,5,78.405555,True
20.44,6,78.412442,True
21.41,8,78.422451,True
22.16,8,78.431348,True
21.43,7,78.43985,True
20.2,5,78.444267,True
20.44,6,78.449769,True
20.2,5,78.455771,True
20.4,9,78.466675,True
-10.61,10,78.476555,False
20.44,6,78.482059,True
20.2,5,78.488393,True
21.43,7,78.495838,True
-11.55,5,78.502342,False
21.19,6,78.508352,True
21.41,8,78.515769,True
22.64,11,78.52629,True
20.2,5,78.530091,True
21.19,6,78.535304,True
20.66,8,78.542304,True
21.19,6,78.547171,True
21.19,6,78.552694,True
20.2,5,78.556218,True
20.2,5,78.560459,True
20.44,6,78.565982,True
21.19,6,78.570982,True
21.19,6,78.576023,True
20.2,5,78.580271,True
20.44,6,78.585265,True
20.2,5,78.588788,True
21.43,7,78.595653,True
21.19,6,78.600663,True
21.19,6,78.604663,True
20.44,6,78.610567,True
21.43,7,78.617084,True
20.2,5,78.621088,True
21.19,6,78.625609,True
21.43,7,78.63214,True
20.2,5,78.63614,True
21.19,6,78.640662,True
20.2,5,78.644907,True
21.19,6,78.650432,True
20.2,5,78.653949,True
21.19,6,78.659879,True
20.44,6,78.6649,True
20.2,5,78.668943,True
20.2,5,78.672948,True
20.2,5,78.677989,True
21.43,7,78.683501,True
21.19,6,78.688502,True
21.19,6,78.693442,True
20.2,5,78.697121,True
20.2,5,78.701796,True
20.2,5,78.705797,True
20.2,5,78.710397,True
21.19,6,78.715153,True
21.19,6,78.720078,True
20.2,5,78.723854,True
20.2,5,78.728438,True
20.2,5,78.732961,True
20.44,6,78.73904,True
21.19,6,78.743719,True
21.43,7,78.749642,True
20.44,6,78.75515,True
20.2,5,78.759553,True
20.2,5,78.763621,True
20.2,5,78.767615,True
20.44,6,78.773148,True
20.2,5,78.776585,True
20.2,5,78.780602,True
20.2,5,78.785117,True
20.2,5,78.789118,True
20.2,5,78.792979,True
21.19,6,78.798516,True
20.2,5,78.802516,True
21.19,6,78.80769,True
21.19,6,78.812009,True
20.44,6,78.817533,True
21.43,7,78.823054,True
20.2,5,78.826983,True
20.2,5,78.830973,True
-11.8,5,78.835498,False
20.2,5,78.839503,True
20.2,5,78.843661,True
20.18,6,78.848186,True
20.2,5,78.85271,True
21.19,6,78.857232,True
22.42,8,78.863604,True
20.2,5,78.868129,True
21.19,6,78.872651,True
20.2,5,78.876568,True
20.44,6,78.881581,True
20.44,6,78.887092,True
22.16,8,78.893509,True
22.4,9,78.90156,True
20.44,6,78.905559,True
-11.79,4,78.909496,False
20.2,5,78.913516,True
20.44,6,78.918517,True
20.68,7,78.924039,True
21.19,6,78.928953,True
20.44,6,78.933967,True
20.44,6,78.937967,True
20.2,5,78.942873,True
20.2,5,78.946953,True
20.42,7,78.953219,True
20.2,5,78.95714,True
20.2,5,78.962218,True
20.2,5,78.965807,True
20.44,6,78.971497,True
21.19,6,78.976496,True
20.2,5,78.980055,True
21.19,6,78.984728,True
21.17,7,78.991354,True
20.2,5,78.995178,True
22.4,9,79.003166,True
22.4,9,79.010467,True
20.2,5,79.013992,True
20.44,6,79.018991,True
20.2,5,79.023516,True
20.44,6,79.02885,True
20.2,5,79.033354,True
21.67,8,79.039443,True
20.2,5,79.043953,True
22.16,8,79.050044,True
21.19,6,79.055384,True
20.2,5,79.059755,True
20.2,5,79.064437,True
20.44,6,79.069444,True
20.44,6,79.073613,True
20.2,5,79.078636,True
20.44,6,79.083361,True
21.43,7,79.08903,True
22.4,9,79.09751,True
21.43,7,79.102592,True
21.43,7,79.108044,True
22.18,7,79.114395,True
20.2,5,79.118922,True
20.2,5,79.123444,True
20.68,7,79.129334,True
21.41,8,79.135334,True
20.2,5,79.139859,True
20.2,5,79.144136,True
21.19,6,79.148659,True
21.43,7,79.154182,True
20.66,8,79.161086,True
-10.56,6,79.166085,False
20.2,5,79.170609,True
20.44,6,79.175933,True
20.44,6,79.181479,True
21.43,7,79.187479,True
20.2,5,79.191988,True
20.44,6,79.196373,True
20.2,5,79.200426,True
20.44,6,79.205426,True
20.68,7,79.602972,True
20.2,5,79.607474,True
21.43,7,79.616195,True
22.4,9,79.626575,True
20.2,5,79.632081,True
20.2,5,79.638081,True
20.2,5,79.643583,True
21.19,6,79.650086,True
20.2,5,79.654588,True
20.44,6,79.661563,True
21.19,6,79.668068,True
20.2,5,79.673573,True
20.66,8,79.683498,True
-11.56,6,79.689499,False
21.19,6,79.695498,True
-11.79,4,79.698498,False
20.44,6,79.705507,True
21.19,6,79.711416,True
21.19,6,79.717926,True
20.44,6,79.724429,True
20.68,7,79.732381,True
20.2,5,79.738384,True
20.2,5,79.744262,True
21.19,6,79.751263,True
20.2,5,79.757271,True
20.2,5,79.76276,True
20.44,6,79.770265,True
20.2,5,79.774767,True
21.19,6,79.781051,True
21.66,9,79.791556,True
20.2,5,79.797544,True
22.16,8,79.804063,True
21.43,7,79.811588,True
20.2,5,79.816099,True
20.2,5,79.821105,True
20.44,6,79.826917,True
20.44,6,79.831932,True
20.68,7,79.837436,True
20.18,6,79.842706,True
20.2,5,79.846705,True
20.44,6,79.852229,True
20.2,5,79.855756,True
21.43,7,79.862596,True
20.2,5,79.866596,True
20.2,5,79.870693,True
22.16,8,79.878129,True
20.68,7,79.88365,True
20.2,5,79.88765,True
20.44,6,79.892552,True
21.43,7,79.89857,True
20.2,5,79.902619,True
20.2,5,79.906612,True
21.19,6,79.911541,True
21.19,6,79.916051,True
20.2,5,79.920065,True
21.19,6,79.925907,True
20.18,7,79.931441,True
21.19,6,79.936455,True
21.43,7,79.941966,True
21.43,7,79.94836,True
20.44,6,79.953652,True
20.42,7,79.95956,True
20.2,5,79.963092,True
20.44,6,79.968106,True
21.43,7,79.974634,True
-11.56,6,79.9795,False
21.19,6,79.984005,True
20.44,6,79.989011,True
20.2,5,79.993507,True
20.44,6,79.999181,True
21.19,6,80.003613,True
20.2,5,80.008124,True
20.2,5,80.012643,True
21.43,7,80.018235,True
20.2,5,80.022155,True
21.19,6,80.02726,True
20.2,5,80.032175,True
21.19,6,80.037649,True
20.44,6,80.042654,True
21.67,8,80.04862,True
20.2,5,80.052619,True
20.2,5,80.057148,True
21.19,6,80.062515,True
20.68,7,80.06802,True
20.2,5,80.072531,True
21.43,7,80.078006,True
20.2,5,80.082357,True
21.19,6,80.087356,True
20.44,6,80.092868,True
20.44,6,80.097289,True
20.2,5,80.1018,True
21.19,6,80.106312,True
21.19,6,80.112352,True
20.2,5,80.116351,True
21.19,6,80.12139,True
20.44,6,80.126835,True
22.4,9,80.134421,True
21.19,6,80.139421,True
20.2,5,80.143114,True
20.68,7,80.149135,True
20.2,5,80.153661,True
20.2,5,80.157191,True
21.65,9,80.165073,True
20.2,5,80.168597,True
20.2,5,80.173122,True
20.44,6,80.17843,True
22.16,8,80.184953,True
21.41,8,80.190953,True
20.2,5,80.195811,True
22.16,8,80.202859,True
20.2,5,80.206869,True
20.44,6,80.21122,True
20.44,6,80.21694,True
21.19,6,80.222928,True
21.19,6,80.227827,True
21.19,6,80.232826,True
21.19,6,80.237868,True
20.2,5,80.24231,True
20.44,6,80.247856,True
20.44,6,80.252856,True
20.2,5,80.257383,True
20.44,6,80.261699,True
20.44,6,80.267225,True
20.2,5,80.271223,True
20.2,5,80.275223,True
20.2,5,80.279976,True
20.2,5,80.283976,True
21.19,6,80.289501,True
21.19,6,80.293831,True
20.2,5,80.298355,True
22.16,8,80.304883,True
-9.62,12,80.314811,False
20.42,7,80.320839,True
20.2,5,80.325351,True
20.2,5,80.329838,True
20.2,5,80.334427,True
20.2,5,80.338423,True
20.44,6,80.343937,True
20.2,5,80.347937,True
20.44,6,80.353448,True
20.44,6,80.358196,True
21.19,6,80.363323,True
21.19,6,80.368322,True
21.43,7,80.373835,True
20.44,6,80.379325,True
20.2,5,80.383836,True
21.43,7,80.388836,True
22.14,9,80.396553,True
20.2,5,80.400553,True
20.2,5,80.405236,True
20.2,5,80.409559,True
21.19,6,80.415078,True
20.2,5,80.418583,True
20.2,5,80.42259,True
-11.56,5,80.427657,False
22.17,8,80.434658,True
20.42,7,80.440252,True
20.2,5,80.445239,True
20.2,5,80.449245,True
20.2,5,80.453245,True
20.18,6,80.458496,True
20.2,5,80.462973,True
20.2,5,80.466552,True
20.2,5,80.47064,True
20.2,5,80.47464,True
20.2,5,80.479173,True
21.19,6,80.483696,True
20.44,6,80.48922,True
20.44,6,80.494572,True
20.44,6,80.499095,True
21.41,8,80.505856,True
20.44,6,80.510702,True
20.44,6,80.931887,True
20.44,6,80.939393,True
20.44,6,80.945873,True
20.2,5,80.951376,True
20.44,6,80.959334,True
20.2,5,80.964355,True
20.2,5,80.970872,True
22.4,9,80.981317,True
20.44,6,80.987823,True
20.2,5,80.992726,True
21.19,6,80.999227,True
20.2,5,81.00423,True
20.68,7,81.012766,True
21.19,6,81.018765,True
20.2,5,81.02527,True
20.2,5,81.030905,True
20.68,7,81.038908,True
21.19,6,81.046017,True
21.19,6,81.052519,True
20.2,5,81.057521,True
20.44,6,81.062939,True
21.19,6,81.069939,True
20.68,7,81.078047,True
21.19,6,81.084551,True
20.44,6,81.091551,True
21.43,7,81.100518,True
21.19,6,81.10656,True
20.19,6,81.113114,True
20.68,7,81.12062,True
21.43,7,81.128781,True
20.2,5,81.132788,True
20.2,5,81.138311,True
20.2,5,81.142622,True
21.43,7,81.149165,True
-10.56,6,81.155164,False
21.19,6,81.161705,True
20.44,6,81.167215,True
20.2,5,81.171228,True
22.16,8,81.179114,True
22.16,8,81.186638,True
20.2,5,81.191162,True
21.43,7,81.196477,True
20.44,6,81.202,True
20.44,6,81.206512,True
21.19,6,81.211377,True
21.43,7,81.217569,True
21.17,7,81.223627,True
20.2,5,81.227968,True
20.2,5,81.23201,True
21.19,6,81.237017,True
21.19,6,81.242535,True
20.2,5,81.246783,True
20.2,5,81.250784,True
20.44,6,81.256306,True
21.19,6,81.261131,True
-10.84,8,81.268147,False
21.19,6,81.27267,True
21.19,6,81.277524,True
20.2,5,81.282048,True
21.19,6,81.287058,True
20.2,5,81.291058,True
21.43,7,81.297969,True
22.16,8,81.304493,True
20.2,5,81.308369,True
21.43,7,81.313882,True
20.2,5,81.317394,True
20.2,5,81.322044,True
20.2,5,81.327058,True
20.44,6,81.332061,True
20.44,6,81.337736,True
20.44,6,81.342696,True
21.19,6,81.348483,True
20.2,5,81.352489,True
20.2,5,81.35601,True
20.2,5,81.360515,True
22.64,10,81.369037,True
21.19,6,81.373558,True
21.19,6,81.3785,True
21.19,6,81.383499,True
20.2,5,81.387016,True
20.44,6,81.392021,True
22.16,8,81.399016,True
21.19,6,81.404031,True
21.19,6,81.409559,True
21.19,6,81.414557,True
20.44,6,81.419082,True
20.2,5,81.423097,True
21.19,6,81.42909,True
20.44,6,81.43409,True
20.2,5,81.438596,True
21.19,6,81.443151,True
21.19,6,81.449073,True
20.44,6,81.454585,True
21.43,7,81.460727,True
20.2,5,81.464729,True
20.2,5,81.468727,True
20.2,5,81.472317,True
20.44,6,81.477826,True
21.43,7,81.483843,True
21.43,7,81.490512,True
21.19,6,81.495012,True
20.2,5,81.499012,True
20.44,6,81.918208,True
20.2,5,81.922208,True
20.68,7,81.930207,True
20.44,6,81.935642,True
20.44,6,81.940777,True
20.2,5,81.945275,True
20.44,6,81.949797,True
21.19,6,81.955809,True
20.44,6,81.960803,True
20.2,5,81.964325,True
21.41,8,81.971853,True
20.2,5,81.975852,True
21.19,6,81.980375,True
20.2,5,81.984893,True
20.44,6,81.990398,True
20.2,5,81.995404,True
20.2,5,81.999404,True
21.43,7,82.005913,True
20.2,5,82.010415,True
21.65,9,82.017926,True
21.43,7,82.023558,True
20.2,5,82.028338,True
20.44,6,82.032518,True
21.19,6,82.037522,True
20.44,6,82.042418,True
20.44,6,82.047432,True
20.2,5,82.051434,True
20.18,7,82.05696,True
20.2,5,82.061792,True
21.19,6,82.066316,True
21.19,6,82.071316,True
20.2,5,82.07536,True
21.19,6,82.081098,True
22.4,9,82.088635,True
20.68,7,82.094366,True
20.44,6,82.099381,True
21.43,7,82.104892,True
21.19,6,82.110121,True
20.44,6,82.11516,True
20.2,5,82.119175,True
20.2,5,82.123175,True
20.2,5,82.127774,True
20.44,6,82.132774,True
20.2,5,82.136284,True
20.2,5,82.140298,True
20.44,6,82.145513,True
21.19,6,82.151035,True
21.19,6,82.156035,True
20.44,6,82.161757,True
20.44,6,82.166281,True
20.44,6,82.171799,True
21.19,6,82.176556,True
20.2,5,82.181082,True
20.67,8,82.187603,True
21.19,6,82.192777,True
21.19,6,82.197822,True
20.44,6,82.202343,True
21.41,9,82.210653,True
20.2,5,82.214173,True
22.16,8,82.221234,True
22.18,7,82.227631,True
20.2,5,82.231155,True
20.2,5,82.235679,True
20.44,6,82.240679,True
-10.32,7,82.246566,False
20.2,5,82.249566,True
21.19,6,82.25509,True
20.2,5,82.259446,True
20.2,5,82.262982,True
21.19,6,82.663995,True
21.43,7,82.672009,True
20.44,6,82.679569,True
21.43,7,82.687583,True
20.2,5,82.693328,True
20.42,7,82.701845,True
21.43,7,82.709412,True
20.44,6,82.716019,True
21.19,6,82.722019,True
21.19,6,82.72719,True
20.44,6,82.732693,True
20.2,5,82.738197,True
20.2,5,82.744322,True
22.18,7,82.752324,True
20.2,5,82.758829,True
20.44,6,82.76604,True
20.2,5,82.771546,True
-10.59,8,82.78001,False
20.2,5,82.786515,True
21.19,6,82.793604,True
21.19,6,82.800108,True
21.19,6,82.807108,True
21.19,6,82.813763,True
21.19,6,82.81927,True
21.19,6,82.82427,True
21.19,6,82.831385,True
20.2,5,82.837385,True
20.2,5,82.842387,True
21.19,6,82.848413,True
20.44,6,82.85392,True
20.44,6,82.860867,True
20.2,5,82.864947,True
20.2,5,82.870206,True
20.2,5,82.875297,True
21.19,6,82.880683,True
20.2,5,82.88496,True
21.19,6,82.889878,True
21.17,7,82.896802,True
21.19,6,82.901312,True
20.67,8,82.908326,True
20.44,6,82.913752,True
20.44,6,82.918766,True
20.44,6,82.923292,True
21.19,6,82.928672,True
-11.79,4,82.931194,False
21.43,7,82.937718,True
21.19,6,82.942068,True
20.2,5,82.947098,True
20.44,6,82.952098,True
21.41,8,82.958915,True
20.2,5,82.962919,True
21.19,6,82.967941,True
20.18,6,82.972941,True
21.19,6,82.977731,True
20.2,5,82.981729,True
21.41,8,82.98938,True
20.2,5,82.992892,True
21.43,7,82.999403,True
20.44,6,83.004402,True
20.2,5,83.008142,True
21.43,7,83.014857,True
20.44,6,83.019368,True
20.2,5,83.023373,True
20.68,7,83.029132,True
21.19,6,83.034139,True
21.19,6,83.039651,True
20.2,5,83.043843,True
21.19,6,83.048918,True
20.2,5,83.052924,True
22.16,8,83.059751,True
20.2,5,83.063771,True
20.2,5,83.067281,True
20.44,6,83.072829,True
21.19,6,83.077435,True
21.19,6,83.082977,True
20.44,6,83.0875,True
21.19,6,83.093391,True
21.19,6,83.098389,True
20.44,6,83.103913,True
20.2,5,83.107909,True
22.16,8,83.115214,True
21.19,6,83.12022,True
20.2,5,83.123731,True
21.19,6,83.129556,True
20.44,6,83.134088,True
20.2,5,83.138599,True
21.19,6,83.143897,True
20.2,5,83.147912,True
20.44,6,83.152725,True
20.2,5,83.15676,True
-11.79,4,83.161059,False
20.2,5,83.164571,True
20.2,5,83.169091,True
20.44,6,83.174091,True
20.2,5,83.178373,True
20.2,5,83.182373,True
22.16,8,83.188884,True
21.19,6,83.194166,True
22.16,8,83.200678,True
20.2,5,83.204678,True
20.2,5,83.209517,True
20.44,6,83.213517,True
21.19,6,83.219054,True
22.38,10,83.228103,True
21.19,6,83.233098,True
20.2,5,83.236098,True
20.2,5,83.24112,True
21.43,7,83.246427,True
20.44,6,83.251939,True
20.2,5,83.256939,True
22.4,9,83.263728,True
22.16,8,83.270744,True
22.16,8,83.278025,True
20.44,6,83.283535,True
20.44,6,83.288046,True
20.2,5,83.292944,True
20.2,5,83.296966,True
20.2,5,83.299966,True
20.2,5,83.305477,True
21.17,7,83.310752,True
21.19,6,83.315791,True
22.16,8,83.322867,True
21.19,6,83.328155,True
21.19,6,83.332659,True
20.44,6,83.337672,True
20.2,5,83.341671,True
20.2,5,83.345944,True
20.44,6,83.350944,True
21.19,6,83.356454,True
20.2,5,83.360738,True
20.44,6,83.36525,True
20.44,6,83.370759,True
21.19,6,83.37577,True
21.19,6,83.380559,True
21.41,8,83.387077,True
21.19,6,83.392077,True
20.2,5,83.396883,True
20.68,7,83.402882,True
20.2,5,83.407394,True
20.2,5,83.411706,True
20.44,6,83.415752,True
21.19,6,83.420761,True
20.68,7,83.427558,True
20.2,5,83.431565,True
20.44,6,83.436565,True
22.16,8,83.443379,True
20.2,5,83.447874,True
20.44,6,83.452874,True
20.2,5,83.455874,True
21.17,7,83.462678,True
20.2,5,83.466674,True
21.43,7,83.472689,True
20.2,5,83.476979,True
21.19,6,83.482491,True
22.4,9,83.49,True
20.44,6,83.494297,True
20.2,5,83.498797,True
20.44,6,83.503804,True
21.19,6,83.509611,True
20.44,6,83.514621,True
22.4,9,83.521638,True
20.2,5,83.526644,True
21.43,7,83.532223,True
22.16,8,83.538476,True
20.44,6,83.543914,True
20.44,6,83.54892,True
20.2,5,83.553425,True
22.64,10,83.561824,True
20.2,5,83.565335,True
22.16,8,83.572847,True
20.44,6,83.957719,True
20.2,5,83.962298,True
20.2,5,83.967803,True
21.43,7,83.975812,True
21.19,6,83.982288,True
20.2,5,83.988792,True
20.2,5,83.993742,True
20.2,5,83.999745,True
21.19,6,84.005249,True
21.19,6,84.01078,True
20.2,5,84.017284,True
20.2,5,84.022789,True
20.44,6,84.029907,True
20.18,7,84.037412,True
20.2,5,84.043518,True
21.19,6,84.051022,True
20.2,5,84.056022,True
20.2,5,84.062526,True
21.17,7,84.069031,True
21.43,7,84.077107,True
20.44,6,84.084116,True
20.2,5,84.089637,True
21.19,6,84.096276,True
20.2,5,84.100782,True
20.44,6,84.106781,True
21.19,6,84.111871,True
20.2,5,84.116863,True
20.44,6,84.122369,True
20.2,5,84.127761,True
22.4,9,84.135767,True
21.19,6,84.142603,True
20.68,7,84.150614,True
20.2,5,84.156126,True
-10.57,7,84.162958,False
20.2,5,84.167957,True
21.43,7,84.174498,True
20.42,7,84.180727,True
21.19,6,84.186249,True
20.44,6,84.191248,True
20.2,5,84.195521,True
20.44,6,84.200521,True
22.16,8,84.208043,True
22.16,8,84.214491,True
20.2,5,84.218752,True
21.19,6,84.223795,True
21.19,6,84.228056,True
21.19,6,84.234051,True
21.19,6,84.238564,True
21.17,8,84.244475,True
20.2,5,84.250155,True
20.2,5,84.254154,True
21.19,6,84.258826,True
21.19,6,84.263141,True
21.43,7,84.269652,True
20.2,5,84.273177,True
21.19,6,84.27791,True
20.44,6,84.282917,True
20.44,6,84.288434,True
20.2,5,84.292663,True
21.43,7,84.298177,True
20.2,5,84.302191,True
20.2,5,84.306191,True
20.44,6,84.311147,True
21.19,6,84.316147,True
22.16,8,84.322823,True
20.2,5,84.327071,True
20.44,6,84.331601,True
-10.8,5,84.336124,False
21.19,6,84.340644,True
20.2,5,84.344849,True
21.19,6,84.350359,True
20.2,5,84.354373,True
20.2,5,84.358373,True
21.17,7,84.364115,True
22.4,9,84.371629,True
20.2,5,84.375861,True
21.19,6,84.379855,True
20.2,5,84.38438,True
20.2,5,84.38938,True
21.19,6,84.394115,True
21.19,6,84.398637,True
20.68,7,84.405139,True
21.19,6,84.409975,True
21.19,6,84.414985,True
20.44,6,84.419993,True
20.2,5,84.424008,True
21.19,6,84.429943,True
20.2,5,84.433943,True
21.19,6,84.438943,True
20.2,5,84.442704,True
21.19,6,84.447719,True
22.16,8,84.454247,True
21.19,6,84.458247,True
22.16,8,84.465987,True
20.2,5,84.470498,True
20.2,5,84.474045,True
20.2,5,84.478273,True
20.2,5,84.482804,True
20.2,5,84.486803,True
20.2,5,84.491325,True
20.2,5,84.495542,True
20.44,6,84.499542,True
22.16,8,84.506067,True
20.44,6,84.511406,True
20.2,5,84.515927,True
20.2,5,84.520437,True
20.2,5,84.523973,True
21.19,6,84.529743,True
20.2,5,84.533258,True
21.17,7,84.539283,True
21.19,6,84.544394,True
21.65,9,84.552394,True
21.19,6,84.557135,True
20.44,6,84.562359,True
20.44,6,84.566885,True
21.19,6,84.572384,True
20.2,5,84.576928,True
20.66,8,84.58292,True
21.43,7,84.589439,True
22.4,9,84.596972,True
20.2,5,84.600971,True
20.44,6,84.605972,True
20.2,5,84.609745,True
20.2,5,84.614743,True
22.18,7,84.620267,True
20.2,5,84.624792,True
22.42,8,84.630569,True
21.19,6,84.635569,True
20.2,5,84.640094,True
21.19,6,84.644381,True
20.2,5,84.6489,True
20.44,6,84.653896,True
20.2,5,84.656895,True
21.41,8,84.664639,True
20.2,5,84.669151,True
21.67,8,84.675212,True
21.19,6,84.680939,True
21.43,7,84.686938,True
20.2,5,84.690441,True
21.17,7,84.697226,True
20.2,5,84.701225,True
20.44,6,84.705753,True
21.19,6,84.711182,True
20.19,6,84.71571,True
21.19,6,84.720709,True
20.68,7,84.727518,True
21.19,6,84.731517,True
20.2,5,84.736029,True
21.43,7,84.742407,True
20.2,5,84.746426,True
20.44,6,84.750948,True
20.44,6,84.755948,True
21.19,6,84.761577,True
20.2,5,84.766587,True
21.43,7,84.772105,True
-10.82,6,84.77793,False
20.2,5,84.78193,True
20.2,5,84.785452,True
21.43,7,84.791452,True
20.44,6,84.796682,True
20.2,5,84.801208,True
20.44,6,84.805732,True
21.19,6,84.810941,True
20.2,5,84.814466,True
20.68,7,84.820993,True
20.2,5,84.825034,True
21.19,6,84.829249,True
21.19,6,84.834778,True
21.19,6,84.839774,True
-10.34,8,84.846523,False
20.2,5,84.850527,True
22.16,8,84.857047,True
20.42,8,85.229321,True
21.43,7,85.236351,True
21.19,6,85.241893,True
22.4,9,85.252769,True
21.19,6,85.258696,True
21.19,6,85.265705,True
22.16,8,85.274922,True
21.43,7,85.282068,True
-9.82,7,85.290767,False
21.43,7,85.297275,True
20.44,6,85.302782,True
20.44,6,85.31091,True
20.44,6,85.317417,True
20.44,6,85.324939,True
20.44,6,85.331385,True
22.16,9,85.341963,True
20.42,7,85.349991,True
20.44,6,85.356492,True
20.2,5,85.361811,True
20.42,7,85.368316,True
-10.56,6,85.373316,False
21.42,8,85.38102,True
20.2,5,85.385932,True
20.2,5,85.392481,True
22.16,8,85.400989,True
21.19,6,85.408492,True
21.17,7,85.416147,True
21.41,8,85.424354,True
21.19,6,85.429685,True
22.38,10,85.438773,True
22.16,8,85.446832,True
20.44,6,85.452362,True
20.2,5,85.457362,True
20.44,6,85.463242,True
20.44,6,85.468241,True
20.44,6,85.473765,True
20.2,5,85.479191,True
-9.6,10,85.487207,False
21.19,6,85.491214,True
20.44,6,85.49726,True
21.41,8,85.503845,True
21.41,8,85.510524,True
21.41,8,85.516978,True
20.2,5,85.520977,True
20.2,5,85.52482,True
21.19,6,85.529903,True
20.2,5,85.534413,True
20.44,6,85.539427,True
22.16,8,85.54597,True
20.44,6,85.550487,True
20.2,5,85.554492,True
20.44,6,85.560028,True
21.19,6,85.565026,True
20.2,5,85.568548,True
21.43,7,85.573822,True
22.4,9,85.581851,True
20.2,5,85.586851,True
21.41,8,85.59387,True
21.43,7,85.599893,True
21.65,9,85.606969,True
20.2,5,85.610828,True
21.19,6,85.615827,True
21.19,6,85.621352,True
21.43,7,85.627247,True
20.2,5,85.630763,True
21.19,6,85.635762,True
20.2,5,85.639768,True
20.68,7,85.645801,True
20.2,5,85.649815,True
20.2,5,85.654325,True
20.2,5,85.658699,True
21.19,6,85.663486,True
20.2,5,85.667481,True
-10.58,7,85.673993,False
20.44,6,85.678303,True
20.44,6,85.68485,True
22.4,9,85.692295,True
20.44,6,85.697503,True
20.2,5,85.701503,True
20.44,6,85.707029,True
20.44,6,85.711378,True
20.44,6,85.716901,True
20.2,5,85.721229,True
21.43,7,85.726992,True
21.65,9,85.734987,True
22.16,8,85.741012,True
21.19,6,85.746898,True
20.44,6,85.751904,True
20.2,5,85.755905,True
20.2,5,85.759846,True
21.43,7,85.765846,True
21.41,8,85.772358,True
22.18,7,85.77885,True
20.2,5,85.782512,True
20.2,5,85.787104,True
22.4,9,85.794507,True
21.19,6,85.799024,True
20.2,5,85.803028,True
21.19,6,85.80803,True
21.17,7,85.813415,True
20.2,5,85.817415,True
21.19,6,85.821937,True
20.2,5,85.826824,True
21.65,9,85.834324,True
20.2,5,85.838324,True
21.19,6,85.843225,True
21.43,7,85.848727,True
21.43,7,85.854263,True
21.19,6,85.8597,True
21.19,6,85.864233,True
22.4,9,85.872742,True
20.2,5,85.876827,True
20.2,5,85.881386,True
21.19,6,85.886248,True
20.44,6,85.891759,True
21.17,7,85.897486,True
21.19,6,85.9025,True
20.2,5,85.9065,True
21.19,6,85.911752,True
20.2,5,85.915751,True
21.17,7,85.922267,True
21.43,7,85.927281,True
20.2,5,85.932879,True
21.19,6,85.936879,True
20.44,6,85.942562,True
20.44,6,85.947613,True
20.2,5,85.952085,True
21.19,6,85.957084,True
22.4,9,85.964426,True
21.41,8,85.971425,True
20.2,5,85.975643,True
-9.58,8,85.982844,False
-9.87,12,85.993608,False
22.42,8,86.00013,True
21.17,7,86.00613,True
21.19,6,86.011053,True
20.2,5,86.015053,True
20.2,5,86.018559,True
21.41,8,86.024565,True
22.4,9,86.032933,True
21.17,7,86.038943,True
20.44,6,86.043297,True
20.18,7,86.04981,True
22.4,9,86.05681,True
20.44,6,86.062741,True
21.19,6,86.06774,True
20.2,5,86.071741,True
20.2,5,86.07563,True
20.2,5,86.079173,True
21.17,7,86.085749,True
20.2,5,86.08975,True
20.44,6,86.094648,True
20.2,5,86.099157,True
20.44,6,86.10317,True
20.44,6,86.108637,True
20.2,5,86.112655,True
20.2,5,86.116177,True
20.44,6,86.121177,True
-11.31,6,86.126542,False
21.19,6,86.131552,True
22.16,8,86.534456,True
20.44,6,86.54196,True
20.2,5,86.547539,True
21.19,6,86.555043,True
21.19,6,86.56151,True
21.19,6,86.567015,True
21.19,6,86.573015,True
21.19,6,86.58023,True
-10.34,8,86.590253,False
20.2,5,86.595324,True
20.44,6,86.600829,True
20.2,5,86.605837,True
21.19,6,86.61223,True
21.19,6,86.617734,True
20.2,5,86.622734,True
21.18,7,86.630158,True
22.16,8,86.63766,True
20.2,5,86.643104,True
21.43,7,86.648893,True
20.2,5,86.654893,True
22.16,8,86.663895,True
21.19,6,86.671399,True
21.19,6,86.677843,True
20.44,6,86.685852,True
21.67,8,86.694357,True
20.2,5,86.698861,True
21.19,6,86.706366,True
20.44,6,86.713399,True
20.2,5,86.719402,True
20.44,6,86.726298,True
21.19,6,86.732331,True
20.2,5,86.737333,True
20.2,5,86.742279,True
22.4,9,86.750307,True
21.43,7,86.756821,True
21.19,6,86.762685,True
20.44,6,86.768695,True
20.2,5,86.774215,True
20.2,5,86.777703,True
20.2,5,86.782729,True
20.2,5,86.786255,True
21.43,7,86.79225,True
21.19,6,86.797249,True
21.19,6,86.802923,True
20.44,6,86.807517,True
21.19,6,86.812811,True
20.2,5,86.817322,True
20.2,5,86.821322,True
20.2,5,86.825798,True
21.19,6,86.830554,True
21.19,6,86.835995,True
20.2,5,86.840005,True
20.44,6,86.845278,True
20.2,5,86.849322,True
22.4,9,86.85682,True
21.19,6,86.862118,True
20.2,5,86.866118,True
22.16,8,86.873641,True
20.44,6,86.878191,True
21.19,6,86.883539,True
20.2,5,86.888183,True
20.2,5,86.892599,True
21.19,6,86.89713,True
20.2,5,86.901644,True
21.43,7,86.90765,True
21.19,6,86.911962,True
20.2,5,86.916958,True
20.2,5,86.921486,True
21.43,7,86.926865,True
20.2,5,86.931381,True
22.16,8,86.938388,True
20.2,5,86.942435,True
22.16,8,86.948749,True
21.41,8,86.956276,True
21.19,6,86.961136,True
21.19,6,86.96614,True
21.41,8,86.972662,True
21.43,7,86.978956,True
21.19,6,86.983528,True
21.17,7,86.989066,True
21.19,6,86.99404,True
20.44,6,86.999032,True
21.19,6,87.003559,True
21.41,8,87.010993,True
21.19,6,87.01552,True
21.43,7,87.02152,True
21.19,6,87.026342,True
22.42,8,87.031866,True
20.2,5,87.036391,True
20.2,5,87.041391,True
20.2,5,87.045211,True
20.44,6,87.049721,True
20.44,6,87.055256,True
20.2,5,87.05879,True
21.19,6,87.064331,True
-11.57,7,87.069336,False
20.18,7,87.076237,True
21.19,6,87.080746,True
20.2,5,87.085785,True
21.67,8,87.091694,True
20.2,5,87.096236,True
21.19,6,87.100761,True
21.19,6,87.106278,True
22.16,8,87.112717,True
20.2,5,87.117224,True
21.19,6,87.122229,True
21.19,6,87.126534,True
20.2,5,87.131074,True
20.2,5,87.13508,True
20.2,5,87.139592,True
20.44,6,87.144337,True
21.19,6,87.149351,True
20.2,5,87.152865,True
20.2,5,87.156865,True
20.2,5,87.161617,True
22.16,8,87.168612,True
20.2,5,87.172124,True
20.2,5,87.176466,True
21.19,6,87.181978,True
21.19,6,87.186508,True
20.44,6,87.191508,True
21.19,6,87.196743,True
21.19,6,87.202256,True
21.19,6,87.20627,True
21.19,6,87.211653,True
21.19,6,87.217167,True
21.19,6,87.222167,True
21.19,6,87.226711,True
-11.55,5,87.231248,False
21.41,8,87.237766,True
20.2,5,87.242083,True
22.64,10,87.250633,True
20.2,5,87.254635,True
21.19,6,87.259388,True
21.19,6,87.264896,True
20.2,5,87.26891,True
20.44,6,87.27391,True
20.2,5,87.277828,True
21.19,6,87.282345,True
21.19,6,87.287889,True
21.19,6,87.293122,True
21.19,6,87.297643,True
20.2,5,87.301153,True
20.2,5,87.305167,True
20.2,5,87.309912,True
20.2,5,87.31391,True
21.19,6,87.318434,True
20.2,5,87.323435,True
20.2,5,87.3267,True
20.2,5,87.331231,True
21.19,6,87.336235,True
21.43,7,87.342602,True
20.2,5,87.346072,True
20.2,5,87.350133,True
20.2,5,87.355133,True
20.2,5,87.358656,True
20.44,6,87.363898,True
20.2,5,87.367898,True
20.2,5,87.372425,True
21.19,6,87.37716,True
22.16,8,87.383206,True
22.16,8,87.390249,True
20.44,6,87.395478,True
20.2,5,87.398999,True
20.2,5,87.403522,True
20.44,6,87.408522,True
20.2,5,87.412256,True
20.2,5,87.41626,True
20.2,5,87.420767,True
20.2,5,87.424781,True
21.17,7,87.430992,True
21.19,6,87.823816,True
21.43,7,87.829746,True
22.16,8,87.839295,True
20.44,6,87.84466,True
20.2,5,87.849667,True
21.19,6,87.856672,True
20.2,5,87.861537,True
20.2,5,87.866537,True
21.19,6,87.873041,True
20.18,6,87.879513,True
22.16,8,87.889059,True
21.43,7,87.897436,True
21.19,6,87.903945,True
20.2,5,87.908447,True
20.2,5,87.913994,True
20.2,5,87.918994,True
20.2,5,87.924072,True
21.43,7,87.930576,True
21.19,6,87.937603,True
21.19,6,87.944145,True
20.2,5,87.951655,True
20.2,5,87.961063,True
21.19,6,87.96858,True
20.2,5,87.973581,True
22.16,8,87.981181,True
21.43,7,87.989715,True
21.41,8,87.996812,True
21.19,6,88.002817,True
20.44,6,88.00885,True
20.2,5,88.014585,True
20.2,5,88.020102,True
20.44,6,88.025444,True
21.43,7,88.031987,True
20.2,5,88.036506,True
21.19,6,88.042479,True
20.2,5,88.047505,True
20.2,5,88.052541,True
20.2,5,88.056541,True
20.2,5,88.061553,True
21.19,6,88.066558,True
20.44,6,88.071221,True
22.16,8,88.077734,True
21.19,6,88.082487,True
20.44,6,88.088184,True
20.2,5,88.091715,True
21.19,6,88.09695,True
20.2,5,88.100989,True
20.44,6,88.105993,True
20.2,5,88.110736,True
20.2,5,88.114749,True
20.44,6,88.119759,True
20.2,5,88.123285,True
21.19,6,88.128499,True
20.2,5,88.132016,True
21.19,6,88.138057,True
20.44,6,88.142795,True
22.16,8,88.149321,True
21.19,6,88.154144,True
20.2,5,88.158143,True
21.42,8,88.164894,True
20.44,6,88.169422,True
21.17,7,88.174944,True
20.2,5,88.180164,True
22.16,8,88.186212,True
21.19,6,88.190732,True
21.41,8,88.198264,True
20.2,5,88.202263,True
20.2,5,88.206301,True
20.2,5,88.210675,True
21.19,6,88.215197,True
20.2,5,88.219197,True
21.17,7,88.224754,True
21.17,7,88.230966,True
22.16,8,88.237487,True
21.41,8,88.243857,True
20.2,5,88.248379,True
21.19,6,88.253903,True
21.41,8,88.260683,True
20.18,6,88.266193,True
20.2,5,88.270197,True
20.2,5,88.274201,True
21.19,6,88.280044,True
20.2,5,88.693128,True
21.43,7,88.699127,True
20.2,5,88.703651,True
21.43,7,88.709402,True
21.43,7,88.714896,True
20.2,5,88.718898,True
21.43,7,88.726961,True
20.44,6,88.731484,True
21.19,6,88.736483,True
20.44,6,88.741666,True
21.41,8,88.747674,True
21.19,6,88.753197,True
20.2,5,88.757192,True
20.2,5,88.762202,True
20.44,6,88.767209,True
21.19,6,88.772405,True
21.17,7,88.778682,True
21.19,6,88.783202,True
20.44,6,88.788199,True
20.68,7,88.794148,True
20.2,5,88.798147,True
20.2,5,88.802147,True
20.42,7,88.807209,True
22.16,8,88.814118,True
22.18,7,88.820127,True
22.16,8,88.826659,True
21.19,6,88.832181,True
21.17,7,88.837698,True
21.43,7,88.844019,True
20.2,5,88.847736,True
20.2,5,88.851825,True
21.19,6,88.856425,True
20.2,5,88.860798,True
20.44,6,88.865323,True
20.2,5,88.869845,True
22.4,9,88.876625,True
-11.6,9,88.884493,False
20.2,5,88.889005,True
21.19,6,88.89428,True
20.2,5,88.897797,True
21.41,8,88.903801,True
21.19,6,88.909213,True
21.19,6,88.915224,True
20.68,7,88.921276,True
21.43,7,88.926721,True
20.2,5,88.931231,True
21.19,6,88.936231,True
21.19,6,88.940743,True
20.44,6,88.946071,True
-10.8,5,88.950608,False
20.44,6,88.955606,True
21.19,6,88.960361,True
21.19,6,88.965464,True
22.18,7,88.970981,True
20.2,5,88.97541,True
20.44,6,88.980932,True
20.2,5,88.985451,True
21.19,6,88.989963,True
20.2,5,88.993993,True
20.2,5,88.998989,True
21.19,6,89.003652,True
20.2,5,89.007315,True
20.44,6,89.012837,True
20.44,6,89.017362,True
22.16,8,89.024362,True
22.14,9,89.031809,True
21.19,6,89.036319,True
22.16,8,89.043783,True
22.16,8,89.050305,True
20.2,5,89.055306,True
21.43,7,89.060208,True
21.19,6,89.065735,True
21.43,7,89.070905,True
21.19,6,89.076272,True
20.2,5,89.080795,True
21.43,7,89.085795,True
20.44,6,89.090824,True
21.19,6,89.0962,True
21.19,6,89.101304,True
22.16,8,89.107828,True
21.19,6,89.11273,True
21.17,7,89.118731,True
21.19,6,89.123255,True
20.2,5,89.127153,True
20.44,6,89.132673,True
20.2,5,89.136673,True
20.2,5,89.522822,True
21.19,6,89.52935,True
21.41,8,89.537915,True
20.44,6,89.544498,True
20.2,5,89.549005,True
20.2,5,89.554004,True
21.19,6,89.559144,True
-11.33,8,89.566667,False
21.19,6,89.573174,True
21.19,6,89.579656,True
21.41,8,89.587664,True
20.2,5,89.592704,True
21.43,7,89.598722,True
21.67,8,89.608183,True
20.44,6,89.613704,True
21.19,6,89.62042,True
21.19,6,89.627993,True
20.2,5,89.633497,True
22.16,8,89.643137,True
21.41,8,89.651136,True
22.16,8,89.660257,True
20.44,6,89.666767,True
20.2,5,89.671765,True
21.19,6,89.677724,True
-10.58,8,89.687236,False
20.2,5,89.692295,True
20.2,5,89.698839,True
22.42,8,89.706353,True
20.44,6,89.712289,True
20.44,6,89.719299,True
20.2,5,89.724882,True
21.19,6,89.73008,True
21.43,7,89.734998,True
21.19,6,89.741951,True
21.19,6,89.747491,True
22.4,9,89.7565,True
21.17,7,89.762269,True
20.2,5,89.76579,True
22.16,8,89.773306,True
21.19,6,89.778211,True
22.16,8,89.784739,True
22.16,8,89.791263,True
22.4,9,89.798682,True
21.19,6,89.804208,True
21.67,8,89.811477,True
20.44,6,89.815476,True
20.2,5,89.819476,True
21.19,6,89.825001,True
21.43,7,89.829746,True
21.19,6,89.835263,True
22.4,9,89.842999,True
21.19,6,89.847996,True
22.16,8,89.854521,True
22.16,8,89.860743,True
21.19,6,89.865779,True
21.17,7,89.871786,True
20.44,6,89.876827,True
20.2,5,89.881128,True
21.41,8,89.88883,True
20.2,5,89.893242,True
21.41,8,89.899767,True
21.19,6,89.903767,True
20.2,5,89.908804,True
20.2,5,89.913047,True
21.43,7,89.91856,True
20.44,6,89.924071,True
20.2,5,89.928337,True
20.2,5,89.932337,True
20.2,5,89.936924,True
22.4,9,89.944523,True
21.19,6,89.949125,True
21.43,7,89.955125,True
20.44,6,89.960905,True
21.19,6,89.965412,True
21.43,7,89.971938,True
21.19,6,89.977222,True
21.19,6,89.981743,True
21.19,6,89.986269,True
21.19,6,89.991792,True
21.19,6,89.997015,True
20.2,5,90.001537,True
20.44,6,90.005539,True
22.42,8,90.012305,True
21.19,6,90.017304,True
20.44,6,90.022823,True
22.16,8,90.029598,True
20.44,6,90.034123,True
21.19,6,90.039636,True
-10.8,5,90.043896,False
20.2,5,90.047896,True
21.17,7,90.053419,True
20.2,5,90.057419,True
20.44,6,90.062166,True
20.2,5,90.066684,True
20.2,5,90.07121,True
20.2,5,90.075214,True
22.16,8,90.082013,True
21.19,6,90.086896,True
22.16,8,90.093669,True
20.2,5,90.097671,True
21.43,7,90.103194,True
21.19,6,90.108193,True
22.4,9,90.115484,True
20.44,6,90.120484,True
21.19,6,90.126243,True
21.19,6,90.131239,True
21.19,6,90.135756,True
21.43,7,90.141762,True
20.44,6,90.146525,True
22.41,9,90.154035,True
21.19,6,90.15927,True
20.68,7,90.164783,True
-10.8,5,90.168808,False
20.2,5,90.172808,True
20.44,6,90.178105,True
22.16,8,90.184104,True
21.19,6,90.18963,True
20.2,5,90.193851,True
20.44,6,90.198373,True
20.2,5,90.202373,True
21.19,6,90.207897,True
22.64,10,90.215622,True
20.2,5,90.220144,True
21.41,8,90.22694,True
20.2,5,90.230954,True
20.2,5,90.234479,True
20.2,5,90.238992,True
20.2,5,90.243256,True
20.2,5,90.247251,True
21.19,6,90.252299,True
20.2,5,90.256176,True
20.44,6,90.261914,True
20.2,5,90.265914,True
21.17,7,90.270962,True
20.2,5,90.274961,True
21.19,6,90.280225,True
20.2,5,90.284229,True
20.42,7,90.290229,True
-10.8,5,90.294977,False
20.2,5,90.298976,True
21.19,6,90.303496,True
20.44,6,90.308496,True
20.2,5,90.313308,True
20.2,5,90.317317,True
20.44,6,90.321826,True
21.17,7,90.3281,True
-10.83,8,90.334495,False
20.2,5,90.338502,True
21.19,6,90.344188,True
20.44,6,90.349186,True
20.44,6,90.353696,True
21.17,7,90.35994,True
20.66,8,90.366465,True
20.2,5,90.369985,True
21.43,7,90.375507,True
22.16,8,90.38272,True
20.2,5,90.387234,True
21.43,7,90.393148,True
22.16,8,90.400673,True
21.19,6,90.405186,True
20.2,5,90.409201,True
20.2,5,90.413728,True
21.19,6,90.418249,True
20.2,5,90.79784,True
20.44,6,90.804344,True
21.67,8,90.81171,True
20.2,5,90.816716,True
21.19,6,90.822221,True
21.19,6,90.828099,True
21.19,6,90.834602,True
20.44,6,90.841604,True
20.2,5,90.847162,True
20.2,5,90.853161,True
20.2,5,90.859254,True
21.43,7,90.866769,True
20.2,5,90.871274,True
21.19,6,90.87687,True
21.41,8,90.885375,True
21.43,7,90.894,True
21.39,9,90.904513,True
21.65,9,90.915695,True
20.44,6,90.923207,True
22.4,9,90.933301,True
21.19,6,90.940308,True
22.4,9,90.950812,True
20.2,5,90.956815,True
21.17,7,90.963826,True
21.19,6,90.969327,True
20.2,5,90.975258,True
21.4,9,90.985331,True
20.2,5,90.99044,True
21.19,6,90.998474,True
20.68,7,91.004995,True
21.19,6,91.010304,True
22.18,7,91.016361,True
20.2,5,91.021361,True
21.19,6,91.027129,True
20.44,6,91.032655,True
20.44,6,91.037808,True
21.19,6,91.044147,True
20.19,6,91.048669,True
21.19,6,91.053669,True
21.17,7,91.059419,True
20.2,5,91.063415,True
21.41,8,91.070464,True
21.41,8,91.076995,True
22.16,9,91.084994,True
20.44,6,91.089169,True
21.19,6,91.093925,True
21.43,7,91.10057,True
21.19,6,91.105584,True
20.2,5,91.109359,True
21.19,6,91.114884,True
21.19,6,91.119408,True
21.65,9,91.126646,True
21.19,6,91.13184,True
20.2,5,91.135839,True
20.2,5,91.139364,True
21.19,6,91.144596,True
21.19,6,91.150116,True
20.44,6,91.155115,True
21.19,6,91.160003,True
20.44,6,91.164999,True
20.44,6,91.169509,True
20.2,5,91.173053,True
21.19,6,91.178271,True
-10.57,7,91.184308,False
22.16,9,91.191846,True
20.44,6,91.197059,True
20.44,6,91.201585,True
20.44,6,91.206584,True
21.43,7,91.212524,True
20.2,5,91.217048,True
21.43,7,91.222572,True
20.68,7,91.228105,True
20.2,5,91.232173,True
21.43,7,91.23818,True
21.19,6,91.242944,True
21.43,7,91.248938,True
20.2,5,91.253459,True
21.19,6,91.258457,True
21.43,7,91.265247,True
21.41,8,91.271998,True
21.43,7,91.277381,True
20.2,5,91.282062,True
20.2,5,91.285983,True
21.43,7,91.291508,True
21.19,6,91.296278,True
20.44,6,91.301792,True
22.4,9,91.309186,True
20.2,5,91.312704,True
21.17,7,91.319222,True
20.44,6,91.324748,True
21.42,8,91.331049,True
21.19,6,91.336063,True
21.19,6,91.341573,True
20.44,6,91.346715,True
21.19,6,91.351715,True
21.19,6,91.35624,True
20.2,5,91.360468,True
21.19,6,91.364982,True
21.19,6,91.369986,True
20.2,5,91.374508,True
20.2,5,91.37824,True
21.42,8,91.385239,True
22.16,8,91.391779,True
20.2,5,91.395712,True
20.2,5,91.399726,True
21.19,6,91.405265,True
21.43,7,91.411255,True
20.2,5,91.414772,True
22.4,9,91.422298,True
21.42,8,91.428172,True
20.44,6,91.433681,True
20.44,6,91.43769,True
20.2,5,91.443005,True
22.16,8,91.449515,True
21.19,6,91.454514,True
22.16,8,91.460753,True
20.2,5,91.465753,True
20.2,5,91.469264,True
22.16,8,91.475809,True
22.4,9,91.483332,True
22.16,8,91.489845,True
20.2,5,91.494171,True
21.65,9,91.502227,True
22.16,8,91.508742,True
20.2,5,91.512511,True
20.2,5,91.517032,True
20.2,5,91.521532,True
21.19,6,91.525838,True
-10.8,5,91.530921,False
20.68,7,91.536085,True
20.44,6,91.541099,True
20.42,7,91.546847,True
20.2,5,91.551852,True
21.19,6,91.556852,True
22.16,8,91.562592,True
20.44,6,91.568124,True
21.43,7,91.573647,True
20.2,5,91.577377,True
21.19,6,91.582391,True
21.19,6,91.587902,True
20.2,5,91.590915,True
21.17,7,91.597119,True
20.2,5,91.60165,True
20.44,6,91.60665,True
22.42,8,91.61386,True
20.44,6,91.618392,True
21.43,7,91.623913,True
21.19,6,91.628351,True
21.43,7,91.634879,True
22.4,9,91.641896,True
21.19,6,91.646897,True
20.44,6,91.652421,True
20.2,5,91.65642,True
20.2,5,91.660772,True
20.2,5,91.664294,True
22.4,10,91.672819,True
-11.56,5,91.677092,False
21.19,6,91.681602,True
22.4,9,91.688141,True
20.44,6,91.693406,True
21.19,6,91.698404,True
21.43,7,92.10149,True
20.2,5,92.106997,True
21.41,8,92.116122,True
22.38,10,92.127689,True
20.68,7,92.135191,True
20.2,5,92.139695,True
21.43,7,92.147175,True
21.19,6,92.154701,True
22.16,8,92.163804,True
22.16,8,92.172807,True
20.44,6,92.178674,True
22.16,8,92.18669,True
20.44,6,92.192129,True
22.42,8,92.199649,True
-9.84,8,92.207739,False
21.43,7,92.215884,True
21.19,6,92.222403,True
20.44,6,92.229592,True
21.41,8,92.237371,True
22.16,8,92.24505,True
-11.79,4,92.249564,False
21.19,6,92.255559,True
22.16,8,92.264533,True
20.44,6,92.272037,True
21.43,7,92.279567,True
22.4,9,92.290071,True
22.39,10,92.299057,True
22.41,9,92.308163,True
20.2,5,92.312978,True
22.17,8,92.319501,True
20.2,5,92.325025,True
21.43,7,92.331264,True
20.2,5,92.336205,True
20.2,5,92.340205,True
20.2,5,92.344927,True
20.44,6,92.349927,True
21.19,6,92.354446,True
20.68,7,92.360362,True
20.44,6,92.365883,True
21.17,7,92.371883,True
20.2,5,92.375784,True
20.2,5,92.379769,True
21.17,7,92.38628,True
20.68,7,92.392461,True
20.44,6,92.39714,True
20.2,5,92.40114,True
22.16,8,92.407849,True
20.2,5,92.412884,True
20.2,5,92.416407,True
22.4,9,92.424445,True
20.18,6,92.429011,True
21.19,6,92.434533,True
20.44,6,92.439535,True
21.19,6,92.444412,True
21.43,7,92.450417,True
21.19,6,92.454944,True
21.19,6,92.460388,True
20.2,5,92.464911,True
21.43,7,92.46991,True
20.2,5,92.474781,True
21.17,7,92.480805,True
20.2,5,92.484317,True
21.19,6,92.489332,True
21.43,7,92.495212,True
21.43,7,92.500743,True
20.44,6,92.506269,True
21.19,6,92.511718,True
21.43,7,92.517397,True
21.19,6,92.522084,True
20.2,5,92.526672,True
20.2,5,92.529789,True
21.19,6,92.535459,True
22.4,9,92.543281,True
22.16,8,92.549814,True
20.2,5,92.554814,True
20.44,6,92.559326,True
22.16,8,92.565593,True
21.19,6,92.571109,True
21.19,6,92.575938,True
20.2,5,92.580463,True
20.42,7,92.586468,True
-11.55,5,92.591065,False
21.19,6,92.596126,True
20.2,5,92.600125,True
20.2,5,92.603792,True
22.16,8,92.6106,True
20.44,6,92.616681,True
20.2,5,92.620858,True
20.2,5,92.624945,True
20.2,5,92.628384,True
20.44,6,92.634821,True
20.2,5,92.638821,True
21.67,8,92.645606,True
20.44,6,92.650366,True
20.44,6,92.654888,True
22.16,8,92.661283,True
20.2,5,92.666795,True
20.44,6,92.670795,True
20.2,5,92.675074,True
20.2,5,92.680395,True
20.2,5,92.6839,True
20.44,6,92.688419,True
21.19,6,92.694441,True
20.2,5,92.698533,True
20.2,5,92.702535,True
21.17,7,92.708215,True
21.19,6,92.712521,True
20.2,5,92.717196,True
20.2,5,92.720866,True
21.19,6,92.726751,True
22.16,8,92.73175,True
20.44,6,92.738027,True
20.66,8,92.744362,True
21.19,6,92.749581,True
21.19,6,92.754585,True
20.44,6,92.759349,True
21.43,7,92.765344,True
20.44,6,92.769878,True
20.2,5,92.77387,True
-11.34,8,92.781148,False
21.19,6,92.786155,True
20.44,6,92.790681,True
20.44,6,92.795438,True
20.44,6,92.800963,True
20.44,6,92.805963,True
21.19,6,92.810692,True
21.43,7,92.816691,True
22.4,9,92.823737,True
20.44,6,92.827965,True
20.2,5,92.833491,True
20.2,5,92.837491,True
21.19,6,92.842265,True
20.2,5,92.846254,True
22.16,8,92.852777,True
20.44,6,92.857777,True
21.19,6,92.863543,True
20.68,7,92.868542,True
21.19,6,92.874068,True
20.2,5,92.878356,True
21.19,6,92.883222,True
20.2,5,92.887423,True
20.2,5,92.891623,True
20.44,6,92.896758,True
21.39,9,92.90429,True
20.68,7,92.910012,True
20.2,5,92.914536,True
20.2,5,92.918536,True
20.44,6,92.923578,True
20.2,5,92.926911,True
21.43,7,92.932911,True
20.44,6,92.938008,True
21.19,6,92.943781,True
21.19,6,92.948779,True
20.2,5,92.952785,True
20.44,6,92.957301,True
21.17,7,92.963534,True
22.16,8,92.970053,True
21.19,6,92.975066,True
21.19,6,92.979836,True
22.16,8,92.986358,True
21.41,8,92.993222,True
21.43,7,92.999259,True
21.19,6,93.385692,True
21.19,6,93.392311,True
21.19,6,93.397827,True
21.41,8,93.405859,True
20.44,6,93.41239,True
20.2,5,93.416439,True
21.43,7,93.42295,True
21.19,6,93.430138,True
21.43,7,93.436009,True
20.2,5,93.442016,True
-10.8,5,93.446968,False
21.19,6,93.45297,True
21.19,6,93.458867,True
20.2,5,93.463866,True
20.44,6,93.469373,True
20.44,6,93.475868,True
21.43,7,93.483984,True
21.19,6,93.491489,True
21.19,6,93.498559,True
21.43,7,93.506064,True
20.2,5,93.510892,True
20.44,6,93.516891,True
21.19,6,93.523901,True
20.2,5,93.529731,True
20.2,5,93.535257,True
21.43,7,93.54317,True
21.19,6,93.550674,True
21.19,6,93.557179,True
20.2,5,93.563034,True
21.19,6,93.570034,True
22.16,8,93.577146,True
21.19,6,93.584167,True
22.4,9,93.592985,True
20.44,6,93.598995,True
21.41,8,93.606515,True
22.18,7,93.612931,True
21.41,8,93.619445,True
20.2,5,93.623445,True
21.41,9,93.630727,True
21.19,6,93.635246,True
22.14,9,93.643017,True
20.2,5,93.647539,True
21.19,6,93.652539,True
20.44,6,93.65706,True
21.19,6,93.662898,True
20.2,5,93.666417,True
21.19,6,93.671421,True
20.44,6,93.676267,True
22.17,8,93.682802,True
20.44,6,93.688324,True
21.19,6,93.693581,True
21.19,6,93.698097,True
20.2,5,93.701621,True
20.2,5,93.706623,True
21.41,8,93.712976,True
21.19,6,93.717976,True
20.2,5,93.721498,True
21.43,7,93.727327,True
20.2,5,93.731851,True
21.19,6,93.736851,True
22.18,7,93.743258,True
22.16,8,93.749304,True
20.19,6,93.754318,True
22.41,9,93.761746,True
20.44,6,93.766746,True
21.19,6,93.771272,True
21.19,6,93.775664,True
20.44,6,93.780709,True
20.44,6,93.785723,True
21.19,6,93.789742,True
20.2,5,93.79417,True
22.39,10,93.802701,True
21.43,7,93.807701,True
21.19,6,93.812511,True
22.16,8,93.819786,True
21.19,6,93.824314,True
21.19,6,93.828606,True
21.17,7,93.835107,True
20.41,9,93.84399,True
20.2,5,93.847524,True
20.44,6,93.852513,True
21.19,6,93.857036,True
20.2,5,93.861434,True
21.19,6,93.866961,True
21.17,7,93.87296,True
21.19,6,93.877365,True
20.2,5,93.881897,True
20.2,5,93.886406,True
21.19,6,93.89142,True
20.2,5,93.895783,True
22.4,9,93.902305,True
21.19,6,93.907336,True
21.19,6,93.91258,True
21.19,6,93.918085,True
22.16,8,93.924904,True
20.44,6,93.928914,True
22.4,9,93.936445,True
21.43,7,93.942687,True
20.2,5,93.9462,True
21.19,6,93.951206,True
21.42,8,93.957718,True
22.4,9,93.964948,True
22.4,9,93.973469,True
21.43,7,93.979233,True
20.44,6,93.983758,True
21.19,6,93.989284,True
21.43,7,93.99469,True
22.4,9,94.001749,True
21.19,6,94.006749,True
21.19,6,94.011484,True
20.2,5,94.015484,True
20.2,5,94.019997,True
22.16,8,94.026823,True
20.2,5,94.03134,True
20.2,5,94.035341,True
22.64,10,94.043576,True
21.19,6,94.048574,True
21.19,6,94.053106,True
20.2,5,94.057106,True
21.19,6,94.06186,True
-10.81,6,94.066864,False
20.2,5,94.070864,True
21.19,6,94.076608,True
21.19,6,94.081123,True
21.19,6,94.086187,True
20.44,6,94.090696,True
20.2,5,94.095461,True
21.19,6,94.100457,True
20.2,5,94.103983,True
20.44,6,94.109724,True
20.2,5,94.113233,True
20.44,6,94.118247,True
20.2,5,94.122247,True
22.4,9,94.130302,True
22.4,9,94.138269,True
20.2,5,94.142503,True
20.2,5,94.146038,True
21.19,6,94.151037,True
20.2,5,94.155564,True
21.19,6,94.159792,True
21.19,6,94.165301,True
20.2,5,94.169305,True
21.41,8,94.176605,True
22.4,9,94.184133,True
-9.4,14,94.196484,False
20.2,5,94.2,True
22.4,9,94.207545,True
-11.79,4,94.210913,False
20.2,5,94.215913,True
20.67,8,94.221437,True
20.44,6,94.226955,True
20.44,6,94.231998,True
20.2,5,94.235526,True
22.16,8,94.242277,True
20.2,5,94.246785,True
21.19,6,94.251322,True
22.16,8,94.258546,True
20.2,5,94.26256,True
21.19,6,94.26756,True
21.43,7,94.273088,True
20.2,5,94.277306,True
21.41,8,94.67342,True
20.2,5,94.678118,True
20.2,5,94.682118,True
21.19,6,94.688155,True
20.2,5,94.693612,True
21.19,6,94.700621,True
20.2,5,94.706624,True
20.2,5,94.711467,True
20.2,5,94.717974,True
20.2,5,94.722987,True
21.19,6,94.730381,True
21.19,6,94.737886,True
20.44,6,94.744309,True
21.41,8,94.75432,True
-10.81,6,94.760779,False
21.43,7,94.767779,True
21.19,6,94.775723,True
20.2,5,94.781924,True
21.19,6,94.788449,True
20.2,5,94.794385,True
20.44,6,94.801893,True
-10.81,6,94.808815,False
22.16,8,94.818324,True
22.16,8,94.827226,True
20.2,5,94.833155,True
21.19,6,94.840662,True
21.19,6,94.847568,True
20.2,5,94.853069,True
20.2,5,94.858452,True
21.19,6,94.865969,True
20.44,6,94.872052,True
21.43,7,94.878234,True
21.19,6,94.88391,True
21.41,8,94.891433,True
21.19,6,94.897309,True
21.43,7,94.902834,True
20.2,5,94.908359,True
20.44,6,94.913617,True
21.19,6,94.919138,True
21.19,6,94.925445,True
-10.8,5,94.929981,False
20.44,6,94.935491,True
20.68,7,94.941811,True
21.41,8,94.94785,True
20.2,5,94.952863,True
20.2,5,94.957398,True
20.2,5,94.961694,True
20.44,6,94.966694,True
-10.8,5,94.971213,False
20.2,5,94.975213,True
21.43,7,94.981019,True
21.43,7,94.987548,True
20.2,5,94.992371,True
21.41,8,94.999391,True
20.2,5,95.002902,True
21.19,6,95.00882,True
20.2,5,95.01237,True
20.2,5,95.017362,True
20.2,5,95.020881,True
20.2,5,95.024895,True
20.44,6,95.029709,True
21.19,6,95.036236,True
21.43,7,95.454041,True
21.19,6,95.459323,True
20.44,6,95.464415,True
20.2,5,95.468332,True
20.2,5,95.473842,True
20.2,5,95.47823,True
21.17,7,95.484753,True
20.2,5,95.489259,True
21.17,7,95.494771,True
21.19,6,95.499775,True
20.2,5,95.504293,True
22.38,10,95.512867,True
21.19,6,95.517859,True
20.2,5,95.522361,True
20.2,5,95.526575,True
20.44,6,95.531827,True
22.16,8,95.538339,True
20.2,5,95.542727,True
21.19,6,95.547735,True
21.43,7,95.553257,True
21.43,7,95.557778,True
20.2,5,95.562602,True
22.4,9,95.570112,True
20.66,8,95.577435,True
20.2,5,95.580961,True
21.19,6,95.585966,True
20.44,6,95.590999,True
20.44,6,95.596341,True
21.17,7,95.601859,True
20.42,7,95.608252,True
20.19,6,95.612771,True
21.19,6,95.617772,True
20.2,5,95.621783,True
21.18,7,95.628123,True
20.2,5,95.632171,True
22.4,9,95.639695,True
22.16,8,95.646052,True
21.17,7,95.652069,True
21.43,7,95.658073,True
20.44,6,95.664081,True
21.19,6,95.669081,True
21.19,6,95.673597,True
20.2,5,95.677907,True
22.16,8,95.684433,True
20.2,5,95.687932,True
20.2,5,95.693219,True
21.19,6,95.698218,True
21.41,8,95.704969,True
22.18,7,95.710975,True
21.43,7,95.716498,True
21.19,6,95.7225,True
22.16,8,95.729368,True
21.43,7,95.734802,True
21.19,6,95.740806,True
21.43,7,95.746789,True
20.2,5,95.750784,True
22.16,8,95.758255,True
20.2,5,95.762276,True
20.2,5,95.766273,True
20.2,5,95.770792,True
20.2,5,95.774791,True
20.2,5,95.778615,True
20.68,7,95.784864,True
21.43,7,95.790903,True
22.16,8,95.797701,True
20.44,6,95.802712,True
20.2,5,95.80723,True
22.18,7,95.813533,True
21.19,6,95.819038,True
20.68,7,95.825038,True
-11.79,4,95.828019,False
20.44,6,95.833539,True
21.19,6,95.838545,True
21.43,7,95.844868,True
21.43,7,95.850873,True
21.17,7,95.856923,True
21.17,7,95.862299,True
22.16,8,95.868823,True
21.19,6,95.872823,True
20.2,5,95.878689,True
20.2,5,95.882942,True
20.44,6,95.886648,True
20.2,5,95.892313,True
20.42,7,95.897833,True
20.2,5,95.901353,True
20.2,5,95.905353,True
21.43,7,95.912249,True
21.19,6,95.917248,True
20.2,5,95.920771,True
20.2,5,95.924771,True
20.44,6,95.930561,True
21.43,7,95.936085,True
22.16,9,95.943909,True
20.2,5,95.947435,True
22.16,8,95.954948,True
20.2,5,95.958306,True
20.2,5,95.962849,True
21.41,8,95.969851,True
20.2,5,95.973372,True
22.4,9,95.981217,True
20.2,5,95.985232,True
20.2,5,95.989231,True
21.19,6,95.994057,True
21.43,7,96.000054,True
20.2,5,96.00456,True
22.17,8,96.400487,True
21.19,6,96.407546,True
20.68,7,96.416139,True
21.19,6,96.422139,True
20.2,5,96.427282,True
21.19,6,96.432282,True
20.44,6,96.438794,True
21.19,6,96.44436,True
20.44,6,96.451062,True
21.19,6,96.458109,True
20.2,5,96.463631,True
20.2,5,96.470136,True
20.2,5,96.475428,True
20.2,5,96.481431,True
20.2,5,96.486937,True
21.43,7,96.493528,True
20.44,6,96.500032,True
20.44,6,96.507477,True
20.2,5,96.512854,True
22.4,9,96.52336,True
20.2,5,96.528728,True
22.4,9,96.539235,True
20.2,5,96.544716,True
-10.56,6,96.551225,False
21.17,7,96.557225,True
20.68,7,96.565406,True
21.19,6,96.572414,True
20.2,5,96.577967,True
20.2,5,96.583472,True
20.44,6,96.588471,True
20.44,6,96.595943,True
20.44,6,96.601475,True
20.2,5,96.606474,True
20.2,5,96.611285,True
20.2,5,96.61529,True
21.19,6,96.621325,True
22.16,8,96.628675,True
21.19,6,96.634196,True
20.44,6,96.640197,True
21.43,7,96.647032,True
20.44,6,96.652552,True
21.19,6,96.657759,True
20.2,5,96.662052,True
20.2,5,96.666069,True
22.16,8,96.672069,True
20.2,5,96.676949,True
20.44,6,96.681947,True
20.2,5,96.687631,True
21.19,6,96.692322,True
20.2,5,96.696357,True
20.2,5,96.701115,True
20.44,6,96.705668,True
22.18,7,96.712187,True
-9.61,11,96.720778,False
21.19,6,96.726143,True
20.2,5,96.730157,True
21.19,6,96.735151,True
20.2,5,96.739675,True
20.2,5,96.74416,True
20.2,5,96.74855,True
21.19,6,96.753552,True
21.19,6,96.758908,True
20.2,5,96.762897,True
21.43,7,96.769104,True
21.19,6,96.774103,True
21.43,7,96.780625,True
22.16,8,96.786625,True
20.2,5,96.791143,True
20.2,5,96.794912,True
22.16,8,96.801447,True
21.19,6,96.806448,True
21.17,7,96.812456,True
20.44,6,96.817455,True
20.44,6,96.822026,True
20.2,5,96.827326,True
20.2,5,96.830841,True
21.19,6,96.836367,True
21.41,8,96.843239,True
20.2,5,96.847764,True
21.41,8,96.854289,True
20.68,7,96.860812,True
20.2,5,96.864857,True
-9.82,7,96.869859,False
21.19,6,96.875762,True
20.2,5,96.879755,True
22.4,10,96.888271,True
20.2,5,96.892545,True
21.17,7,96.898595,True
20.44,6,96.903595,True
20.68,7,96.909369,True
21.65,9,96.917407,True
21.19,6,96.922415,True
21.19,6,96.926702,True
20.44,6,96.932702,True
20.2,5,96.936226,True
22.16,8,96.942475,True
21.19,6,96.948504,True
20.2,5,96.95251,True
20.2,5,96.957036,True
20.2,5,96.961475,True
20.44,6,96.965471,True
21.19,6,96.970995,True
21.19,6,96.975756,True
21.17,7,96.982234,True
21.43,7,96.987746,True
21.19,6,96.992761,True
22.16,8,96.999799,True
20.2,5,97.003798,True
21.19,6,97.008315,True
20.68,7,97.014554,True
21.43,7,97.020101,True
21.43,7,97.026414,True
20.44,6,97.030936,True
20.2,5,97.034935,True
22.16,8,97.04182,True
21.17,7,97.048359,True
21.43,7,97.053885,True
21.19,6,97.059149,True
20.2,5,97.062676,True
21.17,7,97.069199,True
20.44,6,97.073722,True
20.2,5,97.077954,True
20.2,5,97.081465,True
20.2,5,97.086667,True
20.2,5,97.090666,True
20.44,6,97.095108,True
20.2,5,97.099644,True
20.2,5,97.104178,True
21.19,6,97.108177,True
21.19,6,97.113443,True
20.2,5,97.117448,True
22.16,8,97.123968,True
20.2,5,97.128211,True
20.2,5,97.132211,True
20.44,6,97.137738,True
20.44,6,97.142956,True
20.2,5,97.146484,True
21.41,8,97.153009,True
21.19,6,97.158532,True
20.42,8,97.165272,True
21.19,6,97.170289,True
20.44,6,97.174289,True
21.19,6,97.180022,True
21.19,6,97.18502,True
22.42,8,97.191544,True
21.43,7,97.197282,True
20.2,5,97.201286,True
20.2,5,97.205286,True
20.2,5,97.21003,True
21.41,8,97.216028,True
21.19,6,97.221071,True
21.19,6,97.22629,True
21.17,8,97.231816,True
-11.55,5,97.236975,False
22.16,8,97.243731,True
20.2,5,97.246738,True
21.19,6,97.252264,True
20.68,7,97.259103,True
20.2,5,97.26311,True
20.2,5,97.267635,True
20.44,6,97.272161,True
21.43,7,97.278398,True
20.2,5,97.281921,True
20.44,6,97.286921,True
21.43,7,97.292689,True
20.2,5,97.297195,True
20.2,5,97.300727,True
20.2,5,97.305732,True
22.18,7,97.718688,True
21.17,7,97.726135,True
20.2,5,97.73264,True
22.4,9,97.742582,True
20.2,5,97.748581,True
22.16,8,97.758086,True
21.19,6,97.766253,True
20.44,6,97.772757,True
20.44,6,97.779461,True
20.2,5,97.785967,True
20.44,6,97.792965,True
21.19,6,97.800479,True
20.44,6,97.806991,True
21.17,7,97.816055,True
21.19,6,97.823398,True
-11.55,5,97.828587,False
20.2,5,97.833587,True
20.44,6,97.839099,True
22.16,8,97.848613,True
20.2,5,97.854634,True
20.2,5,97.860277,True
20.2,5,97.864786,True
20.2,5,97.869797,True
20.2,5,97.8757,True
21.19,6,97.881781,True
20.2,5,97.886439,True
20.2,5,97.891806,True
20.44,6,97.898329,True
21.19,6,97.904837,True
22.41,9,97.913289,True
20.2,5,97.918806,True
20.44,6,97.924197,True
20.2,5,97.928739,True
20.44,6,97.934738,True
20.2,5,97.939256,True
22.18,7,97.94663,True
21.19,6,97.952668,True
20.2,5,97.956669,True
21.17,7,97.962747,True
20.2,5,97.967824,True
20.68,7,97.973494,True
21.43,7,97.978806,True
21.17,7,97.985357,True
20.2,5,97.989353,True
21.19,6,97.99423,True
20.2,5,97.998229,True
21.43,7,98.00357,True
21.19,6,98.008749,True
20.44,6,98.013867,True
20.44,6,98.018948,True
20.2,5,98.022537,True
22.4,9,98.030858,True
21.43,7,98.036383,True
22.16,8,98.043122,True
21.41,8,98.049791,True
21.19,6,98.054838,True
22.16,8,98.062068,True
20.2,5,98.065591,True
21.19,6,98.071112,True
20.2,5,98.074933,True
21.19,6,98.079941,True
21.17,7,98.086466,True
20.44,6,98.091469,True
20.2,5,98.095758,True
20.2,5,98.098773,True
21.19,6,98.104296,True
20.2,5,98.109062,True
20.44,6,98.113057,True
20.2,5,98.117582,True
20.2,5,98.121581,True
20.2,5,98.125803,True
21.19,6,98.131322,True
20.2,5,98.135322,True
21.19,6,98.140346,True
22.16,8,98.146636,True
20.2,5,98.151138,True
20.2,5,98.155676,True
21.19,6,98.161097,True
20.2,5,98.165138,True
20.2,5,98.169153,True
20.2,5,98.173151,True
20.2,5,98.177538,True
22.16,8,98.184539,True
21.19,6,98.189065,True
22.18,7,98.195411,True
20.2,5,98.198933,True
20.2,5,98.203456,True
21.19,6,98.207979,True
21.19,6,98.213193,True
20.44,6,98.218721,True
21.19,6,98.22372,True
20.2,5,98.227465,True
22.16,8,98.233997,True
21.41,8,98.240555,True
20.44,6,98.245813,True
20.44,6,98.250331,True
20.2,5,98.254853,True
21.19,6,98.259602,True
21.41,8,98.266598,True
20.2,5,98.270122,True
21.19,6,98.275867,True
20.2,5,98.280403,True
21.19,6,98.285399,True
21.19,6,98.289911,True
20.2,5,98.294179,True
20.2,5,98.298178,True
21.43,7,98.304221,True
22.4,9,98.311041,True
20.44,6,98.316046,True
20.44,6,98.321084,True
21.65,9,98.328323,True
20.44,6,98.333848,True
20.44,6,98.338388,True
20.2,5,98.342867,True
21.43,7,98.349078,True
20.44,6,98.353589,True
20.44,6,98.3588,True
20.2,5,98.362794,True
21.19,6,98.368317,True
21.43,7,98.374317,True
21.17,7,98.379568,True
20.2,5,98.383568,True
21.19,6,98.389106,True
20.2,5,98.393106,True
21.19,6,98.39763,True
21.19,6,98.403154,True
20.2,5,98.407452,True
21.41,8,98.414421,True
21.19,6,98.418954,True
20.44,6,98.423954,True
21.19,6,98.428712,True
20.44,6,98.433717,True
21.19,6,98.439235,True
21.43,7,98.444464,True
22.16,8,98.450994,True
21.19,6,98.456514,True
21.19,6,98.46128,True
21.42,8,98.46828,True
20.2,5,98.471806,True
22.16,8,98.47856,True
21.43,7,98.484086,True
20.2,5,98.489085,True
21.19,6,98.493819,True
21.19,6,98.499825,True
20.2,5,98.503388,True
21.19,6,98.508871,True
20.44,6,98.513429,True
20.2,5,98.517429,True
20.2,5,98.522468,True
22.16,8,98.529284,True
20.2,5,98.5328,True
20.44,6,98.537804,True
21.43,7,98.543943,True
20.44,6,98.548942,True
20.2,5,98.553458,True
21.43,7,98.558784,True
21.17,7,98.5643,True
20.2,5,98.568824,True
21.17,7,98.574662,True
20.68,7,98.58067,True
21.17,7,98.586192,True
20.2,5,98.590192,True
21.19,6,98.595064,True
22.18,7,98.601063,True
-10.82,7,98.607088,False
21.19,6,98.61294,True
20.44,6,98.617466,True
22.16,8,98.623991,True
21.43,7,99.026761,True
21.19,6,99.033759,True
21.19,6,99.040264,True
20.2,5,99.046222,True
21.41,8,99.055728,True
20.2,5,99.060678,True
20.2,5,99.065179,True
20.44,6,99.071186,True
20.44,6,99.07769,True
20.44,6,99.083208,True
20.2,5,99.088289,True
20.44,6,99.094494,True
20.2,5,99.099028,True
21.43,7,99.107045,True
20.2,5,99.11254,True
21.19,6,99.118059,True
21.19,6,99.124059,True
20.44,6,99.129656,True
20.2,5,99.134653,True
20.44,6,99.141617,True
-10.34,8,99.14915,False
20.2,5,99.155154,True
21.19,6,99.160351,True
22.42,8,99.168351,True
22.16,8,99.178753,True
22.4,9,99.189258,True
21.19,6,99.196156,True
21.19,6,99.202661,True
21.19,6,99.208568,True
20.44,6,99.214071,True
22.16,8,99.222074,True
21.41,8,99.229484,True
20.2,5,99.234516,True
21.43,7,99.241704,True
21.19,6,99.246749,True
20.44,6,99.25299,True
20.2,5,99.257251,True
20.44,6,99.261799,True
21.43,7,99.267474,True
20.2,5,99.271399,True
21.19,6,99.277176,True
20.44,6,99.281699,True
21.19,6,99.287222,True
21.15,8,99.293725,True
21.43,7,99.300245,True
22.4,9,99.308284,True
21.19,6,99.312658,True
22.16,8,99.31918,True
22.16,8,99.326053,True
20.2,5,99.330587,True
20.44,6,99.335588,True
21.19,6,99.339617,True
21.19,6,99.345465,True
20.2,5,99.348987,True
21.19,6,99.353987,True
21.19,6,99.358802,True
21.19,6,99.363801,True
21.19,6,99.369325,True
20.2,5,99.373324,True
21.19,6,99.378157,True
21.19,6,99.382679,True
20.2,5,99.386679,True
20.44,6,99.39155,True
21.19,6,99.396566,True
20.44,6,99.402085,True
21.19,6,99.406607,True
22.4,9,99.414493,True
20.2,5,99.418492,True
21.19,6,99.423522,True
21.19,6,99.428535,True
20.44,6,99.433057,True
-11.33,7,99.439058,False
21.41,8,99.446862,True
22.18,7,99.453382,True
20.2,5,99.456382,True
21.41,8,99.464739,True
20.2,5,99.468739,True
21.19,6,99.47495,True
20.2,5,99.478511,True
21.19,6,99.483511,True
20.2,5,99.488033,True
20.2,5,99.492326,True
22.16,8,99.498846,True
20.68,7,99.504845,True
21.19,6,99.510535,True
21.43,7,99.515534,True
20.2,5,99.520056,True
21.19,6,99.525056,True
21.19,6,99.529756,True
21.17,7,99.535928,True
21.67,8,99.542686,True
22.4,9,99.550364,True
20.2,5,99.554371,True
20.2,5,99.558358,True
20.44,6,99.562651,True
22.16,8,99.569956,True
21.17,7,99.575201,True
22.18,7,99.58172,True
21.19,6,99.58672,True
20.44,6,99.591242,True
21.19,6,99.596455,True
20.44,6,99.600984,True
20.2,5,99.605491,True
21.43,7,99.611251,True
20.2,5,99.61525,True
20.2,5,99.61925,True
20.2,5,99.623775,True
22.4,9,99.631032,True
20.2,5,99.635045,True
20.2,5,99.639045,True
20.44,6,99.643778,True
21.41,8,99.650777,True
20.2,5,99.654303,True
20.44,6,99.660061,True
20.2,5,99.663587,True
20.2,5,99.668584,True
22.18,7,99.674109,True
20.44,6,99.679328,True
20.2,5,99.683333,True
21.43,7,99.688859,True
20.66,8,99.695629,True
20.2,5,99.699621,True
21.43,7,99.705674,True
20.44,6,99.709929,True
21.41,8,99.717452,True
22.16,8,99.724341,True
21.43,7,99.729882,True
21.67,8,99.736406,True
22.4,9,99.743654,True
20.2,5,99.748177,True
21.19,6,99.753176,True
22.16,8,99.759475,True
21.19,6,99.76449,True
20.44,6,99.76981,True
21.43,7,99.776137,True
21.19,6,99.781174,True
22.17,8,99.78719,True
20.18,6,99.792996,True
20.2,5,99.797003,True
21.43,7,99.80353,True
20.2,5,99.807054,True
20.2,5,99.810844,True
21.19,6,99.815843,True
21.65,9,99.824862,True
21.19,6,99.829827,True
20.44,6,99.83435,True
20.44,6,99.839348,True
20.44,6,99.844595,True
21.43,7,99.850595,True
20.2,5,99.855117,True
20.44,6,99.859985,True
21.43,7,99.865521,True
21.19,6,99.87052,True
20.2,5,99.875066,True
20.2,5,99.879294,True
22.16,8,99.885822,True
21.19,6,99.890821,True
21.19,6,99.895574,True
21.19,6,99.900569,True
20.44,6,99.905094,True
20.2,5,99.909839,True
21.19,6,99.914351,True
-9.63,12,99.923887,False
-10.58,7,100.314777,False
20.44,6,100.322282,True
21.43,7,100.329086,True
20.2,5,100.333597,True
20.2,5,100.3396,True
21.19,6,100.346463,True
21.19,6,100.352969,True
22.4,9,100.360339,True
21.41,8,100.369845,True
21.43,7,100.377206,True
21.43,7,100.385711,True
21.19,6,100.391038,True
21.19,6,100.397556,True
20.2,5,100.401556,True
20.2,5,100.406061,True
20.44,6,100.411651,True
21.19,6,100.419156,True
21.43,7,100.42676,True
20.42,7,100.435261,True
21.19,6,100.442859,True
21.19,6,100.448364,True
22.42,8,100.456364,True
21.19,6,100.461977,True
20.44,6,100.467482,True
22.4,9,100.476088,True
22.16,8,100.484594,True
21.19,6,100.490101,True
21.19,6,100.4961,True
21.19,6,100.501605,True
21.19,6,100.506605,True
20.44,6,100.513056,True
22.64,10,100.522577,True
20.2,5,100.528017,True
21.19,6,100.53261,True
21.41,8,100.541665,True
22.4,9,100.549697,True
21.17,7,100.556216,True
20.44,6,100.562127,True
21.17,7,100.569135,True
20.2,5,100.573651,True
21.19,6,100.578083,True
21.19,6,100.583111,True
20.68,7,100.589194,True
21.65,9,100.597181,True
21.43,7,100.60218,True
21.19,6,100.607806,True
21.19,6,100.612688,True
20.2,5,100.616356,True
21.65,9,100.624813,True
20.2,5,100.629045,True
21.41,8,100.63509,True
21.43,7,100.641094,True
20.2,5,100.645851,True
22.16,8,100.652861,True
20.68,7,100.658799,True
20.44,6,100.66332,True
20.2,5,100.667849,True
21.43,7,100.672847,True
20.44,6,100.678282,True
21.41,8,100.68528,True
21.19,6,100.689806,True
20.44,6,100.694108,True
20.2,5,100.699636,True
20.2,5,100.703635,True
20.44,6,100.707635,True
21.43,7,100.714396,True
21.43,7,100.719914,True
21.17,7,100.725659,True
21.19,6,100.730175,True
-11.55,5,100.735179,False
20.2,5,100.739179,True
21.19,6,100.744112,True
21.19,6,100.749127,True
21.65,9,100.755652,True
20.68,7,100.762609,True
-11.55,5,100.766622,False
22.18,7,100.773149,True
20.2,5,100.777535,True
21.19,6,100.782535,True
21.19,6,100.787195,True
20.2,5,100.79149,True
-10.56,6,100.797029,False
20.2,5,100.801029,True
21.19,6,100.805555,True
21.19,6,100.81134,True
20.2,5,100.814864,True
20.2,5,100.818863,True
22.64,10,100.827621,True
-9.62,11,100.836669,False
21.19,6,100.840669,True
21.41,8,100.84743,True
20.2,5,100.85243,True
20.2,5,100.855947,True
20.2,5,100.860218,True
21.19,6,100.864743,True
20.44,6,100.870267,True
20.2,5,100.874267,True
20.2,5,100.879056,True
20.2,5,100.883564,True
22.17,8,100.890095,True
21.19,6,100.895428,True
20.2,5,100.898957,True
21.19,6,100.903955,True
20.44,6,100.908758,True
21.19,6,100.914274,True
20.2,5,100.918807,True
21.43,7,100.923806,True
21.19,6,100.928557,True
20.44,6,100.933561,True
20.18,7,100.939081,True
21.43,7,100.945304,True
20.2,5,100.94983,True
21.19,6,100.954836,True
21.43,7,100.960603,True
20.2,5,100.964123,True
21.19,6,100.969122,True
22.16,8,100.975864,True
21.17,7,100.981386,True
21.17,7,100.987414,True
20.2,5,100.991877,True
21.19,6,100.996896,True
21.19,6,101.001415,True
21.19,6,101.006419,True
20.44,6,101.012218,True
22.4,9,101.019217,True
21.19,6,101.024752,True
20.44,6,101.029745,True
21.15,9,101.037798,True
21.19,6,101.042583,True
20.2,5,101.047597,True
20.2,5,101.051597,True
21.41,8,101.058485,True
21.19,6,101.063484,True
21.19,6,101.068008,True
20.44,6,101.073008,True
21.43,7,101.078888,True
20.68,7,101.084932,True
20.2,5,101.088936,True
22.42,8,101.095817,True
20.2,5,101.100328,True
21.19,6,101.105333,True
21.19,6,101.110106,True
21.19,6,101.114633,True
22.16,8,101.121156,True
20.44,6,101.125891,True
22.17,8,101.133442,True
20.2,5,101.136964,True
22.16,8,101.14418,True
20.2,5,101.147703,True
21.19,6,101.152702,True
21.19,6,101.158138,True
20.68,7,101.163663,True
20.44,6,101.168204,True
20.2,5,101.172203,True
20.2,5,101.175972,True
21.19,6,101.181499,True
20.42,7,101.188009,True
22.42,8,101.194228,True
22.16,8,101.200753,True
20.44,6,101.205753,True
21.18,7,101.60497,True
21.19,6,101.611952,True
21.41,8,101.620961,True
22.16,8,101.630237,True
20.44,6,101.637244,True
21.43,7,101.645271,True
-10.82,6,101.652779,False
21.17,7,101.659922,True
22.16,8,101.668432,True
21.41,8,101.67801,True
21.17,7,101.686681,True
21.17,7,101.694437,True
22.16,8,101.703862,True
21.19,6,101.710514,True
20.2,5,101.71502,True
20.2,5,101.72002,True
21.17,7,101.727177,True
20.44,6,101.733695,True
20.2,5,101.739227,True
21.41,8,101.748436,True
21.65,9,101.758506,True
20.2,5,101.76352,True
21.19,6,101.769024,True
20.2,5,101.774024,True
20.2,5,101.78002,True
21.19,6,101.787032,True
20.2,5,101.792433,True
20.2,5,101.79894,True
20.42,7,101.806024,True
21.19,6,101.812006,True
21.41,8,101.819351,True
20.2,5,101.824365,True
20.2,5,101.828816,True
20.2,5,101.83385,True
20.2,5,101.837863,True
21.19,6,101.84367,True
21.19,6,101.849669,True
20.44,6,101.85519,True
20.44,6,101.860091,True
21.41,8,101.866615,True
20.44,6,102.295042,True
20.2,5,102.299049,True
20.44,6,102.304049,True
22.42,8,102.311809,True
20.44,6,102.316852,True
21.65,9,102.324871,True
21.19,6,102.329881,True
20.2,5,102.333881,True
21.19,6,102.339409,True
21.17,7,102.344915,True
21.19,6,102.35044,True
-11.55,5,102.354432,False
20.42,7,102.360973,True
21.19,6,102.365973,True
22.4,9,102.373019,True
21.19,6,102.377801,True
21.19,6,102.383332,True
20.44,6,102.38877,True
20.2,5,102.392055,True
21.41,8,102.398576,True
20.2,5,102.403574,True
21.43,7,102.409327,True
20.2,5,102.413321,True
21.19,6,102.418373,True
20.44,6,102.423388,True
22.18,7,102.428672,True
20.2,5,102.432688,True
21.19,6,102.437687,True
20.2,5,102.44243,True
20.2,5,102.446427,True
21.19,6,102.450917,True
22.4,9,102.459187,True
21.19,6,102.463714,True
22.4,9,102.47076,True
22.18,7,102.476994,True
21.41,8,102.483521,True
21.39,9,102.49105,True
22.16,8,102.497268,True
20.2,5,102.501786,True
21.19,6,102.506791,True
21.43,7,102.512722,True
20.2,5,102.517231,True
21.17,7,102.522763,True
22.18,7,102.529001,True
21.41,8,102.53552,True
21.19,6,102.540031,True
20.44,6,102.545537,True
21.19,6,102.550537,True
21.19,6,102.555059,True
21.41,8,102.562378,True
20.2,5,102.566891,True
22.16,8,102.573409,True
20.68,7,102.579867,True
20.42,7,102.585912,True
22.16,8,102.592447,True
21.19,6,102.596971,True
22.4,9,102.60397,True
20.44,6,102.609488,True
20.44,6,102.614486,True
21.19,6,102.619556,True
21.19,6,102.624877,True
21.19,6,102.629932,True
20.2,5,102.633932,True
20.44,6,102.639231,True
20.44,6,102.644611,True
21.19,6,102.649137,True
20.44,6,102.654132,True
21.19,6,102.658964,True
21.19,6,102.663962,True
21.43,7,102.669493,True
22.16,8,102.675867,True
21.17,7,102.682393,True
21.43,7,102.687392,True
21.19,6,102.692685,True
21.19,6,102.697681,True
20.2,5,102.702209,True
21.19,6,102.706209,True
20.44,6,102.711967,True
21.41,8,102.717966,True
21.43,7,102.72366,True
21.19,6,102.728894,True
21.19,6,102.734417,True
20.2,5,102.73794,True
20.2,5,102.74217,True
21.43,7,102.748165,True
21.19,6,102.752681,True
20.2,5,102.75668,True
20.2,5,102.760838,True
21.19,6,102.766361,True
21.19,6,102.770885,True
20.2,5,102.775743,True
21.19,6,102.780731,True
21.41,8,102.78678,True
20.2,5,102.792121,True
20.2,5,102.795642,True
20.2,5,102.799639,True
21.19,6,102.80517,True
21.19,6,102.810427,True
21.43,7,102.815951,True
20.2,5,102.819985,True
22.16,8,102.826752,True
21.19,6,102.831278,True
20.2,5,102.835799,True
22.16,8,102.843071,True
22.4,9,102.849596,True
20.2,5,102.854596,True
22.4,9,102.862363,True
20.2,5,102.865892,True
21.19,6,102.871416,True
22.42,8,102.877648,True
20.2,5,102.881648,True
21.19,6,102.887177,True
21.43,7,102.892913,True
21.19,6,102.898448,True
22.16,8,102.904454,True
21.43,7,102.910334,True
20.2,5,102.915329,True
22.38,10,102.922846,True
21.19,6,102.928786,True
20.44,6,102.933784,True
22.18,7,102.939314,True
20.2,5,103.324281,True
21.19,6,103.330702,True
20.2,5,103.3369,True
20.2,5,103.342874,True
21.19,6,103.349894,True
21.19,6,103.356049,True
21.19,6,103.362552,True
20.44,6,103.369066,True
22.4,10,103.378553,True
20.2,5,103.383547,True
20.2,5,103.39005,True
22.38,10,103.401584,True
20.68,7,103.409569,True
22.16,8,103.419073,True
-10.33,8,103.427051,False
21.17,7,103.435567,True
20.2,5,103.441083,True
21.19,6,103.446638,True
20.68,7,103.454149,True
20.2,5,103.459695,True
21.43,7,103.467206,True
22.4,10,103.479367,True
22.16,8,103.488374,True
22.18,7,103.496424,True
-10.58,8,103.505928,False
20.18,7,103.513988,True
21.41,9,103.523845,True
20.2,5,103.52826,True
21.19,6,103.534403,True
20.44,6,103.539924,True
20.68,7,103.546207,True
21.66,9,103.553207,True
21.43,7,103.558944,True
20.2,5,103.562944,True
20.44,6,103.568455,True
21.19,6,103.574327,True
21.41,9,103.581856,True
20.44,6,103.586856,True
22.17,8,103.592783,True
21.19,6,103.598308,True
21.19,6,103.603303,True
20.2,5,103.606303,True
20.2,5,103.611432,True
20.2,5,103.615433,True
20.44,6,103.620112,True
22.62,12,103.6307,True
-10.56,6,103.635441,False
21.17,8,103.642201,True
20.18,7,103.648196,True
21.19,6,103.65272,True
-9.38,12,103.663244,False
21.19,6,103.668245,True
21.43,7,103.674067,True
20.44,6,103.679341,True
20.44,6,103.683453,True
21.19,6,103.688454,True
20.66,8,103.695224,True
22.15,10,103.703745,True
21.19,6,103.708981,True
21.19,6,103.713503,True
20.68,7,103.719502,True
20.2,5,103.724026,True
22.4,9,103.731093,True
20.2,5,103.73462,True
22.14,10,103.743475,True
21.64,11,103.752479,True
21.19,6,103.7582,True
21.19,6,103.763701,True
21.41,9,103.770704,True
21.19,6,103.775468,True
22.14,11,103.785106,True
20.44,6,103.790701,True
20.68,7,103.796065,True
21.19,6,103.800591,True
20.42,8,103.807999,True
21.41,8,103.813552,True
21.41,9,103.821083,True
20.2,5,103.825874,True
20.68,7,103.831388,True
21.43,7,103.837229,True
21.19,6,103.84246,True
21.43,7,103.848455,True
20.42,8,103.854984,True
20.44,6,103.860205,True
21.17,7,103.86573,True
21.65,10,103.874258,True
21.19,6,103.879002,True
21.19,6,103.884009,True
21.19,6,103.889013,True
21.43,7,103.894779,True
22.4,9,103.901778,True
21.19,6,103.906305,True
22.38,11,103.916036,True
21.19,6,103.921036,True
21.19,6,103.926341,True
22.16,8,103.933104,True
21.41,8,103.939782,True
22.16,9,103.947551,True
20.2,5,103.951544,True
20.2,5,103.955546,True
20.44,6,103.961396,True
20.42,7,103.966978,True
22.4,10,103.974999,True
20.2,5,103.979278,True
21.43,7,103.984276,True
21.43,7,103.990675,True
-10.34,8,103.99741,False
20.2,5,104.001425,True
22.16,9,104.009166,True
22.4,10,104.017162,True
21.18,7,104.02319,True
21.17,7,104.028964,True
-11.33,8,104.034979,False
20.2,5,104.039231,True
22.39,10,104.047468,True
-11.33,8,104.054988,False
21.43,7,104.060792,True
22.38,11,104.070311,True
21.19,6,104.074325,True
20.2,5,104.079114,True
21.41,9,104.086146,True
21.19,6,104.091145,True
22.4,10,104.099403,True
20.68,7,104.104945,True
20.18,6,104.110184,True
20.44,6,104.115705,True
22.38,10,104.124209,True
21.17,8,104.130493,True
20.44,6,104.135805,True
21.42,8,104.142055,True
21.19,6,104.147445,True
21.65,9,104.15497,True
20.44,6,104.15975,True
20.44,6,104.164748,True
21.19,6,104.170273,True
22.4,9,104.178076,True
21.19,6,104.182599,True
20.68,7,104.189111,True
20.44,6,104.193771,True
20.2,5,104.198301,True
20.2,5,104.202305,True
20.2,5,104.206305,True
20.42,8,104.213574,True
20.2,5,104.217573,True
21.41,8,104.224466,True
20.68,7,104.603833,True
21.19,6,104.614728,True
21.65,9,104.624247,True
21.43,7,104.630262,True
20.2,5,104.636349,True
21.19,6,104.642864,True
22.36,12,104.654977,True
21.43,7,104.661122,True
21.19,6,104.668625,True
20.44,6,104.675307,True
22.4,9,104.68404,True
22.16,8,104.691219,True
20.44,6,104.696952,True
21.19,6,104.703135,True
22.16,8,104.711356,True
21.19,6,104.716354,True
20.44,6,104.722859,True
20.2,5,104.727362,True
21.19,6,104.732869,True
21.42,8,104.74087,True
21.19,6,104.747439,True
21.19,6,104.754946,True
21.43,7,104.76299,True
21.43,7,104.77099,True
21.43,7,104.778039,True
20.44,6,104.783047,True
20.44,6,104.789097,True
21.41,9,104.800165,True
20.42,8,104.808178,True
21.19,6,104.8132,True
21.19,6,104.818726,True
22.4,9,104.827547,True
21.17,7,104.834278,True
20.2,5,104.838814,True
20.2,5,104.84404,True
20.2,5,104.847552,True
22.17,8,104.85455,True
20.2,5,104.858328,True
20.2,5,104.862323,True
20.2,5,104.866836,True
20.44,6,104.87184,True
20.68,7,104.877599,True
20.44,6,104.882516,True
22.16,8,104.8898,True
21.19,6,104.893869,True
20.2,5,104.89839,True
-11.79,4,104.902393,False
22.16,9,104.909657,True
20.42,8,104.916656,True
21.43,7,104.922183,True
22.38,12,104.932599,True
22.4,10,104.94011,True
20.2,5,104.944361,True
22.4,10,104.953564,True
20.2,5,104.957562,True
21.43,7,104.96331,True
22.16,8,104.97031,True
20.42,8,104.977085,True
21.43,7,104.982612,True
21.43,7,104.988124,True
20.44,6,104.992895,True
21.19,6,104.997892,True
21.19,6,105.003419,True
21.43,7,105.008722,True
21.43,7,105.01424,True
21.19,6,105.019238,True
20.68,7,105.02496,True
-10.34,8,105.031478,False
21.41,8,105.038001,True
20.44,6,105.043592,True
21.19,6,105.049604,True
22.4,10,105.057839,True
20.68,7,105.064376,True
21.43,7,105.070392,True
21.65,10,105.07949,True
20.2,5,105.08402,True
20.42,8,105.090866,True
-9.64,14,105.102392,False
21.19,6,105.107912,True
21.67,8,105.115122,True
22.16,8,105.122625,True
21.65,10,105.132256,True
20.66,8,105.139484,True
21.41,9,105.147515,True
21.19,6,105.152517,True
20.44,6,105.158021,True
20.18,7,105.163708,True
21.19,6,105.169242,True
20.44,6,105.174242,True
20.68,7,105.179899,True
21.65,10,105.188425,True
21.66,9,105.197091,True
21.19,6,105.201617,True
20.2,5,105.205617,True
20.2,5,105.210714,True
20.2,5,105.214713,True
22.16,8,105.222225,True
22.4,9,105.229528,True
21.19,6,105.235049,True
-11.79,4,105.23805,False
21.43,7,105.245389,True
-11.54,4,105.248982,False
22.16,8,105.256062,True
21.19,6,105.260865,True
20.2,5,105.266308,True
21.43,7,105.27223,True
20.2,5,105.27687,True
21.43,7,105.283422,True
20.44,6,105.289156,True
21.19,6,105.29408,True
21.19,6,105.299874,True
21.43,7,105.307104,True
20.2,5,105.311574,True
22.4,9,105.3191,True
22.4,10,105.327215,True
21.19,6,105.332741,True
20.2,5,105.337256,True
21.41,9,105.344489,True
21.19,6,105.349692,True
21.19,6,105.355685,True
21.19,6,105.360372,True
20.44,6,105.365884,True
21.19,6,105.370898,True
21.19,6,105.375467,True
21.43,7,105.381989,True
20.2,5,105.38603,True
22.38,11,105.394941,True
22.64,11,105.405083,True
21.65,10,105.413656,True
20.2,5,105.416663,True
20.2,5,105.422189,True
20.2,5,105.425882,True
20.68,7,105.431958,True
20.18,7,105.437957,True
20.44,6,105.443024,True
20.2,5,105.446684,True
20.44,6,105.452209,True
21.19,6,105.456209,True
21.19,6,105.462173,True
20.44,6,105.466173,True
20.44,6,105.471695,True
21.41,8,105.478916,True
-10.34,9,105.485966,False
20.18,7,105.491932,True
21.19,6,105.496946,True
22.18,7,105.502464,True
20.2,5,105.506469,True
21.43,7,105.512208,True
20.2,5,105.516222,True
21.67,8,105.905588,True
21.43,7,105.912195,True
21.19,6,105.919702,True
22.14,10,105.930186,True
21.43,7,105.936702,True
21.19,6,105.942811,True
20.2,5,105.948815,True
21.39,10,105.959808,True
21.19,6,105.965328,True
21.19,6,105.970328,True
21.65,9,105.980326,True
21.19,6,105.985355,True
-11.31,6,105.991401,False
20.2,5,105.996931,True
20.44,6,106.00193,True
21.19,6,106.008873,True
21.19,6,106.014378,True
20.2,5,106.01938,True
20.2,5,106.024799,True
20.44,6,106.032319,True
21.41,8,106.040373,True
21.67,8,106.048205,True
20.2,5,106.053204,True
21.43,7,106.059172,True
22.38,11,106.069678,True
20.2,5,106.074677,True
22.18,7,106.08091,True
21.19,6,106.086838,True
20.44,6,106.092199,True
20.2,5,106.097706,True
21.43,7,106.104931,True
22.16,8,106.1125,True
20.2,5,106.117507,True
21.43,7,106.124182,True
20.2,5,106.129015,True
21.19,6,106.134537,True
21.43,7,106.141059,True
21.41,8,106.148078,True
20.2,5,106.152601,True
20.2,5,106.156595,True
22.16,8,106.163356,True
20.2,5,106.167355,True
20.44,6,106.171882,True
22.4,9,106.1801,True
21.19,6,106.184624,True
20.2,5,106.189146,True
22.42,8,106.195065,True
21.19,6,106.200576,True
21.41,9,106.207592,True
22.16,8,106.214327,True
20.44,6,106.219327,True
21.43,7,106.225068,True
21.43,7,106.230064,True
20.2,5,106.234593,True
21.41,9,106.241657,True
21.19,6,106.2469,True
20.44,6,106.251892,True
20.2,5,106.25641,True
21.17,7,106.26221,True
21.43,7,106.268225,True
22.16,8,106.273755,True
20.2,5,106.277982,True
20.2,5,106.281982,True
21.41,8,106.289038,True
21.43,7,106.294784,True
21.19,6,106.299782,True
21.43,7,106.305696,True
-10.58,8,106.312695,False
20.44,6,106.317223,True
20.2,5,106.322223,True
20.18,7,106.327965,True
20.2,5,106.332491,True
20.2,5,106.336023,True
21.19,6,106.341245,True
21.19,6,106.345756,True
22.16,8,106.353763,True
20.44,6,106.359124,True
20.44,6,106.364119,True
22.16,8,106.370646,True
21.19,6,106.374646,True
21.43,7,106.381419,True
21.19,6,106.386419,True
20.44,6,106.391463,True
-10.57,7,106.397223,False
20.44,6,106.401745,True
21.19,6,106.406808,True
20.2,5,106.410582,True
21.19,6,106.416579,True
21.19,6,106.421107,True
20.2,5,106.425413,True
21.19,6,106.430408,True
20.2,5,106.434455,True
22.16,8,106.441187,True
21.19,6,106.446202,True
21.19,6,106.451196,True
21.43,7,106.457369,True
20.44,6,106.462145,True
20.42,8,106.469159,True
21.19,6,106.473695,True
20.2,5,106.477923,True
20.44,6,106.482923,True
20.2,5,106.486969,True
21.17,8,106.493735,True
20.44,6,106.498739,True
20.2,5,106.502736,True
21.43,7,106.508531,True
20.2,5,106.512524,True
21.19,6,106.517701,True
20.68,7,106.524224,True
20.2,5,106.528014,True
20.2,5,106.532716,True
22.18,7,106.5377,True
21.41,9,106.545454,True
21.19,6,106.550458,True
20.2,5,106.553983,True
22.4,9,106.561742,True
21.19,6,106.567269,True
21.17,7,106.572269,True
20.2,5,106.577011,True
22.42,8,106.583008,True
20.2,5,106.587052,True
21.19,6,106.592279,True
22.16,9,106.5998,True
22.16,8,106.606322,True
21.41,8,106.61353,True
20.2,5,106.616529,True
20.2,5,106.622055,True
20.2,5,106.625554,True
20.2,5,106.630086,True
21.19,6,106.635607,True
22.16,8,106.641137,True
21.19,6,106.646399,True
20.66,8,106.653442,True
21.19,6,106.658869,True
21.19,6,106.663388,True
-11.55,5,106.667388,False
21.41,8,106.675134,True
21.19,6,106.67913,True
21.17,8,106.685656,True
21.43,7,106.692419,True
22.16,8,106.69894,True
20.2,5,106.702457,True
20.2,5,106.706461,True
21.19,6,106.710669,True
20.2,5,106.716195,True
20.2,5,106.720196,True
20.2,5,106.723713,True
20.44,6,106.728941,True
21.19,6,106.733455,True
21.43,7,106.739469,True
20.2,5,106.743731,True
22.4,9,106.751737,True
21.19,6,106.756241,True
21.43,7,106.762744,True
21.19,6,106.766745,True
21.41,8,106.774682,True
20.44,6,106.77922,True
21.19,6,106.784224,True
21.19,6,106.789275,True
21.19,6,106.794639,True
20.2,5,107.174482,True
21.19,6,107.181519,True
22.38,11,107.192139,True
22.16,9,107.200643,True
22.4,10,107.212121,True
20.44,6,107.218626,True
21.43,7,107.226103,True
21.19,6,107.233608,True
22.4,9,107.244179,True
21.19,6,107.250314,True
21.18,7,107.256821,True
20.44,6,107.262876,True
20.2,5,107.266876,True
20.2,5,107.27138,True
20.44,6,107.277729,True
22.16,9,107.285234,True
20.2,5,107.290238,True
21.19,6,107.297713,True
20.2,5,107.302718,True
22.16,8,107.312535,True
21.41,8,107.319535,True
-11.31,6,107.325515,False
21.19,6,107.333019,True
21.65,9,107.342669,True
21.41,8,107.352528,True
21.43,7,107.359545,True
21.43,7,107.368049,True
20.2,5,107.37356,True
21.19,6,107.379098,True
21.19,6,107.384614,True
20.2,5,107.388619,True
21.19,6,107.394581,True
21.19,6,107.399595,True
21.19,6,107.405812,True
20.2,5,107.410244,True
21.19,6,107.414244,True
21.43,7,107.42043,True
21.19,6,107.426276,True
20.44,6,107.430281,True
22.42,8,107.436799,True
21.19,6,107.441702,True
20.44,6,107.446908,True
22.16,8,107.453914,True
20.2,5,107.45742,True
20.42,8,107.464737,True
21.19,6,107.469254,True
20.2,5,107.473268,True
21.19,6,107.47855,True
20.68,7,107.484072,True
21.41,9,107.49122,True
21.67,8,107.498239,True
21.19,6,107.502764,True
21.19,6,107.507689,True
21.19,6,107.513237,True
22.4,9,107.520237,True
21.19,6,107.526165,True
21.43,7,107.53069,True
21.19,6,107.536724,True
20.42,8,107.543252,True
22.16,8,107.549257,True
21.19,6,107.554769,True
20.44,6,107.560205,True
20.2,5,107.56371,True
21.43,7,107.569717,True
20.2,5,107.574582,True
21.17,7,107.579606,True
21.43,7,107.585757,True
21.17,7,107.591644,True
21.39,10,107.599188,True
20.2,5,107.603905,True
21.19,6,107.608805,True
21.19,6,107.613799,True
20.2,5,107.618311,True
20.2,5,107.623311,True
21.43,7,107.630374,True
21.19,6,107.63537,True
21.19,6,107.641989,True
21.19,6,107.647652,True
20.2,5,107.652189,True
21.19,6,107.657189,True
21.19,6,107.662257,True
20.44,6,107.667253,True
21.19,6,107.672764,True
21.43,7,107.678153,True
21.65,9,107.685676,True
20.2,5,107.689676,True
20.2,5,107.693575,True
21.43,7,107.699358,True
21.19,6,107.70387,True
20.2,5,107.708294,True
21.19,6,107.713818,True
21.43,7,107.719818,True
22.16,8,107.725902,True
21.19,6,107.730901,True
22.4,10,107.738924,True
21.43,7,107.745547,True
21.19,6,107.750546,True
21.43,7,107.756058,True
21.19,6,107.761273,True
20.2,5,107.764867,True
20.44,6,107.769942,True
21.43,7,107.77622,True
21.19,6,107.781148,True
20.44,6,107.785675,True
20.2,5,107.789676,True
21.19,6,107.795092,True
21.43,7,107.801106,True
20.2,5,107.805888,True
20.2,5,107.809914,True
22.4,10,107.818426,True
22.16,8,107.824737,True
20.68,7,107.830285,True
20.66,8,107.837794,True
22.16,9,107.844815,True
20.2,5,107.849327,True
21.19,6,107.854141,True
20.68,7,107.860354,True
21.65,9,107.867937,True
22.4,9,107.875455,True
20.2,5,107.878968,True
21.19,6,107.885106,True
20.2,5,107.889463,True
21.19,6,107.894405,True
21.43,7,107.899567,True
20.2,5,107.904581,True
22.17,8,107.911105,True
21.43,7,107.917105,True
20.44,6,107.921632,True
21.19,6,107.927028,True
22.16,8,107.933551,True
20.68,7,107.939075,True
21.19,6,107.944646,True
20.44,6,107.949291,True
20.42,8,107.956395,True
21.19,6,107.961006,True
22.18,7,107.967518,True
22.16,9,107.975497,True
20.2,5,107.979496,True
21.19,6,107.984084,True
21.43,7,107.990163,True
20.2,5,107.994028,True
20.2,5,107.998034,True
22.4,9,108.005546,True
21.43,7,108.011108,True
21.41,9,108.018772,True
21.19,6,108.023778,True
21.19,6,108.028853,True
22.16,8,108.034853,True
20.68,7,108.042115,True
20.2,5,108.046137,True
20.44,6,108.05066,True
21.19,6,108.055656,True
-10.56,6,108.061602,False
21.19,6,108.065602,True
20.2,5,108.070115,True
22.16,9,108.078049,True
20.2,5,108.47071,True
20.44,6,108.477769,True
22.4,9,108.488273,True
20.2,5,108.494308,True
-10.8,5,108.500813,False
21.19,6,108.507832,True
21.19,6,108.512842,True
22.6,13,108.525802,True
21.19,6,108.53083,True
20.2,5,108.535832,True
20.2,5,108.54126,True
-9.82,7,108.547286,False
20.18,7,108.555381,True
21.19,6,108.561325,True
21.43,7,108.567324,True
-10.82,7,108.576315,False
21.19,6,108.582975,True
20.2,5,108.588896,True
21.65,10,108.600894,True
21.42,8,109.058729,True
20.44,6,109.064722,True
20.2,5,109.069236,True
21.19,6,109.074785,True
20.18,7,109.081346,True
21.17,7,109.086471,True
20.44,6,109.091988,True
20.44,6,109.096501,True
20.2,5,109.10102,True
20.2,5,109.105021,True
20.44,6,109.110531,True
20.2,5,109.115039,True
22.16,8,109.121565,True
20.44,6,109.126866,True
20.18,7,109.132391,True
20.44,6,109.137386,True
21.17,7,109.14326,True
20.2,5,109.147275,True
21.19,6,109.1528,True
20.2,5,109.156498,True
22.16,8,109.163516,True
21.19,6,109.168514,True
21.19,6,109.173035,True
21.39,10,109.181428,True
20.44,6,109.186954,True
20.44,6,109.192333,True
22.16,9,109.199376,True
21.42,8,109.20662,True
21.43,7,109.211928,True
20.2,5,109.21645,True
21.43,7,109.221451,True
21.15,9,109.230147,True
21.17,7,109.235673,True
20.2,5,109.23967,True
21.19,6,109.244441,True
20.44,6,109.249481,True
20.2,5,109.254183,True
21.43,7,109.260002,True
22.16,8,109.266518,True
21.19,6,109.271522,True
21.43,7,109.277442,True
21.19,6,109.282442,True
21.19,6,109.286951,True
20.2,5,109.291348,True
21.66,9,109.298111,True
-10.82,7,109.304124,False
21.43,7,109.310434,True
20.2,5,109.314434,True
21.19,6,109.318943,True
22.4,10,109.32733,True
21.19,6,109.33185,True
21.19,6,109.33685,True
20.2,5,109.341434,True
21.19,6,109.346012,True
20.2,5,109.35024,True
22.18,7,109.355775,True
21.17,7,109.361909,True
20.44,6,109.366431,True
21.43,7,109.372431,True
20.44,6,109.377403,True
21.19,6,109.382402,True
21.19,6,109.386924,True
21.19,6,109.392288,True
20.2,5,109.396312,True
21.41,9,109.403325,True
21.19,6,109.408871,True
22.16,8,109.414871,True
22.4,9,109.422394,True
20.44,6,109.427744,True
21.17,7,109.434267,True
20.2,5,109.438262,True
22.16,8,109.444626,True
21.19,6,109.450159,True
20.2,5,109.454789,True
20.2,5,109.458096,True
22.4,9,109.466626,True
21.19,6,109.471142,True
22.36,14,109.483047,True
20.2,5,109.487047,True
21.41,9,109.494571,True
22.4,9,109.502435,True
20.2,5,109.506439,True
20.2,5,109.5107,True
20.44,6,109.515225,True
21.17,8,109.522735,True
22.16,9,109.53043,True
20.2,5,109.534443,True
22.64,10,109.542329,True
20.44,6,109.547626,True
21.19,6,109.552626,True
22.16,8,109.558502,True
21.19,6,109.563517,True
20.2,5,109.568041,True
22.16,8,109.574385,True
21.17,7,109.580921,True
21.19,6,109.585921,True
21.19,6,109.590811,True
22.18,7,109.596826,True
21.19,6,109.601351,True
20.18,7,109.606351,True
21.19,6,109.611929,True
22.64,10,109.62045,True
22.4,9,109.627919,True
-10.56,6,109.632444,False
21.19,6,109.637443,True
20.44,6,109.643432,True
21.67,8,109.648951,True
20.42,8,109.656512,True
21.43,7,109.662597,True
20.2,5,109.666602,True
20.2,5,109.670601,True
21.19,6,109.675497,True
21.19,6,109.680497,True
22.42,8,109.68702,True
21.19,6,109.692401,True
20.44,6,109.697437,True
21.19,6,109.702257,True
22.16,8,109.708137,True
20.2,5,109.71315,True
20.2,5,109.716671,True
21.43,7,109.722671,True
21.19,6,109.727556,True
21.43,7,109.733556,True
21.19,6,109.73808,True
21.65,9,109.745465,True
21.41,9,109.752709,True
21.19,6,109.757586,True
21.19,6,109.762599,True
20.2,5,109.767123,True
20.44,6,109.772124,True
20.44,6,109.77701,True
20.44,6,109.782015,True
21.41,9,109.788535,True
22.16,8,109.795903,True
20.2,5,109.800837,True
21.19,6,110.192041,True
20.44,6,110.197545,True
20.2,5,110.204051,True
20.2,5,110.208998,True
20.2,5,110.214997,True
-10.8,5,110.220502,False
21.19,6,110.226947,True
20.2,5,110.233453,True
21.43,7,110.241468,True
20.44,6,110.247969,True
20.44,6,110.254981,True
21.41,8,110.262103,True
22.4,9,110.270606,True
21.43,7,110.277656,True
21.41,8,110.28716,True
21.19,6,110.294206,True
20.68,7,110.302206,True
21.19,6,110.30817,True
20.2,5,110.313688,True
22.16,8,110.322194,True
20.2,5,110.327636,True
21.17,7,110.335143,True
21.43,7,110.342512,True
-11.79,4,110.348019,False
21.17,7,110.356231,True
21.19,6,110.362831,True
21.19,6,110.369845,True
21.17,7,110.377473,True
21.43,7,110.384976,True
20.2,5,110.389989,True
-11.57,7,110.396854,False
20.2,5,110.400853,True
20.2,5,110.405859,True
20.68,7,110.412234,True
22.38,10,110.421761,True
22.14,11,110.432291,True
22.18,7,110.438813,True
22.16,9,110.446044,True
21.19,6,110.45109,True
21.17,7,110.45709,True
21.43,7,110.462868,True
21.43,7,110.469385,True
22.16,8,110.475608,True
21.19,6,110.480132,True
22.16,8,110.487132,True
-11.81,6,110.491865,False
20.44,6,110.496865,True
20.2,5,110.501386,True
20.2,5,110.505905,True
21.19,6,110.510793,True
21.19,6,110.515797,True
20.2,5,110.519797,True
20.2,5,110.523318,True
-10.83,7,110.529677,False
20.44,6,110.534201,True
21.43,7,110.5402,True
21.66,9,110.548074,True
21.19,6,110.553104,True
22.42,8,110.559118,True
20.2,5,110.563628,True
21.19,6,110.568156,True
21.19,6,110.573161,True
20.2,5,110.577473,True
21.41,8,110.583473,True
21.19,6,110.588997,True
20.44,6,110.59438,True
20.44,6,110.5989,True
20.67,8,110.605926,True
20.44,6,110.611327,True
21.17,7,110.616852,True
21.43,7,110.622865,True
20.44,6,110.628649,True
20.2,5,110.632645,True
20.2,5,110.636644,True
20.2,5,110.641826,True
21.41,8,110.648418,True
21.19,6,110.653092,True
22.17,8,110.660048,True
21.19,6,110.664573,True
20.2,5,110.668574,True
21.17,8,110.67505,True
22.16,8,110.681568,True
21.43,7,110.687567,True
20.2,5,110.691451,True
21.43,7,110.697451,True
20.2,5,110.701976,True
20.44,6,110.706843,True
20.2,5,110.709858,True
22.14,10,110.719381,True
22.18,7,110.72426,True
20.2,5,110.728798,True
20.44,6,110.734321,True
21.43,7,110.739321,True
20.2,5,110.743209,True
20.2,5,110.748213,True
21.43,7,110.753247,True
21.19,6,110.758626,True
-10.56,6,110.763626,False
20.2,5,110.767146,True
20.2,5,110.771146,True
21.19,6,110.776474,True
20.44,6,110.781473,True
20.2,5,110.785994,True
21.19,6,110.789994,True
21.19,6,110.795875,True
21.19,6,110.799875,True
20.2,5,110.803874,True
22.16,8,110.810769,True
21.19,6,110.816284,True
20.2,5,110.819804,True
20.42,8,110.827027,True
20.2,5,110.832023,True
20.2,5,110.836023,True
21.19,6,110.840956,True
22.16,8,110.847979,True
21.43,7,110.85302,True
20.43,7,110.85987,True
20.2,5,110.863874,True
21.19,6,110.868399,True
21.17,7,110.874333,True
20.42,7,110.881861,True
22.12,12,110.894216,True
-11.79,4,110.898203,False
20.2,5,110.90321,True
20.42,7,110.911191,True
21.19,6,110.91619,True
21.43,7,110.923712,True
21.19,6,110.929158,True
20.2,5,110.934153,True
21.19,6,110.939327,True
20.2,5,110.943694,True
21.19,6,110.949217,True
-10.82,7,110.95631,False
20.2,5,110.960771,True
21.19,6,110.967841,True
21.19,6,110.973152,True
22.4,10,110.983115,True
20.2,5,110.988837,True
20.68,7,110.995851,True
21.42,8,111.003373,True
20.44,6,111.00902,True
21.19,6,111.015527,True
22.16,8,111.022046,True
21.43,7,111.029046,True
22.12,12,111.040569,True
21.19,6,111.046375,True
21.41,8,111.053409,True
-11.57,6,111.058662,False
21.19,6,111.063663,True
21.43,7,111.0697,True
20.68,7,111.075561,True
20.44,6,111.08069,True
21.19,6,111.08469,True
21.65,9,111.093212,True
21.19,6,111.097718,True
20.44,6,111.102718,True
21.19,6,111.108095,True
21.41,9,111.115617,True
21.17,8,111.514421,True
20.2,5,111.519424,True
20.44,6,111.524999,True
20.44,6,111.531517,True
20.2,5,111.536021,True
21.19,6,111.541532,True
21.19,6,111.548582,True
20.2,5,111.554086,True
22.4,9,111.565116,True
21.39,11,111.577558,True
20.2,5,111.583562,True
20.68,7,111.59145,True
21.19,6,111.59745,True
21.19,6,111.602957,True
21.43,7,111.610961,True
20.2,5,111.616961,True
22.4,9,111.627468,True
20.2,5,111.63348,True
20.2,5,111.638479,True
22.41,9,111.648947,True
20.66,8,111.658,True
21.43,7,111.665031,True
21.19,6,111.67103,True
20.44,6,111.67816,True
22.16,8,111.687677,True
21.19,6,111.694642,True
21.19,6,111.701641,True
20.44,6,111.70868,True
20.44,6,111.715198,True
21.64,10,111.724574,True
21.19,6,111.730683,True
21.19,6,111.736126,True
21.43,7,111.74252,True
22.16,8,111.750041,True
20.2,5,111.754556,True
20.2,5,111.759537,True
21.43,7,111.766046,True
21.19,6,111.771056,True
20.2,5,111.775686,True
21.19,6,111.780915,True
20.2,5,111.784914,True
20.2,5,111.788432,True
20.2,5,111.79305,True
22.4,9,111.800568,True
21.19,6,111.805568,True
21.19,6,111.810215,True
21.19,6,111.815215,True
22.4,10,111.824329,True
22.4,9,111.83221,True
20.42,7,111.837893,True
21.19,6,111.843273,True
21.19,6,111.848271,True
21.43,7,111.854248,True
20.2,5,111.857606,True
21.19,6,111.863143,True
20.2,5,111.866666,True
20.44,6,111.872103,True
21.43,7,111.877988,True
21.41,8,111.884507,True
20.2,5,111.88851,True
20.2,5,111.893484,True
20.44,6,111.897484,True
21.19,6,111.902993,True
20.44,6,111.908427,True
21.19,6,111.911948,True
20.44,6,111.917472,True
22.16,8,111.924587,True
22.4,9,111.932136,True
21.19,6,111.937346,True
21.19,6,111.941952,True
22.4,10,111.950514,True
21.19,6,111.955417,True
20.2,5,111.960794,True
20.68,7,111.966799,True
20.2,5,111.970326,True
20.18,7,111.976641,True
21.19,6,111.981163,True
21.19,6,111.986162,True
21.17,7,111.992068,True
20.2,5,111.996067,True
22.4,9,112.003593,True
21.19,6,112.0082,True
20.2,5,112.012755,True
20.44,6,112.017753,True
21.43,7,112.022794,True
21.19,6,112.028442,True
21.19,6,112.032953,True
21.41,8,112.039953,True
22.16,8,112.047446,True
20.2,5,112.051445,True
21.19,6,112.056454,True
21.17,7,112.062413,True
-10.32,7,112.067409,False
21.43,7,112.074422,True
21.19,6,112.079346,True
20.2,5,112.082865,True
20.44,6,112.087869,True
20.2,5,112.091187,True
21.19,6,112.096714,True
21.19,6,112.101715,True
21.19,6,112.107585,True
21.19,6,112.112134,True
20.44,6,112.116968,True
21.19,6,112.121982,True
20.2,5,112.126275,True
22.16,8,112.132798,True
22.16,8,112.139324,True
22.16,9,112.14685,True
21.43,7,112.152845,True
20.2,5,112.15686,True
21.19,6,112.161983,True
20.44,6,112.167504,True
20.2,5,112.171512,True
21.19,6,112.177395,True
20.42,8,112.183403,True
21.19,6,112.188923,True
20.2,5,112.192307,True
21.19,6,112.197833,True
21.19,6,112.202832,True
20.44,6,112.207344,True
21.43,7,112.213165,True
20.2,5,112.217676,True
20.2,5,112.220689,True
20.2,5,112.22492,True
20.68,7,112.230441,True
20.44,6,112.23544,True
-11.56,6,112.239965,False
20.2,5,112.244179,True
20.2,5,112.248709,True
20.2,5,112.253293,True
21.43,7,112.258823,True
21.19,6,112.263348,True
21.19,6,112.268348,True
22.16,9,112.27614,True
21.19,6,112.280659,True
21.19,6,112.285658,True
21.43,7,112.291402,True
22.16,8,112.298396,True
21.19,6,112.303911,True
21.19,6,112.308305,True
21.41,8,112.314982,True
20.44,6,112.319981,True
21.19,6,112.324783,True
21.19,6,112.329778,True
20.44,6,112.33483,True
20.2,5,112.338834,True
21.19,6,112.343559,True
22.4,9,112.351076,True
21.19,6,112.355799,True
21.19,6,112.360543,True
21.43,7,112.366067,True
20.2,5,112.371067,True
21.18,7,112.376287,True
21.19,6,112.38081,True
20.2,5,112.385337,True
20.2,5,112.389333,True
21.19,6,112.39355,True
20.2,5,112.398075,True
20.2,5,112.402075,True
21.19,6,112.4066,True
22.16,9,112.414369,True
22.4,9,112.798649,True
21.19,6,112.805154,True
21.19,6,112.812824,True
20.44,6,112.818354,True
20.42,8,112.826262,True
20.42,7,112.83277,True
21.41,9,112.841681,True
20.44,6,112.847809,True
20.44,6,112.85381,True
22.4,9,112.862114,True
20.2,5,112.867635,True
20.2,5,112.871635,True
21.19,6,112.877738,True
20.44,6,112.883255,True
22.4,9,112.892741,True
20.44,6,112.898253,True
21.17,7,112.906256,True
21.19,6,112.911861,True
21.19,6,112.918868,True
-10.34,8,112.928753,False
21.41,8,112.938258,True
21.41,8,112.947096,True
-10.65,14,112.962101,False
22.16,8,112.971611,True
21.17,7,112.979009,True
21.19,6,112.985515,True
20.44,6,112.991605,True
20.68,7,112.998624,True
21.43,7,113.005146,True
22.16,8,113.011943,True
22.65,10,113.021489,True
22.18,7,113.028261,True
21.19,6,113.034784,True
21.15,10,113.043048,True
20.44,6,113.047062,True
21.43,7,113.053572,True
21.19,6,113.058097,True
20.2,5,113.062105,True
22.16,8,113.068138,True
21.17,7,113.074156,True
20.44,6,113.079365,True
22.16,9,113.08689,True
20.2,5,113.090889,True
21.41,8,113.097622,True
22.38,10,113.105616,True
21.19,6,113.110296,True
20.68,7,113.1158,True
21.19,6,113.121305,True
21.17,8,113.127508,True
20.2,5,113.131508,True
20.2,5,113.136544,True
21.19,6,113.141903,True
22.16,8,113.14843,True
21.19,6,113.152424,True
21.41,8,113.159691,True
21.19,6,113.164201,True
21.19,6,113.169214,True
22.16,8,113.175953,True
20.2,5,113.179478,True
20.2,5,113.184986,True
20.2,5,113.189003,True
20.44,6,113.194004,True
21.19,6,113.19853,True
20.44,6,113.203529,True
21.43,7,113.209412,True
21.19,6,113.214413,True
22.4,9,113.220928,True
22.16,8,113.227311,True
20.2,5,113.232316,True
20.2,5,113.236316,True
22.39,10,113.244189,True
21.19,6,113.250191,True
-11.59,9,113.257193,False
20.2,5,113.262541,True
22.16,8,113.26854,True
20.44,6,113.274081,True
20.2,5,113.277503,True
20.2,5,113.281503,True
20.2,5,113.286026,True
21.43,7,113.291579,True
22.64,10,113.29962,True
21.15,9,113.30714,True
21.19,6,113.312402,True
22.4,9,113.319925,True
22.16,8,113.326768,True
21.19,6,113.331769,True
20.2,5,113.335295,True
21.17,7,113.341288,True
21.19,6,113.345949,True
20.44,6,113.350948,True
20.18,7,113.356499,True
22.4,9,113.364751,True
21.17,8,113.370765,True
20.2,5,113.373765,True
22.16,8,113.38102,True
21.43,7,113.387547,True
21.19,6,113.391748,True
21.19,6,113.397267,True
20.2,5,113.401267,True
21.19,6,113.406266,True
21.17,7,113.411973,True
21.19,6,113.416488,True
22.16,8,113.422502,True
20.68,7,113.428738,True
21.41,9,113.435738,True
21.19,6,113.441451,True
20.44,6,113.446465,True
22.4,9,113.453975,True
22.16,8,113.459737,True
22.16,9,113.467751,True
21.17,7,113.472793,True
-11.57,7,113.478518,False
21.17,7,113.484533,True
21.43,7,113.490057,True
21.43,7,113.496256,True
22.16,8,113.502779,True
22.16,8,113.50949,True
20.2,5,113.513505,True
20.2,5,113.517504,True
22.16,8,113.523029,True
21.19,6,113.528811,True
20.44,6,113.533328,True
20.2,5,113.537328,True
20.44,6,113.543428,True
21.19,6,113.547427,True
21.43,7,113.552952,True
20.2,5,113.557293,True
20.2,5,113.561364,True
-10.33,8,113.568363,False
21.65,9,113.576193,True
20.2,5,113.580712,True
21.19,6,113.584716,True
21.19,6,113.589715,True
21.43,7,113.59594,True
22.16,8,113.60246,True
21.41,9,113.609261,True
-11.79,4,113.613261,False
21.19,6,113.617787,True
22.16,9,113.625573,True
20.44,6,113.630588,True
21.19,6,113.636102,True
21.41,9,113.642895,True
21.17,7,113.649426,True
21.43,7,113.65443,True
22.18,7,113.660663,True
20.44,6,113.66519,True
21.19,6,113.670699,True
20.42,7,113.676227,True
20.2,5,113.680753,True
21.43,7,113.685749,True
20.2,5,114.065379,True
22.16,8,114.073829,True
20.2,5,114.078202,True
21.19,6,114.083708,True
21.41,9,114.093691,True
20.2,5,114.100195,True
20.2,5,114.105195,True
21.19,6,114.113047,True
22.64,10,114.124615,True
20.44,6,114.13063,True
20.42,8,114.140135,True
20.44,6,114.145023,True
21.41,8,114.153527,True
21.41,9,114.164674,True
21.19,6,114.17018,True
21.43,7,114.177178,True
21.41,8,114.184683,True
22.18,7,114.191121,True
20.2,5,114.196121,True
21.19,6,114.202638,True
21.19,6,114.208062,True
21.19,6,114.215584,True
22.14,9,114.225558,True
21.19,6,114.233569,True
21.19,6,114.240432,True
20.2,5,114.245952,True
22.18,7,114.253459,True
20.2,5,114.260235,True
20.44,6,114.266255,True
21.19,6,114.272256,True
20.2,5,114.276601,True
20.2,5,114.281601,True
21.42,8,114.289122,True
20.44,6,114.29502,True
20.2,5,114.299019,True
21.19,6,114.304831,True
21.43,7,114.310854,True
20.2,5,114.316377,True
20.2,5,114.320377,True
22.4,9,114.328744,True
22.4,9,114.335749,True
21.17,7,114.341947,True
21.43,7,114.34766,True
22.16,8,114.353661,True
22.16,8,114.35992,True
20.2,5,114.364444,True
21.19,6,114.368968,True
20.2,5,114.372968,True
21.19,6,114.378711,True
20.2,5,114.382711,True
20.2,5,114.386711,True
20.2,5,114.390234,True
20.44,6,114.395449,True
20.2,5,114.399976,True
22.38,11,114.408682,True
21.17,8,114.415697,True
20.2,5,114.419207,True
20.44,6,114.424427,True
20.2,5,114.428938,True
22.16,9,114.435467,True
21.43,7,114.440992,True
20.2,5,114.446192,True
21.19,6,114.450711,True
21.43,7,114.456715,True
22.38,11,114.465005,True
20.2,5,114.469004,True
21.17,8,114.475437,True
20.44,6,114.480437,True
21.41,8,114.487474,True
21.19,6,114.492685,True
20.44,6,114.497208,True
21.19,6,114.502208,True
21.43,7,114.507927,True
20.44,6,114.513419,True
20.2,5,114.517368,True
21.19,6,114.522376,True
20.2,5,114.527342,True
21.19,6,114.531867,True
21.43,7,114.537391,True
20.2,5,114.542182,True
21.19,6,114.546692,True
21.43,7,114.552227,True
20.68,7,114.558514,True
21.43,7,114.564512,True
20.2,5,114.568558,True
22.4,10,114.576806,True
21.17,7,114.582856,True
20.2,5,114.58686,True
21.19,6,114.591602,True
21.19,6,114.596597,True
21.19,6,114.601119,True
20.42,8,114.60832,True
21.19,6,114.612845,True
20.2,5,114.616846,True
21.19,6,114.621367,True
22.14,10,114.629614,True
20.2,5,114.63463,True
21.19,6,114.638628,True
21.41,8,114.645902,True
22.16,8,114.652419,True
21.19,6,114.657654,True
22.4,9,114.664688,True
22.4,9,114.672225,True
21.19,6,114.677443,True
22.64,10,114.684976,True
21.41,9,114.692744,True
20.44,6,114.697742,True
21.19,6,114.702254,True
21.19,6,114.707268,True
21.19,6,114.712991,True
21.43,7,114.717999,True
22.42,8,114.72481,True
22.16,8,114.732333,True
21.19,6,114.736844,True
21.42,8,114.743811,True
21.41,9,114.750907,True
21.43,7,114.757027,True
20.44,6,114.762326,True
20.2,5,114.765854,True
20.44,6,114.770853,True
21.19,6,114.776116,True
21.19,6,114.781113,True
22.17,8,114.787647,True
20.2,5,114.792654,True
20.2,5,114.796165,True
21.17,7,114.802179,True
20.18,7,114.807919,True
20.2,5,114.812918,True
21.19,6,114.817917,True
20.44,6,114.823619,True
20.44,6,114.827636,True
22.4,9,114.836214,True
21.41,9,114.842466,True
20.2,5,114.847522,True
20.44,6,114.852522,True
20.2,5,114.856658,True
21.19,6,114.860906,True
20.2,5,114.865408,True
21.19,6,114.870415,True
21.19,6,114.875688,True
22.62,11,114.884229,True
20.4,10,114.892961,True
22.16,8,114.899169,True
22.16,8,114.906168,True
21.41,8,114.912373,True
-9.61,11,114.92135,False
21.41,8,114.928078,True
21.19,6,114.933596,True
20.44,6,114.937595,True
22.18,7,114.9446,True
20.2,5,114.948598,True
20.2,5,114.952122,True
20.2,5,114.956354,True
21.19,6,114.961241,True
21.19,6,115.374809,True
22.42,8,115.860527,True
21.43,7,115.866534,True
21.19,6,115.871548,True
21.43,7,115.877554,True
21.43,7,115.883596,True
21.17,8,115.891518,True
22.41,9,115.899031,True
22.4,9,115.906551,True
21.43,7,115.911551,True
21.19,6,115.917087,True
20.2,5,115.92108,True
20.2,5,115.925606,True
21.19,6,115.92961,True
21.19,6,115.93565,True
21.42,8,115.941969,True
21.19,6,115.947481,True
20.2,5,115.951485,True
22.18,7,115.958339,True
20.44,6,115.963334,True
20.44,6,115.967845,True
20.2,5,115.971392,True
21.67,8,115.979103,True
20.44,6,115.984107,True
21.41,9,115.991952,True
21.19,6,115.996952,True
20.2,5,116.000475,True
22.64,10,116.008935,True
21.19,6,116.013461,True
21.65,9,116.020978,True
21.43,7,116.027348,True
20.2,5,116.031872,True
22.4,9,116.039389,True
21.19,6,116.044286,True
21.19,6,116.048797,True
21.19,6,116.054335,True
21.41,8,116.060821,True
21.19,6,116.066344,True
20.2,5,116.069854,True
22.14,11,116.079637,True
22.18,7,116.08568,True
21.17,7,116.091053,True
20.44,6,116.096575,True
21.19,6,116.101569,True
20.2,5,116.106081,True
21.17,7,116.112619,True
20.2,5,116.116145,True
20.44,6,116.121144,True
21.43,7,116.126903,True
21.19,6,116.131909,True
20.68,7,116.13696,True
20.44,6,116.142169,True
20.44,6,116.147417,True
20.44,6,116.152573,True
22.16,8,116.159372,True
21.19,6,116.164371,True
20.44,6,116.168899,True
21.41,8,116.175746,True
20.2,5,116.180265,True
21.39,10,116.187774,True
21.19,6,116.19371,True
21.19,6,116.197716,True
20.68,7,116.204242,True
20.2,5,116.208532,True
20.44,6,116.214038,True
20.2,5,116.218038,True
21.43,7,116.223997,True
21.43,7,116.23053,True
22.4,9,116.237068,True
22.4,9,116.244328,True
20.2,5,116.248328,True
20.2,5,116.252365,True
22.37,12,116.263317,True
21.43,7,116.269323,True
20.2,5,116.273927,True
21.17,7,116.27895,True
20.44,6,116.284475,True
20.44,6,116.289475,True
20.44,6,116.294844,True
22.42,8,116.300859,True
20.2,5,116.305374,True
21.43,7,116.311673,True
21.19,6,116.317197,True
20.2,5,116.321196,True
21.19,6,116.325419,True
20.44,6,116.331351,True
22.42,8,116.337415,True
20.2,5,116.341407,True
20.2,5,116.344572,True
22.41,9,116.353097,True
20.44,6,116.358363,True
21.19,6,116.363361,True
-10.57,7,116.368886,False
21.43,7,116.374635,True
20.2,5,116.37914,True
21.19,6,116.383836,True
21.43,7,116.389836,True
21.43,7,116.39535,True
22.16,9,116.402875,True
21.19,6,116.408593,True
21.41,8,116.415128,True
21.19,6,116.420128,True
21.43,7,116.425873,True
20.44,6,116.430869,True
21.43,7,116.436902,True
21.19,6,116.441932,True
21.43,7,116.446946,True
20.44,6,116.451471,True
20.44,6,116.457,True
20.2,5,116.461218,True
20.44,6,116.465743,True
20.44,6,116.470743,True
21.19,6,116.475477,True
21.19,6,116.480477,True
20.2,5,116.48452,True
20.2,5,116.488528,True
21.43,7,116.49424,True
21.19,6,116.498253,True
22.38,11,116.506784,True
21.17,8,116.513727,True
21.19,6,116.519251,True
20.2,5,116.523251,True
21.19,6,116.528511,True
20.68,7,116.533515,True
20.2,5,116.538193,True
20.44,6,116.543415,True
21.17,7,116.548939,True
22.16,8,116.554939,True
22.38,10,116.563185,True
22.4,9,116.570708,True
20.2,5,116.574925,True
20.68,7,116.580666,True
21.19,6,116.586666,True
21.43,7,116.592269,True
20.2,5,116.597268,True
21.67,8,116.603791,True
21.19,6,116.608715,True
22.4,9,116.615729,True
20.2,5,116.620255,True
21.42,8,116.626648,True
-10.57,7,116.63317,False
21.43,7,116.638695,True
20.44,6,116.643503,True
20.44,6,116.648504,True
20.44,6,116.653024,True
21.43,7,116.659019,True
20.68,7,116.66505,True
21.42,8,116.671051,True
21.19,6,116.676764,True
20.44,6,116.682269,True
21.19,6,116.686791,True
21.19,6,116.692636,True
-10.56,6,116.697635,False
20.2,5,116.700635,True
21.43,7,116.707498,True
21.41,8,117.098227,True
21.19,6,117.105735,True
22.38,10,117.115626,True
21.67,8,117.122633,True
21.65,9,117.133283,True
21.43,7,117.141814,True
21.19,6,117.148814,True
20.2,5,117.154824,True
20.2,5,117.160324,True
22.64,10,117.172331,True
22.38,10,117.181221,True
21.17,8,117.190126,True
21.19,6,117.196644,True
21.17,7,117.205655,True
20.2,5,117.211067,True
20.18,7,117.219571,True
20.2,5,117.22457,True
20.2,5,117.230572,True
20.44,6,117.238076,True
21.43,7,117.24409,True
20.44,6,117.250594,True
20.44,6,117.25654,True
21.19,6,117.262599,True
20.2,5,117.267102,True
21.19,6,117.274606,True
21.19,6,117.280516,True
20.68,7,117.288018,True
22.18,7,117.295023,True
20.2,5,117.299546,True
20.2,5,117.304547,True
22.17,8,117.311426,True
21.19,6,117.317426,True
21.41,8,117.325285,True
21.19,6,117.330808,True
22.16,8,117.337808,True
20.2,5,117.34312,True
21.19,6,117.34812,True
20.2,5,117.351632,True
22.42,8,117.358439,True
20.2,5,117.362475,True
22.4,9,117.369981,True
21.67,8,117.377248,True
21.17,7,117.383758,True
21.19,6,117.388269,True
21.19,6,117.394016,True
20.44,6,117.3991,True
21.43,7,117.403771,True
22.38,11,117.412979,True
21.39,9,117.420491,True
21.19,6,117.425845,True
22.18,7,117.432357,True
20.2,5,117.436357,True
20.44,6,117.441374,True
21.19,6,117.445885,True
21.19,6,117.451396,True
21.19,6,117.456133,True
21.19,6,117.461966,True
21.19,6,117.466482,True
21.19,6,117.471483,True
22.4,9,117.479285,True
21.19,6,117.484285,True
20.44,6,117.488797,True
21.19,6,117.494087,True
20.2,5,117.498132,True
20.44,6,117.503141,True
21.19,6,117.508934,True
22.4,9,117.515941,True
20.2,5,117.520452,True
21.43,7,117.525747,True
21.43,7,117.532289,True
21.41,9,117.540365,True
21.43,7,117.546168,True
21.19,6,117.551691,True
21.19,6,117.555696,True
21.19,6,117.560638,True
21.19,6,117.566154,True
20.2,5,117.570155,True
21.19,6,117.575061,True
21.17,7,117.581181,True
22.4,9,117.588707,True
21.43,7,117.594178,True
21.19,6,117.599179,True
20.2,5,117.603684,True
21.43,7,117.608987,True
21.43,7,117.614491,True
21.19,6,117.619497,True
21.19,6,117.624792,True
20.19,6,117.629798,True
-10.57,7,117.636309,False
21.18,7,117.641592,True
20.44,6,117.647103,True
22.4,9,117.654615,True
20.2,5,117.658437,True
21.43,7,117.664422,True
21.43,7,117.670438,True
21.19,6,117.674752,True
21.19,6,117.680362,True
21.18,7,117.686362,True
21.19,6,117.691164,True
21.19,6,117.696164,True
21.41,9,117.704186,True
-11.81,6,117.709006,False
20.4,9,117.717012,True
20.44,6,117.721524,True
21.19,6,117.726912,True
22.4,9,117.734424,True
20.2,5,117.738424,True
21.41,8,117.745837,True
21.19,6,117.750882,True
21.65,9,117.75834,True
21.67,8,117.763852,True
20.2,5,117.769363,True
20.44,6,117.77418,True
20.2,5,117.778688,True
21.19,6,117.783206,True
21.19,6,117.789212,True
20.2,5,117.792974,True
20.18,7,117.798499,True
21.19,6,117.804012,True
21.19,6,117.809312,True
21.19,6,117.81383,True
20.2,5,117.81783,True
21.19,6,117.823847,True
21.65,10,117.831144,True
-10.8,5,117.835651,False
20.44,6,117.840651,True
21.19,6,117.845962,True
21.19,6,117.851475,True
21.65,9,117.858313,True
21.19,6,117.863313,True
21.67,8,117.869824,True
21.43,7,117.875622,True
21.19,6,117.881147,True
21.19,6,117.886147,True
20.2,5,117.890164,True
21.19,6,117.895458,True
22.16,8,117.901969,True
21.65,9,117.910266,True
20.2,5,117.914271,True
21.19,6,117.918782,True
21.19,6,117.923797,True
21.19,6,117.929533,True
21.17,7,117.935539,True
21.19,6,117.940043,True
20.66,8,117.947346,True
20.2,5,117.951057,True
20.2,5,117.955064,True
21.19,6,117.960871,True
21.17,7,117.966877,True
21.19,6,117.9719,True
20.2,5,117.9759,True
22.4,9,117.983921,True
21.19,6,117.988921,True
21.43,7,117.993961,True
21.43,7,117.999473,True
21.43,7,118.394966,True
21.19,6,118.401469,True
20.2,5,118.406996,True
21.43,7,118.415519,True
20.2,5,118.421021,True
21.19,6,118.428538,True
20.2,5,118.434292,True
20.44,6,118.440941,True
20.68,7,118.449044,True
20.2,5,118.45305,True
22.4,9,118.461463,True
21.43,7,118.470968,True
20.2,5,118.476139,True
20.44,6,118.482809,True
22.4,9,118.494061,True
20.44,6,118.500565,True
20.44,6,118.507571,True
20.44,6,118.513572,True
20.2,5,118.519079,True
20.2,5,118.523571,True
20.44,6,118.531037,True
21.19,6,118.537686,True
21.19,6,118.544757,True
21.19,6,118.551766,True
21.43,7,118.560316,True
22.4,9,118.570327,True
21.19,6,118.576964,True
22.16,8,118.584971,True
21.19,6,118.591055,True
22.38,10,118.601494,True
21.67,8,118.608054,True
20.2,5,118.61357,True
20.68,7,118.619571,True
21.19,6,118.624349,True
22.16,8,118.630873,True
22.4,9,118.638868,True
20.2,5,118.64267,True
21.19,6,118.647669,True
20.2,5,118.652197,True
20.2,5,118.656211,True
20.44,6,118.660966,True
-10.59,9,118.66898,False
21.19,6,118.673862,True
21.41,8,118.680391,True
21.19,6,118.684923,True
21.17,7,118.691315,True
21.19,6,118.695838,True
20.2,5,118.699836,True
22.16,8,118.706879,True
21.41,8,118.713246,True
20.2,5,118.717757,True
20.2,5,118.721757,True
21.39,9,118.729334,True
21.19,6,118.734334,True
21.19,6,118.738845,True
21.43,7,118.745796,True
21.19,6,118.750796,True
21.19,6,118.755813,True
20.2,5,118.759465,True
22.64,11,118.768225,True
21.19,6,118.773225,True
22.14,9,118.781682,True
22.15,9,118.789315,True
20.44,6,118.794634,True
-11.8,5,118.798157,False
21.43,7,118.804151,True
22.64,10,118.812343,True
20.44,6,118.816343,True
21.19,6,118.822865,True
21.43,7,118.828334,True
21.43,7,118.833857,True
20.2,5,118.838857,True
22.41,9,118.846244,True
20.2,5,118.850755,True
21.43,7,118.856869,True
21.43,7,118.862772,True
22.16,8,118.869489,True
21.19,6,118.874347,True
21.43,7,118.880365,True
22.4,9,118.888091,True
21.66,9,118.894987,True
21.17,8,118.90199,True
20.2,5,118.906193,True
21.65,9,118.913653,True
20.44,6,118.919158,True
20.2,5,118.923504,True
22.4,9,118.93196,True
22.4,9,118.94049,True
21.41,8,118.947554,True
21.41,8,118.954078,True
20.44,6,118.959926,True
22.16,8,118.967163,True
20.68,7,118.972166,True
20.2,5,118.976472,True
20.44,6,118.982474,True
22.4,9,118.990154,True
-11.33,7,118.995943,False
21.17,7,119.002466,True
-10.8,5,119.006845,False
20.2,5,119.010401,True
22.16,9,119.018398,True
20.44,6,119.023279,True
22.18,7,119.029299,True
20.44,6,119.034055,True
21.19,6,119.039053,True
20.2,5,119.043612,True
22.16,8,119.049612,True
20.44,6,119.055635,True
22.16,8,119.061677,True
20.2,5,119.06577,True
21.43,7,119.070769,True
22.16,8,119.078748,True
22.16,8,119.08526,True
20.44,6,119.089911,True
21.19,6,119.095716,True
22.18,7,119.100713,True
21.43,7,119.107579,True
20.44,6,119.112567,True
22.14,9,119.119091,True
20.2,5,119.124086,True
21.19,6,119.128615,True
21.17,7,119.134615,True
21.19,6,119.140126,True
21.19,6,119.144659,True
20.44,6,119.149323,True
20.2,5,119.154376,True
21.19,6,119.158997,True
21.19,6,119.163916,True
21.19,6,119.168989,True
21.41,8,119.175305,True
21.19,6,119.180561,True
20.2,5,119.183794,True
22.4,9,119.191717,True
21.67,8,119.197717,True
20.44,6,119.202243,True
20.2,5,119.206243,True
20.68,7,119.212335,True
21.19,6,119.217331,True
20.2,5,119.221842,True
-10.8,5,119.226324,False
22.16,8,119.232845,True
20.2,5,119.236845,True
21.43,7,119.242261,True
21.43,7,119.248252,True
21.19,6,119.253765,True
20.44,6,119.258685,True
20.2,5,119.263013,True
21.19,6,119.268019,True
20.2,5,119.27202,True
22.4,9,119.280068,True
20.2,5,119.284751,True
21.19,6,119.289751,True
21.19,6,119.294391,True
22.4,9,119.301406,True
20.2,5,119.304918,True
20.2,5,119.701611,True
21.19,6,119.707609,True
22.4,9,119.716148,True
20.2,5,119.721148,True
21.19,6,119.727003,True
21.17,7,119.734517,True
20.68,7,119.742013,True
20.68,7,119.748532,True
20.44,6,119.756044,True
21.43,7,119.762468,True
21.43,7,119.770983,True
22.16,8,119.779137,True
20.44,6,119.785641,True
21.19,6,119.791168,True
21.17,7,119.798673,True
21.19,6,119.803673,True
21.43,7,119.810135,True
20.2,5,119.816138,True
21.43,7,119.82265,True
20.2,5,119.827727,True
21.19,6,119.834729,True
20.68,7,119.842642,True
21.43,7,119.850146,True
21.19,6,119.856146,True
21.19,6,119.861534,True
21.19,6,119.867534,True
20.2,5,119.872039,True
20.44,6,119.878494,True
22.14,10,119.891006,True
20.2,5,119.895507,True
20.2,5,119.900152,True
22.38,10,119.909636,True
21.43,7,119.916716,True
21.19,6,119.922232,True
21.17,7,119.928649,True
21.19,6,119.93481,True
20.44,6,119.940297,True
21.43,7,119.947845,True
22.16,8,119.954359,True
20.2,5,119.95873,True
22.4,9,119.965397,True
20.68,7,119.971441,True
21.43,7,119.977306,True
21.19,6,119.982305,True
20.2,5,119.985895,True
-11.56,6,119.991755,False
20.2,5,119.995274,True
21.19,6,119.999979,True
20.44,6,120.005515,True
22.18,7,120.010733,True
21.19,6,120.016267,True
21.17,7,120.022259,True
21.43,7,120.027985,True
21.19,6,120.03299,True
20.2,5,120.036511,True
20.2,5,120.04073,True
20.44,6,120.045727,True
21.19,6,120.050249,True
21.19,6,120.055249,True
21.43,7,120.060971,True
21.19,6,120.066673,True
21.19,6,120.071194,True
20.44,6,120.075402,True
21.19,6,120.080935,True
22.16,8,120.088441,True
20.2,5,120.092347,True
20.68,7,120.098475,True
20.2,5,120.10248,True
21.43,7,120.108263,True
21.19,6,120.114276,True
20.2,5,120.117277,True
20.2,5,120.121802,True
21.43,7,120.128336,True
21.19,6,120.133428,True
-11.31,6,120.138435,False
20.2,5,120.143359,True
21.43,7,120.148358,True
20.44,6,120.153883,True
20.44,6,120.158966,True
20.2,5,120.162488,True
22.38,10,120.171004,True
20.18,7,120.176363,True
21.41,8,120.182889,True
21.19,6,120.188395,True
20.44,6,120.193287,True
22.4,9,120.200286,True
21.39,9,120.208179,True
21.19,6,120.212695,True
21.19,6,120.2177,True
20.44,6,120.2227,True
20.2,5,120.226428,True
22.16,8,120.232939,True
21.17,7,120.238954,True
20.2,5,120.243309,True
21.19,6,120.247832,True
21.41,8,120.25435,True
22.38,10,120.263083,True
22.41,9,120.269825,True
20.44,6,120.274563,True
21.19,6,120.279571,True
20.2,5,120.284765,True
21.19,6,120.289295,True
22.4,9,120.29604,True
21.43,7,120.30218,True
20.2,5,120.306702,True
21.43,7,120.311911,True
20.68,7,120.317447,True
20.68,7,120.323447,True
21.41,8,120.330183,True
21.17,7,120.336183,True
20.2,5,120.339706,True
22.16,8,120.347436,True
20.2,5,120.351435,True
20.2,5,120.355435,True
21.19,6,120.360739,True
20.2,5,120.36426,True
22.18,7,120.370782,True
-10.56,6,120.375397,False
22.64,10,120.383934,True
22.4,9,120.391218,True
21.19,6,120.395233,True
21.43,7,120.400755,True
20.44,6,120.405755,True
22.16,8,120.412505,True
21.43,7,120.419015,True
20.2,5,120.42303,True
22.16,8,120.42923,True
20.44,6,120.433751,True
21.19,6,120.438752,True
21.19,6,120.443983,True
20.2,5,120.447982,True
21.19,6,120.452508,True
21.19,6,120.457737,True
22.4,10,120.465774,True
20.44,6,120.470886,True
21.19,6,120.476113,True
21.41,8,120.482636,True
22.18,7,120.488636,True
20.2,5,120.492873,True
22.16,8,120.499485,True
20.42,8,120.506024,True
20.66,8,120.512221,True
21.43,7,120.517743,True
20.68,7,120.523261,True
21.19,6,120.528982,True
21.19,6,120.534111,True
21.39,10,120.541324,True
21.19,6,120.546845,True
20.44,6,120.551842,True
20.44,6,120.556365,True
22.16,9,120.564333,True
-10.56,6,120.569346,False
21.19,6,120.573346,True
20.44,6,120.579064,True
21.19,6,120.584064,True
21.19,6,120.588589,True
21.19,6,120.98866,True
21.17,8,120.998113,True
20.2,5,121.004617,True
20.2,5,121.010006,True
20.44,6,121.017512,True
21.19,6,121.024523,True
22.14,9,121.035027,True
21.19,6,121.040353,True
20.2,5,121.045873,True
21.43,7,121.051872,True
22.16,8,121.059879,True
22.18,7,121.067887,True
20.2,5,121.074368,True
20.44,6,121.080522,True
20.68,7,121.089052,True
21.43,7,121.096622,True
21.19,6,121.103625,True
20.2,5,121.108558,True
21.19,6,121.115558,True
21.19,6,121.123064,True
20.44,6,121.129993,True
20.2,5,121.135997,True
20.2,5,121.14113,True
21.17,7,121.149651,True
20.2,5,121.15565,True
21.19,6,121.162894,True
22.16,8,121.170566,True
20.44,6,121.177565,True
20.2,5,121.184079,True
20.2,5,121.188078,True
20.2,5,121.193275,True
20.2,5,121.198271,True
21.19,6,121.203846,True
21.17,7,121.210071,True
20.44,6,121.215594,True
20.19,6,121.220586,True
20.2,5,121.224353,True
22.4,9,121.231853,True
21.19,6,121.236858,True
22.4,9,121.244099,True
21.19,6,121.248637,True
20.2,5,121.253635,True
22.16,8,121.259543,True
20.2,5,121.2641,True
21.19,6,121.268618,True
22.4,9,121.275868,True
21.43,7,121.282099,True
20.2,5,121.286099,True
20.2,5,121.290611,True
20.2,5,121.295121,True
21.19,6,121.299632,True
20.44,6,121.304646,True
20.2,5,121.309098,True
21.19,6,121.313637,True
21.43,7,121.319637,True
20.2,5,121.32379,True
21.17,7,121.329026,True
20.2,5,121.333548,True
20.44,6,121.338548,True
20.2,5,121.342618,True
21.19,6,121.347853,True
22.16,8,121.354379,True
22.18,7,121.360109,True
22.4,9,121.367279,True
21.19,6,121.372789,True
21.19,6,121.377553,True
21.43,7,121.38304,True
22.42,8,121.389562,True
20.2,5,121.393335,True
21.19,6,121.398861,True
21.19,6,121.403385,True
21.41,8,121.410665,True
20.42,7,121.41619,True
21.19,6,121.421196,True
22.4,9,121.430012,True
20.2,5,121.434017,True
20.2,5,121.437536,True
21.19,6,121.442926,True
21.43,7,121.448453,True
22.4,9,121.455444,True
20.44,6,121.460276,True
22.16,8,121.467801,True
20.2,5,121.47816,True
20.2,5,121.481698,True
22.4,9,121.489697,True
21.19,6,121.494442,True
20.2,5,121.497958,True
20.2,5,121.502484,True
21.43,7,121.507697,True
22.41,9,121.515218,True
20.44,6,121.520728,True
22.16,8,121.526953,True
21.43,7,121.531994,True
22.4,9,121.539993,True
21.19,6,121.544289,True
21.19,6,121.549288,True
22.16,8,121.555811,True
20.44,6,121.561028,True
20.2,5,121.565069,True
21.19,6,121.570074,True
21.19,6,121.575404,True
21.19,6,121.579928,True
-10.57,7,121.585449,False
21.19,6,121.590849,True
20.44,6,121.59539,True
21.17,7,121.60139,True
22.16,8,121.608132,True
21.43,7,121.613127,True
21.19,6,121.618649,True
20.2,5,121.62265,True
20.44,6,121.627381,True
21.43,7,121.63338,True
21.43,7,121.638904,True
20.44,6,121.644123,True
21.43,7,121.649648,True
22.16,8,121.655726,True
21.19,6,121.660938,True
20.44,6,121.665456,True
20.44,6,121.670969,True
21.19,6,121.675976,True
20.2,5,121.680039,True
21.19,6,121.685039,True
21.19,6,121.689555,True
-10.8,5,121.694276,False
20.2,5,121.69829,True
21.65,9,121.705812,True
20.68,7,121.711063,True
21.19,6,121.716068,True
22.64,10,121.723581,True
20.44,6,121.728783,True
20.2,5,121.733313,True
20.2,5,121.737313,True
21.19,6,121.742018,True
21.17,7,121.748032,True
21.43,7,121.753556,True
20.44,6,121.758757,True
21.43,7,121.76428,True
21.19,6,121.768801,True
21.42,8,121.775506,True
20.44,6,121.780498,True
20.44,6,121.785001,True
20.44,6,121.789504,True
21.19,6,121.795187,True
21.19,6,122.211735,True
22.4,9,122.220253,True
20.2,5,122.223268,True
20.2,5,122.228497,True
20.2,5,122.232023,True
21.19,6,122.237031,True
21.19,6,122.242892,True
21.17,7,122.248891,True
21.43,7,122.255411,True
21.43,7,122.261527,True
20.2,5,122.265964,True
21.19,6,122.270491,True
20.2,5,122.275017,True
20.2,5,122.280016,True
21.19,6,122.284543,True
20.44,6,122.289058,True
20.68,7,122.295524,True
20.2,5,122.299045,True
21.19,6,122.304572,True
-10.8,5,122.6957,False
21.19,6,122.702216,True
20.44,6,122.708886,True
21.67,8,122.718391,True
20.2,5,122.723349,True
21.19,6,122.729361,True
21.19,6,122.734528,True
22.38,10,122.744033,True
21.39,10,122.755538,True
21.17,7,122.763556,True
20.68,7,122.771063,True
20.44,6,122.778936,True
21.43,7,122.78644,True
21.19,6,122.791947,True
21.19,6,122.797955,True
22.64,10,122.809029,True
21.18,7,122.817533,True
20.2,5,122.82382,True
20.44,6,122.830343,True
22.36,12,122.841442,True
20.68,7,122.848947,True
20.2,5,122.853947,True
20.2,5,122.858924,True
22.4,9,122.868425,True
20.2,5,122.875457,True
21.19,6,122.881962,True
21.17,7,122.890328,True
20.2,5,122.895655,True
22.4,9,122.903153,True
20.44,6,122.908535,True
22.16,8,122.916584,True
20.2,5,122.922096,True
21.43,7,122.928445,True
20.2,5,122.932971,True
20.66,8,122.939966,True
21.19,6,122.945782,True
20.44,6,122.950782,True
21.43,7,122.956614,True
21.43,7,122.962622,True
20.44,6,122.967147,True
21.67,8,122.973524,True
20.2,5,122.978538,True
21.43,7,122.984079,True
21.43,7,122.990354,True
21.41,8,122.996384,True
20.42,7,123.002367,True
20.2,5,123.007113,True
21.19,6,123.012113,True
20.44,6,123.016625,True
21.43,7,123.022625,True
20.2,5,123.027509,True
21.43,7,123.033502,True
22.16,8,123.040014,True
20.44,6,123.045319,True
20.44,6,123.04983,True
22.16,8,123.05683,True
20.2,5,123.061121,True
20.2,5,123.065122,True
20.44,6,123.069634,True
20.2,5,123.074459,True
21.17,7,123.079955,True
20.44,6,123.084955,True
20.44,6,123.090769,True
21.17,7,123.096752,True
21.42,8,123.103264,True
21.19,6,123.107695,True
21.17,7,123.114206,True
22.62,11,123.123229,True
20.2,5,123.127437,True
22.4,9,123.134953,True
21.43,7,123.140655,True
22.4,10,123.149838,True
21.19,6,123.154846,True
20.2,5,123.158433,True
21.19,6,123.163958,True
20.68,7,123.168958,True
21.19,6,123.174435,True
21.19,6,123.179434,True
20.2,5,123.183958,True
21.43,7,123.188953,True
21.19,6,123.194295,True
21.19,6,123.199305,True
21.67,8,123.205815,True
21.19,6,123.21118,True
20.2,5,123.215864,True
20.2,5,123.219857,True
21.19,6,123.224701,True
21.43,7,123.230106,True
20.2,5,123.234614,True
20.44,6,123.239614,True
21.19,6,123.244415,True
20.44,6,123.249421,True
21.19,6,123.254926,True
22.38,10,123.26383,True
22.4,9,123.271351,True
20.2,5,123.275357,True
20.44,6,123.280869,True
20.68,7,123.286373,True
21.19,6,123.291144,True
22.16,8,123.297817,True
-10.34,9,123.305742,False
21.41,9,123.313128,True
21.19,6,123.317633,True
21.19,6,123.32346,True
22.4,9,123.331051,True
20.44,6,123.336051,True
21.43,7,123.341944,True
21.19,6,123.346945,True
-11.31,6,123.351457,False
21.19,6,123.356457,True
20.44,6,123.362264,True
21.41,8,123.36778,True
20.42,7,123.375149,True
20.2,5,123.378148,True
21.43,7,123.385207,True
20.2,5,123.389202,True
20.44,6,123.394498,True
21.41,9,123.401514,True
20.2,5,123.405519,True
20.44,6,123.40984,True
20.68,7,123.416364,True
20.44,6,123.421874,True
21.43,7,123.427099,True
20.2,5,123.432099,True
20.2,5,123.436615,True
20.2,5,123.440967,True
21.19,6,123.445495,True
21.19,6,123.45049,True
21.19,6,123.456001,True
20.2,5,123.460763,True
22.16,8,123.467283,True
21.19,6,123.472283,True
22.4,9,123.479115,True
21.41,8,123.485622,True
22.16,8,123.492918,True
21.43,7,123.498429,True
21.19,6,123.503428,True
22.14,10,123.51175,True
21.65,9,123.51926,True
20.2,5,123.523772,True
20.44,6,123.529082,True
20.42,7,123.535088,True
22.16,8,123.542217,True
20.44,6,123.547233,True
21.19,6,123.55124,True
22.38,10,123.559539,True
20.68,7,123.565539,True
21.43,7,123.571051,True
20.44,6,123.57684,True
21.41,8,123.583352,True
20.2,5,123.587863,True
21.43,7,123.593626,True
22.16,8,123.600152,True
20.2,5,123.604151,True
20.2,5,124.004905,True
20.44,6,124.011958,True
20.2,5,124.017762,True
22.16,8,124.026781,True
22.4,9,124.035286,True
22.62,11,124.046297,True
20.44,6,124.052819,True
21.19,6,124.058324,True
20.42,8,124.067844,True
21.19,6,124.074467,True
21.19,6,124.082207,True
20.2,5,124.087713,True
22.64,10,124.099713,True
20.68,7,124.107603,True
21.19,6,124.114114,True
20.2,5,124.118114,True
20.68,7,124.124994,True
22.4,9,124.133496,True
20.44,6,124.139498,True
20.44,6,124.146492,True
22.18,7,124.155501,True
20.44,6,124.162014,True
21.19,6,124.169522,True
21.19,6,124.175889,True
21.43,7,124.182889,True
21.19,6,124.188393,True
-11.36,10,124.198477,False
22.16,8,124.205996,True
20.2,5,124.210809,True
20.44,6,124.216333,True
22.4,10,124.225232,True
20.44,6,124.230777,True
20.44,6,124.235776,True
21.65,9,124.24562,True
22.4,9,124.253142,True
21.19,6,124.258257,True
21.19,6,124.26379,True
21.17,7,124.269315,True
21.19,6,124.274786,True
20.44,6,124.279305,True
21.41,8,124.286469,True
21.65,9,124.294445,True
20.68,7,124.299445,True
21.19,6,124.304968,True
21.19,6,124.30924,True
20.44,6,124.314265,True
20.44,6,124.319265,True
21.19,6,124.32466,True
22.16,8,124.333765,True
21.19,6,124.340291,True
-10.34,8,124.346802,False
21.65,9,124.354311,True
21.15,9,124.362745,True
20.2,5,124.366793,True
21.67,8,124.37419,True
21.43,7,124.380238,True
21.43,7,124.385754,True
20.44,6,124.391189,True
21.19,6,124.395695,True
21.43,7,124.402215,True
21.19,6,124.407608,True
21.17,7,124.413129,True
21.19,6,124.417658,True
21.17,7,124.42405,True
20.2,5,124.428075,True
20.42,7,124.434084,True
21.19,6,124.439594,True
21.43,7,124.445055,True
21.19,6,124.450721,True
21.17,7,124.455715,True
21.19,6,124.46091,True
21.19,6,124.465908,True
21.65,9,124.473565,True
21.19,6,124.478575,True
22.16,8,124.485261,True
22.18,7,124.490258,True
21.19,6,124.495066,True
20.2,5,124.499066,True
21.43,7,124.504591,True
21.43,7,124.510795,True
21.41,8,124.517114,True
20.2,5,124.521114,True
22.16,8,124.527994,True
21.43,7,124.533184,True
20.44,6,124.538198,True
20.44,6,124.544529,True
21.19,6,124.548529,True
22.4,9,124.556041,True
20.2,5,124.560414,True
20.44,6,124.565001,True
20.42,7,124.571077,True
20.44,6,124.57647,True
20.2,5,124.580559,True
21.19,6,124.585487,True
21.17,7,124.591411,True
20.2,5,124.594402,True
21.43,7,124.601444,True
20.44,6,124.605449,True
21.43,7,124.610662,True
21.19,6,124.616189,True
21.19,6,124.621713,True
20.18,7,124.627422,True
20.68,7,124.632961,True
21.19,6,124.638482,True
20.2,5,124.641701,True
21.19,6,124.646698,True
20.44,6,124.652227,True
22.39,10,124.659961,True
20.2,5,124.66396,True
20.2,5,124.66896,True
21.19,6,124.673691,True
20.68,7,124.679209,True
20.2,5,124.683724,True
20.2,5,124.687731,True
20.44,6,124.691936,True
21.19,6,124.697457,True
22.16,8,124.703979,True
21.19,6,124.708173,True
21.43,7,124.714218,True
21.41,8,124.721217,True
20.2,5,124.725262,True
22.38,11,124.733793,True
20.2,5,124.737792,True
22.4,9,124.745518,True
20.44,6,124.750518,True
21.19,6,124.755043,True
21.19,6,124.760243,True
21.42,8,124.76677,True
21.41,8,124.773286,True
21.43,7,124.778996,True
20.2,5,124.783501,True
21.19,6,124.788013,True
20.44,6,124.793859,True
21.41,8,124.799865,True
21.17,7,124.805388,True
21.19,6,124.810605,True
22.16,8,124.817653,True
21.43,7,124.822653,True
21.43,7,124.829383,True
20.2,5,124.834393,True
20.2,5,124.837918,True
22.38,10,124.846492,True
21.19,6,124.852016,True
22.4,9,124.859512,True
20.44,6,124.865036,True
20.44,6,124.870037,True
21.19,6,124.875563,True
20.2,5,124.879087,True
21.19,6,124.884609,True
20.44,6,124.889968,True
20.44,6,124.894725,True
21.19,6,124.89925,True
20.44,6,124.904764,True
21.19,6,125.305646,True
21.42,8,125.315031,True
22.16,9,125.323538,True
21.19,6,125.328974,True
21.42,8,125.336981,True
21.41,8,125.345899,True
20.2,5,125.350899,True
22.64,10,125.363484,True
22.17,8,125.371992,True
22.16,8,125.380586,True
20.2,5,125.38509,True
-11.79,4,125.389089,False
20.44,6,125.396595,True
20.44,6,125.403099,True
20.2,5,125.409161,True
20.2,5,125.415161,True
20.2,5,125.420667,True
21.19,6,125.427555,True
22.4,9,125.438565,True
21.19,6,125.443926,True
21.19,6,125.450431,True
21.19,6,125.456824,True
22.16,8,125.465857,True
20.44,6,125.473363,True
21.19,6,125.479818,True
21.19,6,125.486817,True
21.19,6,125.491784,True
21.19,6,125.49729,True
20.2,5,125.502795,True
21.19,6,125.50813,True
20.44,6,125.513653,True
21.19,6,125.519176,True
20.44,6,125.524923,True
21.19,6,125.530601,True
20.44,6,125.536614,True
21.43,7,125.543377,True
20.44,6,125.548372,True
20.2,5,125.552884,True
20.2,5,125.557191,True
22.4,9,125.564132,True
20.2,5,125.568658,True
21.19,6,125.573658,True
-10.8,5,125.577883,False
20.2,5,125.581428,True
22.4,9,125.588953,True
21.19,6,125.594167,True
20.2,5,125.598166,True
21.19,6,125.603206,True
21.43,7,125.60894,True
22.16,8,125.614944,True
20.18,7,125.620987,True
21.19,6,125.626288,True
21.19,6,125.630813,True
21.43,7,125.636334,True
20.44,6,125.641563,True
22.16,8,125.647562,True
21.19,6,125.653088,True
20.2,5,125.657088,True
21.19,6,125.66182,True
22.16,8,125.668687,True
21.19,6,125.67322,True
-10.8,5,125.678479,False
21.41,8,125.685015,True
21.65,9,125.691803,True
21.41,8,125.698346,True
20.2,5,125.702864,True
22.16,8,125.710087,True
20.44,6,125.714612,True
22.16,8,125.721139,True
20.2,5,125.725846,True
20.2,5,125.729451,True
21.19,6,125.73495,True
20.2,5,125.739958,True
20.2,5,125.743483,True
20.2,5,125.748013,True
22.4,10,125.756012,True
22.16,8,125.762766,True
21.17,7,125.769289,True
21.41,8,125.775639,True
20.2,5,125.779856,True
21.19,6,125.784865,True
20.2,5,125.78937,True
21.19,6,125.794641,True
22.16,8,125.801167,True
21.65,9,125.80794,True
-10.58,7,125.81447,False
21.41,8,125.821512,True
20.44,6,125.825825,True
21.17,7,125.831351,True
21.19,6,125.836872,True
22.16,8,125.843048,True
20.2,5,125.847048,True
22.14,10,125.856371,True
20.66,8,125.863464,True
21.19,6,125.868129,True
20.2,5,125.872135,True
22.16,8,125.87905,True
21.19,6,125.883572,True
20.2,5,125.888545,True
21.19,6,125.893636,True
21.17,7,125.898895,True
21.43,7,125.905405,True
20.2,5,125.908793,True
21.17,8,125.915792,True
21.19,6,125.920815,True
20.2,5,125.924823,True
22.64,10,125.934348,True
21.19,6,125.938874,True
-11.79,4,125.94263,False
20.2,5,125.947145,True
21.19,6,125.95216,True
21.43,7,125.957834,True
21.19,6,125.962848,True
20.44,6,125.966848,True
22.41,9,125.974585,True
20.2,5,125.979091,True
20.44,6,125.984115,True
22.16,8,125.989632,True
21.19,6,125.995825,True
22.38,11,126.004876,True
21.43,7,126.010687,True
20.66,9,126.018207,True
22.4,10,126.026088,True
22.16,8,126.032611,True
22.16,8,126.03945,True
22.16,8,126.045645,True
21.19,6,126.050646,True
20.2,5,126.055168,True
22.41,9,126.06203,True
21.43,7,126.068044,True
21.43,7,126.073995,True
20.42,7,126.078989,True
20.2,5,126.084039,True
21.19,6,126.089472,True
20.44,6,126.094777,True
22.16,8,126.101298,True
21.19,6,126.105814,True
21.41,8,126.113165,True
21.19,6,126.118203,True
21.19,6,126.123208,True
20.2,5,126.126601,True
20.44,6,126.132123,True
20.44,6,126.137595,True
20.2,5,126.141972,True
22.38,10,126.149497,True
20.44,6,126.15468,True
20.44,6,126.160608,True
20.2,5,126.164608,True
-10.56,6,126.170123,False
20.2,5,126.174383,True
20.2,5,126.1789,True
21.17,7,126.184415,True
21.43,7,126.189928,True
21.43,7,126.19615,True
20.2,5,126.200661,True
22.16,8,126.207424,True
22.16,8,126.607968,True
20.44,6,126.614968,True
-10.82,6,126.621977,False
21.17,7,126.630946,True
21.4,9,126.641401,True
20.2,5,126.646394,True
20.2,5,126.651899,True
21.19,6,126.657226,True
21.19,6,126.662731,True
21.19,6,126.667731,True
20.2,5,126.672875,True
20.2,5,126.678889,True
20.2,5,126.683899,True
21.41,8,126.69223,True
21.43,7,126.69923,True
20.44,6,126.706866,True
21.19,6,126.71441,True
21.19,6,126.721414,True
20.2,5,126.727036,True
20.2,5,126.733046,True
20.2,5,126.739049,True
21.43,7,126.747164,True
22.16,8,126.754681,True
21.41,8,126.76285,True
20.2,5,126.766856,True
20.2,5,126.772853,True
20.2,5,126.777496,True
21.17,7,126.785007,True
20.2,5,126.790541,True
20.2,5,126.796575,True
20.2,5,126.802574,True
21.19,6,126.807777,True
20.66,8,126.813781,True
22.16,8,126.821925,True
21.19,6,126.827026,True
22.16,8,126.835025,True
22.16,8,126.841468,True
21.43,7,126.848007,True
21.41,8,126.854005,True
21.43,7,126.860423,True
20.44,6,126.865424,True
20.2,5,126.869953,True
21.19,6,126.875343,True
22.16,8,126.881853,True
21.19,6,126.886364,True
20.2,5,126.891168,True
20.2,5,126.895167,True
22.16,8,126.901682,True
21.17,7,126.907422,True
20.44,6,126.912928,True
20.2,5,126.916928,True
22.4,9,126.924751,True
21.19,6,126.928749,True
20.2,5,126.934273,True
20.2,5,126.937785,True
20.2,5,126.942762,True
20.44,6,126.947768,True
21.43,7,126.953449,True
21.19,6,126.958599,True
20.2,5,126.963111,True
21.43,7,126.968111,True
20.2,5,126.9727,True
21.19,6,126.977988,True
22.17,8,126.984666,True
21.19,6,126.990393,True
21.43,7,126.995912,True
-11.79,4,126.998912,False
22.16,8,127.005445,True
22.4,9,127.012335,True
21.43,7,127.018879,True
20.2,5,127.023705,True
21.43,7,127.029241,True
20.44,6,127.03324,True
22.4,9,127.04201,True
20.2,5,127.045536,True
21.19,6,127.051159,True
22.16,8,127.057961,True
21.43,7,127.062958,True
21.19,6,127.068477,True
20.44,6,127.073484,True
20.2,5,127.078295,True
20.44,6,127.083289,True
21.19,6,127.087812,True
21.19,6,127.093096,True
21.19,6,127.098152,True
22.4,9,127.105162,True
21.17,7,127.111067,True
21.17,7,127.117067,True
20.44,6,127.122593,True
20.2,5,127.126118,True
21.43,7,127.131646,True
21.43,7,127.137646,True
20.2,5,127.141532,True
21.43,7,127.147532,True
20.68,7,127.153058,True
21.19,6,127.157981,True
21.41,8,127.16352,True
21.19,6,127.168519,True
20.2,5,127.173045,True
21.19,6,127.178401,True
21.19,6,127.182925,True
22.16,8,127.189786,True
20.2,5,127.19333,True
21.43,7,127.199329,True
22.16,8,127.206364,True
22.38,11,127.215089,True
21.19,6,127.220089,True
20.2,5,127.224356,True
20.44,6,127.229372,True
20.44,6,127.233882,True
20.2,5,127.238895,True
21.19,6,127.243121,True
20.2,5,127.247662,True
20.68,7,127.253655,True
21.19,6,127.258441,True
21.19,6,127.26344,True
20.2,5,127.267314,True
20.2,5,127.27198,True
22.16,8,127.279035,True
20.2,5,127.283044,True
21.19,6,127.287562,True
20.2,5,127.292413,True
21.19,6,127.296946,True
21.19,6,127.301945,True
21.41,8,127.308773,True
21.43,7,127.314766,True
20.2,5,127.319297,True
20.44,6,127.323297,True
20.18,6,127.329347,True
20.2,5,127.333352,True
22.4,9,127.340873,True
21.18,7,127.347063,True
21.17,7,127.352587,True
20.68,7,127.359018,True
20.44,6,127.363545,True
21.19,6,127.369056,True
21.17,8,127.375899,True
22.14,9,127.383472,True
20.2,5,127.387485,True
20.2,5,127.391783,True
21.19,6,127.396781,True
20.44,6,127.401291,True
21.19,6,127.406679,True
20.44,6,127.411699,True
22.16,8,127.417747,True
21.19,6,127.423275,True
20.44,6,127.428041,True
20.42,8,127.434566,True
20.2,5,127.438566,True
21.41,8,127.445852,True
21.19,6,127.450373,True
20.2,5,127.454497,True
21.19,6,127.459595,True
20.18,6,127.465121,True
20.2,5,127.469121,True
20.2,5,127.472121,True
20.44,6,127.477841,True
20.2,5,127.481841,True
21.19,6,127.487369,True
20.2,5,127.49088,True
20.2,5,127.49561,True
21.41,8,127.50161,True
20.68,7,127.508137,True
20.2,5,127.897144,True
22.16,8,127.904651,True
20.2,5,127.910243,True
20.68,7,127.916748,True
21.19,6,127.922664,True
21.19,6,127.929188,True
20.42,7,127.935693,True
21.19,6,127.942127,True
20.2,5,127.948632,True
20.2,5,127.95364,True
21.19,6,127.961043,True
21.19,6,127.967547,True
21.19,6,127.975357,True
21.43,7,127.983357,True
20.2,5,127.988861,True
21.19,6,127.995447,True
20.2,5,128.000448,True
21.17,7,128.007384,True
21.43,7,128.013902,True
20.44,6,128.019407,True
20.44,6,128.024762,True
20.44,6,128.030773,True
-10.8,5,128.036773,False
20.2,5,128.042279,True
20.2,5,128.04829,True
20.44,6,128.055289,True
22.38,10,128.066199,True
22.18,7,128.074081,True
20.2,5,128.080585,True
20.68,7,128.088585,True
21.19,6,128.094809,True
22.4,9,128.103332,True
22.16,9,128.112154,True
21.17,7,128.118153,True
20.2,5,128.122677,True
21.19,6,128.128467,True
20.44,6,128.134012,True
21.19,6,128.139533,True
20.44,6,128.14449,True
20.44,6,128.14949,True
21.19,6,128.154809,True
20.2,5,128.159473,True
21.17,7,128.165068,True
20.2,5,128.169068,True
21.19,6,128.173579,True
20.44,6,128.179881,True
21.19,6,128.184401,True
20.2,5,128.188405,True
21.41,9,128.195673,True
20.2,5,128.199673,True
21.19,6,128.20519,True
21.19,6,128.210435,True
20.68,7,128.215962,True
21.19,6,128.220483,True
21.17,7,128.227237,True
21.17,7,128.23275,True
21.19,6,128.238363,True
20.2,5,128.241593,True
22.4,9,128.249644,True
-10.8,5,128.253645,False
20.2,5,128.257872,True
21.19,6,128.26287,True
21.17,8,128.26991,True
22.4,9,128.277211,True
21.43,7,128.282734,True
20.2,5,128.286734,True
21.19,6,128.291875,True
21.41,8,128.298394,True
20.2,5,128.302925,True
22.16,8,128.308788,True
21.19,6,128.314327,True
20.2,5,128.318327,True
21.43,7,128.324063,True
22.62,11,128.333559,True
21.19,6,128.338645,True
21.19,6,128.34392,True
21.41,8,128.350572,True
20.2,5,128.354567,True
21.19,6,128.3598,True
21.43,7,128.365719,True
21.17,7,128.370982,True
20.2,5,128.375354,True
20.44,6,128.380868,True
21.19,6,128.385867,True
21.19,6,128.390722,True
21.42,8,128.397257,True
21.41,8,128.403778,True
21.43,7,128.409505,True
20.68,7,128.41552,True
20.2,5,128.419036,True
20.42,7,128.425335,True
21.43,7,128.430851,True
21.17,7,128.436855,True
20.2,5,128.440888,True
21.43,7,128.446896,True
21.42,8,128.453418,True
21.43,7,128.45898,True
-11.59,8,128.466499,False
21.19,6,128.471499,True
21.19,6,128.476248,True
20.44,6,128.480247,True
21.19,6,128.485772,True
-10.34,8,128.493523,False
21.19,6,128.498043,True
21.19,6,128.503548,True
22.62,11,128.51225,True
21.41,8,128.519636,True
21.43,7,128.524557,True
22.42,8,128.532048,True
21.19,6,128.536933,True
21.41,8,128.543729,True
20.44,6,128.548254,True
21.19,6,128.554249,True
20.2,5,128.558697,True
22.4,9,128.566213,True
21.19,6,128.570719,True
20.2,5,128.574725,True
21.19,6,128.580248,True
-10.6,9,128.58724,False
21.19,6,128.592481,True
22.16,8,128.599525,True
20.44,6,128.60454,True
20.44,6,129.032597,True
21.19,6,129.040121,True
20.2,5,129.045874,True
20.2,5,129.050014,True
22.4,9,129.059314,True
21.19,6,129.064815,True
22.64,10,129.075225,True
20.2,5,129.079977,True
20.2,5,129.084697,True
20.2,5,129.090117,True
21.17,7,129.097216,True
21.19,6,129.103143,True
22.4,9,129.111259,True
21.19,6,129.115771,True
21.41,8,129.123334,True
20.2,5,129.126868,True
20.44,6,129.132883,True
-10.57,7,129.138397,False
21.19,6,129.143701,True
20.44,6,129.14822,True
20.44,6,129.153761,True
20.2,5,129.158092,True
20.44,6,129.163615,True
20.42,7,129.169131,True
-9.62,11,129.178937,False
20.44,6,129.183951,True
20.2,5,129.187951,True
21.17,8,129.19487,True
21.19,6,129.199906,True
21.19,6,129.204921,True
21.17,7,129.210808,True
21.43,7,129.216337,True
22.16,8,129.222816,True
20.44,6,129.227839,True
21.41,8,129.234364,True
22.18,7,129.634699,True
21.19,6,129.640205,True
22.4,9,129.649707,True
22.16,8,129.658826,True
-10.56,6,129.666331,False
22.4,9,129.676735,True
20.44,6,129.682239,True
21.43,7,129.689239,True
21.19,6,129.694291,True
20.44,6,129.699793,True
22.41,9,129.708685,True
20.44,6,129.714689,True
22.16,8,129.721691,True
21.19,6,129.727818,True
20.44,6,129.733817,True
20.2,5,129.738323,True
21.43,7,129.747391,True
22.4,9,129.758045,True
20.44,6,129.767547,True
20.44,6,129.774153,True
21.17,7,129.782218,True
20.2,5,129.788721,True
21.19,6,129.795264,True
20.44,6,129.802276,True
21.41,8,129.811798,True
20.2,5,129.816797,True
20.2,5,129.821811,True
20.2,5,129.827842,True
20.44,6,129.833961,True
20.44,6,129.840383,True
20.44,6,129.846382,True
20.44,6,129.850889,True
21.19,6,129.856401,True
22.16,8,129.864218,True
21.17,8,129.870724,True
20.44,6,129.876007,True
20.2,5,129.879005,True
21.43,7,129.885531,True
20.2,5,129.889901,True
20.44,6,129.894932,True
21.41,8,129.901442,True
21.19,6,129.906832,True
20.2,5,129.910852,True
21.41,8,129.917875,True
20.44,6,129.923387,True
20.44,6,129.928356,True
20.2,5,129.932272,True
21.19,6,129.937278,True
21.43,7,129.94395,True
21.41,8,129.94995,True
22.4,9,129.958218,True
20.44,6,129.963214,True
20.2,5,129.96674,True
21.19,6,129.97174,True
20.2,5,129.975643,True
21.19,6,129.980643,True
21.19,6,129.986156,True
20.44,6,129.990471,True
21.17,7,129.996983,True
20.2,5,130.000488,True
21.19,6,130.005495,True
20.68,7,130.011287,True
20.68,7,130.017805,True
20.2,5,130.021805,True
20.44,6,130.026603,True
20.2,5,130.03061,True
22.16,8,130.037115,True
21.43,7,130.043411,True
21.43,7,130.049924,True
21.19,6,130.054436,True
21.19,6,130.058748,True
20.2,5,130.06427,True
21.19,6,130.069269,True
-11.79,4,130.073584,False
21.43,7,130.079158,True
20.44,6,130.084196,True
21.43,7,130.089728,True
21.19,6,130.095258,True
21.19,6,130.099259,True
21.19,6,130.105277,True
22.16,8,130.11207,True
20.44,6,130.117824,True
-9.62,11,130.127059,False
21.43,7,130.132059,True
20.68,7,130.138571,True
20.44,6,130.143988,True
22.16,8,130.150499,True
21.19,6,130.155515,True
21.65,9,130.163571,True
-10.56,6,130.168093,False
21.67,8,130.174618,True
20.2,5,130.178618,True
21.19,6,130.184144,True
21.19,6,130.189622,True
21.19,6,130.194663,True
21.19,6,130.199662,True
20.2,5,130.204132,True
21.43,7,130.209496,True
21.19,6,130.215006,True
20.2,5,130.219007,True
20.2,5,130.224007,True
21.19,6,130.229022,True
20.2,5,130.233022,True
20.44,6,130.23855,True
21.19,6,130.242883,True
20.2,5,130.247405,True
21.19,6,130.2524,True
21.19,6,130.256777,True
21.41,8,130.264319,True
21.19,6,130.269075,True
20.42,8,130.275694,True
21.43,7,130.281703,True
21.19,6,130.287213,True
22.16,8,130.294274,True
20.44,6,130.29972,True
20.44,6,130.304247,True
21.19,6,130.30922,True
20.2,5,130.313214,True
-10.81,6,130.318726,False
22.16,8,130.325581,True
21.18,7,130.331093,True
20.44,6,130.336093,True
22.16,8,130.34395,True
20.2,5,130.347951,True
21.19,6,130.352462,True
20.2,5,130.357332,True
21.19,6,130.362828,True
20.44,6,130.367828,True
21.41,8,130.374669,True
21.19,6,130.37867,True
21.19,6,130.384181,True
20.44,6,130.389197,True
21.19,6,130.395153,True
21.43,7,130.400153,True
20.2,5,130.404867,True
22.4,10,130.412786,True
21.43,7,130.41831,True
21.19,6,130.424142,True
22.4,9,130.431137,True
22.16,8,130.438644,True
22.4,9,130.445487,True
20.44,6,130.450487,True
20.44,6,130.455501,True
22.16,8,130.462838,True
21.19,6,130.46835,True
21.19,6,130.47235,True
22.4,9,130.480706,True
20.44,6,130.485702,True
21.43,7,130.491516,True
20.2,5,130.496016,True
20.2,5,130.500026,True
22.4,9,130.507863,True
20.2,5,130.511858,True
21.43,7,130.517359,True
21.19,6,130.522366,True
21.43,7,130.528736,True
21.43,7,130.533742,True
20.42,7,130.540252,True
21.19,6,130.935586,True
21.19,6,130.943098,True
-10.8,5,130.948604,False
21.42,8,130.95646,True
21.63,10,130.96699,True
21.43,7,130.974993,True
22.4,9,130.985501,True
21.19,6,130.992489,True
20.2,5,130.997991,True
20.44,6,131.002994,True
22.18,7,131.010469,True
21.19,6,131.016468,True
20.2,5,131.020973,True
20.2,5,131.025466,True
21.19,6,131.031969,True
20.2,5,131.037969,True
22.18,7,131.04551,True
21.19,6,131.053016,True
21.43,7,131.060532,True
21.17,7,131.068535,True
20.44,6,131.075687,True
21.19,6,131.082192,True
22.18,7,131.088192,True
20.18,7,131.095192,True
20.44,6,131.102697,True
21.19,6,131.109231,True
21.19,6,131.116237,True
-10.57,7,131.12513,False
20.44,6,131.13213,True
20.2,5,131.136642,True
22.16,8,131.1446,True
20.44,6,131.149605,True
-10.34,8,131.157697,False
20.2,5,131.161243,True
20.2,5,131.165755,True
20.2,5,131.169772,True
21.43,7,131.176014,True
20.2,5,131.180062,True
21.19,6,131.185062,True
21.19,6,131.189587,True
20.44,6,131.194803,True
20.2,5,131.199325,True
21.19,6,131.204325,True
22.4,9,131.211563,True
20.44,6,131.216564,True
20.2,5,131.220089,True
21.19,6,131.225606,True
22.4,9,131.233128,True
21.19,6,131.238127,True
22.16,8,131.244664,True
20.44,6,131.250107,True
21.19,6,131.255111,True
21.19,6,131.259032,True
20.44,6,131.264057,True
22.4,9,131.271648,True
21.19,6,131.277088,True
22.16,8,131.283599,True
21.17,7,131.289599,True
21.41,9,131.297082,True
21.43,7,131.302594,True
21.19,6,131.308634,True
21.41,8,131.315145,True
20.44,6,131.319657,True
20.2,5,131.324186,True
21.43,7,131.329186,True
21.67,8,131.335857,True
21.19,6,131.341175,True
20.44,6,131.346206,True
21.19,6,131.350206,True
20.2,5,131.354726,True
22.16,8,131.361493,True
21.43,7,131.367013,True
21.19,6,131.373098,True
21.43,7,131.378898,True
20.2,5,131.383425,True
20.44,6,131.387972,True
20.2,5,131.392406,True
21.19,6,131.396928,True
20.2,5,131.400928,True
21.19,6,131.406274,True
21.19,6,131.411295,True
20.2,5,131.414836,True
21.43,7,131.42136,True
20.2,5,131.425739,True
22.42,8,131.432262,True
22.16,8,131.439192,True
20.44,6,131.444214,True
20.2,5,131.447725,True
20.2,5,131.451734,True
20.2,5,131.456734,True
20.2,5,131.460574,True
22.4,9,131.467574,True
21.19,6,131.473512,True
21.67,8,131.479541,True
21.19,6,131.484548,True
21.19,6,131.490053,True
21.19,6,131.494731,True
21.19,6,131.499649,True
20.44,6,131.50516,True
21.19,6,131.509955,True
21.19,6,131.514466,True
20.44,6,131.519466,True
20.2,5,131.523917,True
21.41,8,131.530445,True
20.44,6,131.535957,True
21.43,7,131.542047,True
21.19,6,131.546566,True
21.41,8,131.553071,True
21.19,6,131.558529,True
21.19,6,131.563567,True
21.19,6,131.56858,True
21.43,7,131.575011,True
20.2,5,131.57901,True
20.2,5,131.58201,True
21.19,6,131.588056,True
21.65,9,131.595127,True
22.64,10,131.603132,True
22.16,8,131.609441,True
21.17,7,131.61544,True
20.44,6,131.619962,True
20.2,5,131.624417,True
20.2,5,131.628943,True
20.2,5,131.633468,True
20.2,5,131.636973,True
20.44,6,131.642457,True
21.43,7,131.647982,True
21.41,8,131.65498,True
20.2,5,131.659395,True
20.44,6,131.663918,True
21.41,8,131.670443,True
20.2,5,131.674828,True
20.2,5,131.678869,True
21.19,6,131.683877,True
20.44,6,131.688874,True
22.16,8,131.695263,True
20.2,5,131.69977,True
21.19,6,131.704775,True
22.16,8,131.711179,True
22.4,9,131.718174,True
20.2,5,131.723125,True
20.2,5,131.726689,True
21.19,6,131.732215,True
21.19,6,131.737216,True
22.42,8,131.743133,True
20.44,6,131.748132,True
20.2,5,131.752657,True
22.16,8,131.758657,True
20.2,5,131.763317,True
21.19,6,131.767317,True
21.67,8,131.773732,True
20.44,6,131.778726,True
22.16,8,131.785239,True
21.19,6,131.79069,True
-10.58,7,131.797201,False
-10.33,8,131.803202,False
21.19,6,131.808908,True
22.16,8,131.814983,True
21.19,6,131.819984,True
20.2,5,131.823959,True
20.44,6,131.829056,True
20.2,5,131.833057,True
20.2,5,132.230415,True
22.16,8,132.239917,True
21.19,6,132.246391,True
21.19,6,132.254488,True
21.19,6,132.260479,True
20.2,5,132.265007,True
22.16,8,132.272298,True
21.19,6,132.278818,True
20.2,5,132.284331,True
20.44,6,132.290813,True
21.19,6,132.297843,True
20.2,5,132.303349,True
21.19,6,132.309752,True
21.19,6,132.316758,True
22.16,8,132.325663,True
20.44,6,132.332664,True
20.2,5,132.339113,True
20.2,5,132.344628,True
21.19,6,132.35163,True
20.2,5,132.357813,True
22.16,8,132.367356,True
21.41,8,132.376313,True
22.4,9,132.383816,True
21.19,6,132.39072,True
20.44,6,132.397226,True
20.68,7,132.405225,True
21.19,6,132.411192,True
22.16,8,132.418198,True
20.2,5,132.423591,True
20.2,5,132.428653,True
22.41,9,132.436171,True
21.43,7,132.443036,True
20.2,5,132.44855,True
20.2,5,132.452556,True
20.44,6,132.459361,True
20.2,5,132.463871,True
20.44,6,132.468878,True
21.19,6,132.474602,True
22.18,7,132.48027,True
21.19,6,132.485271,True
21.19,6,132.489865,True
21.19,6,132.495135,True
21.19,6,132.499717,True
21.19,6,132.504804,True
21.19,6,132.510007,True
22.17,8,132.516037,True
20.2,5,132.520556,True
21.41,8,132.526308,True
21.19,6,132.532364,True
20.2,5,132.536363,True
22.16,8,132.543132,True
21.19,6,132.548132,True
21.17,7,132.553656,True
21.19,6,132.558856,True
21.42,8,132.564901,True
21.67,8,132.570901,True
20.2,5,132.575635,True
20.44,6,132.580634,True
20.68,7,132.586157,True
20.2,5,132.589871,True
21.19,6,132.595394,True
22.16,8,132.601394,True
21.19,6,132.605915,True
21.41,8,132.612118,True
20.42,7,132.618165,True
21.19,6,132.623896,True
21.19,6,132.628684,True
21.19,6,132.633685,True
20.2,5,132.637211,True
21.19,6,132.642538,True
21.41,8,132.649062,True
21.19,6,132.654061,True
22.16,8,132.661252,True
20.68,7,132.666784,True
20.44,6,132.671288,True
20.44,6,132.676736,True
21.19,6,132.681247,True
21.19,6,132.686261,True
20.44,6,132.69155,True
20.44,6,132.696072,True
20.2,5,132.701072,True
21.19,6,132.705249,True
21.19,6,132.710677,True
21.43,7,132.716194,True
21.17,7,132.72164,True
21.19,6,132.726504,True
20.2,5,132.73203,True
20.2,5,132.735554,True
21.19,6,132.740767,True
20.44,6,132.745291,True
21.19,6,132.750283,True
20.44,6,132.755815,True
20.2,5,132.760021,True
22.16,8,132.76608,True
20.2,5,132.770079,True
21.41,8,132.777343,True
21.19,6,132.781345,True
20.18,7,132.787868,True
-10.57,7,132.793063,False
21.43,7,132.79958,True
21.19,6,132.804582,True
20.2,5,132.808112,True
20.2,5,132.812104,True
22.4,9,132.819673,True
21.19,6,132.824896,True
20.2,5,132.829412,True
20.2,5,132.833411,True
22.4,9,132.840143,True
21.19,6,132.845136,True
-10.8,5,132.849663,False
21.41,8,132.855663,True
20.2,5,132.860404,True
22.64,10,132.867928,True
21.19,6,132.872452,True
20.2,5,132.877647,True
21.19,6,132.88217,True
20.2,5,132.885686,True
21.43,7,132.892218,True
22.4,9,132.899218,True
21.43,7,132.90474,True
20.44,6,132.909094,True
21.43,7,132.915619,True
21.19,6,132.920142,True
20.2,5,132.92488,True
21.19,6,132.92988,True
22.16,9,132.936401,True
20.2,5,132.940598,True
21.66,9,132.948123,True
20.19,6,132.953491,True
20.44,6,132.958853,True
20.2,5,132.96285,True
21.19,6,132.967393,True
21.43,7,132.973788,True
21.19,6,132.978836,True
21.19,6,132.983849,True
21.19,6,132.988602,True
20.2,5,132.992961,True
20.44,6,132.997484,True
20.2,5,133.001484,True
21.19,6,133.006329,True
20.44,6,133.011347,True
20.44,6,133.015857,True
20.2,5,133.020424,True
21.65,9,133.028187,True
20.2,5,133.032193,True
21.41,8,133.038712,True
21.19,6,133.044434,True
21.19,6,133.048958,True
21.19,6,133.053957,True
21.43,7,133.059671,True
20.18,7,133.065671,True
20.2,5,133.069715,True
20.44,6,133.073946,True
20.2,5,133.078452,True
21.43,7,133.084466,True
21.19,6,133.088978,True
21.19,6,133.094193,True
20.2,5,133.098193,True
21.43,7,133.103719,True
20.44,6,133.109143,True
20.2,5,133.113464,True
20.44,6,133.117983,True
20.2,5,133.122508,True
21.19,6,133.522133,True
21.43,7,133.528532,True
20.44,6,133.534066,True
20.2,5,133.539545,True
21.17,7,133.546065,True
20.44,6,133.55257,True
21.19,6,133.559056,True
20.2,5,133.565099,True
21.19,6,133.572596,True
20.2,5,133.577615,True
21.19,6,133.585136,True
20.44,6,133.590584,True
22.4,9,133.599089,True
21.43,7,133.605594,True
20.2,5,133.610239,True
22.4,9,133.620253,True
21.19,6,133.626223,True
20.2,5,133.631222,True
21.17,8,133.639171,True
20.2,5,133.644184,True
-9.4,13,133.657598,False
21.19,6,133.663597,True
20.2,5,133.667101,True
22.4,9,133.676631,True
21.41,8,133.686135,True
20.44,6,133.692837,True
21.43,7,133.70136,True
22.16,8,133.710336,True
22.17,8,133.718858,True
20.68,7,133.725821,True
21.19,6,133.731494,True
21.19,6,133.736505,True
20.44,6,133.743351,True
20.2,5,133.747351,True
21.43,7,133.753874,True
22.16,8,133.761654,True
20.44,6,133.767653,True
21.43,7,133.773513,True
21.41,8,133.781034,True
21.43,7,133.787033,True
20.2,5,133.79126,True
20.44,6,133.795784,True
20.2,5,133.799777,True
20.2,5,133.804307,True
21.19,6,133.808511,True
21.19,6,133.814035,True
21.19,6,133.819035,True
20.2,5,133.822562,True
22.17,8,133.828779,True
20.44,6,133.834275,True
21.19,6,133.839284,True
21.41,8,133.845808,True
20.2,5,133.85033,True
21.19,6,133.855329,True
22.42,8,133.862184,True
20.44,6,133.86719,True
21.19,6,133.872241,True
22.17,8,133.879241,True
21.19,6,133.883859,True
21.43,7,133.889864,True
20.2,5,133.894955,True
21.19,6,133.899954,True
20.44,6,133.904466,True
21.43,7,133.910716,True
20.68,7,133.916227,True
20.44,6,133.921732,True
21.19,6,133.926524,True
22.16,8,133.933529,True
22.16,8,133.940399,True
22.4,9,133.947922,True
22.16,8,133.953921,True
21.19,6,133.959611,True
21.19,6,133.964611,True
20.44,6,133.97014,True
20.2,5,133.974189,True
21.19,6,133.979709,True
22.16,8,133.986234,True
22.4,9,133.994074,True
20.2,5,133.998074,True
21.43,7,134.003593,True
22.4,9,134.011465,True
20.44,6,134.015465,True
21.19,6,134.019994,True
20.44,6,134.025903,True
21.19,6,134.030429,True
21.19,6,134.035424,True
21.41,8,134.042233,True
21.43,7,134.048756,True
20.2,5,134.052276,True
20.2,5,134.056711,True
20.44,6,134.062223,True
21.19,6,134.067223,True
20.44,6,134.072239,True
20.68,7,134.077754,True
20.2,5,134.081756,True
20.44,6,134.086997,True
22.16,8,134.093948,True
22.16,8,134.099948,True
21.19,6,134.10447,True
20.2,5,134.108842,True
20.2,5,134.113353,True
21.17,7,134.118293,True
20.44,6,134.123719,True
20.2,5,134.127733,True
22.4,9,134.135238,True
21.43,7,134.141888,True
20.2,5,134.146047,True
21.19,6,134.151046,True
21.19,6,134.156135,True
20.2,5,134.159752,True
21.43,7,134.16627,True
22.4,9,134.173114,True
20.2,5,134.177234,True
22.4,9,134.18523,True
21.19,6,134.189755,True
21.43,7,134.195315,True
20.2,5,134.19984,True
20.2,5,134.20284,True
20.2,5,134.207388,True
21.19,6,134.212402,True
21.19,6,134.217903,True
22.16,8,134.224738,True
20.2,5,134.228207,True
20.2,5,134.232733,True
20.44,6,134.236747,True
20.66,8,134.243156,True
21.65,9,134.250679,True
21.19,6,134.256056,True
20.18,7,134.261603,True
21.19,6,134.266603,True
21.19,6,134.271139,True
22.18,7,134.276991,True
21.43,7,134.283503,True
22.16,8,134.289503,True
-11.56,6,134.296036,False
20.44,6,134.301041,True
20.44,6,134.306652,True
21.19,6,134.31176,True
21.19,6,134.316756,True
21.19,6,134.321423,True
20.2,5,134.325549,True
20.44,6,134.330074,True
21.43,7,134.336074,True
20.44,6,134.340139,True
-11.79,4,134.344663,False
21.43,7,134.349847,True
21.43,7,134.355847,True
21.43,7,134.361355,True
-10.32,7,134.367359,False
21.43,7,134.372709,True
20.2,5,134.377312,True
21.19,6,134.382817,True
20.2,5,134.386823,True
21.19,6,134.392261,True
21.43,7,134.397772,True
21.19,6,134.402773,True
22.16,8,134.409282,True
20.2,5,134.413282,True
22.4,9,134.420792,True
21.19,6,134.815481,True
21.43,7,134.823485,True
-11.79,4,134.82801,False
22.16,8,134.83851,True
20.2,5,134.844059,True
21.19,6,134.851059,True
21.19,6,134.85689,True
20.2,5,134.861904,True
20.2,5,134.866409,True
20.2,5,134.871409,True
20.2,5,134.87622,True
21.19,6,134.881219,True
-11.81,6,134.887368,False
20.2,5,134.892339,True
20.2,5,134.898705,True
20.44,6,134.905416,True
21.19,6,134.911426,True
21.19,6,134.918944,True
20.2,5,134.924406,True
20.2,5,134.929925,True
20.2,5,134.93543,True
21.19,6,134.942943,True
22.16,8,134.952456,True
21.19,6,134.959314,True
21.19,6,134.965315,True
20.44,6,134.970827,True
21.19,6,134.97737,True
21.19,6,134.982874,True
20.2,5,134.987376,True
21.19,6,134.99486,True
21.43,7,135.003871,True
21.43,7,135.011021,True
22.38,10,135.020533,True
21.19,6,135.025408,True
21.19,6,135.030923,True
20.2,5,135.035935,True
20.2,5,135.040257,True
20.2,5,135.04429,True
20.2,5,135.048303,True
20.44,6,135.053832,True
20.44,6,135.058169,True
20.2,5,135.062686,True
20.44,6,135.067687,True
22.4,10,135.076019,True
21.19,6,135.081024,True
20.44,6,135.085546,True
22.4,9,135.09277,True
21.19,6,135.098293,True
20.2,5,135.102292,True
21.43,7,135.108031,True
21.19,6,135.11303,True
20.2,5,135.116557,True
21.43,7,135.122556,True
20.44,6,135.12772,True
21.43,7,135.132735,True
22.16,8,135.138781,True
20.44,6,135.143998,True
21.19,6,135.149506,True
22.16,9,135.157024,True
21.19,6,135.161837,True
21.43,7,135.168343,True
22.4,9,135.175264,True
20.2,5,135.179932,True
20.44,6,135.18493,True
20.44,6,135.189813,True
20.2,5,135.193807,True
21.43,7,135.199318,True
20.44,6,135.204333,True
21.19,6,135.208541,True
22.4,9,135.216071,True
21.19,6,135.221597,True
21.19,6,135.226315,True
20.44,6,135.230835,True
20.68,7,135.236835,True
20.42,7,135.24263,True
21.19,6,135.247156,True
20.2,5,135.252389,True
20.2,5,135.256741,True
20.44,6,135.262248,True
21.19,6,135.267255,True
20.44,6,135.273352,True
22.18,7,135.278756,True
21.19,6,135.284406,True
20.44,6,135.289621,True
21.19,6,135.294391,True
22.16,8,135.30139,True
20.2,5,135.304957,True
20.44,6,135.31033,True
20.2,5,135.314489,True
20.2,5,135.318492,True
21.19,6,135.323889,True
21.17,7,135.329938,True
20.44,6,135.334938,True
22.16,8,135.341377,True
21.41,8,135.347885,True
21.19,6,135.352885,True
21.19,6,135.357222,True
21.17,7,135.363221,True
22.16,8,135.369744,True
21.19,6,135.374955,True
22.16,8,135.381645,True
21.19,6,135.38668,True
20.2,5,135.390905,True
-11.79,4,135.393901,False
20.2,5,135.398424,True
20.44,6,135.402941,True
22.4,9,135.410473,True
21.67,8,135.416976,True
20.44,6,135.838868,True
21.19,6,135.84322,True
20.2,5,135.849274,True
22.17,8,135.855736,True
20.44,6,135.861265,True
21.43,7,135.867776,True
21.19,6,135.872797,True
20.2,5,135.87679,True
21.43,7,135.881844,True
21.17,7,135.887837,True
20.68,7,135.893359,True
22.16,8,135.899852,True
20.2,5,135.904356,True
21.43,7,135.910543,True
20.2,5,135.914543,True
22.16,8,135.92206,True
20.2,5,135.926817,True
21.19,6,135.931489,True
20.44,6,135.936493,True
22.16,8,135.942464,True
21.19,6,135.947463,True
22.16,8,135.954506,True
21.67,8,135.961243,True
21.19,6,135.966243,True
21.41,8,135.973129,True
20.44,6,135.97813,True
21.67,8,135.984401,True
21.41,8,135.991403,True
21.19,6,135.996068,True
21.19,6,136.00074,True
21.19,6,136.006331,True
21.43,7,136.012929,True
21.19,6,136.017936,True
21.43,7,136.022748,True
20.44,6,136.027768,True
21.19,6,136.032801,True
20.2,5,136.036815,True
21.19,6,136.042177,True
20.2,5,136.046701,True
21.19,6,136.051701,True
21.19,6,136.056118,True
21.65,9,136.063137,True
22.4,9,136.070651,True
22.16,8,136.076392,True
21.43,7,136.082916,True
20.44,6,136.087438,True
20.2,5,136.092078,True
21.19,6,136.096602,True
21.19,6,136.101602,True
20.2,5,136.105602,True
21.19,6,136.109811,True
21.19,6,136.114816,True
21.19,6,136.120341,True
20.2,5,136.124544,True
