#{"t_start": 1791209225.9413273, "env_id": "None"}
r,l,t,is_success
-11.78,3,0.986651,False
-12.1,10,0.996182,False
-11.81,6,1.001544,False
-11.79,4,1.004538,False
-12.03,3,1.007538,False
-12.07,7,1.014048,False
-12.01,1,1.015067,False
-11.77,2,1.016097,False
-11.8,5,1.021087,False
-12.03,3,1.023613,False
-11.82,7,1.029612,False
-11.85,10,1.038524,False
-12.05,5,1.042528,False
-12.03,3,1.045049,False
-11.61,10,1.053048,False
-11.81,6,1.058158,False
-11.77,2,1.060164,False
-12.01,1,1.061164,False
-11.85,9,1.068691,False
-11.58,8,1.075214,False
-11.84,9,1.082673,False
-12.02,2,1.083668,False
-12.03,3,1.087195,False
-12.01,1,1.088195,False
-12.06,6,1.092715,False
-11.8,5,1.097241,False
-11.79,4,1.100617,False
-11.83,8,1.107008,False
-11.87,12,1.116537,False
-11.62,12,1.127067,False
-12.02,2,1.129082,False
-12.03,3,1.131862,False
-11.81,6,1.135851,False
-12.01,1,1.137363,False
-12.02,2,1.139378,False
-11.81,6,1.144379,False
-11.86,11,1.153331,False
-11.58,7,1.158856,False
-11.81,6,1.164183,False
-12.03,3,1.167204,False
-12.05,5,1.170731,False
-11.38,12,1.180835,False
-12.07,7,1.186854,False
-11.85,10,1.19538,False
-12.04,4,1.198925,False
-10.82,7,1.203968,False
-12.03,3,1.206972,False
-11.8,5,1.210482,False
-12.02,2,1.212496,False
-12.07,7,1.218753,False
-12.02,2,1.219746,False
-12.05,5,1.224264,False
-12.07,7,1.230797,False
-12.03,3,1.232619,False
-11.8,5,1.237258,False
-12.06,6,1.241264,False
-12.05,5,1.245792,False
-12.06,6,1.251055,False
-10.89,12,1.261564,False
-12.06,6,1.266546,False
-11.77,2,1.268539,False
-12.04,4,1.271547,False
-12.02,2,1.27306,False
-12.03,3,1.276107,False
-12.04,4,1.279193,False
-12.04,4,1.282535,False
-12.06,6,1.28806,False
-12.03,3,1.290059,False
-11.61,10,1.298396,False
-12.05,5,1.303387,False
-11.81,6,1.30892,False
-12.07,7,1.314237,False
-12.02,2,1.316776,False
-12.01,1,1.317775,False
-11.8,5,1.321776,False
-11.53,3,1.324786,False
-12.03,3,1.3263,False
-12.04,4,1.331089,False
-12.05,5,1.33511,False
-11.57,7,1.340621,False
-12.05,5,1.345865,False
-11.82,7,1.351739,False
-12.08,8,1.358245,False
-11.83,8,1.364244,False
-12.02,2,1.366545,False
-11.59,9,1.373069,False
-12.03,3,1.377228,False
-11.6,9,1.384734,False
-12.04,4,1.387422,False
-11.83,8,1.394457,False
20.2,5,1.399073,True
-11.85,9,1.40607,False
-11.79,3,1.408586,False
-12.03,3,1.411587,False
-12.04,4,1.415022,False
-11.81,6,1.41955,False
-11.58,8,1.426557,False
-11.83,8,1.432501,False
-11.86,10,1.441021,False
-12.05,5,1.446028,False
-12.01,1,1.446028,False
-11.81,6,1.450955,False
-12.08,8,1.458955,False
-11.82,6,1.477809,False
-12.05,5,1.482054,False
-11.59,9,1.489582,False
-12.04,4,1.493098,False
-11.62,11,1.501878,False
-12.04,4,1.505886,False
-11.6,10,1.513412,False
-11.83,8,1.519623,False
-11.83,8,1.526158,False
-11.88,13,1.53769,False
-12.03,3,1.53969,False
-11.79,4,1.542691,False
-12.01,1,1.544211,False
-12.02,2,1.545216,False
-12.04,4,1.54944,False
-12.05,5,1.55244,False
-12.02,2,1.554951,False
-11.8,4,1.559126,False
-12.05,5,1.563124,False
-12.03,3,1.565688,False
-12.03,3,1.568207,False
-11.63,13,1.578743,False
-11.8,5,1.582161,False
-11.82,7,1.588208,False
-12.07,7,1.594221,False
-12.03,3,1.597222,False
-12.17,17,1.611093,False
-11.63,13,1.62183,False
-11.81,6,1.626829,False
-12.08,8,1.632576,False
-12.03,3,1.635576,False
-11.8,5,1.639576,False
-12.04,4,1.643098,False
-12.04,4,1.646091,False
-12.07,7,1.651847,False
-12.08,8,1.658855,False
-11.8,5,1.662372,False
-12.03,3,1.66559,False
-12.03,3,1.66759,False
-12.01,1,1.668589,False
-12.03,3,1.67059,False
-12.01,1,1.672102,False
-12.05,5,1.676116,False
-12.03,3,1.679116,False
-11.87,12,1.688378,False
-12.04,4,1.691387,False
-12.04,4,1.694915,False
-12.04,4,1.697914,False
-11.59,8,1.704651,False
-12.04,4,1.708651,False
-11.65,14,1.71986,False
-10.6,9,1.727409,False
-12.01,1,1.728423,False
-12.01,1,1.728423,False
-12.07,7,1.734652,False
-12.01,1,1.735159,False
-11.33,8,1.742167,False
-12.01,1,1.742167,False
-12.02,2,1.744168,False
-12.03,3,1.746691,False
-12.08,8,1.75291,False
-12.02,2,1.753911,False
-12.03,3,1.757431,False
-11.86,11,1.766187,False
-12.05,5,1.770201,False
-12.07,7,1.776202,False
-11.62,12,1.786983,False
-12.03,3,1.789503,False
-12.04,4,1.792504,False
-11.83,8,1.799512,False
-12.04,4,1.802508,False
-12.01,1,1.803508,False
-12.02,2,1.805508,False
-12.02,2,1.806508,False
-12.02,2,1.808511,False
-12.09,9,1.816269,False
-12.01,1,1.817277,False
-12.05,5,1.82147,False
-12.04,4,1.82447,False
-12.04,4,1.828477,False
-12.03,3,1.831466,False
-11.85,10,1.838489,False
-12.04,4,1.842017,False
-11.83,7,1.848303,False
-12.04,4,1.851823,False
-12.04,4,1.854815,False
-12.01,1,1.855816,False
-11.61,11,2.245302,False
-12.05,5,2.249359,False
-11.62,11,2.261865,False
-12.02,2,2.264236,False
-12.05,5,2.270265,False
-12.01,1,2.271265,False
-12.03,3,2.274784,False
-11.58,7,2.282924,False
-12.01,1,2.284036,False
-12.02,2,2.286246,False
-12.01,1,2.287358,False
-12.03,3,2.290871,False
-11.87,12,2.303711,False
-12.04,4,2.307214,False
-12.05,5,2.312789,False
-11.39,14,2.32824,False
-12.01,1,2.329244,False
-11.79,4,2.334129,False
-12.02,2,2.337129,False
-11.81,6,2.34341,False
-11.56,6,2.349823,False
-11.78,3,2.35433,False
-11.81,6,2.360331,False
-12.02,2,2.362839,False
-12.02,2,2.365247,False
-11.78,3,2.368252,False
-12.06,6,2.374769,False
-12.05,5,2.380808,False
-10.82,7,2.387334,False
-11.82,7,2.395345,False
-11.8,5,2.40068,False
-12.06,6,2.408184,False
-12.02,2,2.410184,False
-12.01,1,2.411184,False
-12.03,3,2.414525,False
-11.78,3,2.417542,False
-11.82,7,2.426047,False
-12.01,1,2.427047,False
-12.07,7,2.43511,False
-11.37,11,2.447033,False
-12.01,1,2.448134,False
-12.01,1,2.448134,False
-11.35,9,2.457565,False
-12.02,2,2.458565,False
-12.02,2,2.460565,False
-11.05,5,2.466286,False
-11.58,8,2.473299,False
-11.85,9,2.481844,False
-12.01,1,2.482946,False
-12.07,7,2.489394,False
-11.86,11,2.498431,False
-12.02,2,2.500417,False
-12.04,4,2.502942,False
-11.56,6,2.507947,False
-12.03,3,2.510467,False
-12.03,3,2.512989,False
-11.56,6,2.518345,False
-11.57,7,2.523395,False
-12.03,3,2.526394,False
-12.02,2,2.527394,False
-12.01,1,2.528394,False
-12.01,1,2.529395,False
-11.81,6,2.53422,False
-11.86,11,2.543275,False
-12.02,2,2.54428,False
-12.03,3,2.54728,False
-11.83,8,2.554108,False
-11.53,3,2.556107,False
-11.79,4,2.560107,False
-12.01,1,2.561107,False
-12.07,7,2.566847,False
-11.78,2,2.568846,False
-11.64,13,2.579111,False
-10.88,12,2.589513,False
-11.79,4,2.592028,False
-11.81,6,2.597558,False
-12.03,3,2.599828,False
-11.77,2,2.601827,False
-12.01,1,2.601827,False
-12.02,2,2.603338,False
-11.62,11,2.612887,False
-11.8,5,2.61765,False
-12.06,6,2.62265,False
-11.81,5,2.626174,False
-11.54,4,2.63019,False
-11.83,7,2.635421,False
-11.6,10,2.643945,False
-11.89,14,2.655172,False
-11.65,14,2.666904,False
-12.03,3,2.668424,False
-11.58,8,2.675428,False
-11.79,4,2.67843,False
-11.79,4,2.682704,False
-12.05,5,2.686697,False
-12.03,3,2.688704,False
-11.8,4,2.692214,False
-11.1,10,2.701111,False
-12.1,10,2.709635,False
-12.02,2,2.710635,False
-11.79,4,2.71316,False
-11.76,1,2.714671,False
-12.08,8,2.721947,False
-12.01,1,2.722947,False
-11.05,5,2.726471,False
-12.03,3,2.729471,False
-12.06,6,2.735222,False
-12.03,3,2.737236,False
-12.01,1,2.738236,False
-11.85,10,2.745748,False
-11.81,6,2.750991,False
-11.82,7,2.75651,False
-12.04,4,2.759514,False
-11.82,6,2.764521,False
-11.79,4,2.76828,False
-12.04,4,2.771279,False
-11.8,5,2.77528,False
-11.82,7,2.781023,False
-12.01,1,2.782016,False
-11.86,11,2.791545,False
-12.03,3,2.794053,False
-12.03,3,2.796078,False
-12.08,8,2.802832,False
-12.03,3,2.805351,False
-12.01,1,2.806356,False
-11.6,9,2.81386,False
-11.87,11,2.824021,False
-12.03,3,2.826035,False
-11.84,8,2.832818,False
-11.76,1,2.833818,False
-12.02,2,2.83533,False
-10.65,14,2.846638,False
-12.05,5,2.850479,False
-12.06,6,2.855471,False
-11.86,11,2.865268,False
-12.02,2,2.866264,False
-11.82,7,2.872784,False
-11.78,3,2.874781,False
-11.8,5,2.878788,False
-11.8,5,2.88312,False
-11.37,12,2.893654,False
-10.9,15,2.906219,False
-12.05,5,2.91022,False
-12.01,1,2.91122,False
-11.64,13,2.922122,False
-12.01,1,2.923123,False
-12.04,4,2.925647,False
-11.62,11,2.935537,False
-11.58,8,2.942532,False
-12.01,1,2.942532,False
-12.02,2,2.944046,False
-11.6,10,2.952295,False
-11.81,6,2.957814,False
-12.07,7,2.96282,False
-11.81,6,2.968061,False
-12.04,4,2.97206,False
-12.04,4,2.974055,False
-12.02,2,2.976579,False
-12.08,8,2.983847,False
-11.59,9,2.991372,False
-12.06,6,2.996433,False
-11.58,7,3.001798,False
-12.02,2,3.003798,False
-11.82,7,3.008687,False
-12.03,3,3.011705,False
-11.89,14,3.02246,False
-12.01,1,3.02346,False
-12.01,1,3.024456,False
-11.41,16,3.037748,False
-11.77,2,3.039757,False
-12.04,4,3.042839,False
-12.03,3,3.045844,False
-11.59,9,3.05391,False
-12.02,2,3.05491,False
-11.76,1,3.05591,False
-11.82,7,3.062438,False
-12.01,1,3.063438,False
-11.33,7,3.069198,False
-12.01,1,3.069198,False
-11.84,9,3.077209,False
-12.03,3,3.079722,False
-11.38,13,3.089479,False
-11.8,5,3.093493,False
-12.02,2,3.095006,False
-11.79,4,3.098245,False
-11.83,8,3.104771,False
-11.79,4,3.108772,False
-11.83,8,3.114527,False
-11.56,6,3.120566,False
-11.58,8,3.12658,False
-11.8,5,3.131092,False
-12.01,1,3.131092,False
-11.77,2,3.133347,False
-12.1,10,3.141392,False
-11.56,6,3.543796,False
-11.83,8,3.553756,False
-12.09,9,3.563745,False
-11.58,8,3.572419,False
-11.56,6,3.579429,False
-11.34,9,3.587421,False
-12.07,7,3.594926,False
-11.64,13,3.610355,False
-12.08,8,3.619422,False
-12.07,7,3.627927,False
-11.81,6,3.634994,False
-12.13,13,3.648877,False
-11.79,4,3.652877,False
-12.02,2,3.654876,False
-11.59,9,3.664382,False
-12.02,2,3.664893,False
-11.57,6,3.672415,False
-10.71,21,3.696834,False
-11.77,2,3.698802,False
-12.02,2,3.701356,False
-12.03,3,3.704356,False
-11.34,8,3.713861,False
-11.58,8,3.722813,False
-11.57,6,3.730808,False
-11.87,12,3.742354,False
-10.41,16,3.75733,False
-12.03,3,3.760329,False
-11.81,6,3.766248,False
-12.02,2,3.767249,False
-11.79,4,3.771769,False
-12.01,1,3.771769,False
-11.33,8,3.779766,False
-10.64,14,3.794205,False
-12.02,2,3.796195,False
-11.81,6,3.800617,False
-12.02,2,3.802619,False
-11.31,6,3.807143,False
-12.01,1,3.808138,False
-11.82,6,3.813498,False
-11.6,10,3.820824,False
-11.79,4,3.825347,False
-12.02,2,3.826352,False
-12.02,2,3.828352,False
-11.85,10,3.836264,False
-12.03,3,3.838264,False
-12.06,6,3.843264,False
-12.02,2,3.845789,False
-11.8,5,3.849223,False
-10.86,11,3.859737,False
-11.8,5,3.864045,False
-12.01,1,3.865048,False
-12.06,6,3.869556,False
-11.79,4,3.873558,False
-11.82,7,3.879723,False
-11.58,8,3.886095,False
-12.01,1,3.887082,False
-11.82,6,3.892589,False
-11.59,8,3.900241,False
-11.61,11,3.910392,False
-12.01,1,3.911383,False
-11.89,14,3.92492,False
-11.9,15,3.939382,False
-11.64,14,3.953038,False
-12.06,6,3.959031,False
-11.57,6,3.963544,False
-11.79,3,3.966939,False
-11.8,4,3.971469,False
-12.03,3,3.974459,False
-12.01,1,3.975459,False
-11.83,8,3.98246,False
-11.79,4,3.986456,False
-11.56,6,3.99145,False
-12.1,10,3.999981,False
-11.79,4,4.003508,False
-11.81,6,4.008501,False
-12.02,2,4.010503,False
-11.83,8,4.016989,False
-12.03,3,4.019989,False
-11.82,7,4.02551,False
-11.84,9,4.033041,False
-12.04,4,4.036564,False
-11.77,2,4.038564,False
-12.07,7,4.04456,False
-11.61,11,4.05418,False
-11.81,6,4.0587,False
-12.03,3,4.061705,False
-12.05,5,4.06558,False
-11.58,8,4.072594,False
-11.79,4,4.074588,False
-12.05,5,4.08012,False
-12.06,6,4.084447,False
-12.1,10,4.092993,False
-12.02,2,4.094986,False
-12.02,2,4.096986,False
-12.03,3,4.099419,False
-12.05,5,4.103417,False
-11.79,4,4.106417,False
-12.05,5,4.110553,False
-11.77,2,4.112553,False
-11.79,4,4.116002,False
-12.03,3,4.118517,False
-12.07,7,4.124515,False
-11.77,2,4.126515,False
-11.79,4,4.130047,False
-11.81,5,4.133634,False
-12.03,3,4.136634,False
-12.02,2,4.137634,False
-11.6,10,4.146954,False
-12.03,3,4.148303,False
-12.03,3,4.151831,False
-11.82,6,4.156831,False
-11.79,4,4.160351,False
-11.8,4,4.163757,False
-11.81,6,4.168779,False
-11.82,6,4.173194,False
-11.8,5,4.178194,False
-11.64,13,4.189717,False
-11.59,9,4.197671,False
-12.01,1,4.198699,False
-11.77,2,4.200715,False
-12.02,2,4.202226,False
-11.78,3,4.204935,False
-10.45,19,4.220866,False
-12.08,8,4.22738,False
-11.77,2,4.228527,False
-12.05,5,4.232524,False
-11.6,10,4.242055,False
-12.01,1,4.24307,False
-11.82,7,4.249047,False
-11.8,5,4.254029,False
-11.76,1,4.25503,False
-11.8,4,4.258539,False
-12.01,1,4.259557,False
-11.82,6,4.264933,False
-11.54,4,4.268449,False
-11.64,14,4.280551,False
-11.78,3,4.282969,False
-12.02,2,4.284974,False
-12.01,1,4.284974,False
-12.02,2,4.287503,False
-10.66,16,4.300914,False
-12.04,4,4.303914,False
-11.85,10,4.313033,False
-12.03,3,4.315427,False
22.19,55,4.361987,True
-11.61,10,4.371084,False
-11.82,7,4.377089,False
-11.57,7,4.383507,False
-11.55,5,4.387514,False
-11.79,3,4.39052,False
-12.07,7,4.397405,False
-11.83,8,4.404081,False
-11.55,5,4.408082,False
-12.12,12,4.418981,False
-11.81,6,4.424478,False
-11.58,7,4.430492,False
-12.08,8,4.437039,False
-11.77,2,4.439032,False
-11.79,4,4.442026,False
-11.79,4,4.445032,False
-12.05,5,4.449129,False
-11.63,12,4.459662,False
-11.33,8,4.465115,False
-11.84,9,4.473633,False
-11.8,5,4.477139,False
-11.82,7,4.844055,False
-11.77,2,4.846055,False
-11.79,4,4.851507,False
-11.55,5,4.857092,False
-10.65,14,4.877475,False
-10.43,18,4.897727,False
-11.82,7,4.905306,False
-12.06,6,4.912309,False
-12.01,1,4.913309,False
-11.78,3,4.916796,False
-12.03,3,4.920879,False
-12.01,1,4.921798,False
-10.36,10,4.932804,False
-10.65,15,4.949784,False
-11.8,5,4.955789,False
-11.77,2,4.956788,False
-11.33,8,4.964652,False
-11.79,4,4.97017,False
-12.03,3,4.97317,False
-11.56,5,4.978673,False
-12.03,3,4.982221,False
-11.85,10,4.991724,False
-12.04,4,4.994724,False
-11.8,5,4.999799,False
-12.03,3,5.00431,False
-11.78,3,5.007324,False
-11.6,10,5.019144,False
-12.01,1,5.019144,False
-12.06,6,5.025664,False
-11.82,7,5.032716,False
-11.78,3,5.036755,False
-11.8,5,5.042283,False
-11.77,2,5.043288,False
-11.56,6,5.049676,False
-11.86,11,5.060191,False
-11.79,3,5.062693,False
-11.87,12,5.074747,False
-11.88,12,5.085876,False
-11.79,4,5.089877,False
-11.81,5,5.094387,False
-11.6,9,5.102053,False
-11.62,12,5.111933,False
-12.01,1,5.112932,False
-11.78,3,5.115294,False
-11.77,2,5.116368,False
-11.8,5,5.120311,False
-12.02,2,5.122312,False
-11.85,10,5.131417,False
-11.61,11,5.13995,False
-11.55,4,5.143949,False
-11.78,3,5.145949,False
-12.03,3,5.148346,False
-11.81,6,5.153805,False
-11.81,6,5.15915,False
-11.35,10,5.166667,False
-11.57,7,5.173194,False
-11.6,10,5.182114,False
-11.8,5,5.186115,False
-11.55,5,5.189646,False
-11.79,4,5.193645,False
-11.79,4,5.196645,False
-11.77,2,5.197979,False
-11.62,11,5.207556,False
-12.05,5,5.212088,False
-12.06,6,5.217532,False
-11.82,7,5.223059,False
-11.54,4,5.22606,False
-11.78,3,5.229127,False
-11.83,8,5.236244,False
-12.04,4,5.239243,False
-11.78,3,5.241764,False
-11.62,11,5.250195,False
-11.82,7,5.256722,False
-12.07,7,5.262234,False
-12.01,1,5.263252,False
-11.54,4,5.266554,False
-12.01,1,5.267554,False
-10.83,8,5.27408,False
-10.82,7,5.280431,False
-12.03,3,5.283003,False
-12.05,5,5.287636,False
-12.01,1,5.288652,False
-11.78,3,5.290652,False
-11.63,13,5.303309,False
-11.78,3,5.306702,False
-11.83,8,5.313741,False
-11.82,7,5.319615,False
-11.82,7,5.326935,False
-11.87,12,5.338956,False
-10.63,13,5.351482,False
-11.76,1,5.353482,False
-11.89,14,5.365737,False
-12.02,2,5.367754,False
-12.07,7,5.373753,False
-11.8,5,5.378282,False
-12.01,1,5.379802,False
-11.56,6,5.385015,False
-12.05,5,5.389544,False
-11.81,6,5.394544,False
-12.03,3,5.398074,False
-12.03,3,5.401072,False
-12.01,1,5.402072,False
-11.79,4,5.405596,False
-11.84,9,5.413121,False
-11.77,2,5.415877,False
-11.78,3,5.418393,False
-11.67,16,5.433114,False
-11.84,8,5.439648,False
-11.81,6,5.444647,False
-11.83,8,5.452788,False
-11.81,5,5.457789,False
-11.59,9,5.466969,False
-11.81,5,5.471496,False
-12.08,8,5.478488,False
-10.39,12,5.489105,False
-11.55,5,5.494634,False
-11.81,6,5.500228,False
-11.78,3,5.50327,False
-12.01,1,5.504287,False
-12.01,1,5.505286,False
-10.89,14,5.518478,False
-12.07,7,5.525723,False
-11.81,6,5.531172,False
-11.78,3,5.533742,False
-11.81,6,5.539743,False
-12.04,4,5.542984,False
-11.78,3,5.546077,False
-11.36,10,5.554058,False
-11.8,4,5.558059,False
-12.02,2,5.559057,False
-11.1,10,5.567585,False
-11.77,2,5.569585,False
-11.4,14,5.581318,False
-11.82,7,5.586994,False
-12.03,3,5.588992,False
-11.78,3,5.590992,False
-11.8,5,5.595667,False
-11.82,7,5.601558,False
-12.06,6,5.607099,False
-12.01,1,5.608099,False
-11.78,3,5.610098,False
-11.82,7,5.616551,False
-11.81,6,5.621551,False
-12.03,3,5.624562,False
-11.58,8,5.631482,False
-11.76,1,5.632511,False
-11.39,13,5.643031,False
-11.4,14,5.654501,False
-11.63,13,5.666379,False
-11.79,4,5.669906,False
-12.01,1,5.670906,False
-12.01,1,5.670906,False
-11.58,7,5.676906,False
-11.59,8,5.6839,False
-11.57,6,5.6889,False
-11.82,7,5.694423,False
-11.81,6,5.699265,False
-11.59,8,5.705802,False
-12.04,4,5.709803,False
-11.63,12,5.720482,False
-11.86,11,5.729537,False
-11.8,5,5.733604,False
-10.86,11,5.7426,False
-12.01,1,5.744106,False
-11.54,4,5.747727,False
-12.05,5,5.751753,False
-11.38,12,5.762274,False
-11.79,4,5.766305,False
-11.8,5,5.7703,False
-12.1,10,5.778807,False
-11.84,9,5.786647,False
-12.04,4,6.157862,False
-12.02,2,6.159862,False
-11.82,7,6.167856,False
-11.32,7,6.17636,False
-11.82,7,6.184276,False
-11.77,2,6.186276,False
-10.37,12,6.200218,False
-11.56,6,6.206261,False
-11.79,4,6.210262,False
-11.56,6,6.216274,False
-11.53,3,6.219274,False
-12.01,1,6.220274,False
-11.56,6,6.227292,False
-11.79,4,6.232333,False
-11.31,6,6.237852,False
-11.79,4,6.241851,False
-10.63,13,6.253784,False
-11.79,4,6.258305,False
-12.07,7,6.264679,False
-11.8,5,6.269717,False
-11.61,10,6.280834,False
-11.35,10,6.290092,False
-12.05,5,6.29609,False
-11.82,7,6.302596,False
-12.08,8,6.31163,False
-11.6,10,6.320622,False
-11.59,8,6.329134,False
-11.78,3,6.331515,False
-11.66,16,6.348428,False
-11.36,10,6.358789,False
-11.84,9,6.366618,False
-11.36,9,6.37522,False
-10.61,11,6.385019,False
-12.02,2,6.386023,False
-11.82,7,6.392689,False
-11.81,6,6.396988,False
-10.66,15,6.411055,False
-12.02,2,6.412572,False
-11.86,11,6.421566,False
-11.8,5,6.425088,False
-11.58,8,6.431429,False
-12.02,2,6.433953,False
-11.86,10,6.441953,False
-11.64,13,6.452749,False
-12.01,1,6.454265,False
-12.04,4,6.45727,False
-11.59,9,6.464586,False
-11.78,3,6.466602,False
-11.78,3,6.469602,False
-12.09,9,6.476126,False
-10.84,9,6.484151,False
-11.59,9,6.491674,False
-11.33,8,6.498482,False
-11.55,4,6.501482,False
-11.82,7,6.506993,False
-11.79,4,6.509765,False
-11.56,6,6.515149,False
-12.01,1,6.516149,False
-12.06,6,6.52067,False
-11.54,4,6.52367,False
-11.33,7,6.52919,False
-11.81,6,6.534505,False
-12.07,7,6.540029,False
-12.06,6,6.545029,False
-11.6,10,6.553429,False
-11.82,6,6.55893,False
-11.82,7,6.564355,False
-11.84,9,6.571896,False
-12.04,4,6.575896,False
-11.77,2,6.576896,False
-12.08,8,6.583975,False
-11.84,9,6.591483,False
-11.8,5,6.595483,False
-12.07,7,6.601335,False
-10.64,13,6.613388,False
-11.6,10,6.621925,False
-12.01,1,6.622939,False
-11.8,5,6.627939,False
-11.85,10,6.635478,False
-11.77,2,6.636988,False
-11.85,10,6.646001,False
-12.08,8,6.653042,False
-11.81,6,6.658547,False
-11.79,4,6.661554,False
-11.79,4,6.665119,False
-11.8,4,6.667114,False
-11.8,5,6.671643,False
-12.05,5,6.675643,False
-11.8,5,6.680529,False
-12.05,5,6.684546,False
-11.78,3,6.686546,False
-11.77,2,6.688071,False
-10.86,10,6.696595,False
-12.05,5,6.700473,False
-11.79,4,6.703478,False
-11.82,7,6.709002,False
-12.02,2,6.711751,False
-11.84,9,6.719174,False
-11.79,3,6.721684,False
-10.7,19,6.737787,False
-12.08,8,6.744299,False
-12.02,2,6.746312,False
-11.35,10,6.754446,False
-11.61,11,6.764415,False
-11.81,6,6.768954,False
-10.61,10,6.777464,False
-11.57,7,6.784281,False
-11.59,9,6.791869,False
-11.62,11,6.800946,False
-11.82,6,6.805946,False
-11.82,7,6.811457,False
-12.03,3,6.814457,False
-10.88,12,6.824826,False
-10.65,15,6.838367,False
-11.84,9,6.845891,False
-11.8,5,6.850417,False
-11.84,8,6.85641,False
-12.01,1,6.857409,False
-11.77,2,6.859416,False
-12.09,9,6.867949,False
-12.09,9,6.875462,False
-11.83,8,6.882641,False
-11.56,6,6.887646,False
-12.04,4,6.890646,False
-11.33,8,6.898498,False
-11.61,10,6.906011,False
-11.63,12,6.917608,False
-11.6,9,6.925292,False
-11.79,4,6.929211,False
-11.55,5,6.933521,False
-11.78,3,6.936518,False
-11.78,3,6.939518,False
-11.82,7,6.945047,False
-11.78,3,6.947985,False
-11.62,11,6.957504,False
-11.78,3,6.960308,False
-11.6,9,7.801874,False
-11.53,3,7.803871,False
-11.78,3,7.80838,False
-12.04,4,7.811903,False
-11.54,4,7.815424,False
-11.61,11,7.824956,False
-11.81,6,7.829952,False
-11.77,2,7.830952,False
-11.84,8,7.837562,False
-12.06,6,7.843085,False
-11.84,9,7.850955,False
-12.04,4,7.853993,False
-11.35,9,7.861992,False
-12.01,1,7.861992,False
-11.6,10,7.870739,False
-12.06,6,7.875245,False
-12.05,5,7.879245,False
-11.56,6,7.884466,False
-11.58,7,7.890555,False
-11.57,7,7.896549,False
-11.79,4,8.270651,False
-11.81,6,8.278197,False
-11.77,2,8.280122,False
-11.82,7,8.287594,False
-10.91,14,8.30051,False
-11.79,4,8.304636,False
-11.35,9,8.31504,False
-12.05,5,8.320587,False
-11.85,10,8.330436,False
-11.58,7,8.337953,False
-11.78,3,8.340953,False
-11.81,6,8.346826,False
-11.79,4,8.349886,False
-11.79,4,8.353887,False
-11.83,8,8.363391,False
-11.57,7,8.370431,False
-12.04,4,8.374429,False
-11.78,3,8.377931,False
-11.59,8,8.386557,False
-11.82,7,8.393061,False
-11.64,13,8.409258,False
-6.05,80,8.492811,False
-11.56,6,8.499356,False
-11.56,5,8.504874,False
-11.56,5,8.508881,False
-11.82,7,8.514937,False
-11.79,4,8.51947,False
-12.01,1,8.520463,False
-11.77,2,8.521462,False
-11.4,15,8.534522,False
-11.55,4,8.538034,False
-11.78,3,8.540034,False
-11.61,11,8.549545,False
-10.62,11,8.559235,False
-12.01,1,8.560235,False
-11.56,6,8.565743,False
-12.05,5,8.569755,False
-11.82,7,8.574756,False
-11.63,12,8.585242,False
-11.62,12,8.595769,False
-11.8,5,8.600905,False
-11.8,5,8.604913,False
-11.54,4,8.608425,False
-11.85,10,8.616954,False
-10.6,10,8.625195,False
-11.6,10,8.632955,False
-11.55,5,8.636955,False
-11.78,3,8.639544,False
-12.02,2,8.641633,False
-11.57,7,8.647553,False
-12.01,1,8.648554,False
-11.89,13,8.659065,False
-11.82,7,8.666035,False
-11.61,11,8.675451,False
-12.02,2,8.676466,False
-11.59,9,8.683766,False
-11.84,8,8.690444,False
-11.77,2,8.69195,False
-11.82,6,8.697034,False
-11.76,1,8.698385,False
-10.86,9,8.70597,False
-11.62,11,8.714721,False
-11.54,4,8.718246,False
-11.82,7,8.723749,False
-11.81,6,8.728748,False
-12.04,4,8.732681,False
-11.82,7,8.73768,False
-11.81,6,8.743076,False
-11.62,11,8.752575,False
-10.84,8,8.759097,False
-11.58,8,8.764977,False
-12.01,1,8.765975,False
-12.02,2,8.767978,False
-10.61,11,8.776502,False
-12.01,1,8.777502,False
-11.33,8,8.784394,False
-10.65,14,8.794917,False
-12.04,4,8.798229,False
-12.02,2,8.800221,False
-11.63,11,8.808748,False
-11.82,7,8.814234,False
-11.3,5,8.818279,False
-11.83,7,8.824272,False
-11.57,7,8.829797,False
-11.81,6,8.833998,False
-11.59,8,8.841027,False
-11.62,12,8.850793,False
-11.8,5,8.854793,False
-11.57,6,8.859189,False
-12.11,11,8.868896,False
-12.02,2,8.870895,False
-11.56,6,8.875895,False
-11.85,9,8.882732,False
-11.6,9,8.890258,False
-12.06,6,8.895258,False
-11.55,5,8.899601,False
-11.76,1,8.899601,False
-11.55,5,8.903597,False
-11.78,3,8.906597,False
-11.8,5,8.911147,False
-11.6,10,8.91945,False
-11.35,10,8.927464,False
-11.33,8,8.933769,False
-11.4,14,8.945309,False
-11.52,2,8.946309,False
-11.82,6,8.952059,False
-11.78,3,8.955053,False
-11.58,8,8.962583,False
-11.42,16,8.975522,False
-11.36,11,8.983337,False
-11.58,8,8.990336,False
-11.6,10,8.998238,False
-11.65,15,9.011357,False
-11.34,9,9.019679,False
-11.35,9,9.026692,False
-11.55,5,9.03101,False
-11.8,5,9.034006,False
-11.8,5,9.038532,False
-12.03,3,9.041526,False
-11.07,7,9.049296,False
-11.91,16,9.066725,False
-12.01,1,9.06774,False
-12.02,2,9.069727,False
-12.03,3,9.073728,False
-11.85,10,9.08449,False
-11.8,5,9.089571,False
-11.8,5,9.095572,False
-11.81,6,9.101633,False
-11.81,6,9.107635,False
-11.36,11,9.120224,False
-11.35,9,9.131059,False
-11.87,11,9.143667,False
-11.67,16,9.158506,False
-11.62,12,9.168887,False
-11.81,6,9.173417,False
-11.82,7,9.178421,False
-11.65,15,9.191189,False
-12.07,7,9.196731,False
-11.79,3,9.564308,False
-11.82,7,9.571837,False
-11.77,2,9.573837,False
-10.64,13,9.585763,False
-11.61,11,9.5986,False
-11.33,8,9.605104,False
-11.38,13,9.618533,False
-11.35,9,9.628042,False
-11.52,2,9.630414,False
-11.83,8,9.639436,False
-11.56,6,9.645942,False
-11.56,6,9.653445,False
-11.79,4,9.65795,False
-11.8,5,9.66295,False
-11.59,9,9.671908,False
-10.59,8,9.681067,False
-11.82,7,9.689562,False
-11.8,5,9.695562,False
-12.06,6,9.70266,False
-12.04,4,9.707162,False
-12.02,2,9.709165,False
-11.8,5,9.714796,False
-11.85,10,9.725818,False
-12.13,13,9.739887,False
-11.76,1,9.741393,False
-11.78,3,9.745401,False
-10.82,7,9.752572,False
-11.82,6,9.757569,False
-11.81,6,9.764466,False
-11.37,11,9.774627,False
-10.58,8,9.781392,False
-11.59,9,9.789407,False
-11.82,7,9.794905,False
-11.82,6,9.800203,False
-11.35,10,9.807728,False
-11.62,12,9.818028,False
-12.05,5,9.821553,False
-11.6,10,9.830079,False
-12.05,5,9.83333,False
-10.62,12,9.842855,False
-11.34,9,9.85062,False
-11.33,8,9.857083,False
-11.59,9,9.864088,False
-12.05,5,9.868874,False
-11.61,11,9.877409,False
-10.59,9,9.884636,False
-11.38,13,9.895167,False
-11.82,7,9.901391,False
-11.06,6,9.906391,False
-12.02,2,9.907897,False
-11.61,10,9.91615,False
-12.04,4,9.919186,False
-11.38,13,9.929575,False
-10.35,9,9.936796,False
-11.6,9,9.94485,False
-12.04,4,9.948155,False
-11.78,3,9.950687,False
-12.02,2,9.952686,False
-10.87,12,9.962205,False
21.64,11,9.971957,True
-12.05,5,9.975958,False
-11.78,3,9.977958,False
-11.39,14,9.989482,False
-11.57,7,9.995997,False
-12.03,3,9.998367,False
-12.01,1,9.999365,False
-11.36,11,10.007884,False
-11.6,10,10.01676,False
-11.61,10,10.024813,False
-11.79,4,10.027817,False
-11.36,11,10.0377,False
-11.8,5,10.042228,False
-12.01,1,10.043216,False
-11.81,5,10.047141,False
-11.62,11,10.056694,False
-11.55,5,10.060694,False
-11.35,10,10.068466,False
-11.79,4,10.072466,False
-10.6,10,10.079978,False
-11.38,12,10.09076,False
-11.57,6,10.09528,False
-11.56,6,10.100513,False
-11.33,7,10.106038,False
-11.04,4,10.109042,False
-12.04,4,10.113041,False
-11.81,6,10.11777,False
-11.39,13,10.129798,False
-11.83,8,10.136703,False
-6.07,80,10.203031,False
-11.36,11,10.212558,False
-11.57,7,10.219177,False
-11.59,9,10.227244,False
-11.76,1,10.228441,False
-11.6,9,10.236638,False
-11.81,6,10.241142,False
-11.57,7,10.246674,False
-11.6,10,10.256211,False
-11.61,10,10.265735,False
-12.04,4,10.268733,False
-12.06,6,10.274245,False
-11.81,6,10.279496,False
-11.54,4,10.283217,False
-11.57,7,10.29074,False
-11.81,6,10.295259,False
-11.58,8,10.302273,False
-11.36,10,10.311796,False
-10.35,10,10.320847,False
-11.37,11,10.329369,False
-10.6,10,10.33902,False
-11.57,7,10.345025,False
-11.82,7,10.350546,False
-12.06,6,10.355554,False
-10.61,10,10.36508,False
-11.6,10,10.373604,False
-11.83,8,10.380133,False
-11.58,8,10.387204,False
-11.59,9,10.394724,False
-11.31,6,10.398722,False
-11.63,12,10.409251,False
-11.35,9,10.41778,False
-11.79,4,10.421293,False
-11.8,5,10.425307,False
-11.63,12,10.434753,False
-10.39,14,10.446272,False
-11.34,9,10.45335,False
-11.58,8,10.459365,False
-11.36,11,10.46812,False
-11.6,10,10.849287,False
-11.35,10,10.860791,False
-11.77,2,10.863296,False
-11.82,7,10.870789,False
-10.4,15,10.888211,False
-11.36,11,10.898218,False
-11.89,14,10.914634,False
-12.02,2,10.916648,False
-12.01,1,10.917655,False
-11.39,13,10.933235,False
-11.35,10,10.944245,False
-11.35,9,10.954197,False
-12.01,1,10.955197,False
-11.81,6,10.960703,False
-10.39,14,10.975543,False
-11.35,9,10.986647,False
-11.82,7,10.994152,False
-11.34,8,11.003098,False
-11.82,7,11.011686,False
-11.55,5,11.017293,False
-10.43,18,11.035784,False
-11.6,8,11.044935,False
-12.02,2,11.045953,False
-11.62,12,11.058158,False
-11.46,19,11.074664,False
-12.01,1,11.075671,False
-11.58,8,11.082479,False
-11.41,15,11.095004,False
-11.55,5,11.099478,False
-11.58,8,11.105703,False
-10.36,10,11.114836,False
-11.37,12,11.124517,False
-11.61,11,11.134065,False
-12.05,5,11.13758,False
-11.57,7,11.14358,False
-10.62,10,11.151886,False
-12.02,2,11.153886,False
-12.01,1,11.153886,False
-10.42,15,11.166143,False
-11.76,1,11.16716,False
-11.63,12,11.176669,False
-11.58,8,11.183041,False
-10.4,15,11.195564,False
-11.62,11,11.204811,False
-11.82,7,11.210343,False
-12.02,2,11.211343,False
-11.54,4,11.214728,False
-11.52,2,11.216718,False
-11.57,7,11.222244,False
-11.78,3,11.224765,False
20.66,9,11.23314,True
-11.56,6,11.237139,False
-11.54,4,11.24066,False
-11.8,5,11.244664,False
-11.62,12,11.254659,False
-11.84,8,11.262169,False
-11.55,5,11.265871,False
-10.41,16,11.279034,False
-12.02,2,11.281567,False
-11.81,6,11.286672,False
-11.68,17,11.301294,False
-11.35,9,11.308642,False
-11.38,12,11.320003,False
-12.01,1,11.321002,False
-11.32,7,11.332099,False
22.26,49,11.380095,True
-11.76,1,11.381121,False
-11.58,7,11.387613,False
-11.38,13,11.397436,False
-11.8,5,11.402966,False
-11.78,3,11.404965,False
-11.83,7,11.410494,False
-11.59,8,11.416922,False
-11.76,1,11.417918,False
-11.52,2,11.419918,False
-12.01,1,11.420439,False
-11.77,2,11.422443,False
-11.77,2,11.423442,False
-11.34,8,11.430479,False
-11.35,9,11.438497,False
-11.79,4,11.440496,False
-11.35,9,11.448828,False
-11.56,6,11.453352,False
-11.83,8,11.460352,False
-11.79,3,11.462883,False
-11.58,8,11.469114,False
-10.41,16,11.48207,False
-11.81,6,11.487248,False
-11.35,9,11.494787,False
-11.82,7,11.500152,False
-11.77,2,11.501152,False
-11.39,13,11.511678,False
-11.36,10,11.520027,False
-11.53,3,11.522026,False
-10.79,4,11.526551,False
-11.77,2,11.528074,False
-11.55,5,11.531675,False
-11.8,5,11.535717,False
-11.34,9,11.543723,False
-12.06,6,11.549512,False
-11.78,3,11.551519,False
-11.78,3,11.553512,False
-10.6,10,11.562294,False
-11.8,5,11.566233,False
-11.62,12,11.575238,False
-11.79,4,11.57876,False
-11.59,9,11.586632,False
-11.79,4,11.589657,False
-11.84,9,11.59746,False
-11.84,8,11.603423,False
-10.64,14,11.613938,False
-12.03,3,11.617158,False
-11.76,1,11.618158,False
-11.57,7,11.623676,False
-11.93,18,11.637936,False
-11.77,2,11.640465,False
-11.32,7,11.645988,False
-10.67,16,11.658884,False
-11.77,2,11.660396,False
-11.81,5,11.66463,False
-11.33,6,11.668626,False
-11.84,8,11.675154,False
-10.58,8,11.681377,False
-11.65,15,11.693924,False
-11.82,6,11.69823,False
-11.79,4,11.702224,False
-11.82,7,11.707742,False
-10.67,16,11.720467,False
-11.81,6,11.724882,False
-11.63,11,11.734104,False
-11.36,10,11.742631,False
-11.34,9,11.750383,False
-11.36,10,12.144015,False
-11.34,9,12.154203,False
-11.57,6,12.160202,False
-11.37,10,12.171678,False
-11.54,4,12.176188,False
-11.37,11,12.187215,False
-11.37,12,12.199097,False
-11.8,5,12.205097,False
-11.56,5,12.210607,False
-10.4,15,12.224241,False
-10.37,12,12.235962,False
-11.37,10,12.246985,False
-11.39,13,12.259059,False
-11.57,7,12.266453,False
-11.34,9,12.273971,False
-11.58,8,12.282906,False
-11.34,9,12.293051,False
-11.76,1,12.295051,False
-11.58,8,12.302232,False
-11.31,6,12.309227,False
-11.38,13,12.321713,False
-11.59,8,12.330739,False
-11.57,6,12.33677,False
-11.58,8,12.344292,False
-11.57,7,12.351278,False
-11.35,9,12.35992,False
-11.56,6,12.365046,False
-11.56,6,12.369994,False
-11.64,14,12.381909,False
-11.4,15,12.39449,False
-11.62,12,12.404454,False
-11.8,5,12.409458,False
-10.64,13,12.420304,False
-11.58,8,12.426833,False
-10.59,8,12.434249,False
-11.57,7,12.440285,False
-11.56,5,12.444301,False
-11.58,8,12.451139,False
-11.87,11,12.460664,False
-11.6,10,12.468626,False
-10.44,19,12.484447,False
-12.03,3,12.487448,False
-11.35,10,12.495974,False
-11.84,8,12.502475,False
-11.42,16,12.515557,False
-10.41,15,12.528082,False
-10.9,13,12.53896,False
-11.59,9,12.547046,False
-11.57,7,12.552138,False
-11.32,6,12.557138,False
-11.8,5,12.561658,False
-11.42,15,12.574629,False
-11.34,8,12.580995,False
-11.58,8,12.58804,False
-11.34,9,12.594567,False
-12.01,1,12.595567,False
-11.64,14,12.608491,False
-11.54,4,12.61149,False
-10.38,12,12.620944,False
-11.56,6,12.62647,False
-11.37,12,12.636415,False
-11.39,14,12.647471,False
-12.06,6,12.652763,False
-11.3,5,12.656292,False
-10.34,9,12.663631,False
-12.01,1,12.664657,False
-11.59,8,12.670179,False
-11.78,3,12.673333,False
-11.58,7,12.678846,False
-11.33,7,12.685401,False
-11.59,9,12.692683,False
-10.59,9,12.701093,False
-11.54,4,12.704096,False
-11.79,4,12.70709,False
-11.32,7,12.713758,False
-10.59,9,12.721528,False
-11.59,9,12.7292,False
-11.55,4,12.732408,False
-11.59,9,12.738938,False
-11.77,2,12.740936,False
-10.39,13,12.751889,False
-11.62,10,12.759412,False
-11.61,11,12.76781,False
-11.59,9,12.776334,False
-12.03,3,12.778327,False
-11.81,6,12.784225,False
-11.59,9,12.790226,False
-10.39,14,12.801626,False
-11.58,7,12.807619,False
-10.66,14,12.818548,False
-11.58,7,12.825068,False
-11.32,7,12.831002,False
-11.79,4,12.834038,False
-11.59,9,12.842745,False
-11.31,6,12.847704,False
-11.83,8,12.85447,False
-11.58,8,12.860396,False
-11.36,11,12.870222,False
-11.58,8,12.875733,False
-10.35,10,12.884777,False
-11.63,13,12.895288,False
-11.57,6,12.900829,False
-11.35,10,12.908521,False
-11.55,5,12.912502,False
-11.83,8,12.919306,False
-11.58,7,12.924299,False
-11.56,5,12.929829,False
-11.61,10,12.937857,False
-11.76,1,12.938857,False
-11.8,5,12.942858,False
-11.6,10,12.951416,False
-11.03,3,12.954421,False
-12.03,3,12.955867,False
-11.63,13,12.967905,False
-11.76,1,12.968501,False
22.27,22,12.986614,True
-11.39,13,12.997549,False
-11.61,11,13.006095,False
-11.35,9,13.014113,False
-11.57,7,13.020142,False
-11.82,6,13.025669,False
-11.37,12,13.410719,False
-11.52,2,13.412719,False
-11.34,9,13.42077,False
-11.59,9,13.4297,False
-12.04,4,13.432711,False
-10.62,11,13.44582,False
-11.78,3,13.449744,False
-10.38,11,13.461755,False
-11.41,16,13.478702,False
-12.04,4,13.483674,False
-12.07,7,13.492342,False
-11.4,14,13.50721,False
-11.57,7,13.514189,False
-11.37,12,13.525694,False
-11.37,11,13.536525,False
-11.52,2,13.538525,False
-10.38,12,13.551933,False
-11.34,9,13.562444,False
-11.87,12,13.574365,False
-10.83,7,13.582852,False
-11.6,9,13.592355,False
-10.62,12,13.606825,False
-11.56,6,13.612832,False
-11.79,4,13.616708,False
-11.56,6,13.622708,False
-12.02,2,13.624709,False
-11.37,12,13.635716,False
-11.8,5,13.640239,False
-11.77,2,13.64224,False
-11.58,7,13.647552,False
-11.62,11,13.656566,False
-12.07,7,13.662092,False
-11.6,9,13.669909,False
-11.59,8,13.67591,False
-11.55,5,13.681004,False
-10.61,11,13.690436,False
-11.82,7,13.695436,False
-11.56,5,13.700036,False
-11.35,9,13.708036,False
-12.01,1,13.708036,False
-11.64,13,13.719938,False
-6.05,80,13.78368,False
-11.62,11,13.793179,False
-11.54,4,13.796617,False
-11.59,7,13.801663,False
-10.65,14,13.813616,False
-11.6,10,13.822165,False
-10.43,16,13.83511,False
-11.35,9,13.84212,False
-10.81,6,13.848101,False
-11.82,7,13.853629,False
-12.01,1,13.854628,False
-11.38,12,13.865253,False
-11.58,8,13.872774,False
-11.39,14,13.883613,False
-11.54,3,13.886609,False
-11.8,5,13.89012,False
-12.12,12,13.900298,False
-11.57,6,13.905221,False
-11.3,5,13.908726,False
-11.59,8,13.916137,False
-11.32,7,13.921645,False
-6.06,80,13.987423,False
-11.84,9,13.994933,False
-11.38,13,14.006823,False
-11.8,5,14.011823,False
-11.31,6,14.017377,False
-11.62,11,14.027884,False
-10.41,16,14.04237,False
-11.58,8,14.049733,False
-11.56,6,14.055257,False
-10.4,15,14.069662,False
-10.63,12,14.080472,False
-11.61,11,14.09001,False
-11.33,8,14.097415,False
-11.78,3,14.099456,False
-11.57,7,14.10545,False
-11.4,14,14.117368,False
-11.34,9,14.85945,False
-12.02,2,14.86045,False
-11.77,2,14.86245,False
-11.78,3,14.865109,False
-11.8,5,14.870025,False
-11.36,9,14.879161,False
-11.56,6,14.883927,False
-11.54,4,14.887598,False
-11.58,7,14.8926,False
-11.81,6,14.898201,False
-11.77,2,14.900196,False
-10.37,12,14.909708,False
-10.59,9,14.917468,False
-11.79,4,14.921468,False
-11.78,3,14.923389,False
-11.64,14,14.936246,False
-11.39,13,14.946777,False
-11.79,3,14.950086,False
-11.58,8,14.956604,False
-11.77,2,14.957597,False
-11.79,4,14.961122,False
-11.8,5,14.965433,False
-11.58,6,14.96996,False
-11.8,4,14.97296,False
-11.65,14,14.984788,False
-11.34,8,14.9923,False
-11.34,9,14.998855,False
-11.63,13,15.010958,False
-11.62,11,15.019522,False
-11.59,8,15.026192,False
-11.82,6,15.03046,False
-11.59,9,15.039524,False
-11.58,8,15.047036,False
-11.82,7,15.053055,False
-11.07,7,15.429456,False
-11.32,7,15.437911,False
-11.59,9,15.447322,False
-11.34,9,15.455825,False
-10.41,15,15.471245,False
-11.79,4,15.474751,False
-11.79,4,15.478751,False
-11.57,6,15.485814,False
-11.84,9,15.496096,False
-11.32,6,15.502654,False
-11.58,8,15.513159,False
-11.58,8,15.52018,False
-11.57,7,15.526685,False
-11.41,16,15.542066,False
-10.35,10,15.553978,False
-11.76,1,15.554978,False
-11.86,11,15.566383,False
-6.05,80,15.64337,False
-6.06,80,15.712381,False
-11.37,11,15.721735,False
-11.37,10,15.730242,False
-11.83,8,15.73578,False
-11.56,5,15.740297,False
-10.4,15,15.752075,False
-11.57,7,15.757595,False
-11.55,5,15.761595,False
-11.57,7,15.767304,False
-11.85,9,15.773986,False
-11.58,7,15.78041,False
-6.05,80,15.843108,False
-11.83,8,15.848849,False
-10.84,9,15.85637,False
-11.31,6,15.860371,False
-11.59,9,15.868426,False
-11.33,8,15.874959,False
-11.76,1,15.875955,False
-11.85,10,15.883688,False
-11.58,7,15.890682,False
-11.59,9,15.898498,False
-11.62,12,15.908012,False
-10.37,11,15.917979,False
-11.8,5,15.921979,False
-11.52,2,15.922979,False
-11.32,7,15.929208,False
-12.04,4,15.93346,False
-11.35,10,15.941492,False
-11.6,10,15.950345,False
-11.81,5,15.953345,False
-11.56,6,15.95838,False
-11.35,10,15.96712,False
-11.6,9,15.974112,False
-10.61,11,15.98287,False
-11.79,4,15.98487,False
-11.34,9,15.993396,False
-11.55,5,15.996907,False
-11.77,2,15.999135,False
-11.53,3,16.001135,False
-11.36,11,16.00966,False
-11.56,6,16.014891,False
-10.37,11,16.024402,False
-11.32,7,16.029927,False
-11.82,6,16.035166,False
-11.53,3,16.037159,False
-11.58,8,16.04576,False
-11.35,9,16.052901,False
-11.38,13,16.06385,False
-11.57,7,16.069399,False
-11.52,2,16.070399,False
-11.59,9,16.077922,False
-11.56,6,16.082818,False
-11.32,7,16.088831,False
-11.59,9,16.096361,False
-10.38,13,16.106106,False
-11.34,8,16.113107,False
-10.35,10,16.121346,False
-11.6,10,16.130158,False
-11.8,5,16.134175,False
-11.38,13,16.145237,False
-11.57,6,16.149516,False
-11.34,8,16.156048,False
-10.62,12,16.165799,False
-11.31,6,16.170323,False
-12.04,4,16.173323,False
-11.55,4,16.176841,False
-11.36,11,16.185058,False
-11.55,5,16.189583,False
-10.4,14,16.200985,False
-11.8,5,16.204983,False
-11.77,2,16.206984,False
-11.8,5,16.211517,False
-11.79,4,16.214804,False
-11.57,5,16.217798,False
-11.37,11,16.227324,False
-12.01,1,16.227845,False
-11.35,10,16.235921,False
-11.55,5,16.238921,False
-11.56,6,16.244998,False
-11.65,15,16.256803,False
-11.55,5,16.259808,False
-11.39,12,16.270547,False
-11.37,12,16.280676,False
-11.32,7,16.285705,False
-11.62,12,16.29689,False
-11.36,10,16.304672,False
-11.81,6,16.309901,False
-11.54,4,16.683975,False
-11.35,10,16.695608,False
-11.57,7,16.702664,False
-11.6,9,16.712169,False
-11.56,6,16.717541,False
-11.35,9,16.726061,False
-11.59,9,16.736082,False
-11.33,8,16.745094,False
-11.57,7,16.753506,False
-11.33,8,16.762514,False
-11.57,7,16.768896,False
-12.01,1,16.769896,False
-11.61,10,16.779401,False
-11.59,8,16.789399,False
-11.34,8,16.798374,False
-11.54,4,16.803374,False
-10.37,11,16.814288,False
-11.36,10,16.822805,False
-11.4,15,16.83825,False
-11.35,10,16.848865,False
-11.79,4,16.852384,False
-11.58,7,16.860885,False
-11.83,7,16.868778,False
-12.01,1,16.869778,False
-11.81,6,16.885915,False
-11.3,5,16.894425,False
-11.55,4,16.899766,False
-11.78,3,16.903771,False
-11.63,12,16.915784,False
-10.58,8,16.923308,False
-10.6,9,16.932793,False
-11.32,7,16.937793,False
-11.35,9,16.945849,False
-11.57,6,16.950349,False
-10.61,11,16.959372,False
-11.81,6,16.964456,False
-11.38,13,16.975106,False
-11.59,9,16.982991,False
-11.58,8,16.988996,False
-10.44,17,17.003371,False
-11.8,5,17.007377,False
-10.62,11,17.016166,False
-12.02,2,17.018166,False
-11.34,9,17.02569,False
-11.61,11,17.034087,False
-10.63,12,17.04474,False
-11.58,7,17.050647,False
-11.53,3,17.053174,False
-10.38,13,17.063244,False
-11.35,10,17.071309,False
-11.79,3,17.074303,False
-11.32,6,17.079835,False
-10.62,10,17.087775,False
-11.53,3,17.091659,False
-11.39,14,17.108698,False
-11.8,5,17.113701,False
-11.54,4,17.117702,False
-11.52,2,17.119871,False
-11.31,6,17.125876,False
-11.4,15,17.14029,False
-11.8,5,17.144301,False
-11.34,9,17.152762,False
-11.55,5,17.157808,False
-11.56,6,17.172227,False
-11.55,4,17.176234,False
-11.32,7,17.18316,False
-11.76,1,17.184159,False
-11.35,9,17.192665,False
-11.38,12,17.204191,False
-12.01,1,17.20519,False
-11.34,9,17.214073,False
-11.55,5,17.219095,False
-11.36,11,17.229599,False
-11.35,9,17.238149,False
-11.4,15,17.251676,False
-11.35,10,17.261724,False
-11.33,8,17.269069,False
-12.06,6,17.274077,False
-11.52,2,17.276083,False
-11.54,4,17.279829,False
-11.79,4,17.283427,False
-11.6,10,17.290821,False
-6.07,80,17.354783,False
-11.37,11,17.364573,False
-11.56,6,17.37007,False
-11.57,7,17.376078,False
-11.59,8,17.382336,False
-11.32,7,17.388336,False
-11.76,1,17.389336,False
-11.54,4,17.391851,False
-12.01,1,17.39285,False
-11.32,7,17.399177,False
-11.38,13,17.409703,False
-11.31,6,17.414586,False
-11.56,6,17.419585,False
22.55,19,17.434864,True
-11.32,6,17.438864,False
-11.76,1,17.439864,False
-11.59,9,17.44826,False
-11.33,8,17.454301,False
-10.38,13,17.465087,False
-11.81,6,17.470084,False
-11.8,5,17.473603,False
-11.39,12,17.483335,False
-10.37,11,17.492407,False
-11.79,4,17.49492,False
-11.76,1,17.496277,False
-10.37,11,17.504899,False
-11.35,9,17.512899,False
-11.34,8,17.519199,False
-10.58,8,17.525711,False
-11.6,8,17.532095,False
-11.82,6,17.536621,False
-11.55,5,17.540614,False
-6.05,80,17.603436,False
-10.36,10,17.611959,False
-11.79,4,17.61517,False
-11.36,11,18.019777,False
-11.59,9,18.030282,False
22.56,19,18.05229,True
-11.78,2,18.05429,False
-11.36,10,18.063409,False
-11.76,1,18.065427,False
-11.52,2,18.067427,False
-11.3,5,18.072933,False
-10.61,11,18.085971,False
-10.36,11,18.098219,False
-11.52,2,18.100219,False
-11.54,3,18.104732,False
-11.79,4,18.108725,False
-11.56,5,18.114708,False
-11.56,6,18.120708,False
-11.79,4,18.124213,False
-11.79,4,18.129213,False
-11.56,6,18.136161,False
-11.76,1,18.137161,False
-10.37,12,18.151589,False
-11.81,6,18.1586,False
-11.38,11,18.169705,False
-11.59,9,18.178364,False
-10.61,11,18.189812,False
-11.6,10,18.201244,False
-11.36,11,18.21375,False
-10.41,15,18.227975,False
-11.55,5,18.232615,False
-11.39,13,18.24472,False
-11.37,12,18.255592,False
-11.39,13,18.266998,False
-11.33,8,18.274023,False
-12.01,1,18.275035,False
-11.56,6,18.279544,False
-11.76,1,18.280856,False
-11.34,9,18.287875,False
-11.81,6,18.292931,False
-11.76,1,18.29393,False
-10.38,12,18.303838,False
-11.36,10,18.313371,False
-11.38,12,18.322509,False
-11.58,8,18.330456,False
-11.37,12,18.340832,False
-11.54,3,18.343346,False
-11.36,10,18.352865,False
-10.63,12,18.364074,False
-10.58,7,18.370592,False
-11.55,5,18.375095,False
-11.55,5,18.379099,False
-10.84,9,18.387629,False
-11.81,6,18.39336,False
-11.33,7,18.399881,False
-11.35,9,18.4074,False
-11.56,5,18.411407,False
-11.36,11,18.42093,False
-11.38,12,18.431437,False
-11.58,7,18.437965,False
-11.55,5,18.441971,False
-11.58,7,18.44847,False
-10.35,9,18.455993,False
-10.64,14,18.469148,False
-10.41,16,18.482669,False
-11.77,2,18.484678,False
-11.59,9,18.492478,False
-10.37,12,18.502017,False
-11.54,4,18.506017,False
-11.38,12,18.515544,False
-11.57,7,18.521055,False
-10.62,12,18.530069,False
22.03,72,18.587529,True
-11.34,8,18.594529,False
-11.78,3,18.597041,False
-11.4,15,18.608569,False
-10.36,11,18.618496,False
-11.56,6,18.622496,False
-12.01,1,18.623496,False
-11.81,6,18.629004,False
-10.35,9,18.636394,False
-10.58,8,18.642925,False
-10.34,9,18.650818,False
-11.32,7,18.655636,False
-10.65,14,18.667658,False
-11.36,10,18.676665,False
-11.78,2,18.678175,False
-10.63,13,18.68891,False
-11.76,1,18.689988,False
-6.05,80,18.753116,False
-11.37,12,18.763139,False
-11.6,8,18.769657,False
-11.35,10,18.778121,False
-11.36,10,18.785028,False
-11.35,8,18.792027,False
-10.38,13,18.801926,False
-11.37,11,18.811438,False
-11.36,10,18.819455,False
-11.36,10,18.827971,False
-10.37,12,18.837971,False
-11.57,7,18.843971,False
-11.76,1,18.844971,False
-6.06,80,18.907254,False
-11.59,9,18.916227,False
-11.79,4,18.919225,False
-11.58,8,19.302668,False
-6.07,80,19.385215,False
-6.06,80,19.471197,False
-9.68,17,19.491634,False
-10.42,16,19.506277,False
-11.34,8,19.51369,False
-10.59,9,19.522231,False
-11.55,5,19.526749,False
-11.37,11,19.536513,False
-10.37,12,19.54688,False
-11.57,6,19.551621,False
-11.56,5,19.556145,False
-10.36,10,19.564657,False
-11.56,5,19.569178,False
-11.54,3,19.570177,False
-11.77,2,19.572703,False
-11.79,4,19.575703,False
22.22,53,19.618302,True
-11.36,10,19.625825,False
-11.32,7,19.632146,False
-10.39,13,19.642654,False
-11.52,2,19.644654,False
-11.3,5,19.648976,False
-12.01,1,19.649975,False
-11.59,8,19.657024,False
-11.62,12,19.666351,False
-11.52,2,19.668349,False
-11.77,2,19.670349,False
-11.34,9,19.677856,False
-11.35,8,19.683795,False
-11.56,6,19.688795,False
-11.35,10,19.697687,False
-10.63,11,19.706217,False
-11.38,12,19.71564,False
-11.76,1,19.716639,False
-11.76,1,19.717639,False
-11.79,4,19.720639,False
-11.55,5,19.723639,False
-11.62,11,19.732556,False
-11.57,7,19.73808,False
-11.34,8,19.745073,False
-11.35,9,19.752998,False
-11.39,14,19.765498,False
-10.38,12,19.77501,False
-11.36,11,19.784454,False
-11.56,6,19.788965,False
22.5,23,19.807578,True
-10.63,11,19.816585,False
-11.36,10,19.825182,False
-11.53,3,19.828264,False
-10.82,7,19.833551,False
-11.56,6,19.838478,False
-11.35,9,19.845998,False
-11.38,12,19.8555,False
-11.4,14,19.867975,False
-11.38,12,19.878013,False
-11.35,10,19.885959,False
-11.58,8,19.892458,False
-11.31,6,19.897882,False
-11.6,10,19.906392,False
-11.4,14,19.917839,False
-11.53,3,19.919839,False
-11.32,7,19.926044,False
-11.56,5,19.930043,False
-11.58,7,19.935876,False
-6.05,80,19.999929,False
-10.58,8,20.006854,False
-11.77,2,20.008359,False
-11.32,7,20.013893,False
-11.61,9,20.021332,False
22.35,40,20.054053,True
-11.31,6,20.058716,False
-10.33,8,20.065742,False
-10.83,7,20.071885,False
-12.01,1,20.071885,False
-11.33,7,20.078397,False
-10.59,8,20.085536,False
20.42,8,20.091529,True
-11.54,4,20.095042,False
-11.57,7,20.100456,False
-11.58,7,20.105982,False
-10.33,7,20.112977,False
-11.35,10,20.120963,False
-11.54,4,20.123967,False
-10.6,10,20.132968,False
-11.38,12,20.143486,False
-10.34,9,20.150305,False
-6.06,80,20.585721,False
-11.34,9,20.594722,False
-10.37,12,20.609149,False
-11.6,10,20.621048,False
-11.56,6,20.629555,False
-11.55,5,20.634044,False
-11.79,4,20.637547,False
-11.57,7,20.644549,False
-11.32,7,20.650975,False
-10.34,9,20.660002,False
-11.36,11,20.669614,False
-11.54,4,20.67461,False
-11.39,13,20.689641,False
-11.59,9,20.698016,False
-10.36,11,20.70952,False
-11.61,10,20.719365,False
-12.03,3,20.72387,False
-11.38,12,20.737559,False
-11.76,1,20.738559,False
22.52,22,20.761485,True
-11.32,7,20.769178,False
-11.38,13,20.780276,False
-11.8,5,20.784819,False
-11.33,7,20.79082,False
-11.34,8,20.798716,False
-11.76,1,20.799716,False
-11.78,3,20.802716,False
-11.34,9,20.811238,False
-10.36,11,20.820194,False
-11.32,7,20.825698,False
-10.38,12,20.836108,False
-11.34,8,20.842631,False
-10.33,8,20.848939,False
-11.34,9,20.855939,False
-11.77,2,20.856939,False
-11.78,3,20.860729,False
-11.41,15,20.872019,False
-11.34,8,20.878536,False
-11.6,9,20.885765,False
-11.76,1,20.886765,False
-11.35,10,20.89529,False
-10.86,11,20.904028,False
-11.53,3,20.907033,False
-11.37,12,20.916906,False
-11.3,5,20.920431,False
-10.35,10,20.928431,False
-11.35,10,20.937387,False
-11.35,10,20.944901,False
-11.36,11,20.954653,False
-11.35,9,20.961687,False
-11.59,8,20.967045,False
-11.35,10,20.975096,False
-11.37,11,20.984479,False
22.07,66,21.036131,True
-11.58,8,21.043132,False
-11.34,9,21.051104,False
-11.56,6,21.055614,False
-11.78,3,21.057622,False
-10.38,13,21.068136,False
-11.32,7,21.07482,False
-10.61,10,21.083311,False
-10.82,7,21.088976,False
-10.4,15,21.10198,False
-11.38,12,21.11127,False
-11.4,14,21.123128,False
-11.38,13,21.133979,False
-10.59,9,21.141496,False
-10.39,14,21.938461,False
-11.58,8,21.944461,False
-11.8,5,21.949035,False
-11.82,6,21.955026,False
-11.55,5,21.959538,False
-11.37,11,21.96831,False
-11.33,7,21.973845,False
-10.65,14,21.98537,False
-11.35,10,21.993896,False
-11.32,7,21.999414,False
-6.05,80,22.064778,False
-11.57,7,22.070782,False
-11.78,2,22.073295,False
-11.33,7,22.079305,False
-11.35,10,22.08732,False
-11.56,6,22.092326,False
-11.35,10,22.101245,False
-11.79,4,22.104245,False
-10.37,12,22.114835,False
-11.57,7,22.119928,False
-11.81,6,22.125354,False
-11.79,4,22.128361,False
-10.39,13,22.139509,False
-11.38,13,22.150619,False
-11.54,4,22.154623,False
-10.38,13,22.164978,False
-11.54,4,22.169656,False
-11.6,9,22.177085,False
-11.76,1,22.177591,False
-11.57,7,22.183494,False
-11.57,7,22.189018,False
-11.36,11,22.198001,False
-11.35,10,22.206011,False
-11.37,11,22.214988,False
-11.55,5,22.219487,False
-11.34,9,22.226493,False
-11.81,6,22.232664,False
-11.38,12,22.61464,False
-9.63,37,22.649447,False
-11.37,11,22.660952,False
-10.36,11,22.673369,False
22.12,63,22.736904,True
-11.78,3,22.739905,False
-11.59,9,22.749099,False
-11.55,4,22.753604,False
22.48,27,22.784179,True
-12.01,1,22.785179,False
-10.34,9,22.795179,False
-10.38,13,22.808196,False
-11.37,11,22.818555,False
-10.37,12,22.830079,False
-10.63,12,22.83986,False
-9.48,23,22.857806,False
-10.63,13,22.869197,False
-11.35,10,22.877239,False
-10.34,9,22.884996,False
-11.81,5,22.889523,False
-11.4,15,22.901274,False
-11.34,9,22.908794,False
-11.58,7,22.915003,False
-11.8,5,22.91852,False
-11.79,3,22.921519,False
-11.36,10,22.929044,False
-11.32,7,22.935276,False
-11.35,10,22.943784,False
-11.78,3,22.946789,False
-10.37,12,22.956573,False
-10.59,9,22.964321,False
-10.37,12,22.974355,False
-11.38,10,22.98216,False
-10.6,10,22.990662,False
22.58,16,23.003107,True
-11.36,11,23.012626,False
-10.35,10,23.020832,False
-10.39,14,23.032429,False
20.42,7,23.038444,True
-11.76,1,23.039443,False
-11.54,4,23.042961,False
-11.78,3,23.044978,False
-11.63,13,23.055757,False
-12.06,6,23.060757,False
-10.81,6,23.066501,False
-11.35,10,23.074505,False
-6.05,80,23.139323,False
-11.33,8,23.145841,False
-11.59,9,23.153079,False
-10.38,13,23.164399,False
-11.35,8,23.171261,False
-11.56,6,23.176262,False
-11.56,5,23.180032,False
-11.36,11,23.189076,False
-10.35,9,23.195595,False
-11.38,13,23.206335,False
-11.76,1,23.207839,False
22.52,22,23.225634,True
-11.31,6,23.229702,False
-11.55,5,23.234708,False
-11.35,9,23.242227,False
-11.36,10,23.251014,False
-10.38,12,23.260532,False
-11.55,4,23.263953,False
-11.36,11,23.272992,False
-12.03,3,23.275992,False
-11.76,1,23.276992,False
-11.36,11,23.285718,False
-10.38,12,23.295331,False
-11.31,6,23.29967,False
-11.56,5,23.304194,False
-11.76,1,23.305195,False
-11.6,10,23.313489,False
-11.33,8,23.320755,False
-11.59,8,23.32785,False
-10.82,7,23.333765,False
22.4,34,23.362032,True
-11.79,4,23.365822,False
-11.8,5,23.370349,False
-11.34,8,23.376865,False
-11.58,7,23.381816,False
-10.37,11,23.392373,False
-10.33,8,23.39878,False
-10.38,12,23.409293,False
-11.6,10,23.417139,False
-11.6,10,23.425139,False
-11.36,11,23.435106,False
-11.58,8,23.44062,False
-11.34,9,23.44847,False
-10.83,8,23.455476,False
-11.33,7,23.461005,False
-10.35,9,23.468392,False
-11.32,7,23.474398,False
-10.6,10,23.482411,False
-11.53,3,23.485937,False
-11.33,8,23.491576,False
-11.56,6,23.497099,False
-11.84,9,23.884123,False
-11.77,2,23.886627,False
-11.52,2,23.889136,False
-11.55,5,23.894134,False
-11.55,5,23.900284,False
-11.33,7,23.907284,False
-10.35,9,23.918262,False
-11.61,10,23.92977,False
-11.77,2,23.932334,False
22.19,56,23.988749,True
-11.55,5,23.994256,False
-11.31,6,24.00085,False
-11.36,11,24.012355,False
-10.58,8,24.019321,False
-11.34,8,24.026825,False
-9.82,7,24.035728,False
20.42,8,24.045277,True
-11.36,10,24.056215,False
-11.38,13,24.070804,False
-11.38,12,24.081798,False
-10.39,12,24.094151,False
-11.37,10,24.10388,False
-11.37,11,24.113534,False
-11.37,10,24.124089,False
-10.4,14,24.137101,False
-12.01,1,24.138095,False
-11.57,5,24.143603,False
-11.34,9,24.152324,False
-11.52,2,24.154318,False
-11.52,2,24.156324,False
22.57,16,24.170786,True
-11.77,2,24.172408,False
-11.78,2,24.174399,False
-10.58,8,24.180766,False
-11.38,13,24.191861,False
-11.59,9,24.199752,False
-11.36,11,24.208261,False
-10.6,9,24.21608,False
-10.38,13,24.226602,False
-11.35,9,24.234125,False
-11.32,6,24.239125,False
-10.35,9,24.247018,False
-6.06,80,24.311239,False
-11.56,6,24.316473,False
-11.57,7,24.321995,False
-11.32,7,24.328515,False
-11.32,7,24.333871,False
-11.3,5,24.33838,False
-11.54,4,24.342394,False
-11.33,8,24.348685,False
-10.39,13,24.359203,False
-11.34,8,24.365728,False
-10.83,8,24.372789,False
-11.58,8,24.378789,False
-11.35,10,24.387657,False
-10.58,7,24.393581,False
-11.31,5,24.396099,False
21.64,11,24.407406,True
-11.36,10,24.416362,False
-11.34,9,24.42389,False
-10.36,11,24.433025,False
-10.38,13,24.443547,False
-10.6,10,24.452079,False
-11.32,7,24.458599,False
-10.35,9,24.46554,False
-11.56,6,24.470544,False
-10.62,11,24.47963,False
-11.39,13,24.4912,False
20.4,9,24.498444,True
-11.34,8,24.504441,False
22.55,18,24.519812,True
-11.33,7,24.526325,False
-11.37,11,24.534774,False
-11.61,11,24.544292,False
-10.34,9,24.551625,False
-11.8,5,24.555624,False
-11.63,12,24.565536,False
-11.77,2,24.567536,False
-11.36,11,24.576581,False
-11.36,11,24.585926,False
-11.58,8,24.592974,False
-11.39,12,24.602803,False
-10.59,9,24.610314,False
-11.38,13,24.621078,False
-11.31,6,24.625616,False
-11.76,1,24.626616,False
-11.57,7,24.632576,False
-11.34,9,24.639581,False
-11.82,7,24.645104,False
-10.37,12,24.655987,False
-11.34,9,24.661987,False
22.47,26,24.684088,True
-11.56,6,24.688678,False
-11.6,10,24.697071,False
-11.3,5,24.701092,False
-10.4,14,24.712972,False
-11.76,1,24.713986,False
-11.55,4,24.717507,False
-11.37,12,24.72703,False
-11.34,8,24.734349,False
-11.54,4,24.737873,False
-11.55,5,24.741874,False
-11.55,4,24.744875,False
-11.3,5,24.748629,False
-10.33,8,24.755628,False
22.41,33,24.781384,True
-11.32,6,25.15088,False
-11.36,11,25.161383,False
-10.37,10,25.171289,False
-11.31,6,25.176299,False
-10.57,7,25.183661,False
22.56,19,25.204145,True
-11.58,8,25.21165,False
20.65,10,25.221744,True
22.61,14,25.236145,True
-11.36,10,25.247192,False
-11.37,12,25.260202,False
-11.36,10,25.272129,False
-12.02,2,25.274634,False
-11.32,7,25.28272,False
-10.37,11,25.292264,False
-11.57,6,25.299906,False
-11.31,6,25.306919,False
22.33,16,25.325305,True
-11.35,10,25.336192,False
-11.56,6,25.343697,False
-11.33,8,25.352107,False
-10.39,14,25.364952,False
-11.62,11,25.375494,False
-11.33,8,25.381848,False
-11.53,3,25.385372,False
-11.57,7,25.391882,False
-11.77,2,25.393881,False
22.61,14,25.405801,True
-11.58,8,25.411801,False
-10.62,10,25.420562,False
-10.34,9,25.428098,False
-10.37,11,25.437932,False
-10.61,11,25.447431,False
22.44,30,25.470851,True
-11.55,5,25.475373,False
-11.76,1,25.476377,False
-11.76,1,25.477377,False
-10.35,10,25.485315,False
-11.81,5,25.488841,False
-10.63,12,25.499874,False
-10.37,11,25.508893,False
-11.35,9,25.517347,False
-10.36,11,25.526867,False
-11.8,5,25.530814,False
-10.38,13,25.541338,False
-11.78,3,25.544331,False
22.29,45,25.580345,True
-11.78,3,25.583878,False
-11.78,3,25.585877,False
22.31,19,25.6016,True
-11.78,2,25.604191,False
-11.58,7,25.61019,False
-11.36,10,25.61906,False
-11.32,6,25.623579,False
-11.79,4,25.627583,False
-12.03,3,25.629583,False
-10.38,13,25.640382,False
-10.34,9,25.648308,False
22.57,18,25.662815,True
-11.59,8,25.668956,False
-10.59,9,25.676467,False
-11.78,3,25.679908,False
-11.58,8,25.68643,False
-11.52,2,25.688437,False
-11.79,4,25.691437,False
-11.83,8,25.697989,False
-11.55,5,25.701911,False
-11.58,7,25.707935,False
-10.37,11,25.717373,False
-11.61,10,25.725047,False
-11.59,8,25.732185,False
-10.8,5,25.736851,False
-11.32,6,25.741436,False
-11.33,7,25.747975,False
22.37,37,25.778141,True
-11.79,4,25.782621,False
-11.34,9,25.789664,False
-11.54,4,25.793178,False
22.24,26,25.814379,True
-11.58,8,25.821715,False
-11.78,2,25.823639,False
-11.35,9,25.830595,False
-11.58,7,25.836688,False
-11.76,1,25.837697,False
-11.78,3,25.840695,False
-10.59,9,25.848737,False
-11.3,5,25.85284,False
-11.34,8,25.85984,False
-12.01,1,25.85984,False
-10.34,9,25.867887,False
-11.81,5,25.872314,False
-10.34,8,25.879269,False
-11.34,9,25.886959,False
-12.02,2,25.888959,False
-11.34,9,25.895982,False
-11.37,10,25.904103,False
-11.36,11,25.913753,False
-11.34,9,25.920362,False
-11.56,6,25.925891,False
-11.59,8,25.932287,False
22.09,65,25.98433,True
-11.76,1,25.985332,False
-11.79,4,25.988859,False
-11.8,4,25.991877,False
-11.37,11,26.001298,False
22.36,39,26.032354,True
-9.68,41,26.446992,False
-11.56,6,26.453522,False
-11.57,6,26.460027,False
-11.52,2,26.46254,False
-11.79,4,26.466557,False
-11.56,6,26.472063,False
-10.68,17,26.491139,False
-11.62,11,26.50361,False
-11.35,9,26.513653,False
-11.55,4,26.518155,False
-10.4,15,26.534223,False
-10.55,5,26.539227,False
-11.78,3,26.542732,False
-10.39,13,26.557738,False
-11.76,1,26.558738,False
-10.37,12,26.571879,False
-10.39,14,26.584794,False
-10.61,10,26.593794,False
-11.31,6,26.599916,False
-11.56,6,26.60642,False
-11.37,10,26.618171,False
-11.61,11,26.628758,False
-11.54,4,26.633227,False
-9.76,25,26.655945,False
22.51,24,26.677339,True
-10.61,11,26.687075,False
-11.77,2,26.689163,False
-11.55,5,26.693039,False
20.44,6,26.698724,True
-11.35,10,26.706409,False
-11.37,10,26.714331,False
-11.55,5,26.71933,False
-11.77,2,26.72084,False
-11.54,4,26.723391,False
-11.38,12,26.734229,False
-10.34,9,26.741739,False
-12.03,3,26.743754,False
-11.58,8,26.751003,False
-11.32,7,26.756524,False
-11.36,11,26.76576,False
-11.34,9,26.773277,False
-10.35,9,26.780638,False
-11.35,10,26.789162,False
-11.77,2,26.790162,False
-11.36,10,26.798431,False
-10.31,6,26.803965,False
-11.55,4,26.806486,False
-10.38,13,26.817562,False
-11.76,1,26.818562,False
-11.37,11,26.828085,False
-11.59,9,26.835403,False
-11.55,5,26.839923,False
-10.35,10,26.847226,False
-10.39,13,26.857752,False
-10.62,11,26.867572,False
-11.8,5,26.871577,False
-11.56,6,26.876577,False
-11.58,8,26.883177,False
-11.34,8,26.890698,False
-11.38,13,26.901158,False
-9.68,43,26.937317,False
-11.33,8,26.94384,False
-11.58,7,26.950302,False
-11.38,12,26.959822,False
-11.6,10,26.968651,False
-10.36,11,26.977174,False
-11.33,7,26.983556,False
-11.37,12,26.993068,False
-10.57,7,26.999065,False
-11.34,8,27.005601,False
-11.56,6,27.010601,False
-11.38,12,27.021052,False
-11.79,3,27.023052,False
-11.36,10,27.031973,False
-11.37,10,27.039493,False
-12.01,1,27.040502,False
22.38,35,27.06897,True
-10.59,8,27.075969,False
-10.36,11,27.084424,False
-11.58,8,27.091946,False
-10.38,11,27.101366,False
-11.63,12,27.111888,False
-11.56,5,27.116003,False
-11.56,5,27.120206,False
-11.33,8,27.127206,False
-11.78,3,27.130161,False
22.34,40,27.162344,True
-10.4,14,27.173128,False
-11.34,8,27.179128,False
-10.57,7,27.186469,False
-11.38,12,27.196447,False
-11.59,8,27.202996,False
-11.33,8,27.209518,False
-11.78,3,27.211518,False
-10.61,9,27.219519,False
-11.59,9,27.227553,False
-11.33,8,27.234253,False
-11.77,2,27.235774,False
-10.58,8,27.242774,False
-11.54,4,27.246294,False
-11.61,10,27.253606,False
-10.61,11,27.263129,False
-11.37,12,27.272886,False
22.54,19,27.288818,True
-11.55,5,27.292818,False
22.34,40,27.325712,True
-11.36,10,27.702273,False
-11.37,12,27.717255,False
-11.54,4,27.721255,False
-11.3,5,27.727772,False
-11.56,6,27.734217,False
-11.33,8,27.742722,False
-10.6,10,27.754181,False
22.5,25,27.779085,True
22.62,13,27.79237,True
-11.54,4,27.796181,False
-11.58,8,27.805206,False
-11.79,4,27.809708,False
-11.37,12,27.821653,False
-11.4,13,27.833805,False
-10.35,9,27.844814,False
-10.43,16,27.861228,False
-10.34,8,27.868682,False
-11.59,9,27.877198,False
-10.59,8,27.88581,False
-11.52,2,27.887811,False
-11.62,11,27.897756,False
-11.33,7,27.904284,False
22.4,35,27.934792,True
-11.54,4,27.937879,False
-11.34,9,27.945307,False
-11.56,6,27.950801,False
-11.34,8,27.957039,False
-11.79,4,27.961039,False
-11.58,7,27.966106,False
-11.54,3,27.969197,False
-10.58,8,27.975121,False
-11.78,3,27.978633,False
-10.34,9,27.985799,False
22.47,28,28.008658,True
-11.33,7,28.014867,False
-11.38,12,28.024457,False
-10.41,14,28.036242,False
-11.56,6,28.040754,False
-11.78,3,28.043754,False
-11.79,4,28.04715,False
-11.36,10,28.055669,False
-10.36,10,28.064641,False
-11.29,4,28.067633,False
-11.78,3,28.070138,False
-11.37,12,28.080701,False
-10.6,10,28.089226,False
-11.53,3,28.091732,False
-11.33,8,28.098209,False
-10.63,13,28.108748,False
-11.77,2,28.110748,False
-11.33,8,28.117597,False
-11.35,10,28.126191,False
-11.31,6,28.130661,False
-10.35,9,28.138175,False
-11.58,8,28.146137,False
-9.69,19,28.162667,False
-10.35,9,28.170705,False
-11.56,5,28.174712,False
-11.62,12,28.18602,False
-11.8,5,28.189235,False
-11.78,3,28.192423,False
-11.36,11,29.176331,False
22.36,14,29.188736,True
-11.32,6,29.195253,False
-11.3,5,29.199179,False
-11.33,8,29.206197,False
-11.52,2,29.208203,False
-11.78,3,29.211204,False
-10.34,8,29.217291,False
-10.33,8,29.223974,False
-10.81,5,29.228961,False
22.55,19,29.246588,True
-10.42,15,29.274822,False
-11.38,12,29.288758,False
-9.59,9,29.297111,False
-11.55,5,29.301643,False
-10.35,9,29.308616,False
22.49,25,29.331018,True
-11.58,8,29.338016,False
-10.4,14,29.351435,False
-10.35,10,29.359439,False
-11.54,4,29.363288,False
-11.79,4,29.367282,False
-11.53,3,29.369281,False
-11.35,10,29.3778,False
-11.35,8,29.384666,False
-10.36,9,29.392682,False
-10.37,11,29.402553,False
-11.38,13,29.414081,False
-11.58,8,29.420609,False
-11.35,10,29.430443,False
-11.3,5,29.434442,False
-11.34,9,29.4426,False
-10.35,9,29.450465,False
-11.61,10,29.45913,False
-11.55,5,29.463772,False
22.49,25,29.485195,True
-11.59,9,29.494228,False
-10.34,9,29.502199,False
-10.35,10,29.510806,False
-11.76,1,29.511797,False
-10.35,10,29.52037,False
-11.79,4,29.523367,False
-11.33,8,29.53127,False
22.48,26,29.553225,True
-11.55,5,29.558225,False
-11.34,8,29.565321,False
-11.37,12,29.575845,False
-11.35,10,29.583724,False
-11.79,4,29.587724,False
-11.58,8,29.595755,False
-10.34,9,29.604767,False
-10.61,11,29.614882,False
-11.57,6,29.983631,False
-11.56,5,29.989137,False
-11.31,6,29.994641,False
-11.3,5,29.998666,False
-11.36,9,30.008667,False
-11.52,2,30.011175,False
-11.62,12,30.025114,False
-11.32,7,30.033639,False
-10.58,8,30.042849,False
-10.34,8,30.051833,False
-11.32,7,30.059833,False
-11.78,3,30.063804,False
-10.34,8,30.072329,False
-10.37,12,30.085388,False
-10.35,10,30.094386,False
-11.54,4,30.099764,False
-10.35,9,30.109278,False
-11.58,7,30.117656,False
-12.01,1,30.118655,False
-11.59,9,30.129368,False
-10.58,7,30.136292,False
-9.6,35,30.174786,False
-10.59,8,30.182784,False
-11.78,3,30.185719,False
-11.37,12,30.19754,False
-11.34,9,30.205344,False
-11.34,9,30.214366,False
-11.76,1,30.214366,False
-10.57,7,30.222397,False
-11.79,4,30.225396,False
-11.32,6,30.23104,False
-11.32,7,30.237658,False
-10.36,11,30.246183,False
-11.57,7,30.25195,False
-11.31,6,30.257945,False
-10.66,16,30.271337,False
-11.61,11,30.279703,False
-11.76,1,30.280724,False
-11.34,8,30.28774,False
-10.39,12,30.297545,False
-11.31,6,30.302728,False
-10.33,8,30.308726,False
-11.37,12,30.318552,False
-11.53,3,30.321552,False
-10.59,9,30.329076,False
-11.83,7,30.334862,False
-11.59,9,30.342088,False
-11.57,6,30.347912,False
-10.55,5,30.35191,False
-11.39,13,30.362435,False
-11.36,10,30.370256,False
-11.79,4,30.373257,False
-11.76,1,30.374768,False
-11.58,8,30.381003,False
-10.46,18,30.395561,False
-11.34,9,30.402115,False
-11.38,11,30.411311,False
-11.36,10,30.419196,False
-11.34,9,30.427196,False
-11.34,9,30.434471,False
-11.76,1,30.435486,False
-11.59,9,30.44291,False
-10.4,15,30.456743,False
-11.56,5,30.461287,False
-11.58,8,30.467556,False
-11.34,8,30.474477,False
-11.32,6,30.479459,False
-10.59,9,30.487493,False
-11.63,13,30.497888,False
-11.54,4,30.501411,False
-10.63,13,30.512297,False
-11.36,10,30.520817,False
-10.33,8,30.527828,False
-10.37,12,30.537452,False
-11.6,9,30.544976,False
21.64,11,30.554804,True
-11.32,7,30.559804,False
-11.36,11,30.568789,False
22.62,13,30.579517,True
-10.41,15,30.592054,False
-11.54,3,30.594579,False
-11.58,8,30.60132,False
-11.81,6,30.606845,False
21.35,14,30.618309,True
-11.8,5,30.622309,False
-11.54,4,30.625814,False
-11.53,3,30.627824,False
-11.79,4,30.631345,False
22.5,25,30.65186,True
-11.81,5,30.65586,False
-11.53,3,30.658372,False
-10.35,9,30.666691,False
-11.32,7,30.672214,False
-11.34,9,30.679082,False
-10.59,8,30.685101,False
-11.58,7,30.69185,False
-10.41,15,30.70426,False
-10.84,9,30.711309,False
-10.39,14,30.723219,False
-11.32,6,30.728226,False
-11.78,2,30.729226,False
-10.59,9,30.737051,False
-11.38,11,30.745577,False
-11.76,1,30.746859,False
-11.52,2,30.748866,False
-10.36,10,30.757029,False
-10.34,9,30.763461,False
-11.76,1,30.76446,False
-11.53,3,30.767459,False
-11.34,9,30.773977,False
-11.38,12,30.784891,False
-11.56,6,30.789898,False
-11.79,4,30.793407,False
-11.76,1,30.793951,False
-11.53,3,30.796412,False
-11.36,11,30.805964,False
-11.59,9,30.813008,False
-11.58,7,30.819766,False
-10.39,14,30.831724,False
-11.56,6,30.837241,False
-10.55,5,30.842235,False
-11.34,9,30.849658,False
-11.79,3,30.851658,False
-10.34,8,30.858161,False
-11.6,9,30.865508,False
-11.37,11,30.876028,False
-11.55,5,30.880008,False
-11.54,4,30.884005,False
-11.8,5,30.888005,False
-11.32,7,31.274678,False
-11.76,1,31.275678,False
-10.36,11,31.288276,False
-11.32,7,31.296136,False
-11.8,4,31.300719,False
-10.39,12,31.314627,False
-10.42,15,31.329148,False
-11.35,9,31.337552,False
-11.59,9,31.347575,False
-11.33,8,31.357085,False
-11.79,4,31.360598,False
-11.77,2,31.363115,False
-10.34,8,31.372651,False
-10.36,11,31.385657,False
-11.58,7,31.393162,False
-11.56,5,31.399081,False
-11.57,6,31.404586,False
22.47,27,31.433216,True
-11.33,8,31.443225,False
-11.61,10,31.454304,False
-10.39,14,31.470328,False
-11.32,7,31.475997,False
-11.58,8,31.484501,False
-11.33,8,31.492532,False
-11.31,6,31.497424,False
-11.81,6,31.502423,False
-10.61,10,31.510949,False
-10.35,9,31.518282,False
-10.4,14,31.530834,False
-11.55,5,31.534834,False
-11.6,8,31.541343,False
-10.37,12,31.55242,False
-11.76,1,31.55242,False
-11.35,9,31.562729,False
20.68,7,31.56775,True
-11.34,9,31.576278,False
-11.8,5,31.580092,False
22.55,20,31.597642,True
-11.53,3,31.59964,False
-10.39,14,31.61251,False
-11.31,6,31.617359,False
-10.58,8,31.623882,False
-11.35,10,31.633173,False
-11.56,6,31.638158,False
-11.34,8,31.644682,False
-10.39,14,31.656754,False
-11.37,11,31.666157,False
-11.35,10,31.675682,False
-11.39,13,31.686568,False
-11.77,2,31.687567,False
-10.38,12,31.698403,False
-11.6,9,31.705924,False
-11.82,7,31.711918,False
-11.37,11,31.722341,False
-10.33,8,31.729728,False
-11.34,8,31.736625,False
-10.38,11,31.74613,False
-10.37,12,31.756461,False
-10.59,9,31.764312,False
-10.36,10,31.77283,False
22.27,22,31.793551,True
-10.4,14,31.807455,False
-10.34,9,31.816898,False
-11.56,6,31.823792,False
-10.59,9,31.832142,False
-10.33,7,31.839146,False
-11.52,2,31.841139,False
-11.59,9,31.848574,False
21.4,9,31.856081,True
-10.37,10,31.864623,False
-11.55,5,31.868616,False
-10.6,10,31.877931,False
-9.61,11,31.88684,False
-10.37,10,31.894352,False
-11.42,15,31.907878,False
-10.62,11,31.917273,False
21.17,7,31.922788,True
-12.04,4,31.925793,False
-10.34,9,31.933312,False
-11.37,11,31.942352,False
-11.35,9,31.94999,False
-10.38,12,31.959475,False
-11.34,8,31.966838,False
-10.6,9,31.973962,False
-11.33,8,31.980481,False
-10.35,10,31.988492,False
-11.31,6,31.993539,False
-10.36,11,32.002859,False
-10.38,12,32.011864,False
-11.56,6,32.017192,False
-11.79,4,32.021206,False
-11.36,11,32.029717,False
-11.38,11,32.039503,False
-11.54,4,32.042506,False
-10.36,10,32.050286,False
21.37,12,32.060805,True
-11.57,6,32.065609,False
-11.34,9,32.073608,False
-10.79,4,32.077134,False
-11.52,2,32.078134,False
-11.31,5,32.082389,False
-10.36,10,32.090892,False
-11.59,8,32.097161,False
-11.55,4,32.101652,False
22.37,37,32.130994,True
-10.35,10,32.139192,False
-11.55,5,32.143607,False
-11.4,13,32.153522,False
-10.33,8,32.161046,False
-10.39,13,32.171813,False
-11.57,6,32.176813,False
-11.31,6,32.181046,False
20.2,5,32.185041,True
-11.35,10,32.19357,False
-11.56,6,32.56373,False
-10.35,9,32.573236,False
-11.55,5,32.578741,False
-11.34,8,32.587772,False
-10.41,16,32.604272,False
-10.67,16,32.620754,False
-10.57,6,32.62726,False
22.57,18,32.646517,True
-10.35,9,32.657032,False
-11.3,5,32.662536,False
-11.38,11,32.674414,False
-11.57,7,32.683431,False
-11.35,10,32.694441,False
-11.79,4,32.699425,False
-11.33,8,32.708436,False
-11.35,10,32.71937,False
-11.83,7,32.727876,False
-11.38,13,32.744392,False
-11.33,8,32.753395,False
-10.37,11,32.763908,False
-10.34,9,32.773418,False
-11.53,3,32.775931,False
-10.56,6,32.78194,False
-11.31,6,32.792458,False
-11.76,1,32.794453,False
-11.36,10,32.808917,False
-10.34,9,32.817798,False
-10.39,13,32.830146,False
-10.59,9,32.839174,False
-11.34,8,32.846774,False
-10.38,12,32.85829,False
-11.58,8,32.865818,False
22.61,14,32.878341,True
-11.79,3,32.881865,False
-11.58,7,32.887865,False
-11.33,8,32.895375,False
-11.34,8,32.90344,False
-11.55,5,32.908437,False
22.15,10,32.918308,True
-11.42,16,32.932873,False
-10.36,11,32.943402,False
-11.59,9,32.951417,False
-11.35,10,32.961939,False
22.57,18,32.976963,True
-11.37,12,32.986476,False
-11.33,7,32.992476,False
-11.59,9,32.999988,False
-11.36,9,33.008928,False
-11.35,10,33.016931,False
-11.33,7,33.023455,False
-10.57,7,33.029996,False
-11.34,9,33.037518,False
-10.59,8,33.044528,False
-10.61,10,33.053122,False
-11.79,4,33.057117,False
22.54,21,33.075065,True
-10.35,8,33.081579,False
-11.36,11,33.090084,False
-10.39,13,33.100766,False
-11.37,11,33.110369,False
-11.56,6,33.115456,False
-11.34,9,33.122746,False
-11.35,9,33.130094,False
-11.36,10,33.139126,False
-10.61,11,33.148488,False
-11.32,7,33.153998,False
-10.39,12,33.165524,False
-10.56,6,33.170524,False
-10.35,10,33.179043,False
-11.54,4,33.182052,False
-11.36,10,33.190147,False
-11.34,9,33.199337,False
-11.36,11,33.208359,False
21.4,10,33.21639,True
-10.59,8,33.223417,False
-11.34,8,33.231188,False
22.26,49,33.272062,True
-12.02,2,33.274058,False
-11.33,8,33.281567,False
-11.56,5,33.285565,False
-10.36,11,33.2951,False
-11.36,11,33.305218,False
-10.34,8,33.313775,False
-10.36,9,33.32079,False
-10.33,7,33.327322,False
-10.79,4,33.330839,False
-10.82,6,33.335838,False
-11.38,13,33.347043,False
-12.01,1,33.348042,False
22.3,45,33.385099,True
-11.58,8,33.391092,False
-11.78,3,33.394621,False
-10.57,7,33.400477,False
-11.35,10,33.410497,False
-10.56,6,33.415624,False
22.26,24,33.437539,True
-12.04,4,33.441538,False
-11.56,5,33.445538,False
-10.38,12,33.457265,False
-11.36,10,33.466844,False
22.46,28,33.493128,True
-10.58,8,33.501127,False
-10.36,11,33.511214,False
-11.58,8,33.518734,False
-10.61,10,33.91237,False
-11.32,6,33.918379,False
-12.02,2,33.920379,False
-11.56,5,33.926527,False
22.61,14,33.942943,True
-11.35,10,33.952354,False
-11.36,11,33.963746,False
-10.56,6,33.970749,False
-11.32,7,33.977252,False
-11.59,9,33.98603,False
-11.76,1,33.98703,False
-10.36,11,33.999144,False
-11.55,5,34.005564,False
-11.36,11,34.016015,False
-10.32,7,34.021825,False
-11.77,2,34.02533,False
-11.56,6,34.031781,False
-11.54,4,34.035345,False
-11.33,8,34.045299,False
-11.55,5,34.051215,False
-9.58,8,34.059721,False
22.53,22,34.082635,True
-11.35,10,34.094583,False
-11.6,10,34.105427,False
-10.35,10,34.115534,False
22.64,11,34.124568,True
-11.55,5,34.129603,False
-11.76,1,34.129603,False
-11.31,6,34.135155,False
-11.79,3,34.137155,False
-11.78,3,34.140152,False
-11.56,5,34.144672,False
-10.41,15,34.157372,False
-11.31,6,34.162744,False
-11.79,4,34.166766,False
-11.56,6,34.171762,False
-11.78,3,34.174273,False
-10.36,11,34.184077,False
-10.59,9,34.191079,False
-10.4,13,34.202412,False
-11.33,7,34.208452,False
-11.77,2,34.210464,False
22.58,16,34.223803,True
22.61,14,34.237673,True
-10.36,11,34.247654,False
22.59,14,34.260164,True
-11.54,4,34.263535,False
-10.6,10,34.272049,False
-11.78,3,34.274041,False
-11.35,10,34.282419,False
-10.84,8,34.288934,False
-11.57,7,34.296265,False
-10.61,11,34.305351,False
-11.78,3,34.308387,False
-11.79,4,34.311401,False
-11.56,6,34.316377,False
-10.58,8,34.323892,False
-10.33,8,34.32974,False
-10.34,9,34.337348,False
-11.37,12,34.34831,False
22.42,32,34.374062,True
21.63,12,34.384518,True
-10.35,9,34.392025,False
-11.76,1,34.393025,False
22.43,31,34.418222,True
-11.84,8,34.424253,False
-11.32,7,34.429944,False
-10.55,5,34.434716,False
-11.56,6,34.439716,False
-11.8,5,34.444246,False
-11.55,5,34.448483,False
-10.36,11,34.457006,False
-11.35,10,34.465245,False
-11.81,5,34.469244,False
-11.55,5,34.47324,False
-10.34,9,34.482218,False
-11.76,1,34.483218,False
-10.37,11,34.491736,False
-10.39,13,34.503058,False
-11.56,5,34.50757,False
-10.34,9,34.51508,False
-10.32,7,34.521014,False
22.59,15,34.532666,True
-11.56,6,34.538229,False
-11.56,6,34.543305,False
-11.36,11,34.551986,False
-11.78,3,34.554987,False
-11.36,11,34.564342,False
-11.58,7,34.570414,False
-10.35,10,34.577338,False
-10.56,6,34.583234,False
-11.35,10,34.591746,False
-11.33,8,34.598075,False
-11.4,15,34.609917,False
-10.37,11,34.620246,False
22.59,16,34.632861,True
-11.31,6,34.63786,False
-10.56,6,34.643378,False
-9.51,24,34.662233,False
-10.32,7,34.668253,False
-11.33,8,34.674765,False
-10.35,10,34.682613,False
-11.57,7,34.689151,False
-10.59,8,34.695679,False
-10.35,10,34.704128,False
22.35,15,34.716756,True
-11.33,8,34.722476,False
-11.37,12,34.732863,False
22.43,30,34.759295,True
-10.35,10,34.768268,False
-11.35,10,34.777176,False
22.15,60,35.218253,True
-11.55,5,35.224817,False
-11.35,10,35.233793,False
-10.36,10,35.244862,False
-11.34,8,35.253003,False
-11.56,6,35.260509,False
-11.32,7,35.268508,False
-11.76,1,35.27001,False
-10.35,10,35.282084,False
-11.57,7,35.289428,False
-11.37,10,35.299668,False
-11.34,8,35.308736,False
-10.33,8,35.318335,False
-11.76,1,35.319335,False
20.4,9,35.331436,True
-11.54,4,35.335439,False
-11.61,10,35.346951,False
-11.54,4,35.350942,False
22.38,35,35.387968,True
-11.34,8,35.396473,False
-11.33,7,35.403472,False
-11.77,2,35.405985,False
-11.57,7,35.413161,False
-9.6,10,35.422682,False
-10.36,11,35.433367,False
-11.77,2,35.434366,False
-10.32,7,35.442528,False
22.35,15,35.455062,True
-11.35,10,35.463592,False
-11.76,1,35.46459,False
-11.35,8,35.4721,False
-11.31,6,35.477612,False
-11.53,3,35.479629,False
22.38,11,35.489157,True
-11.32,7,35.49515,False
-11.57,7,35.501686,False
-11.56,6,35.506683,False
-10.8,5,35.511194,False
-11.35,10,35.519898,False
-11.58,8,35.526903,False
-10.37,12,35.537061,False
-11.56,6,35.542601,False
-11.78,3,35.544599,False
-11.77,2,35.546602,False
20.64,11,35.5561,True
-11.59,7,35.561602,False
-10.37,12,35.572129,False
-11.35,10,35.581146,False
20.64,11,35.590668,True
22.58,17,35.604708,True
-11.35,10,35.613207,False
-11.4,14,36.47542,False
-11.77,2,36.477427,False
22.61,13,36.488535,True
-11.36,11,36.498574,False
-11.56,6,36.50311,False
22.54,20,36.521083,True
-11.36,11,36.531635,False
-10.38,12,36.541664,False
-10.36,11,36.551965,False
-12.02,2,36.553969,False
-11.79,4,36.557488,False
-10.35,10,36.567446,False
-10.34,9,36.576441,False
-11.33,8,36.584365,False
-10.35,10,36.592891,False
-11.79,3,36.596311,False
-10.32,7,36.601352,False
22.22,53,36.643955,True
-11.76,1,36.644955,False
-11.55,5,36.649461,False
-10.57,7,36.655545,False
-11.78,2,36.657493,False
-11.32,6,36.662219,False
-11.37,11,36.67219,False
-11.32,7,36.678189,False
22.59,16,36.6916,True
22.59,15,36.704118,True
-11.57,6,36.709118,False
-11.77,2,36.711118,False
22.37,38,36.741858,True
-11.78,3,36.74437,False
-11.35,10,36.753206,False
-12.02,2,36.756206,False
-10.36,10,36.764717,False
21.43,7,36.770229,True
-11.77,2,36.771229,False
-11.79,4,36.775306,False
-11.52,2,36.777226,False
-10.35,8,36.783993,False
-11.76,1,36.784992,False
-10.35,10,36.793015,False
-10.34,9,36.801533,False
-10.32,7,36.807008,False
-11.32,6,36.812008,False
22.3,19,36.828847,True
-10.6,9,36.835896,False
-11.79,4,36.83942,False
-11.38,13,36.850243,False
-11.57,7,36.855771,False
22.59,14,36.869176,True
-11.32,6,36.874173,False
-11.76,1,36.874173,False
-11.56,5,36.878686,False
-12.04,4,36.882377,False
-10.36,10,36.890974,False
-11.76,1,36.891974,False
-11.6,10,36.900023,False
-11.55,5,36.905022,False
-10.36,11,36.91371,False
-10.37,11,36.924227,False
-10.57,7,36.930085,False
-11.55,4,36.934139,False
-11.54,4,36.937152,False
-11.35,9,36.944664,False
21.63,12,36.954688,True
-11.3,5,36.959193,False
-11.77,2,36.9612,False
-10.33,8,36.967564,False
-11.33,8,36.975002,False
-11.32,7,36.980369,False
21.63,11,37.364525,True
-11.55,4,37.37003,False
-10.65,14,37.385535,False
-10.35,10,37.39604,False
-11.61,11,37.406544,False
-11.31,6,37.414048,False
-11.55,5,37.420553,False
-11.54,4,37.424554,False
22.57,17,37.440065,True
-11.6,9,37.449068,False
-11.35,9,37.459572,False
-11.79,4,37.464077,False
-11.38,12,37.476084,False
-11.54,4,37.480084,False
-11.58,8,37.489589,False
-11.58,7,37.497093,False
-10.62,12,37.510597,False
-11.36,11,37.522641,False
20.66,9,37.531146,True
22.58,17,37.547156,True
22.64,11,37.558743,True
-11.32,7,37.566267,False
-11.34,9,37.57426,False
-10.33,8,37.581785,False
-11.35,10,37.591305,False
-11.31,6,37.596815,False
22.62,13,37.608349,True
22.55,20,37.626414,True
-11.56,5,37.63162,False
22.38,36,37.662312,True
-11.59,9,37.670707,False
22.53,21,37.689139,True
22.59,16,37.703558,True
-10.34,9,37.711568,False
-11.55,5,37.715966,False
-11.77,2,37.717958,False
22.54,21,37.735379,True
-11.79,4,37.738917,False
22.54,19,37.755879,True
-11.31,6,37.761387,False
-11.32,6,37.766293,False
-10.35,9,37.773307,False
-11.32,7,37.779815,False
-11.29,4,37.782815,False
-11.33,8,37.789327,False
-10.58,8,37.796327,False
-11.33,8,37.803627,False
22.59,15,37.815482,True
-11.3,5,37.819502,False
22.43,32,37.84709,True
-10.56,5,37.850837,False
-11.57,7,37.856505,False
-11.32,7,37.862455,False
22.64,11,37.872236,True
-10.35,9,37.880489,False
-11.61,10,37.889001,False
-11.34,9,37.896506,False
-11.76,1,37.897884,False
-11.3,5,37.90188,False
-10.59,8,37.908556,False
22.56,19,37.924195,True
22.58,17,37.938374,True
-11.37,11,37.947171,False
-10.38,12,37.956848,False
-10.37,11,37.965641,False
-11.36,10,37.974314,False
-10.36,11,37.983195,False
-11.59,8,37.990121,False
-11.31,6,37.994632,False
-11.35,9,38.002669,False
-11.55,5,38.006593,False
22.4,10,38.014468,True
-10.6,10,38.022904,False
-11.57,7,38.028911,False
-11.6,10,38.037159,False
-11.31,6,38.042166,False
22.51,24,38.061508,True
20.43,7,38.067255,True
22.5,25,38.089643,True
-11.34,8,38.096155,False
-11.33,8,38.103154,False
-11.54,4,38.10566,False
-11.54,4,38.109672,False
-10.42,16,38.12396,False
-10.37,12,38.134433,False
-11.77,2,38.136936,False
-11.33,8,38.143943,False
-11.56,5,38.148318,False
-11.31,6,38.153318,False
-11.39,12,38.164829,False
20.66,9,38.172949,True
-10.39,13,38.185112,False
-11.36,11,38.194533,False
-10.35,9,38.202062,False
-10.37,11,38.212095,False
-10.35,9,38.220103,False
-10.34,9,38.227956,False
-11.76,1,38.228962,False
-11.78,3,38.231468,False
22.57,17,38.246317,True
-11.55,5,38.250315,False
-11.54,4,38.253838,False
-10.34,9,38.261837,False
-11.79,4,38.265344,False
-11.76,1,38.266345,False
22.53,20,38.658559,True
22.44,31,38.693528,True
-10.37,12,38.706033,False
-12.01,1,38.707032,False
-10.59,9,38.715538,False
-11.57,6,38.721453,False
-10.8,5,38.725971,False
-11.58,7,38.733918,False
20.42,8,38.743928,True
-10.38,13,38.759263,False
-11.37,11,38.77122,False
-11.32,6,38.777725,False
-11.34,9,38.791235,False
-10.59,8,38.799357,False
-11.34,8,38.806774,False
-11.53,3,38.809777,False
22.6,14,38.823931,True
-11.81,5,38.829436,False
22.6,14,38.844063,True
-11.55,5,38.850104,False
22.61,13,38.862601,True
-10.61,10,38.871136,False
22.62,13,38.882399,True
-11.54,4,38.886394,False
22.47,28,38.908718,True
-10.8,5,38.913553,False
-10.36,10,38.922057,False
-11.33,8,38.928569,False
22.63,12,38.938531,True
22.46,29,38.961136,True
-10.39,12,38.972013,False
-10.33,8,38.979493,False
-11.55,5,38.98339,False
22.26,24,39.002176,True
-10.36,11,39.0117,False
-10.35,10,39.019613,False
-11.34,8,39.026134,False
-10.38,13,39.037159,False
-10.39,13,39.047817,False
-11.6,9,39.054814,False
-11.32,7,39.061321,False
22.63,12,39.071244,True
-11.78,3,39.074244,False
-10.37,12,39.083174,False
-11.55,5,39.088174,False
-11.58,8,39.094697,False
-11.3,5,39.098484,False
-11.78,3,39.100497,False
-11.57,7,39.10649,False
-11.34,9,39.114441,False
-11.37,11,39.123964,False
-11.56,6,39.128872,False
-11.54,4,39.131917,False
-11.34,9,39.140062,False
-10.35,10,39.14799,False
22.61,14,39.160171,True
-11.36,9,39.167921,False
-11.56,5,39.171432,False
-11.03,3,39.174446,False
22.34,15,39.187086,True
20.65,9,39.19461,True
-11.56,6,39.200037,False
-11.55,5,39.203549,False
-11.78,3,39.205549,False
-10.38,11,39.215483,False
-11.35,10,39.224,False
-11.76,1,39.225005,False
-11.31,6,39.229912,False
-10.82,7,39.235432,False
-11.57,7,39.241432,False
-11.55,5,39.24558,False
-10.32,7,39.251601,False
-11.78,3,39.254601,False
-11.32,7,39.260119,False
-10.36,10,39.26915,False
-11.35,9,39.276663,False
-10.32,7,39.283077,False
-11.53,3,39.285077,False
-10.39,14,39.297546,False
-10.31,6,39.302061,False
-11.53,3,39.305085,False
20.41,9,39.312792,True
-11.36,10,39.320738,False
-11.04,4,39.323734,False
-11.53,3,39.325734,False
22.41,34,39.353875,True
-10.38,12,39.364374,False
22.59,16,39.376824,True
-11.33,8,39.383707,False
-11.34,9,39.391238,False
22.63,12,39.402171,True
-10.59,9,39.409172,False
-10.33,8,39.415909,False
-11.76,1,39.416908,False
-11.57,7,39.422433,False
-11.37,11,39.430922,False
-11.79,4,39.434433,False
-10.34,9,39.442434,False
-11.55,5,39.446939,False
21.42,8,39.453451,True
-11.53,3,39.455456,False
-11.58,8,39.462456,False
-10.34,9,39.470651,False
-11.57,7,39.477173,False
-10.38,12,39.486936,False
-10.35,10,39.495453,False
-11.36,8,39.501822,False
-12.02,2,39.502822,False
-10.35,9,39.510348,False
-11.32,7,39.516077,False
-11.57,7,39.522592,False
-11.55,4,39.526124,False
-10.61,11,39.534859,False
-11.79,4,39.53838,False
-11.34,8,39.544581,False
-11.4,14,39.555057,False
-11.36,11,39.946466,False
21.63,11,39.956987,True
-11.52,2,39.958514,False
-10.37,12,39.970416,False
-11.56,5,39.974921,False
-11.55,5,39.980244,False
20.44,6,39.98575,True
-11.55,5,39.99075,False
-10.56,6,39.997618,False
-10.39,14,40.013678,False
-11.76,1,40.014678,False
21.42,8,40.024183,True
22.57,17,40.040723,True
-10.36,11,40.05318,False
-11.76,1,40.055181,False
-10.59,9,40.065348,False
-11.33,8,40.073574,False
-10.59,8,40.080341,False
-11.33,8,40.089772,False
-11.31,6,40.095773,False
-11.34,9,40.108451,False
20.43,7,40.118547,True
-10.36,11,40.131591,False
-10.59,8,40.139591,False
-11.36,10,40.149958,False
-11.56,5,40.154629,False
21.37,12,40.165624,True
22.6,15,40.178885,True
-10.34,8,40.187473,False
-11.55,5,40.191473,False
-11.76,1,40.193473,False
-10.81,6,40.198462,False
-11.57,7,40.203972,False
-11.3,5,40.207985,False
-11.55,5,40.211985,False
22.52,23,40.230348,True
-10.32,7,40.23588,False
-11.76,1,40.236885,False
-11.57,7,40.24308,False
22.62,13,40.25384,True
22.38,12,40.26298,True
-10.33,8,40.270751,False
-11.76,1,40.270751,False
-10.6,10,40.279984,False
-10.37,10,40.288011,False
-9.44,18,40.302792,False
-11.32,7,40.308321,False
-11.34,9,40.315115,False
-11.77,2,40.317115,False
-11.32,7,40.322641,False
-11.55,5,40.32764,False
-10.37,12,40.337451,False
-10.35,10,40.345477,False
-11.56,6,40.351282,False
-10.34,9,40.358793,False
-11.53,3,40.361305,False
-11.78,3,40.363577,False
-10.61,11,40.373332,False
22.39,11,40.382152,True
-11.31,6,40.38815,False
-11.35,10,40.396115,False
-10.57,7,40.402814,False
-11.52,2,40.403894,False
-11.57,6,40.408818,False
-10.79,4,40.412821,False
-10.34,9,40.419842,False
21.66,9,40.427364,True
-10.32,7,40.433149,False
-10.58,8,40.439666,False
-10.35,10,40.447914,False
-10.41,15,40.460447,False
-11.55,5,40.465189,False
-10.36,11,40.473188,False
-11.31,6,40.478712,False
-11.33,8,40.485447,False
-10.37,11,40.494451,False
-10.35,9,40.501651,False
-10.37,12,40.511176,False
-10.4,13,40.520908,False
-11.54,4,40.524442,False
-10.34,8,40.531699,False
-9.56,6,40.536713,False
-10.36,11,40.545235,False
-11.33,7,40.551589,False
-11.36,10,40.560112,False
-11.4,13,40.569999,False
-11.32,7,40.575999,False
22.62,13,40.587001,True
-11.35,10,40.595523,False
-11.57,7,40.601446,False
-10.35,10,40.609952,False
-11.56,6,40.615266,False
-11.35,9,40.622787,False
-11.35,9,40.630055,False
-11.79,4,40.633072,False
-10.34,9,40.641079,False
21.64,11,40.650015,True
-11.32,7,40.656053,False
-10.81,5,40.660066,False
-11.55,5,40.664353,False
-11.33,8,40.670353,False
-11.37,11,40.679218,False
-10.81,6,40.684765,False
22.63,12,40.694491,True
-11.33,8,40.700854,False
-10.36,11,40.709378,False
-11.34,8,40.716113,False
-10.61,10,40.724617,False
-10.56,6,40.729002,False
22.35,14,40.741062,True
-11.37,11,40.749354,False
-10.65,15,40.761884,False
-11.35,9,40.769655,False
22.33,16,40.782516,True
-11.34,9,40.790035,False
-11.38,12,40.800777,False
-11.32,7,40.805776,False
-10.59,9,40.812648,False
-11.6,10,40.821191,False
-11.34,9,40.829602,False
-10.4,15,40.841656,False
-10.57,7,41.219006,False
-11.35,10,41.230511,False
-11.76,1,41.232511,False
-11.79,3,41.235554,False
22.37,12,41.249562,True
-10.4,13,41.268717,False
22.36,13,41.287302,True
-11.58,7,41.296318,False
22.61,14,41.312117,True
22.59,15,41.329247,True
-11.57,6,41.336256,False
-11.32,7,41.344762,False
-11.32,7,41.35228,False
-11.61,11,41.365197,False
-11.56,6,41.371471,False
22.39,35,41.408556,True
20.42,7,41.415611,True
-11.35,10,41.425113,False
-11.55,5,41.429599,False
-10.61,10,41.439637,False
-11.54,4,41.443638,False
-11.54,4,41.44809,False
-11.37,11,41.458687,False
-11.76,1,41.459687,False
-10.57,7,41.46672,False
-11.31,6,41.473736,False
-11.57,7,41.480648,False
-11.82,7,41.486647,False
-10.38,12,41.498176,False
-11.36,10,41.50619,False
-11.35,10,41.514049,False
-11.78,3,41.517044,False
-11.79,3,41.519055,False
-10.58,8,41.526075,False
-11.78,3,41.529432,False
-11.81,6,41.534447,False
-10.6,10,41.543492,False
-11.56,6,41.549,False
-10.36,11,41.557519,False
-10.38,11,41.566988,False
22.64,11,41.576501,True
-11.54,4,41.579964,False
-11.78,3,41.582473,False
-11.35,9,41.589487,False
-11.37,11,41.59935,False
-10.38,13,41.610898,False
-10.57,7,41.616903,False
-11.33,8,41.625424,False
-10.41,14,41.637476,False
-11.8,5,41.642025,False
-11.34,8,41.649096,False
-10.55,5,41.654621,False
-11.77,2,41.655621,False
-11.34,8,41.664024,False
-10.38,12,41.674539,False
20.63,11,41.684937,True
-11.53,3,41.686936,False
-11.57,7,41.694103,False
-11.56,6,41.700076,False
22.38,12,41.712039,True
-10.56,6,41.71706,False
-11.32,7,41.723576,False
-11.52,2,41.725571,False
-11.56,6,41.731497,False
-10.37,12,41.742639,False
-10.56,6,41.748161,False
-11.76,1,41.749161,False
-11.33,8,41.755195,False
-11.57,6,41.75971,False
-11.56,5,41.764683,False
-11.55,5,41.769689,False
-11.34,9,41.777078,False
-11.34,8,41.784957,False
-11.81,6,41.790955,False
22.6,15,41.80344,True
-9.57,7,41.810456,False
-10.35,9,41.817457,False
-10.59,8,41.824326,False
-11.35,9,41.832314,False
22.61,13,41.843356,True
-11.56,6,41.848735,False
-11.32,7,41.854779,False
-10.34,9,41.863574,False
22.53,22,41.882313,True
-11.59,8,41.889839,False
-11.83,8,41.897195,False
-11.38,11,41.906209,False
22.56,19,41.922647,True
-11.8,5,41.926636,False
-10.57,7,41.932984,False
-10.6,9,41.941041,False
-11.54,4,41.945046,False
-10.59,8,41.951558,False
-10.59,8,41.958569,False
-11.31,6,41.96343,False
-11.79,4,41.967426,False
-11.33,8,41.972941,False
-11.57,7,41.979254,False
-11.57,6,41.98481,False
22.57,18,42.000837,True
21.63,11,42.009366,True
-11.56,6,42.014782,False
-11.33,8,42.021782,False
-10.33,8,42.028306,False
22.58,17,42.04179,True
-11.57,6,42.047805,False
-11.37,12,42.056849,False
-11.31,6,42.06286,False
22.34,16,42.075875,True
-11.37,11,42.085883,False
-10.57,7,42.091401,False
-11.36,10,42.099927,False
-11.53,3,42.102928,False
-10.38,12,42.114443,False
-10.38,13,42.12596,False
-10.57,7,42.131963,False
-10.58,8,42.138489,False
-11.58,8,42.146016,False
-11.57,6,42.150563,False
22.47,27,42.564623,True
-11.55,4,42.570151,False
-9.47,19,42.588754,False
-11.77,2,42.590782,False
-11.38,13,42.602682,False
-11.31,6,42.608682,False
-10.59,9,42.619042,False
-11.32,7,42.627548,False
22.53,22,42.652572,True
-11.56,6,42.660084,False
-11.76,1,42.661083,False
-11.32,7,42.668188,False
-10.39,14,42.682151,False
-10.57,7,42.689793,False
-10.36,10,42.701654,False
-11.34,8,42.711722,False
-11.34,9,42.721806,False
-10.33,8,42.73178,False
-11.31,6,42.738284,False
-11.56,6,42.743789,False
-11.53,3,42.748298,False
22.56,17,42.76634,True
-11.33,8,42.774347,False
-10.34,9,42.782876,False
-11.34,9,42.792399,False
-10.33,8,42.80091,False
-11.56,6,42.806915,False
-10.6,9,42.815438,False
-11.33,8,42.822958,False
-11.55,5,42.828046,False
-11.31,6,42.833646,False
-11.33,8,42.843897,False
-10.34,9,42.853906,False
-10.61,11,42.866544,False
-10.8,5,42.871557,False
-10.33,8,42.879681,False
21.65,9,43.399218,True
-11.78,3,43.401216,False
-11.77,2,43.403213,False
22.61,14,43.415816,True
-11.35,10,43.425331,False
-11.76,1,43.426333,False
-10.35,10,43.434861,False
-10.34,8,43.443882,False
-11.78,3,43.445955,False
-11.56,6,43.452156,False
-11.32,7,43.457668,False
-11.56,6,43.463186,False
-11.35,9,43.470436,False
-11.8,5,43.475425,False
-11.55,5,43.48002,False
-12.03,3,43.484038,False
-11.58,8,43.49054,False
-11.55,5,43.495547,False
-11.36,11,43.505078,False
-10.6,10,43.514608,False
22.55,19,43.531167,True
22.58,15,43.54372,True
-11.77,2,43.545697,False
-10.35,9,43.553706,False
-11.56,6,43.559287,False
-11.56,5,43.564161,False
-11.54,4,43.568178,False
-11.32,7,43.573194,False
-11.37,12,43.583709,False
-11.58,8,43.592233,False
-11.32,7,43.598751,False
-11.78,3,43.601751,False
-11.57,7,43.609276,False
-11.76,1,43.610274,False
-11.31,6,43.618787,False
-11.53,3,43.62239,False
-10.34,9,43.630531,False
22.63,12,43.641053,True
-10.35,9,43.64871,False
-10.35,10,43.658074,False
-10.58,8,43.665084,False
22.35,14,43.67819,True
-11.32,7,43.683723,False
-11.54,4,43.68773,False
-11.6,10,43.696252,False
22.55,19,43.713379,True
-11.56,6,43.718378,False
-10.36,10,43.727902,False
-11.35,10,43.736444,False
-10.59,9,43.744492,False
-11.59,8,43.7512,False
22.58,17,43.767399,True
20.66,8,43.773903,True
-10.34,8,43.780911,False
22.47,28,43.803953,True
-11.76,1,43.804946,False
-11.76,1,43.806296,False
-11.33,8,43.813294,False
-11.31,6,43.817816,False
-11.81,6,43.822815,False
-11.34,9,43.831353,False
-10.58,7,43.836871,False
-10.8,5,43.841872,False
-11.53,3,43.845386,False
-11.33,8,43.85191,False
22.39,11,43.860682,True
-11.58,8,43.868678,False
22.63,12,43.8795,True
-10.34,9,43.886524,False
-10.32,7,43.893038,False
20.43,7,43.898886,True
-12.06,6,43.903893,False
-10.58,8,43.910442,False
-11.76,1,43.91182,False
-11.31,6,43.916843,False
22.23,52,43.961753,True
-11.59,8,43.969047,False
22.61,13,43.98191,True
21.64,10,43.991137,True
22.59,16,44.00509,True
22.54,21,44.022087,True
-11.76,1,44.024225,False
-11.56,6,44.029651,False
-11.52,2,44.03168,False
-10.36,11,44.0422,False
-11.57,6,44.455717,False
22.47,28,44.486805,True
20.44,6,44.494328,True
-11.53,3,44.497905,False
-10.34,9,44.507409,False
21.34,16,44.525276,True
-11.54,4,44.529279,False
20.67,8,44.536218,True
-11.31,6,44.543218,False
-11.56,6,44.549321,False
-10.82,7,44.555824,False
-11.78,3,44.559377,False
-11.57,7,44.570847,False
-11.55,5,44.577053,False
-11.33,8,44.584555,False
22.58,16,44.60311,True
-12.01,1,44.60411,False
-11.76,1,44.60511,False
22.3,20,44.627591,True
-11.79,4,44.633665,False
-11.36,10,44.646592,False
22.58,17,44.662722,True
-10.34,9,44.671204,False
-11.34,8,44.679219,False
-11.52,2,44.680781,False
-11.6,10,44.691107,False
-10.6,10,44.700614,False
-11.56,6,44.706143,False
-11.52,2,44.70813,False
-11.34,9,44.716146,False
-11.29,4,44.720138,False
-11.32,7,44.725672,False
22.58,17,44.739695,True
-11.32,7,44.745579,False
-11.38,12,44.756629,False
-11.31,6,44.762152,False
-11.3,5,44.766692,False
-10.36,11,44.777202,False
-11.58,7,44.783555,False
-9.48,22,44.801932,False
-11.35,9,44.81012,False
-11.34,9,44.817127,False
-11.39,12,44.828651,False
-11.34,8,44.835022,False
-11.34,8,44.841183,False
-11.76,1,44.84219,False
-11.36,10,44.85118,False
-11.52,2,44.852875,False
-11.33,8,44.860126,False
-10.36,10,44.868581,False
-10.35,10,44.877897,False
-11.56,6,44.882423,False
-11.35,10,44.890422,False
-10.59,9,44.898973,False
-10.61,11,44.908489,False
-11.57,7,44.915322,False
-11.6,9,44.921839,False
-11.53,3,44.924851,False
22.54,20,44.942913,True
-9.48,22,44.961182,False
-10.32,7,44.967524,False
-11.55,5,44.971524,False
-12.03,3,44.974031,False
-10.61,11,44.983534,False
-11.35,10,44.991049,False
-11.31,6,44.996389,False
-11.56,6,45.001388,False
-11.53,3,45.004387,False
-11.31,6,45.008905,False
-10.34,9,45.016715,False
-10.34,9,45.024723,False
-11.31,6,45.0295,False
-11.57,7,45.035493,False
-11.34,8,45.043011,False
-11.55,5,45.046813,False
-11.76,1,45.048348,False
-11.39,13,45.058302,False
22.59,15,45.070398,True
-11.55,4,45.07439,False
-11.59,8,45.081156,False
-11.35,9,45.088653,False
-11.54,4,45.092656,False
-11.34,9,45.099931,False
-10.35,10,45.117952,False
-11.79,4,45.121969,False
-9.57,7,45.129476,False
-12.02,2,45.132476,False
-10.35,10,45.143988,False
-10.82,7,45.151006,False
-10.35,9,45.161515,False
-11.78,3,45.165587,False
20.4,10,45.176602,True
-10.59,9,45.187158,False
-10.4,14,45.203712,False
-11.54,4,45.206712,False
-10.37,12,45.219284,False
21.42,8,45.231853,True
-11.32,7,45.240371,False
-11.53,3,45.243387,False
-11.35,10,45.252942,False
-11.53,3,45.255948,False
-11.33,8,45.265006,False
-10.35,10,45.273857,False
-10.32,7,45.280758,False
-11.3,5,45.285285,False
-10.36,10,45.294811,False
22.41,9,45.302178,True
-10.34,9,45.310225,False
-11.79,4,45.31359,False
-10.34,9,45.320822,False
-11.56,6,45.327167,False
-11.6,9,45.334086,False
-11.79,4,45.338631,False
-11.58,7,45.345115,False
22.32,18,45.361521,True
-10.38,13,45.372947,False
-11.55,5,45.377456,False
-10.34,9,45.384829,False
-11.34,8,45.392356,False
22.54,20,45.409399,True
-11.54,4,45.412405,False
-11.57,5,45.417392,False
-11.35,10,45.425926,False
-11.33,7,45.431437,False
-10.38,13,45.837276,False
-10.32,7,45.844278,False
-10.34,9,45.854857,False
-11.32,7,45.863362,False
-11.8,5,45.86837,False
-10.57,7,45.875376,False
21.39,11,45.889045,True
-10.4,14,45.903553,False
-11.56,6,45.910055,False
-10.6,8,45.919058,False
-11.55,5,45.924564,False
-10.35,10,45.935069,False
-11.36,10,45.945575,False
22.61,14,45.960675,True
-11.81,5,45.96718,False
-11.52,2,45.968685,False
-11.58,8,45.977761,False
22.61,14,45.993876,True
22.51,22,46.015887,True
-11.76,1,46.016888,False
20.64,10,46.027395,True
-10.4,14,46.041924,False
-10.35,10,46.05196,False
22.6,15,46.065754,True
-11.56,5,46.070467,False
21.39,10,46.079992,True
-11.34,9,46.088514,False
-10.34,9,46.097026,False
22.49,26,46.119063,True
-11.82,7,46.125081,False
-10.33,8,46.132597,False
-11.36,10,46.14012,False
22.57,17,46.155148,True
-11.34,9,46.162183,False
-10.37,12,46.174094,False
-11.76,1,46.175091,False
-11.34,9,46.182774,False
-10.36,11,46.19287,False
20.41,9,46.199869,True
-10.35,10,46.209386,False
22.36,13,46.220909,True
-10.37,11,46.230499,False
-10.35,10,46.239014,False
22.57,17,46.253627,True
-11.77,2,46.255139,False
-11.34,9,46.26275,False
-11.3,5,46.266895,False
-11.82,7,46.274051,False
-11.56,6,46.279577,False
-11.76,1,46.28057,False
22.5,25,46.301635,True
22.48,27,46.324631,True
-11.32,7,46.330618,False
-11.56,6,46.335625,False
-11.52,2,46.337138,False
-11.8,5,46.342147,False
-10.34,9,46.349128,False
-10.34,9,46.356436,False
-11.54,4,46.360953,False
-11.59,9,46.36888,False
22.59,16,46.383067,True
-11.36,9,46.391568,False
-11.54,4,46.39557,False
-11.36,9,46.402652,False
-11.56,5,46.40765,False
-10.32,7,46.414626,False
-11.34,9,46.421145,False
-11.58,7,46.427149,False
-10.33,8,46.434088,False
-11.36,11,46.443604,False
-11.34,9,46.450909,False
-10.34,9,46.458448,False
-11.34,9,46.465485,False
22.61,14,46.478169,True
-10.33,8,46.485142,False
-11.36,11,46.493649,False
20.67,8,46.500286,True
-11.58,8,46.506807,False
-10.58,8,46.513384,False
-11.29,4,46.517909,False
-11.53,3,46.519909,False
-10.35,10,46.528786,False
-10.34,8,46.534854,False
-11.35,9,46.543147,False
22.57,18,46.558223,True
-11.55,5,46.562539,False
-11.37,11,46.57231,False
-11.79,4,46.57631,False
-11.34,9,46.583262,False
20.68,7,46.589794,True
-11.54,4,46.593798,False
-11.33,8,46.599639,False
-11.78,3,46.60264,False
-11.76,1,46.603639,False
-11.37,11,46.613619,False
22.6,14,46.625143,True
-11.77,2,46.62715,False
-11.53,3,46.62966,False
-11.29,4,46.632955,False
22.51,23,46.652403,True
-12.01,1,46.652403,False
-11.31,6,46.65791,False
-10.34,9,46.666014,False
21.36,13,46.677049,True
-11.33,8,46.68371,False
-11.55,5,46.68784,False
-11.32,7,46.694353,False
22.56,19,46.710422,True
-11.32,7,46.716399,False
22.57,18,46.731226,True
-11.31,6,46.736744,False
-11.58,7,46.743744,False
-11.56,6,46.74859,False
22.32,18,47.157179,True
-12.02,2,47.159181,False
-10.34,9,47.16961,False
-11.52,2,47.172113,False
-10.36,9,47.182577,False
-11.57,7,47.190756,False
-11.79,4,47.195714,False
-10.56,6,47.20273,False
-10.35,9,47.213237,False
-9.59,9,47.223742,False
-11.56,6,47.231205,False
-11.78,3,47.235204,False
-11.76,1,47.235737,False
-11.79,3,47.239244,False
-10.35,10,47.251209,False
20.66,9,47.260714,True
-10.34,9,47.27022,False
-11.57,7,47.278736,False
-11.31,6,47.286616,False
21.67,8,47.295998,True
-10.35,10,47.30666,False
-10.36,11,47.319684,False
-11.52,2,47.322189,False
-10.66,14,47.339447,False
-11.81,6,47.345953,False
-11.32,7,47.352455,False
-11.56,6,47.359159,False
-11.6,10,47.369217,False
-10.35,9,47.378747,False
-10.36,10,47.388806,False
-10.36,10,47.397927,False
-11.55,5,47.402921,False
-9.42,16,47.417964,False
-11.78,3,47.421978,False
-11.55,5,47.426093,False
-11.54,4,47.430089,False
-11.55,5,47.434088,False
-11.78,3,47.437165,False
22.34,15,47.450677,True
-10.82,7,47.456182,False
-10.36,11,47.466749,False
-11.34,9,47.475279,False
-11.55,4,47.479467,False
-11.34,9,47.487588,False
20.43,7,47.4946,True
-11.78,3,47.496605,False
-10.55,5,47.502134,False
-11.33,8,47.509645,False
-11.32,7,47.515643,False
-11.32,7,47.521704,False
22.39,10,47.531301,True
-10.33,8,47.538852,False
-10.79,4,47.542977,False
-10.34,9,47.551945,False
-11.35,10,47.562116,False
-10.35,10,47.570659,False
-10.6,10,47.579226,False
-10.6,10,47.587775,False
22.38,36,47.619592,True
-10.33,8,47.626112,False
-11.53,3,47.629444,False
-11.52,2,47.630474,False
20.66,9,47.637987,True
-10.39,14,47.649886,False
-11.53,3,47.651886,False
-11.34,9,47.660913,False
-10.34,9,47.667935,False
-11.34,9,47.67697,False
22.52,22,47.696229,True
-11.58,7,47.702233,False
-11.31,6,47.707739,False
-11.76,1,47.707739,False
-10.61,10,47.717007,False
-11.56,6,47.722007,False
-11.34,8,47.728858,False
-10.35,8,47.735876,False
-11.3,5,47.740401,False
-11.31,6,47.745739,False
-11.31,6,47.751282,False
-10.33,8,47.758282,False
-11.54,4,47.762162,False
-11.54,4,47.765764,False
-9.58,7,47.771282,False
-11.57,7,47.777799,False
-9.55,28,47.801536,False
-11.56,5,47.805536,False
-11.36,10,47.814774,False
20.67,8,47.821286,True
-11.79,4,47.825333,False
21.39,11,47.835113,True
-10.33,8,47.841727,False
-11.35,10,47.849648,False
-11.56,6,47.855172,False
-11.55,4,47.859169,False
-11.57,7,47.865054,False
-10.56,5,47.869061,False
-11.33,8,47.876906,False
-11.56,6,47.882233,False
-11.3,5,47.886752,False
-11.78,3,47.888752,False
-10.35,10,47.898263,False
-11.78,3,47.900262,False
-9.63,13,47.912226,False
20.44,6,47.917768,True
-10.36,10,47.927297,False
-11.53,3,47.929618,False
-10.82,7,47.936141,False
-11.58,7,47.942134,False
20.39,11,47.951489,True
-11.55,5,47.955989,False
-11.53,3,47.957996,False
-10.8,5,47.962831,False
-10.35,10,47.970985,False
22.42,31,48.001093,True
20.44,6,48.008285,True
-11.29,4,48.013303,False
20.44,6,48.019355,True
-11.35,9,48.031858,False
-10.33,8,48.043366,False
-11.57,7,48.050872,False
-11.34,9,48.059872,False
-10.35,10,48.069311,False
21.41,9,48.078416,True
20.43,7,48.084969,True
-11.79,4,48.088969,False
-11.35,10,48.100112,False
-10.59,9,48.109228,False
22.62,13,48.121758,True
-10.38,12,48.133248,False
-11.33,7,48.140257,False
-11.77,2,48.142259,False
-11.55,4,48.57543,False
-11.56,6,48.583484,False
-11.79,4,48.587989,False
-10.58,8,48.597495,False
-11.34,8,48.606387,False
-11.34,8,48.615369,False
-10.37,11,48.625875,False
-11.32,7,48.634367,False
-10.34,8,48.642875,False
-10.59,9,48.653381,False
-10.34,8,48.662388,False
-11.32,7,48.670896,False
-10.38,12,48.684263,False
-11.36,10,48.696498,False
-10.37,12,48.710528,False
-11.35,10,48.720029,False
-10.32,7,48.728652,False
-11.76,1,48.730095,False
22.58,17,48.749649,True
-9.46,19,48.769744,False
-11.8,5,48.77525,False
-11.76,1,48.77625,False
-11.32,7,48.783635,False
-11.58,8,48.791427,False
-10.57,7,48.798259,False
-10.4,14,48.812197,False
21.65,9,48.820751,True
-10.61,10,48.83075,False
-11.81,5,48.834743,False
-10.33,8,48.842261,False
-11.35,10,48.850754,False
-11.38,12,48.861277,False
22.35,15,48.874059,True
-10.36,10,48.882467,False
-10.82,7,48.888991,False
22.55,19,48.90567,True
-11.32,7,48.912578,False
-10.33,8,48.919101,False
-10.35,10,48.92769,False
-11.32,7,48.934611,False
21.64,10,48.943753,True
-11.77,2,48.945753,False
-11.56,6,48.95028,False
-11.62,11,48.961324,False
-11.33,8,48.96862,False
22.37,13,48.980079,True
-10.32,7,48.986765,False
-10.33,8,48.994277,False
-10.34,9,49.002193,False
-11.76,1,49.003193,False
-10.37,12,49.014134,False
-11.56,6,49.019125,False
-11.57,6,49.024645,False
-10.33,8,49.032684,False
-11.31,6,49.037688,False
-10.55,5,49.042693,False
20.44,6,49.047632,True
-10.58,8,49.054159,False
22.62,12,49.065635,True
-11.55,5,49.070635,False
-10.37,12,49.08167,False
-11.53,3,49.083669,False
-11.79,4,49.087851,False
-10.37,12,49.098798,False
-11.34,9,49.105303,False
-11.76,1,49.10631,False
-10.33,8,49.114064,False
20.68,7,49.119748,True
-11.77,2,49.121739,False
-11.31,6,49.127178,False
-10.36,11,49.136581,False
21.41,9,49.14467,True
-11.33,8,49.151335,False
22.6,15,49.16362,True
-10.35,10,49.17194,False
-11.81,5,49.177439,False
-10.36,11,49.188027,False
20.44,6,49.194041,True
-10.59,9,49.203558,False
-11.32,6,49.211074,False
-11.78,3,49.214073,False
-11.52,2,49.217074,False
20.65,10,49.22709,True
22.64,11,49.237828,True
-11.76,1,49.238827,False
-11.33,8,49.247818,False
22.48,26,49.272505,True
20.44,6,49.278838,True
-11.35,10,49.287903,False
-10.34,9,49.297364,False
-10.58,7,49.303869,False
-10.35,10,49.314191,False
-11.33,8,49.320933,False
-12.02,2,49.322488,False
-10.82,7,49.331996,False
22.61,14,49.34652,True
-10.37,12,49.358028,False
22.43,32,49.388051,True
20.67,8,49.396222,True
-11.57,7,49.403745,False
-11.56,6,49.409257,False
-11.35,9,49.418716,False
-11.55,5,49.422877,False
-11.76,1,49.423878,False
-11.36,10,49.43239,False
21.65,10,49.440902,True
-11.32,7,49.447902,False
-11.34,9,49.45581,False
-11.34,8,49.463215,False
-11.36,11,49.472625,False
-11.77,2,49.47462,False
-10.38,13,49.486287,False
-11.56,6,49.491285,False
-10.07,7,49.49783,False
-11.35,10,49.506346,False
-10.36,11,49.515877,False
-10.55,5,49.519877,False
-10.36,11,49.529974,False
-10.32,7,49.535478,False
22.6,15,49.548418,True
-11.78,3,49.551421,False
-11.35,10,49.55979,False
-11.54,4,49.951482,False
22.62,13,49.966466,True
22.59,15,49.984009,True
-11.55,5,49.989012,False
-11.34,9,50.000005,False
22.38,12,50.014015,True
-11.35,10,50.027026,False
-11.33,8,50.03551,False
-10.62,10,50.045589,False
22.61,14,50.059649,True
-11.33,8,50.067806,False
-10.35,10,50.0793,False
-11.32,7,50.086823,False
-10.35,10,50.097317,False
-10.64,13,50.111328,False
-11.32,7,50.11884,False
-11.38,13,50.132929,False
22.33,16,50.148115,True
-11.3,5,50.679276,False
-10.32,7,50.686832,False
20.18,7,50.694837,True
-11.57,7,50.70128,False
-11.54,4,50.70528,False
-11.34,8,50.712793,False
-11.33,8,50.72143,False
-10.35,9,50.730942,False
-11.32,7,50.738451,False
-10.33,8,50.747935,False
-10.37,11,50.759954,False
-11.78,3,50.763427,False
-11.76,1,50.764422,False
-10.81,6,50.770935,False
-10.35,10,50.782381,False
22.33,17,50.800348,True
22.16,9,50.808862,True
20.4,9,50.818374,True
-11.53,3,50.821374,False
22.6,15,50.838397,True
-10.33,8,50.846911,False
-10.79,4,50.849912,False
-10.32,7,50.857442,False
22.12,12,50.867965,True
22.37,11,50.878342,True
-10.38,13,50.889423,False
-11.55,5,50.894639,False
-11.33,8,50.907898,False
-11.57,7,50.913904,False
-11.36,11,50.924001,False
-11.37,11,50.933533,False
-10.36,11,50.944829,False
-11.53,3,50.947258,False
-10.36,10,50.956542,False
-11.55,5,50.962059,False
22.57,18,50.979637,True
-11.31,6,50.985142,False
-11.55,4,50.988668,False
-10.38,12,50.999725,False
-11.52,2,51.00173,False
-11.77,2,51.00373,False
21.43,7,51.043609,True
-10.34,9,51.055977,False
-11.76,1,51.056976,False
-11.33,8,51.067255,False
-10.32,7,51.074164,False
21.67,8,51.082164,True
-11.58,8,51.08973,False
21.4,9,51.099255,True
-10.61,10,51.109773,False
22.38,12,51.122299,True
-10.35,10,51.13266,False
-10.36,10,51.142195,False
-11.33,8,51.149716,False
22.38,12,51.162239,True
22.63,12,51.172286,True
-11.76,1,51.173284,False
-10.32,7,51.179816,False
-11.31,6,51.185332,False
-10.6,10,51.194375,False
-11.35,10,51.204437,False
-11.31,6,51.209942,False
-11.54,4,51.212956,False
-11.59,9,51.22149,False
-11.54,4,51.225482,False
-11.31,6,51.230099,False
-10.57,7,51.236279,False
-11.34,8,51.24341,False
-11.58,8,51.250412,False
-11.32,6,51.255935,False
-10.83,7,51.261935,False
-10.33,8,51.268196,False
-10.36,10,51.27926,False
-11.54,4,51.283796,False
-10.58,8,51.290311,False
22.58,17,51.30488,True
-10.32,7,51.311876,False
-11.76,1,51.312869,False
-11.79,4,51.316382,False
-10.59,9,51.324655,False
-11.76,1,51.326164,False
-10.36,11,51.335268,False
-11.32,7,51.341424,False
20.67,8,51.348955,True
-11.8,4,51.352954,False
22.6,15,51.366992,True
22.36,12,51.377029,True
-11.54,4,51.381043,False
-10.36,11,51.39062,False
-11.33,7,51.39662,False
22.59,15,51.410921,True
-11.34,8,51.419,False
-11.56,6,51.42404,False
-11.77,2,51.426045,False
20.43,7,51.432734,True
-10.34,9,51.439734,False
20.67,8,51.448267,True
-11.53,3,51.451266,False
-11.52,2,51.452777,False
21.43,7,51.458791,True
-11.76,1,51.459791,False
-11.55,5,51.464332,False
-10.35,10,51.472852,False
-11.54,4,51.476373,False
-10.58,7,51.482373,False
-11.31,6,51.487405,False
-11.54,4,51.490418,False
-11.32,7,51.496477,False
-11.55,5,51.501478,False
-11.32,7,51.507999,False
-11.76,1,51.508999,False
-11.76,1,51.509999,False
-11.79,3,51.512998,False
-11.56,6,51.517519,False
-10.35,9,51.907523,False
-11.54,4,51.911951,False
22.16,9,51.920473,True
-10.35,10,51.930432,False
22.36,13,51.943936,True
20.18,7,51.952487,True
-10.35,9,51.963514,False
21.43,7,51.971525,True
-11.56,6,51.97703,False
-11.55,5,51.981019,False
-11.77,2,51.983019,False
-11.54,4,51.987521,False
-11.35,10,51.998698,False
22.36,14,52.014777,True
-10.35,10,52.026274,False
-11.57,7,52.03439,False
-11.76,1,52.036389,False
20.67,8,52.045321,True
-11.32,6,52.050844,False
-10.57,7,52.057847,False
20.66,9,52.066884,True
-11.32,7,52.07339,False
-10.55,5,52.077895,False
20.67,8,52.085038,True
22.39,11,52.096151,True
-11.54,4,52.10015,False
-11.54,4,52.104684,False
-11.58,7,52.110684,False
-11.54,4,52.114715,False
-10.34,9,52.123229,False
-11.61,11,52.134156,False
-11.52,2,52.13616,False
-11.76,1,52.13716,False
-10.59,9,52.146015,False
-10.37,12,52.156538,False
-10.81,6,52.162127,False
-10.36,11,52.170692,False
-11.33,7,52.177232,False
22.63,12,52.186902,True
-10.33,8,52.194425,False
-11.79,4,52.198421,False
-9.6,10,52.206421,False
-11.36,11,52.215838,False
-11.79,4,52.219358,False
-11.55,5,52.224359,False
22.17,8,52.231415,True
20.68,7,52.237158,True
-11.58,8,52.243679,False
-11.31,6,52.248678,False
-10.37,11,52.2582,False
-11.59,9,52.265098,False
-11.33,8,52.272626,False
-11.54,4,52.27615,False
-11.31,6,52.279936,False
-11.8,5,52.285343,False
-11.8,4,52.288342,False
-11.34,9,52.29578,False
-10.35,10,52.304302,False
-10.33,8,52.310301,False
-10.58,8,52.317603,False
-11.78,3,52.320603,False
21.41,9,52.327127,True
21.4,10,52.336046,True
22.59,15,52.349868,True
-10.8,5,52.354868,False
-11.35,9,52.362717,False
-10.35,9,52.369233,False
-10.34,9,52.376761,False
-10.58,7,52.383164,False
20.68,7,52.388685,True
22.39,11,52.398065,True
-10.57,7,52.403104,False
20.43,7,52.409104,True
-11.76,1,52.410614,False
-10.33,8,52.41701,False
20.43,7,52.423038,True
-10.34,9,52.429667,False
-10.33,8,52.437191,False
-11.31,6,52.442715,False
22.61,14,52.453466,True
-11.56,6,52.458465,False
-11.79,4,52.462324,False
21.43,7,52.46786,True
-11.54,4,52.47086,False
-10.57,7,52.476905,False
-11.58,7,52.483237,False
20.67,8,52.48925,True
-11.78,3,52.491766,False
-11.34,8,52.498654,False
-11.54,4,52.501654,False
22.58,16,52.514571,True
-11.55,4,52.518584,False
-11.56,6,52.524124,False
20.67,8,52.530645,True
22.64,11,52.540166,True
20.67,8,52.546646,True
-11.78,3,52.549685,False
-11.8,5,52.553174,False
-11.33,8,52.559686,False
-11.63,12,52.57067,False
20.19,6,52.5762,True
-11.34,9,52.583334,False
-11.54,4,52.587846,False
-10.36,10,52.596348,False
-11.34,8,52.604411,False
-11.52,2,52.606419,False
-11.76,1,52.607417,False
-11.36,10,52.61636,False
20.67,8,52.624855,True
-11.35,9,52.632771,False
-10.34,9,52.641793,False
22.64,11,52.651793,True
22.57,18,52.669272,True
20.42,7,52.675796,True
-10.34,9,52.68374,False
-11.34,9,52.693288,False
22.54,21,52.712167,True
21.43,7,52.718701,True
-11.31,6,52.7247,False
22.63,12,52.736548,True
-10.35,10,52.74543,False
-10.36,11,52.755976,False
-10.33,8,52.763816,False
22.64,10,52.773337,True
-11.34,9,52.782209,False
-11.33,8,52.789719,False
20.66,8,52.796111,True
-11.78,3,52.799109,False
22.39,11,52.807863,True
-11.79,4,52.81175,False
-11.56,6,52.816946,False
-10.33,8,52.823997,False
22.39,11,52.834211,True
-10.34,9,53.220201,False
-11.31,6,53.227201,False
-11.55,5,53.232723,False
-11.33,7,53.240752,False
-11.54,4,53.245149,False
-10.34,9,53.254685,False
-11.56,6,53.259685,False
22.61,14,53.275267,True
-9.57,7,53.28411,False
-10.35,10,53.294062,False
-10.58,8,53.303126,False
-10.35,9,53.313632,False
22.38,12,53.326149,True
-10.34,9,53.336948,False
-11.34,9,53.347329,False
-10.33,8,53.356833,False
-11.79,4,53.361833,False
-11.32,7,53.369844,False
-11.31,6,53.377349,False
-11.54,4,53.381757,False
-11.32,7,53.38827,False
-11.31,6,53.395266,False
-11.34,9,53.405735,False
-11.78,3,53.408788,False
-11.56,5,53.413193,False
-11.78,3,53.416204,False
-11.33,8,53.423723,False
-11.32,6,53.429976,False
-11.76,1,53.430976,False
-10.6,10,53.440506,False
-10.34,9,53.449333,False
-10.36,11,53.45985,False
20.67,8,53.467197,True
21.4,10,53.476796,True
-11.77,2,53.4788,False
-11.3,5,53.483064,False
-11.55,5,53.488065,False
22.6,15,53.500074,True
-9.47,22,53.51924,False
21.42,8,53.525763,True
-11.78,3,53.527764,False
-11.52,2,53.529157,False
-12.02,2,53.531182,False
-11.37,11,53.540711,False
-10.58,7,53.546773,False
-11.54,4,53.54979,False
-12.02,2,53.55179,False
-11.52,2,53.552789,False
20.43,7,53.559315,True
-10.35,10,53.567238,False
-11.79,3,53.570239,False
21.63,11,53.579164,True
-11.58,8,53.586701,False
22.62,13,53.598286,True
-11.57,6,53.603286,False
-11.52,2,53.604286,False
-10.32,7,53.610813,False
-11.55,4,53.613815,False
-11.54,4,53.617813,False
21.41,9,53.625339,True
20.2,5,53.629675,True
-10.55,5,53.633674,False
21.18,7,53.639419,True
-10.56,6,53.645798,False
-11.56,6,53.650329,False
-11.33,8,53.657834,False
-11.53,3,53.66035,False
-10.55,5,53.664777,False
-11.8,5,53.668783,False
-11.76,1,53.670294,False
-11.55,5,53.674307,False
-11.52,2,53.675311,False
22.36,14,53.687229,True
-11.32,7,53.692756,False
-11.32,6,53.698142,False
-11.57,6,53.703166,False
20.41,9,53.710173,True
-11.32,7,53.716448,False
-11.55,5,53.720446,False
-11.58,7,53.725975,False
-10.57,7,53.732401,False
-11.58,7,53.738085,False
-11.31,6,53.742095,False
-11.31,6,53.746997,False
-11.54,4,53.749997,False
-11.32,7,53.756525,False
-11.32,7,53.761915,False
-11.55,5,53.765463,False
22.63,12,53.775971,True
-10.35,9,53.783678,False
22.64,11,53.793206,True
-10.36,10,53.801485,False
-11.33,8,53.808007,False
-10.37,11,53.817259,False
-10.56,6,53.822263,False
-11.32,7,53.827779,False
22.37,13,53.838065,True
21.41,9,53.845525,True
-11.34,9,53.853071,False
-10.35,9,53.860593,False
-10.32,7,53.866848,False
22.41,9,53.874374,True
-11.32,7,53.879289,False
-11.78,3,53.882813,False
-11.34,9,53.889324,False
-10.59,9,53.897263,False
-10.34,8,53.904314,False
20.64,10,53.912232,True
-11.31,6,53.91723,False
-11.55,5,53.921756,False
-10.34,8,53.929189,False
-11.32,6,53.933733,False
21.4,10,53.942254,True
-10.34,9,53.949654,False
-10.59,9,53.957181,False
20.44,6,53.96118,True
22.64,11,53.970068,True
-10.81,6,53.975591,False
-11.57,6,53.979974,False
-10.33,8,53.987009,False
-10.35,10,53.995531,False
-11.52,2,53.995889,False
-10.56,6,54.001425,False
-9.66,16,54.01493,False
20.65,10,54.023944,True
22.55,19,54.039366,True
-10.34,9,54.047365,False
-9.58,8,54.053353,False
22.55,20,54.070819,True
-10.33,8,54.078325,False
-10.35,10,54.086437,False
-11.31,6,54.091548,False
-9.38,13,54.101794,False
-10.34,9,54.109834,False
-11.78,3,54.111839,False
20.44,6,54.117408,True
-11.52,2,54.119415,False
-11.54,4,54.122938,False
-11.3,5,54.126938,False
-11.55,5,54.13046,False
22.16,9,54.523992,True
-11.77,2,54.525992,False
-11.56,6,54.533078,False
-10.33,8,54.542576,False
-11.57,7,54.549552,False
-10.36,10,54.56106,False
-11.54,4,54.565447,False
-12.02,2,54.567447,False
-10.36,11,54.580755,False
22.4,10,54.591765,True
-11.31,6,54.599649,False
-11.77,2,54.602157,False
20.68,7,54.608661,True
22.39,11,54.620732,True
-11.34,9,54.63052,False
20.68,7,54.639026,True
22.64,11,54.652076,True
-11.33,7,54.660581,False
-11.32,7,54.668086,False
-10.81,6,54.674086,False
-11.33,8,54.683294,False
-10.35,10,54.694806,False
-11.53,3,54.698168,False
-11.29,4,54.702673,False
-10.61,11,54.714584,False
-10.32,7,54.722114,False
-11.55,5,54.72663,False
22.37,13,54.738454,True
22.4,10,54.746781,True
-11.32,7,54.752834,False
-10.61,11,54.761371,False
-11.78,3,54.764633,False
-10.57,7,54.770157,False
22.39,11,54.779076,True
-11.53,3,54.782063,False
-11.32,7,54.788092,False
-10.56,6,54.793107,False
-11.35,10,54.801616,False
-11.79,4,54.804614,False
-11.33,8,54.811672,False
-11.55,4,54.8151,False
-11.33,8,54.821611,False
-11.56,6,54.826611,False
-11.35,9,54.834565,False
-11.57,7,54.840074,False
20.42,8,54.84656,True
21.65,10,54.855082,True
20.18,7,54.861078,True
-11.34,9,54.867989,False
-11.33,8,54.875509,False
-11.55,5,54.879785,False
-11.78,3,54.881779,False
-11.33,7,54.888465,False
-11.55,5,54.891981,False
-11.59,9,54.89974,False
-11.78,3,54.902282,False
-11.33,8,54.909291,False
-11.62,12,54.919227,False
-11.59,8,54.925749,False
-11.33,8,54.932148,False
-11.78,3,54.934672,False
-11.54,4,54.938667,False
20.19,6,54.942667,True
-11.31,6,54.948681,False
22.35,14,54.96095,True
-11.31,6,54.965897,False
-11.33,8,54.972894,False
-11.35,9,54.98084,False
-11.76,1,54.98184,False
-11.54,4,54.98435,False
22.61,14,54.994904,True
-10.57,6,55.001236,False
-11.8,5,55.00525,False
21.66,9,55.013206,True
-11.3,5,55.016206,False
-11.32,7,55.022718,False
21.41,9,55.030553,True
-11.58,8,55.037554,False
-11.36,11,55.047564,False
-10.34,9,55.054159,False
-10.33,8,55.06168,False
-11.8,5,55.0651,False
20.66,9,55.072624,True
-9.57,7,55.079027,False
-11.55,5,55.083578,False
-11.33,8,55.090101,False
21.18,7,55.095784,True
-11.33,7,55.10183,False
-11.34,9,55.10984,False
-10.36,11,55.119231,False
22.62,13,55.129155,True
-11.33,8,55.136676,False
-10.56,6,55.141672,False
22.59,16,55.155113,True
-11.78,3,55.15711,False
-11.32,7,55.162477,False
-10.58,7,55.16902,False
-11.78,2,55.17002,False
-11.79,4,55.175023,False
-10.35,10,55.183543,False
-11.76,1,55.183543,False
-11.33,8,55.191584,False
22.58,17,55.205607,True
-11.32,7,55.211655,False
-11.78,3,55.213768,False
-10.33,8,55.221079,False
20.67,8,55.227587,True
-10.33,8,55.234773,False
-11.56,6,55.240289,False
-10.36,11,55.249211,False
-10.36,11,55.258716,False
21.41,9,55.266187,True
-10.35,10,55.274699,False
-10.33,8,55.281779,False
-10.33,8,55.288091,False
-11.76,1,55.289672,False
-10.57,7,55.29519,False
-12.02,2,55.296287,False
-11.31,6,55.30097,False
-10.35,10,55.309302,False
22.62,12,55.319929,True
-11.78,3,55.322459,False
-11.53,3,55.325105,False
20.43,7,55.331341,True
20.2,5,55.335021,True
-11.33,8,55.341609,False
-11.78,3,55.343626,False
-12.02,2,55.345873,False
-10.32,7,55.351871,False
-10.35,9,55.359389,False
-10.34,9,55.366696,False
-11.79,4,55.3697,False
-10.55,5,55.374227,False
-11.55,5,55.378225,False
-11.55,5,55.382432,False
-11.33,8,55.389485,False
22.65,10,55.396695,True
-10.34,9,55.404734,False
20.66,9,55.412484,True
-11.32,7,55.417532,False
20.44,6,55.422533,True
-10.35,10,55.430478,False
-11.78,3,55.818587,False
22.55,19,55.838427,True
-9.64,14,55.852807,False
-10.37,11,55.865163,False
22.34,15,55.879085,True
-11.32,6,55.886605,False
21.66,9,55.896156,True
-10.59,9,55.906164,False
21.64,11,55.916147,True
-11.78,3,55.919147,False
-10.56,6,55.924649,False
-10.57,6,55.932195,False
-11.56,6,55.937712,False
-10.57,7,55.946732,False
-11.54,4,55.950732,False
20.2,5,55.957237,True
-10.33,8,55.96581,False
-11.56,6,55.97232,False
-11.54,4,55.97632,False
-11.77,2,55.979241,False
20.66,9,55.989251,True
22.64,11,56.002257,True
20.43,7,56.009763,True
22.3,20,56.028745,True
-10.56,6,56.035266,False
-10.34,9,56.042413,False
-10.32,7,56.048645,False
-11.54,4,56.052163,False
21.18,7,56.058166,True
-11.32,7,56.063406,False
22.2,29,56.08665,True
-10.6,10,56.094998,False
21.64,11,56.104037,True
-11.54,4,56.107573,False
-10.35,10,56.116374,False
-10.35,10,56.123373,False
-11.31,6,56.12911,False
-11.54,4,56.132108,False
-11.77,2,56.134108,False
-11.34,9,56.14115,False
22.41,9,56.148679,True
-10.56,6,56.153679,False
-10.33,8,56.160201,False
-11.32,7,56.165913,False
22.6,15,56.177452,True
-11.33,8,56.183644,False
-11.3,5,56.188167,False
22.6,15,56.200458,True
-11.78,3,56.203458,False
21.41,9,56.210979,True
22.36,14,56.222254,True
-10.34,9,56.230106,False
-11.32,6,56.235105,False
-11.34,9,56.244267,False
-10.34,9,56.25179,False
-10.33,8,56.259291,False
22.37,12,56.268848,True
-12.01,1,56.270376,False
-11.35,10,56.278721,False
21.41,9,56.286225,True
-11.55,5,56.290538,False
-11.54,4,56.293723,False
-11.58,8,56.300985,False
-10.33,8,56.308025,False
-10.33,7,56.31384,False
-11.79,4,56.317067,False
-10.56,6,56.321067,False
-11.77,2,56.323583,False
-10.57,7,56.32955,False
-11.57,7,56.33507,False
22.39,11,56.344574,True
-10.36,11,56.352863,False
-10.56,6,56.358387,False
-11.52,2,56.359387,False
-9.56,6,56.365137,False
-11.76,1,56.366135,False
20.44,6,56.371141,True
-11.32,7,56.377156,False
-11.33,8,56.383945,False
-11.37,12,56.393993,False
-10.79,4,56.396917,False
-11.55,5,56.401442,False
22.57,18,56.415689,True
20.67,8,56.422203,True
21.43,7,56.428269,True
-11.31,6,56.434047,False
-10.35,9,56.441572,False
22.52,22,56.459471,True
-11.77,2,56.460479,False
-10.56,6,56.465734,False
21.66,9,56.473247,True
-11.32,7,56.479251,False
-10.36,11,56.487776,False
-11.52,2,56.489775,False
-9.4,15,56.50174,False
21.67,8,56.508731,True
-11.53,3,56.51125,False
-11.31,6,56.516023,False
-11.76,1,56.517025,False
-11.76,1,56.518541,False
-11.33,8,56.52507,False
19.96,4,56.527594,True
-10.35,10,56.536351,False
-11.55,5,56.540352,False
-11.34,8,56.547121,False
22.16,9,56.555192,True
22.61,14,56.566525,True
21.66,9,56.574051,True
-9.82,6,56.579381,False
20.2,5,56.58338,True
22.65,10,56.591146,True
-11.58,8,56.597898,False
-10.33,8,56.60542,False
20.44,6,56.610422,True
-10.34,9,56.617319,False
-11.78,3,56.62032,False
-11.33,7,56.625837,False
21.66,9,56.633169,True
-11.76,1,56.634169,False
20.68,7,56.639691,True
-11.3,5,56.643691,False
-11.33,8,56.649578,False
-11.55,5,56.654574,False
-11.57,7,56.66009,False
-11.52,2,56.66109,False
-11.78,3,56.664317,False
-11.54,4,56.667842,False
-11.55,5,56.671841,False
-11.31,6,56.676834,False
-11.32,7,56.682541,False
-11.34,8,56.689062,False
22.38,12,56.699538,True
-11.8,5,56.703063,False
-10.34,9,56.710063,False
-10.79,4,56.713396,False
-10.35,10,57.108054,False
-11.52,2,57.111559,False
-11.55,5,57.11752,False
-10.33,8,57.126025,False
-11.76,1,57.127025,False
-11.78,3,57.129427,False
22.41,9,57.138439,True
22.38,11,57.151334,True
-11.54,4,57.155838,False
-9.4,15,57.660967,False
-12.02,2,57.662471,False
-11.78,3,57.666009,False
-11.77,2,57.667008,False
-11.33,7,57.67451,False
-11.58,8,57.681877,False
-10.33,8,57.690994,False
21.43,7,57.697508,True
-10.33,8,57.704507,False
-11.56,6,57.710104,False
-11.33,8,57.716989,False
-12.02,2,57.71807,False
-11.55,5,57.723159,False
22.11,14,57.734245,True
-10.32,7,57.740806,False
-10.34,9,57.748252,False
21.17,8,57.755261,True
20.68,7,57.761202,True
-11.8,5,57.765236,False
-10.57,7,57.770751,False
-11.54,4,57.774751,False
-11.32,7,57.780585,False
22.62,13,57.791109,True
-11.58,8,57.79811,False
21.42,8,57.804633,True
-11.76,1,57.805633,False
-11.34,9,57.813562,False
-11.35,9,57.822343,False
21.42,8,57.829343,True
-11.35,9,57.836874,False
-11.33,8,57.843484,False
-12.02,2,57.845483,False
-10.33,8,57.851481,False
-11.31,6,57.857009,False
-11.33,8,57.864083,False
20.2,5,57.868081,True
22.4,10,57.876593,True
-11.57,6,57.881813,False
-11.32,7,57.887336,False
-11.77,2,57.889336,False
-11.33,8,57.895336,False
-11.78,3,57.897567,False
20.65,10,57.906079,True
-10.6,9,57.9133,False
-11.79,4,57.91734,False
-10.32,7,57.922863,False
-10.59,8,57.92859,False
-10.56,6,57.934116,False
-11.54,4,57.937617,False
-10.35,9,57.945952,False
-11.54,4,57.949484,False
-11.57,7,57.954477,False
22.63,12,57.964372,True
-10.56,6,57.969965,False
-10.55,5,57.973957,False
-11.76,1,57.974963,False
22.51,24,57.993789,True
20.67,8,58.001028,True
22.6,14,58.01154,True
-11.77,2,58.013883,False
-10.36,11,58.023217,False
-11.32,7,58.027886,False
22.42,8,58.035165,True
22.62,13,58.045429,True
-11.54,4,58.049091,False
22.63,12,58.058616,True
-11.32,7,58.064843,False
21.66,9,58.071366,True
-10.34,9,58.078366,False
21.42,8,58.085584,True
-10.57,7,58.091109,False
-10.81,6,58.09632,False
-10.36,11,58.105359,False
-11.78,3,58.107359,False
-12.03,3,58.109873,False
-10.57,7,58.116085,False
-11.33,7,58.121136,False
-11.78,3,58.124141,False
22.31,44,58.157634,True
-11.8,5,58.161144,False
-10.33,8,58.16835,False
-10.81,6,58.173877,False
21.4,10,58.182073,True
-9.81,6,58.18659,False
21.65,10,58.196329,True
22.6,14,58.208755,True
20.2,5,58.213352,True
-10.59,9,58.220396,False
-10.32,7,58.226919,False
21.65,10,58.234556,True
20.65,10,58.243601,True
21.42,8,58.251137,True
21.43,7,58.257135,True
-10.34,9,58.265079,False
-10.82,7,58.270603,False
20.44,6,58.275602,True
-11.58,8,58.282958,False
-10.6,9,58.289957,False
-11.78,3,58.29248,False
-11.57,7,58.299247,False
-11.3,5,58.303763,False
22.61,14,58.315002,True
22.4,10,58.32206,True
-11.53,3,58.32522,False
-11.33,8,58.332486,False
-11.78,3,58.334009,False
22.38,12,58.345046,True
20.19,6,58.350312,True
-11.53,3,58.353312,False
-11.76,1,58.35383,False
-11.32,7,58.360828,False
22.4,10,58.368689,True
-10.79,4,58.372694,False
20.43,7,58.378211,True
22.38,12,58.387738,True
-11.32,7,58.393737,False
-11.76,1,58.395248,False
-10.31,6,58.399787,False
-10.56,6,58.404792,False
-10.35,10,58.412535,False
22.62,13,58.424116,True
-11.31,6,58.428881,False
-11.55,5,58.432877,False
-11.54,4,58.437387,False
-10.58,8,58.444701,False
-9.64,14,58.455788,False
-11.76,1,58.456788,False
-11.54,4,58.459787,False
-11.8,5,58.464553,False
-10.33,8,58.470553,False
22.4,10,58.887037,True
21.37,13,58.901049,True
-11.8,5,58.907555,False
21.65,10,58.91706,True
-10.32,7,58.924623,False
-11.54,4,58.928083,False
-11.55,5,58.933609,False
-11.79,4,58.937133,False
-11.54,4,58.942137,False
22.33,17,58.961545,True
22.41,9,58.969569,True
-11.35,9,58.980469,False
21.43,7,58.988973,True
-10.33,8,58.997866,False
-11.55,5,59.00437,False
-11.34,9,59.0148,False
-11.57,7,59.023306,False
-11.78,3,59.026811,False
-10.79,4,59.030731,False
-11.36,11,59.043795,False
-10.57,7,59.051779,False
20.43,7,59.060281,True
-11.56,6,59.066876,False
-11.76,1,59.067876,False
-12.02,2,59.070378,False
-11.76,1,59.07238,False
20.19,6,59.078387,True
-11.77,2,59.080689,False
-10.79,4,59.084211,False
-10.56,6,59.090211,False
-10.36,11,59.09906,False
-11.77,2,59.101585,False
-10.55,5,59.106106,False
-10.33,8,59.113045,False
-9.39,14,59.12463,False
20.66,9,59.13221,True
-10.35,10,59.140272,False
21.64,11,59.149698,True
-11.82,7,59.155216,False
-12.02,2,59.157221,False
-10.38,12,59.166955,False
-11.78,3,59.169954,False
22.41,9,59.17748,True
-10.32,7,59.182681,False
-10.6,9,59.190203,False
-9.64,14,59.201952,False
-11.53,3,59.204947,False
22.38,12,59.214265,True
-10.32,7,59.22079,False
-10.59,9,59.227825,False
-10.56,6,59.233045,False
22.63,12,59.24325,True
-11.77,2,59.244251,False
-10.57,7,59.251014,False
21.65,9,59.258531,True
-11.55,5,59.262771,False
-11.77,2,59.26477,False
20.67,8,59.271296,True
-10.58,8,59.277296,False
-9.56,6,59.282248,False
-10.32,7,59.288347,False
22.58,17,59.303058,True
-10.79,4,59.306202,False
-9.4,15,59.318778,False
-12.03,3,59.321778,False
-11.79,4,59.324305,False
22.41,9,59.331907,True
-11.32,7,59.337943,False
-10.34,9,59.345887,False
-9.62,12,59.355397,False
-10.32,7,59.361411,False
-11.33,8,59.368149,False
-11.32,7,59.374155,False
-11.54,4,59.377678,False
-9.36,11,59.386401,False
-10.56,6,59.391415,False
-11.35,10,59.399154,False
-9.6,10,59.409184,False
-11.34,9,59.416189,False
-11.78,3,59.4187,False
21.18,7,59.425236,True
20.68,7,59.431008,True
-10.33,8,59.438008,False
-10.38,12,59.448302,False
21.42,8,59.454827,True
-11.82,7,59.461334,False
-10.34,8,59.468076,False
-10.33,8,59.474585,False
-11.76,1,59.475592,False
21.42,8,59.482377,True
-11.33,8,59.489375,False
20.19,6,59.493897,True
-11.33,8,59.500113,False
22.39,11,59.509171,True
-10.32,7,59.515392,False
-10.57,7,59.520918,False
-11.55,5,59.525475,False
-11.3,5,59.529675,False
-10.57,7,59.536209,False
22.6,15,59.548548,True
-11.31,6,59.553074,False
-11.78,3,59.555595,False
-11.78,3,59.558587,False
-11.31,6,59.562872,False
-11.53,3,59.565398,False
-10.34,9,59.573398,False
-11.76,1,59.573398,False
-10.37,12,59.58419,False
22.6,15,59.596458,True
-10.32,7,59.602473,False
-10.35,10,59.610525,False
-11.56,6,59.61574,False
-11.54,4,59.618266,False
22.63,12,59.627788,True
21.41,9,59.635993,True
20.66,9,59.643522,True
-10.32,7,59.648773,False
22.39,11,59.657787,True
22.57,17,59.672026,True
-10.31,6,59.67703,False
-11.53,3,59.679392,False
-11.32,7,59.685919,False
-10.33,8,59.692444,False
-11.33,7,59.697715,False
20.44,6,59.702742,True
-11.04,4,59.706756,False
-9.37,12,59.716496,False
22.63,12,59.726545,True
-11.76,1,59.727541,False
-10.57,7,59.734283,False
-11.53,3,59.736282,False
-11.3,5,59.740282,False
-10.33,8,59.747589,False
-10.58,8,59.754089,False
-11.37,11,59.763412,False
-11.76,1,59.764411,False
-11.52,2,59.76594,False
-11.52,2,59.76794,False
22.37,13,59.778456,True
-9.57,7,59.783567,False
-11.78,3,59.786094,False
-10.58,7,60.174052,False
20.68,7,60.18151,True
-10.6,10,60.191016,False
-11.35,10,60.201213,False
-10.35,10,60.210225,False
-10.35,10,60.220109,False
-11.33,8,60.227932,False
-10.35,9,60.237948,False
-10.55,5,60.243951,False
20.42,8,60.252362,True
-10.58,8,60.262311,False
-11.79,4,60.266321,False
22.62,13,60.278951,True
-10.57,7,60.287453,False
22.37,13,60.302553,True
-11.76,1,60.303553,False
-11.53,3,60.30706,False
-10.33,8,60.316569,False
-11.76,1,60.317572,False
22.63,12,60.330964,True
22.61,14,60.347013,True
-11.32,7,60.355022,False
-10.34,9,60.366414,False
-11.56,6,60.372078,False
-11.32,7,60.378545,False
-10.58,8,60.386239,False
-11.33,8,60.393766,False
-11.54,4,60.398018,False
21.19,6,60.403519,True
20.67,8,60.410031,True
-10.33,8,60.416878,False
22.33,17,60.429644,True
20.68,7,60.435819,True
-11.56,6,60.440819,False
-11.56,6,60.44608,False
-10.35,10,60.454073,False
-10.36,11,60.463864,False
-11.31,6,60.46824,False
20.44,6,60.473237,True
-10.34,9,60.480757,False
21.4,10,60.490269,True
-11.54,4,60.493349,False
20.44,6,60.498773,True
-10.36,11,60.507307,False
-11.32,7,60.51386,False
22.58,17,60.526904,True
-10.59,9,60.534654,False
-11.54,4,60.537655,False
20.44,6,60.543183,True
-11.32,7,60.548395,False
-10.59,8,60.555477,False
-10.33,8,60.562624,False
-10.34,9,60.570126,False
22.41,9,60.57714,True
-10.35,10,60.585957,False
-10.33,8,60.592464,False
20.44,6,60.597869,True
-11.53,3,60.599868,False
21.43,7,60.605894,True
20.68,7,60.611953,True
-10.34,9,60.619969,False
20.2,5,60.624478,True
-11.54,4,60.628009,False
-10.58,8,60.635399,False
-11.76,1,60.635399,False
-11.32,7,60.641398,False
-11.33,7,60.647459,False
-11.55,5,60.652385,False
-11.58,8,60.658897,False
-11.33,8,60.665896,False
-10.34,9,60.672891,False
-11.33,8,60.680864,False
20.67,8,60.68809,True
-10.57,7,60.694089,False
-11.31,6,60.699143,False
-11.52,2,60.700143,False
-11.34,9,60.707669,False
20.2,5,60.712092,True
22.61,14,60.724102,True
21.42,8,60.73046,True
-10.31,6,60.735383,False
22.64,11,60.745329,True
-10.34,8,60.751102,False
-10.33,8,60.757779,False
-10.55,5,60.761801,False
-10.34,9,60.76934,False
22.5,25,60.78982,True
-11.58,8,60.797081,False
-10.36,11,60.805627,False
-11.54,4,60.809142,False
-11.34,9,60.817662,False
-11.34,8,60.824733,False
-11.54,4,60.82772,False
-11.33,8,60.834548,False
21.66,9,60.842059,True
20.42,7,60.847841,True
-11.57,7,60.85438,False
-10.38,13,60.864735,False
22.64,11,60.874243,True
20.43,7,60.879768,True
21.18,7,60.88609,True
-10.33,8,60.89309,False
22.62,13,60.903397,True
-11.32,7,60.909442,False
21.43,7,60.915369,True
20.42,7,60.921372,True
-10.33,8,60.927894,False
-11.31,6,60.932608,False
-10.35,9,60.940624,False
-11.33,8,60.947098,False
-11.52,2,60.949098,False
21.65,10,60.956603,True
-11.56,5,60.96061,False
-11.31,6,60.965244,False
-10.57,7,60.971924,False
-11.56,6,60.977484,False
-11.55,5,60.981068,False
22.39,11,60.990593,True
-11.76,1,60.991593,False
20.44,6,60.996597,True
-11.33,8,61.003125,False
-11.53,3,61.006124,False
-10.58,8,61.012157,False
-12.01,1,61.013155,False
20.18,7,61.019156,True
-11.56,6,61.023678,False
-10.59,9,61.030705,False
-10.57,7,61.036719,False
-10.57,7,61.04324,False
-11.33,7,61.049472,False
20.67,8,61.055996,True
-11.53,3,61.058992,False
22.52,23,61.0768,True
-10.32,7,61.464772,False
-11.55,5,61.471278,False
-10.32,7,61.478791,False
-11.06,6,61.486308,False
-10.6,10,61.495279,False
-10.57,7,61.50381,False
-10.57,7,61.512404,False
-11.32,7,61.520424,False
20.44,6,61.52792,True
-11.54,4,61.53295,False
21.65,10,61.544598,True
-10.79,4,61.548597,False
20.67,8,61.556606,True
21.64,11,61.568112,True
-11.52,2,61.569112,False
22.63,12,61.58119,True
22.57,17,61.597144,True
20.44,6,61.603144,True
-11.55,5,61.607648,False
-9.61,11,61.619234,False
21.42,8,61.62774,True
-11.57,6,61.632648,False
20.68,7,61.640155,True
22.4,10,61.651705,True
20.2,5,61.657705,True
22.6,15,61.671118,True
22.38,12,61.681893,True
-11.54,4,61.685912,False
-10.33,8,61.692426,False
-10.57,7,61.69765,False
-11.55,5,61.70216,False
-11.56,6,61.707161,False
-11.76,1,61.708161,False
-10.56,6,61.7135,False
-11.3,5,61.718499,False
-11.31,6,61.723034,False
21.15,10,61.730792,True
-10.34,9,61.738928,False
-10.58,8,61.745673,False
21.41,9,61.753181,True
22.15,10,61.76072,True
-11.52,2,61.76194,False
-11.32,7,61.768466,False
22.41,9,61.775992,True
-10.58,8,61.783199,False
-9.56,6,61.787731,False
-11.77,2,61.789732,False
-10.34,9,61.797123,False
-11.8,5,61.801119,False
21.17,8,61.80765,True
20.66,9,61.815492,True
-11.54,4,61.818016,False
-11.34,9,61.826441,False
-11.53,3,61.829219,False
-11.6,9,61.836257,False
-11.31,6,61.842256,False
22.62,13,61.852678,True
-11.77,2,61.854677,False
-10.35,10,61.862566,False
22.64,11,61.87109,True
21.42,8,61.878128,True
-11.79,4,61.88215,False
22.33,17,61.895256,True
21.43,7,61.900817,True
-10.55,5,61.905818,False
-10.35,10,61.914446,False
-11.31,6,61.918958,False
-11.35,10,61.926972,False
-11.59,9,61.934886,False
22.37,12,61.945282,True
-11.57,7,61.950974,False
-11.3,5,61.95498,False
21.66,9,61.963494,True
-11.76,1,61.963494,False
22.4,10,61.971925,True
-11.76,1,61.972931,False
-11.78,3,61.975932,False
-9.4,15,61.98805,False
20.44,6,61.993562,True
21.43,7,62.000017,True
-11.32,7,62.005528,False
-10.79,4,62.008528,False
-9.85,10,62.017517,False
21.67,8,62.024022,True
-11.56,6,62.029483,False
-11.35,9,62.037492,False
-11.32,7,62.042492,False
21.43,7,62.048392,True
22.64,11,62.057915,True
-11.54,4,62.061357,False
-11.79,4,62.064373,False
-12.02,2,62.066917,False
21.66,9,62.074913,True
-11.55,5,62.078441,False
-10.57,6,62.083439,False
22.41,9,62.090957,True
-9.56,6,62.097465,False
-11.55,5,62.101472,False
-11.52,2,62.103472,False
20.68,7,62.108984,True
-10.6,9,62.116899,False
21.42,8,62.124411,True
-11.55,5,62.12785,False
-11.33,8,62.134621,False
-11.78,3,62.137708,False
-11.31,6,62.142305,False
20.44,6,62.147832,True
-10.57,7,62.15351,False
20.44,6,62.158429,True
21.43,7,62.164462,True
-11.3,5,62.168463,False
21.19,6,62.174135,True
-10.34,9,62.181218,False
22.58,17,62.195128,True
20.44,6,62.200148,True
-11.55,5,62.204371,False
-11.34,9,62.212337,False
-11.8,5,62.21589,False
21.66,9,62.223391,True
-10.33,8,62.229942,False
-11.77,2,62.231935,False
20.43,7,62.238178,True
-10.35,9,62.245508,False
-11.35,9,62.253499,False
22.62,13,62.264028,True
20.2,5,62.268515,True
20.67,8,62.274445,True
20.64,10,62.283377,True
-12.02,2,62.285184,False
22.61,13,62.29578,True
20.67,8,62.302305,True
-11.52,2,62.304304,False
-11.77,2,62.305304,False
-11.29,4,62.308828,False
22.64,11,62.318268,True
-11.33,8,62.325272,False
-11.32,7,62.330175,False
-11.33,8,62.337237,False
-10.58,8,62.343627,False
21.43,7,62.349396,True
20.44,6,62.35441,True
-11.33,8,62.36214,False
22.49,26,62.760943,True
-10.55,5,62.766956,False
20.44,6,62.77246,True
-10.32,7,62.779865,False
-10.35,10,62.789366,False
-9.8,5,62.794945,False
22.62,13,62.809982,True
-10.34,8,62.818987,False
22.62,13,62.833539,True
-11.33,8,62.841558,False
-11.57,7,62.847789,False
-11.76,1,62.848789,False
-10.57,7,62.856295,False
21.67,8,62.864331,True
-11.32,7,62.872835,False
-11.52,2,62.874888,False
-10.55,5,62.88151,False
-11.55,5,62.887036,False
20.19,6,62.893541,True
-11.54,4,62.898112,False
20.43,7,62.905625,True
-11.76,1,62.906625,False
-11.78,3,62.909625,False
20.43,7,62.91609,True
-11.77,2,62.91809,False
-11.55,5,62.923091,False
-10.35,9,62.931624,False
-11.76,1,62.932624,False
-11.32,7,62.939459,False
-11.76,1,62.940449,False
22.65,10,62.948997,True
-11.32,7,62.95493,False
-10.33,8,62.962689,False
22.61,14,62.974092,True
-10.32,7,62.979848,False
-11.55,5,62.983851,False
20.68,7,62.989375,True
-10.6,10,62.997622,False
22.63,12,63.008419,True
-10.57,7,63.013646,False
-11.79,4,63.017166,False
21.67,8,63.023688,True
-11.57,6,63.028898,False
-11.77,2,63.030913,False
-11.78,3,63.032913,False
-11.78,3,63.035913,False
-11.58,8,63.042457,False
-11.55,5,63.046749,False
-10.57,7,63.052272,False
21.65,10,63.060779,True
22.4,10,63.067971,True
-10.55,5,63.072499,False
21.66,9,63.079744,True
-11.78,3,63.082268,False
20.2,5,63.087268,True
-11.79,4,63.090267,False
22.64,11,63.09999,True
-11.31,6,63.104518,False
-11.54,4,63.107524,False
22.63,12,63.117767,True
-10.32,7,63.124062,False
22.65,10,63.13258,True
20.68,7,63.138648,True
22.41,9,63.146176,True
-11.78,3,63.148176,False
-11.54,4,63.152175,False
-11.34,9,63.159701,False
22.64,11,63.168123,True
-10.36,11,63.177629,False
20.68,7,63.184447,True
-11.54,4,63.188667,False
-11.34,9,63.196595,False
22.38,12,63.206595,True
22.61,14,63.217618,True
-10.34,9,63.225622,False
-11.76,1,63.225622,False
-11.55,5,63.229974,False
-11.76,1,63.230973,False
-11.31,6,63.235602,False
-10.36,11,63.244662,False
-11.79,4,63.248387,False
-10.35,10,63.256401,False
21.42,8,63.263133,True
-10.61,11,63.271656,False
22.28,22,63.288384,True
21.4,10,63.297138,True
-11.56,6,63.302661,False
-11.8,5,63.306661,False
-11.76,1,63.307661,False
-11.78,3,63.309661,False
-11.33,8,63.316583,False
-11.3,5,63.319597,False
-11.56,6,63.325123,False
21.66,9,63.332699,True
-11.77,2,63.334698,False
22.4,10,63.342289,True
22.35,15,63.354575,True
-11.31,6,63.359575,False
-11.52,2,63.360574,False
-10.6,10,63.369298,False
22.64,11,63.377985,True
-9.38,13,63.38975,False
20.68,7,63.39554,True
21.41,9,63.402532,True
-11.8,5,63.408054,False
22.65,10,63.415847,True
20.68,7,63.421987,True
21.64,10,63.429247,True
-11.56,6,63.434932,False
20.44,6,63.439702,True
-11.78,3,63.442705,False
22.65,10,63.450777,True
-11.79,4,63.453781,False
-11.33,8,63.461698,False
20.43,7,63.468236,True
20.44,6,63.473236,True
20.44,6,63.47806,True
-11.55,5,63.483079,False
21.43,7,63.488592,True
-10.57,7,63.494592,False
21.43,7,63.500597,True
-9.85,10,63.509271,False
-10.57,7,63.51548,False
-11.33,7,63.520991,False
21.41,8,63.527991,True
-11.34,9,63.535441,False
-11.52,2,63.536445,False
-11.3,5,63.540706,False
-12.02,2,63.542704,False
-11.54,4,63.546685,False
22.63,12,63.555981,True
-10.31,6,63.560644,False
-11.57,7,63.566853,False
22.41,9,63.57438,True
22.4,10,63.582117,True
-11.31,6,63.587116,False
-10.32,7,64.022183,False
-10.35,10,64.031819,False
-10.8,5,64.03582,False
20.43,7,64.041836,True
20.43,7,64.048063,True
22.55,20,64.064172,True
22.14,11,64.448822,True
22.22,28,64.478053,True
22.38,11,64.488091,True
20.44,6,64.494091,True
-9.83,8,64.50218,False
-11.78,3,64.50618,False
20.43,7,64.514323,True
21.43,7,64.522332,True
-11.56,6,64.529492,False
-11.32,7,64.536495,False
-11.56,6,64.542501,False
22.36,14,64.558208,True
-10.33,8,64.568163,False
-10.56,6,64.57467,False
-11.32,7,64.583721,False
21.42,8,64.591721,True
22.61,14,64.606022,True
20.68,7,64.612535,True
20.43,7,64.619539,True
-10.55,5,64.625548,False
-11.54,4,64.630102,False
20.44,6,64.636606,True
22.42,8,64.643869,True
-10.32,7,64.651489,False
-10.33,8,64.658741,False
21.43,7,64.665145,True
-12.02,2,64.667239,False
-11.76,1,64.668246,False
-11.31,6,64.674247,False
-10.57,7,64.681201,False
21.42,8,64.689337,True
21.43,7,64.696744,True
-10.34,9,64.707261,False
20.68,7,64.714528,True
22.37,13,64.726558,True
-11.53,3,64.729067,False
-11.56,6,64.733939,False
-10.32,7,64.739449,False
21.42,8,64.746859,True
-11.53,3,64.75001,False
20.2,5,64.754009,True
-11.55,5,64.75901,False
-11.53,3,64.7609,False
-9.63,13,64.772448,False
22.64,11,64.781286,True
21.65,10,64.789301,True
22.38,12,64.79921,True
-10.07,7,64.804733,False
-11.33,8,64.812123,False
-10.33,8,64.818636,False
-10.33,8,64.826314,False
21.43,7,64.831869,True
-11.52,2,64.83345,False
-11.54,4,64.836539,False
21.42,8,64.843969,True
22.39,11,64.852945,True
21.42,8,64.859311,True
-10.33,8,64.866362,False
22.63,12,64.876105,True
-11.54,3,64.879484,False
-11.31,6,64.883487,False
-10.59,9,64.892076,False
22.59,16,64.906465,True
-11.32,7,64.912166,False
-11.32,7,64.917939,False
-10.6,10,64.926372,False
-11.31,6,64.931918,False
22.37,13,64.943271,True
-11.59,9,64.951053,False
-11.31,6,64.955722,False
-10.79,4,64.959248,False
-11.55,4,64.962508,False
-10.35,10,64.971019,False
20.43,7,64.977019,True
22.36,14,64.988333,True
-11.76,1,64.989839,False
21.66,9,64.997848,True
-11.33,8,65.004359,False
-11.54,4,65.007359,False
-11.31,6,65.012213,False
20.68,7,65.018216,True
-11.32,7,65.023979,False
-10.35,9,65.031479,False
-10.34,9,65.039485,False
-11.31,6,65.043997,False
-11.55,5,65.048323,False
21.67,8,65.054848,True
21.66,9,65.063033,True
-11.54,4,65.066556,False
-11.54,4,65.069556,False
-10.33,8,65.076069,False
-10.57,7,65.082365,False
-10.32,7,65.08789,False
-11.33,8,65.094698,False
-11.76,1,65.095678,False
-9.61,11,65.105184,False
-11.77,2,65.107191,False
-11.33,8,65.113489,False
-10.33,8,65.120011,False
20.2,5,65.124519,True
-10.58,8,65.132338,False
-11.31,6,65.136843,False
-10.33,8,65.143848,False
-11.33,8,65.151572,False
20.67,8,65.158077,True
22.59,16,65.170973,True
-10.34,9,65.178483,False
-11.78,3,65.18141,False
-11.32,7,65.18741,False
-10.32,7,65.193922,False
-11.55,5,65.19822,False
20.44,6,65.203732,True
20.42,8,65.210235,True
-11.78,3,65.212459,False
-11.56,6,65.218453,False
-10.85,10,65.226477,False
22.64,11,65.236383,True
-10.33,8,65.243895,False
-11.33,8,65.250408,False
21.42,8,65.25692,True
21.43,7,65.263268,True
-11.32,7,65.269274,False
21.42,8,65.275786,True
-11.54,4,65.280094,False
-10.6,10,65.289396,False
-11.79,4,65.292824,False
-10.57,7,65.29886,False
21.43,7,65.30486,True
-10.32,7,65.311202,False
-11.78,3,65.313651,False
-10.32,7,65.319173,False
-11.56,6,65.3247,False
20.43,7,65.32919,True
-11.78,3,65.332927,False
-11.34,9,65.340457,False
-11.57,7,65.345741,False
-10.58,8,65.3538,False
22.39,11,65.36332,True
-11.76,1,65.36332,False
-10.59,9,65.734557,False
-9.43,17,65.752196,False
-10.35,10,65.762243,False
-10.56,6,65.769481,False
-10.56,6,65.776994,False
-12.02,2,65.778994,False
-11.56,6,65.785492,False
-10.33,8,65.793496,False
-11.33,8,65.801004,False
-10.56,6,65.807297,False
-11.52,2,65.808938,False
-10.33,8,65.816435,False
22.62,13,65.829278,True
-11.31,6,65.836278,False
20.43,7,65.844783,True
-10.55,5,65.849728,False
22.39,11,65.860752,True
20.67,8,65.868397,True
22.62,13,65.881959,True
-10.33,8,65.889395,False
-11.31,6,65.895708,False
-11.33,8,65.904228,False
-10.6,10,65.915276,False
-11.55,5,65.92078,False
-10.57,7,65.92873,False
-11.54,4,65.932249,False
-10.33,8,65.939895,False
-11.78,3,65.943416,False
21.66,9,65.95196,True
-11.56,6,65.957115,False
21.42,8,65.963909,True
-9.61,11,65.973578,False
-11.33,8,65.980288,False
-11.54,4,65.9848,False
20.44,6,65.9898,True
22.38,11,65.998926,True
-11.76,1,66.000005,False
-10.31,6,66.00546,False
-11.56,6,66.010458,False
-10.33,7,66.016322,False
-11.32,7,66.022321,False
20.43,7,66.028652,True
-11.33,8,66.035508,False
-11.32,7,66.040522,False
-11.31,6,66.046005,False
-10.55,5,66.050015,False
-10.33,8,66.057059,False
-11.34,9,66.065045,False
-11.55,5,66.069569,False
-11.79,4,66.07257,False
20.67,8,66.078884,True
-12.01,1,66.079883,False
-11.53,3,66.082882,False
-11.55,5,66.086882,False
-9.61,11,66.096036,False
20.44,6,66.100565,True
20.43,7,66.107561,True
21.42,8,66.114468,True
-10.32,7,66.119995,False
20.43,7,66.12599,True
-10.6,10,66.134434,False
-11.33,8,66.141489,False
-10.36,11,66.150277,False
20.43,7,66.156815,True
-11.56,5,66.160816,False
-11.56,6,66.166065,False
20.44,6,66.1713,True
-10.55,5,66.175315,False
-11.29,4,66.178604,False
-9.6,10,66.186795,False
-10.56,6,66.192324,False
-11.78,3,66.194641,False
21.43,7,66.200664,True
-10.57,7,66.20719,False
-10.34,9,66.215004,False
21.17,8,66.221004,True
21.43,7,66.227538,True
-10.34,9,66.235647,False
-10.58,8,66.241648,False
-10.56,6,66.247133,False
-11.53,3,66.250132,False
-10.33,8,66.256186,False
21.67,8,66.263502,True
-11.58,8,66.270027,False
-9.64,13,66.280761,False
-10.57,7,66.286761,False
-10.34,9,66.29525,False
-10.35,10,66.303751,False
20.43,7,66.30899,True
-11.78,3,66.31199,False
-11.56,6,66.316988,False
-11.76,1,66.317988,False
-11.77,2,66.319513,False
21.42,8,66.326512,True
-9.56,6,66.331082,False
22.38,12,66.341261,True
21.64,10,66.350065,True
-11.3,5,66.353589,False
21.42,8,66.360108,True
22.38,12,66.370513,True
-11.57,7,66.376521,False
-10.32,7,66.382276,False
21.64,11,66.391458,True
-10.33,8,66.397877,False
20.43,7,66.40421,True
22.63,12,66.414069,True
-11.54,4,66.417086,False
22.63,12,66.427661,True
-11.78,3,66.430205,False
-11.76,1,66.431205,False
20.2,5,66.434738,True
22.35,15,66.446966,True
22.37,13,66.457032,True
-11.58,8,66.463945,False
-11.52,2,66.465956,False
-11.76,1,66.466956,False
-10.55,5,66.470956,False
-11.31,6,66.475481,False
21.65,10,66.484228,True
-9.39,14,66.496233,False
-11.78,3,66.498232,False
21.18,7,66.504231,True
22.63,12,66.514066,True
-11.78,3,66.516593,False
-11.53,3,66.519592,False
21.42,8,66.526103,True
-11.55,5,66.529699,False
-11.31,6,66.534695,False
20.67,8,66.541219,True
-10.34,9,66.548975,False
20.42,8,66.555702,True
-11.78,3,66.55828,False
22.41,9,66.566077,True
-10.33,8,66.571603,False
22.62,13,66.582349,True
21.17,8,66.589867,True
-11.52,2,66.590867,False
-10.55,5,66.594867,False
-11.54,4,66.598628,False
-11.54,4,66.602643,False
22.64,11,66.612602,True
-10.57,7,66.618601,False
-10.58,8,66.626124,False
22.63,12,66.639731,True
-10.57,7,67.042227,False
21.4,10,67.05366,True
-11.52,2,67.056164,False
-10.82,7,67.06411,False
-10.34,9,67.073122,False
-11.32,7,67.079367,False
20.67,8,67.086874,True
-11.78,3,67.089873,False
-11.79,4,67.094895,False
-10.79,4,67.099913,False
-10.33,8,67.108418,False
-11.56,6,67.114156,False
20.42,8,67.12258,True
20.43,7,67.12913,True
-10.35,9,67.139142,False
20.68,7,67.147646,True
20.43,7,67.155659,True
-10.56,5,67.161201,False
-11.78,3,67.16472,False
22.38,12,67.178828,True
-11.56,6,67.18633,False
-10.56,6,67.192332,False
-10.34,8,67.201433,False
-11.32,7,67.208937,False
21.66,9,67.219993,True
-11.57,7,67.227984,False
-11.54,4,67.233055,False
-10.32,7,67.239585,False
-10.81,6,67.245915,False
-11.33,8,67.253439,False
-10.81,6,67.258999,False
-11.57,7,67.26427,False
-11.52,2,67.26627,False
-10.57,7,67.272328,False
20.44,6,67.277324,True
-10.58,8,67.283303,False
-11.32,7,67.289826,False
-10.34,9,67.309952,False
21.43,7,67.318587,True
22.4,9,67.327183,True
-10.58,8,67.33589,False
-11.78,3,67.338904,False
-10.34,9,67.346401,False
-10.34,9,67.354433,False
-11.78,3,67.357621,False
21.4,10,67.367153,True
-11.55,5,67.371154,False
-10.58,8,67.378672,False
20.67,8,67.385194,True
22.64,11,67.394321,True
-10.57,7,67.401083,False
20.68,7,67.406006,True
-11.54,4,67.410518,False
-11.32,7,67.415945,False
-10.35,10,67.424459,False
-11.32,7,67.430567,False
-10.58,8,67.436673,False
-11.78,3,67.439178,False
-11.57,7,67.44512,False
22.34,16,67.458236,True
-11.54,4,67.462274,False
-11.76,1,67.46328,False
-11.34,9,67.471305,False
-11.78,3,67.473305,False
22.62,13,67.484595,True
-10.34,9,67.493121,False
-10.34,9,67.500587,False
-11.53,3,67.503093,False
-10.33,8,67.5091,False
-10.55,5,67.514019,False
-10.32,7,67.52003,False
-10.34,9,67.527559,False
22.64,11,67.536862,True
20.43,7,67.542862,True
22.39,11,67.551787,True
-11.54,4,67.555321,False
20.68,7,67.562216,True
-11.32,7,67.567898,False
-10.57,7,67.573496,False
-11.54,4,67.577018,False
-10.58,8,67.583292,False
22.64,11,67.592813,True
-10.81,6,67.597569,False
22.64,11,67.605567,True
-11.77,2,67.608097,False
-11.3,5,67.612345,False
-10.32,7,67.617865,False
-10.32,7,67.623869,False
20.19,6,67.627869,True
-11.56,6,67.633588,False
-10.8,5,67.637603,False
-11.56,6,67.643131,False
-11.56,6,67.647849,False
22.11,14,67.659433,True
-11.56,6,67.664655,False
-11.54,4,67.667655,False
21.42,8,67.674183,True
21.43,7,67.679924,True
-11.78,3,67.682939,False
20.19,6,67.687939,True
21.41,9,67.695666,True
22.4,10,67.703191,True
22.41,9,67.710191,True
-10.34,9,67.718411,False
-11.54,4,67.720411,False
-10.32,7,67.726938,False
22.14,11,67.736696,True
-10.58,8,67.743216,False
-11.32,7,67.748422,False
-11.8,5,67.752934,False
-10.57,7,67.758991,False
-11.31,6,67.763753,False
-11.31,6,67.768757,False
-10.32,7,67.774801,False
-10.58,8,67.78114,False
-10.32,7,67.787654,False
-10.34,9,67.795177,False
-11.55,5,67.799187,False
-11.79,4,67.802187,False
22.65,10,67.811098,True
-11.31,6,67.815628,False
-11.54,4,67.819642,False
-11.55,5,67.823642,False
22.63,12,67.832551,True
21.42,8,67.839621,True
-10.57,7,67.845654,False
-10.79,4,67.84916,False
-10.57,7,67.854691,False
20.44,6,67.859221,True
-11.54,4,67.863445,False
-11.78,3,67.865444,False
-11.32,7,67.871593,False
20.44,6,67.876003,True
20.42,8,67.882956,True
22.61,14,67.895168,True
-11.32,7,67.901681,False
20.44,6,67.906681,True
-10.32,7,67.912193,False
-9.8,5,67.916193,False
-10.57,7,67.922933,False
20.43,7,67.929124,True
21.65,10,67.937161,True
21.42,8,67.945054,True
-11.56,6,67.949608,False
-11.31,6,67.95512,False
-11.55,5,67.959633,False
21.41,9,67.967561,True
22.62,13,68.361636,True
-11.56,6,68.367636,False
-11.76,1,68.369139,False
-11.33,8,68.376141,False
-10.58,8,68.38409,False
20.2,5,68.390089,True
21.41,9,68.399152,True
-10.55,5,68.404658,False
-11.54,4,68.408657,False
-11.78,3,68.412632,False
-11.54,4,68.417624,False
-10.55,5,68.42413,False
21.66,9,68.433635,True
-10.35,9,68.442661,False
21.18,7,68.449669,True
20.44,6,68.456206,True
-10.34,9,68.467781,False
-11.32,7,68.4753,False
20.2,5,68.47967,True
21.41,9,68.488176,True
-11.32,6,68.494175,False
-11.34,9,68.504007,False
-10.8,5,68.509511,False
20.68,7,68.516991,True
-11.33,8,68.52703,False
-10.33,8,68.53659,False
20.44,6,68.5416,True
-11.54,4,68.546287,False
-10.33,8,68.5548,False
-10.56,6,68.559868,False
-11.55,5,68.565855,False
-10.82,7,68.571892,False
-11.78,3,68.574904,False
21.66,9,68.582776,True
-11.33,8,68.589287,False
-11.76,1,68.590302,False
-11.78,3,68.593305,False
20.44,6,68.598554,True
-11.31,6,68.603068,False
-11.57,7,68.609064,False
-10.33,8,68.615995,False
-11.56,6,68.620507,False
22.62,13,68.631822,True
-11.55,5,68.635825,False
21.42,8,68.643009,True
21.42,8,68.649805,True
-11.54,4,68.653332,False
21.66,9,68.66037,True
-11.54,4,68.664324,False
22.63,11,68.672843,True
20.44,6,68.678217,True
-11.31,6,68.682764,False
-10.57,7,68.688797,False
22.4,10,68.696759,True
21.42,8,68.704279,True
-12.02,2,68.706283,False
21.16,9,68.712672,True
22.37,13,68.724612,True
-11.54,4,68.727626,False
-11.78,3,68.730048,False
20.2,5,68.735042,True
-11.52,2,68.735547,False
22.39,11,68.745538,True
21.43,7,68.751549,True
-11.57,7,68.758061,False
-11.76,1,68.759061,False
22.62,13,68.769123,True
-11.77,2,68.771123,False
-11.78,3,68.774122,False
-11.78,3,68.775633,False
20.19,6,68.78159,True
22.63,12,68.791977,True
-10.35,10,68.801844,False
-10.58,8,68.807846,False
-10.32,7,68.814168,False
-11.78,3,68.817248,False
22.41,9,68.823923,True
21.19,6,68.82857,True
20.44,6,68.834259,True
-11.32,7,68.840502,False
21.67,8,68.846513,True
-10.59,9,68.855073,False
-10.34,9,68.861455,False
-10.55,5,68.866004,False
21.67,8,68.872521,True
20.66,9,68.88098,True
-11.56,6,68.88604,False
-10.55,5,68.890035,False
-10.34,9,68.897999,False
22.4,10,68.906524,True
-11.31,6,68.910524,False
21.43,7,68.916336,True
-11.58,8,68.923336,False
21.67,8,68.930246,True
22.4,10,68.93779,True
22.42,8,68.944805,True
21.64,11,68.95423,True
-11.32,7,68.959608,False
21.67,8,68.96668,True
22.4,10,68.974676,True
-11.54,4,68.9787,False
-11.76,1,68.9797,False
-11.31,6,68.9847,False
-10.31,6,68.990447,False
-11.79,4,68.993849,False
-10.57,7,69.000145,False
-11.54,4,69.004223,False
-11.55,5,69.008518,False
20.68,7,69.014136,True
20.43,7,69.020643,True
21.43,7,69.025643,True
-12.02,2,69.028148,False
21.41,9,69.03582,True
20.44,6,69.040408,True
22.31,19,69.055208,True
21.64,10,69.064077,True
-10.79,4,69.068084,False
-11.55,5,69.072596,False
-10.37,12,69.082682,False
21.19,6,69.087269,True
-11.31,6,69.092957,False
-10.32,7,69.099307,False
-11.8,5,69.102834,False
20.67,8,69.109833,True
22.4,10,69.118708,True
-11.77,2,69.119708,False
21.67,8,69.12622,True
-11.78,3,69.129661,False
-10.34,9,69.137189,False
21.18,7,69.143235,True
-11.54,4,69.146676,False
-11.54,4,69.150202,False
20.19,6,69.154723,True
22.4,10,69.164174,True
-11.81,6,69.169189,False
-10.33,8,69.175714,False
21.41,9,69.182649,True
20.44,6,69.188166,True
-11.55,5,69.192166,False
20.19,6,69.1981,True
-11.57,7,69.203095,False
-11.54,4,69.207608,False
-10.79,4,69.210608,False
-11.32,7,69.216409,False
22.4,10,69.225409,True
-11.78,3,69.228214,False
21.42,8,69.234871,True
-11.78,3,69.237389,False
-10.32,7,69.242913,False
-11.56,6,69.247664,False
20.65,10,69.255668,True
-10.33,8,69.26251,False
-10.32,7,69.644419,False
22.37,13,69.659008,True
-9.63,13,69.673056,False
22.14,11,69.683501,True
-11.54,4,69.687003,False
-11.54,4,69.691006,False
-10.8,5,69.695566,False
-10.59,9,69.705072,False
-11.54,4,69.708579,False
20.43,7,69.715186,True
20.44,6,69.72169,True
-11.56,6,69.728735,False
-11.79,4,69.732741,False
21.42,8,69.742846,True
-11.31,6,69.748445,False
20.68,7,69.756037,True
-10.6,10,69.766098,False
21.42,8,69.773607,True
-10.57,7,69.779691,False
-11.78,3,69.783197,False
20.68,7,69.791196,True
20.68,7,69.799396,True
-11.52,2,69.801314,False
-10.32,7,69.809819,False
21.42,8,69.819107,True
21.19,6,69.824613,True
-11.59,9,69.833824,False
-10.55,5,69.839911,False
-11.3,5,69.844636,False
22.12,12,69.856194,True
-10.33,8,69.863527,False
-11.56,6,69.869582,False
-10.54,4,69.872587,False
20.44,6,69.87711,True
-11.31,6,69.882375,False
22.33,17,69.896289,True
-11.54,4,69.899304,False
-10.33,8,69.905304,False
-10.82,7,69.912072,False
21.4,10,69.920594,True
20.19,6,69.925595,True
-11.54,4,69.928885,False
-11.79,4,69.932883,False
-10.56,6,69.936883,False
21.19,6,69.942633,True
-10.8,5,69.947018,False
20.41,9,69.954541,True
-11.78,3,69.956537,False
-11.76,1,69.957536,False
-11.77,2,69.960059,False
-10.57,7,69.964952,False
-11.78,3,69.967484,False
-10.34,9,69.976008,False
21.42,8,69.982364,True
-10.32,7,69.988364,False
-10.58,8,69.995257,False
-11.56,6,69.999256,False
-10.33,8,70.007775,False
-11.57,7,70.01331,False
-10.34,9,70.021811,False
-12.02,2,70.022817,False
-9.64,14,70.03535,False
-11.53,3,70.037349,False
21.43,7,70.043359,True
-11.56,6,70.048691,False
-11.76,1,70.050689,False
-11.55,5,70.054203,False
20.2,5,70.058707,True
-11.31,6,70.06463,False
-11.76,1,70.065622,False
-10.6,10,70.073154,False
21.19,6,70.077682,True
-12.02,2,70.080909,False
22.64,11,70.089442,True
-11.78,3,70.090966,False
22.4,10,70.100868,True
-11.03,3,70.10387,False
-11.31,6,70.108382,False
-11.03,3,70.111833,False
-10.55,5,70.115827,False
-11.8,5,70.119351,False
22.59,16,70.133299,True
-11.79,4,70.135299,False
21.41,9,70.143753,True
-11.77,2,70.145774,False
-10.55,5,70.1493,False
-12.02,2,70.1513,False
-10.57,7,70.157816,False
-10.55,5,70.161181,False
-10.56,6,70.166727,False
-11.79,4,70.169253,False
-10.79,4,70.173258,False
21.42,8,70.179662,True
-11.31,6,70.184184,False
21.42,8,70.190709,True
-11.55,5,70.194936,False
22.4,10,70.203452,True
21.42,8,70.20997,True
22.61,14,70.221782,True
-10.55,5,70.225781,False
-11.56,6,70.23044,False
21.39,11,70.240625,True
21.42,8,70.247232,True
-11.55,5,70.251226,False
21.67,8,70.258759,True
-10.57,7,70.264158,False
-11.54,4,70.267157,False
21.67,8,70.274354,True
-12.02,2,70.276354,False
20.44,6,70.28176,True
-10.33,8,70.288867,False
21.42,8,70.29545,True
-11.32,7,70.301447,False
-10.79,4,70.304953,False
-11.79,4,70.308959,False
-10.33,8,70.315864,False
21.4,10,70.32386,True
-10.6,9,70.330781,False
20.44,6,70.3363,True
-11.78,3,70.337811,False
-11.78,3,70.341562,False
-11.55,5,70.346077,False
-11.54,4,70.349091,False
-10.32,7,70.355091,False
-11.32,7,70.360998,False
-10.33,8,70.368049,False
22.37,13,70.37942,True
-10.82,7,70.384946,False
22.39,11,70.393829,True
-11.52,2,70.394853,False
-10.34,9,70.918553,False
-11.76,1,70.918553,False
21.42,8,70.927063,True
-11.33,8,70.934019,False
-11.52,2,70.935019,False
-10.57,7,70.942534,False
21.43,7,70.948051,True
21.43,7,70.954143,True
-11.53,3,70.957158,False
20.67,8,70.963659,True
-11.31,6,70.969669,False
-9.61,11,70.979241,False
-11.52,2,70.980241,False
21.42,8,70.986835,True
21.42,8,70.993826,True
21.42,8,71.000149,True
-11.31,6,71.00565,False
21.42,8,71.012984,True
-10.33,8,71.019509,False
20.42,7,71.024508,True
-10.33,8,71.032259,False
-10.8,5,71.036776,False
22.64,11,71.045187,True
21.18,7,71.050739,True
-11.53,3,71.053739,False
21.19,6,71.058263,True
-10.34,9,71.065647,False
21.43,7,71.455668,True
20.68,7,71.462099,True
20.66,9,71.471604,True
-10.82,7,71.480098,False
-11.56,6,71.486596,False
-10.58,8,71.496155,False
20.43,7,71.504154,True
-10.56,6,71.511291,False
21.39,11,71.523325,True
-10.82,7,71.531242,False
21.99,51,71.58599,True
-11.57,7,71.593024,False
20.2,5,71.597602,True
-10.36,11,71.608116,False
21.43,7,71.61462,True
-11.34,9,71.624125,False
22.64,11,71.636629,True
21.66,9,71.644716,True
20.43,7,71.651238,True
20.19,6,71.657761,True
-11.78,3,71.660761,False
20.68,7,71.667127,True
-9.84,9,71.676168,False
-10.58,8,71.683912,False
-11.78,3,71.686918,False
21.43,7,71.692918,True
-10.59,9,71.701503,False
22.18,7,71.707225,True
-11.53,3,71.710226,False
20.41,9,71.717441,True
20.42,7,71.723347,True
-11.32,7,71.729289,False
-11.54,4,71.732289,False
20.43,7,71.737816,True
21.43,7,71.744185,True
-11.8,5,71.748242,False
-10.79,4,71.751258,False
-11.54,4,71.755258,False
22.63,12,71.765179,True
21.43,7,71.770704,True
-10.33,8,71.777754,False
22.41,9,71.785038,True
-11.56,6,71.789567,False
21.19,6,71.794925,True
-10.57,7,71.800475,False
21.41,9,71.808474,True
20.43,7,71.814329,True
-10.33,8,71.820857,False
22.39,11,71.830229,True
-11.54,4,71.833754,False
20.44,6,71.838754,True
22.16,9,71.846427,True
-11.78,3,71.848945,False
22.38,12,71.858468,True
20.66,9,71.865636,True
-11.56,6,71.871143,False
20.44,6,71.876166,True
-11.32,7,71.882861,False
-10.81,6,71.887367,False
-10.55,5,71.892367,False
-10.58,8,71.899332,False
20.43,7,71.90587,True
-11.81,6,71.911211,False
-10.82,7,71.916766,False
-11.53,3,71.919767,False
-11.56,6,71.924765,False
-11.32,7,71.930637,False
-11.56,6,71.93615,False
-11.32,7,71.942166,False
-10.57,7,71.947307,False
21.66,9,71.954834,True
-10.33,8,71.961244,False
-11.55,5,71.966269,False
-10.55,5,71.970293,False
22.24,26,71.99069,True
-10.33,8,71.997692,False
-11.32,7,72.003215,False
-11.76,1,72.004215,False
-10.32,7,72.009735,False
-11.33,8,72.017142,False
21.42,8,72.02367,True
20.44,6,72.029089,True
-10.56,6,72.033611,False
-11.77,2,72.035612,False
-11.31,6,72.040612,False
21.43,7,72.046532,True
21.67,8,72.05258,True
22.39,11,72.062478,True
21.43,7,72.067495,True
-10.33,8,72.074548,False
21.43,7,72.080459,True
-11.56,6,72.084985,False
22.41,9,72.092984,True
20.68,7,72.098313,True
-10.31,6,72.102841,False
-10.35,9,72.110726,False
22.4,10,72.119273,True
-11.57,7,72.126799,False
20.44,6,72.131798,True
-11.54,4,72.134798,False
20.2,5,72.139318,True
20.41,9,72.146848,True
22.4,10,72.155382,True
-9.6,10,72.164042,False
-10.83,8,72.170584,False
20.67,8,72.177104,True
-10.59,8,72.184201,False
-10.83,8,72.190727,False
22.42,8,72.196638,True
-10.59,9,72.204162,False
20.68,7,72.210687,True
22.24,26,72.230442,True
-11.32,7,72.237067,False
-11.79,4,72.240067,False
-11.76,1,72.240587,False
-11.78,3,72.243592,False
20.43,7,72.24996,True
-11.78,3,72.25249,False
-10.55,5,72.25649,False
-10.34,9,72.263326,False
-11.32,7,72.269325,False
20.44,6,72.274872,True
22.41,9,72.282321,True
20.2,5,72.286325,True
22.63,12,72.295778,True
22.39,11,72.305299,True
-11.32,7,72.3113,False
-11.58,8,72.318121,False
21.67,8,72.32465,True
22.16,9,72.332656,True
22.4,10,72.340297,True
21.42,8,72.347132,True
21.4,10,72.35538,True
-10.35,10,72.74012,False
-11.33,8,72.750111,False
20.2,5,72.755121,True
-10.33,8,72.765115,False
-11.34,9,72.775124,False
-11.78,3,72.779142,False
-10.58,8,72.786668,False
-10.55,5,72.791668,False
-10.34,9,72.800354,False
-11.76,1,72.801864,False
-10.57,7,72.808385,False
-10.33,8,72.818353,False
-11.53,3,72.821352,False
22.36,14,72.837366,True
-11.8,5,72.84395,False
-10.56,6,72.849874,False
-10.58,8,72.85838,False
-11.82,7,72.866968,False
20.68,7,72.874472,True
21.19,6,72.881396,True
21.66,9,72.891903,True
-10.31,6,72.898881,False
22.16,9,72.909387,True
-10.32,7,72.916474,False
21.67,8,72.924979,True
22.41,9,72.934185,True
-11.76,1,72.935179,False
20.43,7,72.941182,True
-10.55,5,72.947242,False
-11.33,8,72.954283,False
20.44,6,72.959282,True
-11.31,6,72.965029,False
21.19,6,72.970029,True
-11.54,4,72.973029,False
-10.8,5,72.977761,False
-11.78,3,72.980277,False
-10.55,5,72.984337,False
-11.31,6,72.99035,False
-10.33,8,72.996818,False
20.44,6,73.002818,True
22.62,13,73.013825,True
-11.3,5,73.017347,False
21.42,8,73.024347,True
-11.57,7,73.030386,False
22.39,11,73.039902,True
-11.78,3,73.042909,False
-11.29,4,73.045171,False
22.4,10,73.054221,True
-10.33,8,73.060742,False
-11.78,3,73.06296,False
22.38,11,73.072017,True
-11.33,8,73.078328,False
21.42,8,73.085875,True
-11.34,8,73.092399,False
-10.04,4,73.095621,False
-11.53,3,73.09762,False
-11.52,2,73.099648,False
-11.78,3,73.102663,False
-11.32,7,73.107664,False
20.2,5,73.112416,True
21.43,7,73.118412,True
22.4,10,73.125935,True
-11.33,7,73.13167,False
-10.33,8,73.138665,False
21.18,7,73.144177,True
-11.54,4,73.147434,False
20.43,7,73.153476,True
22.62,13,73.163208,True
-11.78,3,73.166208,False
-10.33,8,73.172734,False
-10.58,8,73.180001,False
-9.6,10,73.189525,False
-11.33,8,73.196045,False
-10.55,5,73.200043,False
-11.32,7,73.206561,False
22.64,11,73.216611,True
-11.52,2,73.21761,False
-10.59,9,73.225125,False
22.63,12,73.235227,True
-11.54,4,73.238233,False
21.4,10,73.248291,True
21.66,9,73.255319,True
21.43,7,73.261328,True
-10.57,7,73.26711,False
-11.8,5,73.270621,False
-10.33,8,73.277162,False
-10.34,9,73.285088,False
21.42,8,73.291614,True
-11.53,3,73.294875,False
22.39,11,73.302913,True
-11.31,6,73.308423,False
21.65,10,73.31668,True
22.45,30,73.340485,True
20.44,6,73.345257,True
-11.57,7,73.35178,False
-11.33,8,73.358304,False
-11.52,2,73.360304,False
-11.54,4,73.363533,False
-11.31,6,73.368056,False
22.63,11,73.377807,True
20.43,7,73.383342,True
22.4,10,73.391337,True
-10.59,9,73.39964,False
-11.53,3,73.40164,False
-9.59,9,73.409178,False
-10.6,10,73.417923,False
22.56,19,73.432642,True
22.39,11,73.44117,True
22.41,9,73.449408,True
-11.76,1,73.450406,False
-11.78,3,73.452419,False
21.67,8,73.459468,True
20.44,6,73.463688,True
-10.57,7,73.470196,False
-11.54,4,73.474204,False
-9.57,7,73.48011,False
-11.32,7,73.485621,False
21.19,6,73.491133,True
-11.3,5,73.495548,False
-11.8,5,73.499216,False
-10.34,9,73.506809,False
22.41,9,73.514771,True
20.2,5,73.518355,True
21.43,7,73.52437,True
-11.78,3,73.526364,False
22.4,10,73.535091,True
20.42,8,73.541597,True
21.43,7,73.547831,True
-10.57,7,73.55342,False
21.16,9,73.560609,True
-11.78,3,73.564114,False
-11.55,5,73.567639,False
22.37,13,73.578595,True
-11.58,8,73.584634,False
21.43,7,73.591634,True
-11.29,4,73.594161,False
-11.33,8,73.60092,False
-10.33,8,73.607441,False
22.17,8,73.614355,True
-11.3,5,73.61836,False
22.51,24,73.637742,True
21.43,7,74.020979,True
21.43,7,74.027934,True
20.68,7,74.036454,True
-9.37,12,74.048495,False
-11.32,7,74.055001,False
-11.54,4,74.058506,False
21.16,9,74.067417,True
-11.55,5,74.071924,False
21.67,8,74.079823,True
-11.8,5,74.084327,False
-10.58,8,74.092333,False
-10.33,8,74.101344,False
21.19,6,74.108848,True
-11.78,3,74.114343,False
21.43,7,74.127729,True
-11.52,2,74.130741,False
-11.76,1,74.132741,False
21.43,7,74.142255,True
-11.54,4,74.146853,False
22.15,10,74.156862,True
-10.82,7,74.165887,False
-11.31,6,74.172392,False
-10.32,7,74.178408,False
21.43,7,74.186426,True
20.44,6,74.192931,True
-10.85,10,74.204424,False
-10.57,7,74.213512,False
20.18,7,74.219592,True
20.44,6,74.225273,True
-9.63,13,74.236287,False
22.4,10,74.243796,True
22.17,8,74.252237,True
20.43,7,74.25826,True
21.41,9,74.266013,True
-11.53,3,74.268008,False
22.61,14,74.280263,True
22.15,10,74.288536,True
-11.54,4,74.292156,False
21.42,8,74.299162,True
-11.52,2,74.300163,False
20.41,9,74.307695,True
-10.34,9,74.314936,False
21.19,6,74.320458,True
22.63,12,74.330922,True
-11.56,6,74.334922,False
22.09,16,74.348321,True
22.4,10,74.357327,True
21.67,8,74.363081,True
20.68,7,74.369603,True
22.16,9,74.376603,True
-11.32,7,74.382349,False
21.41,8,74.388878,True
-11.52,2,74.3904,False
-10.32,7,74.395602,False
22.41,9,74.403655,True
-11.53,3,74.40565,False
-11.77,2,74.40765,False
20.66,9,74.415387,True
-10.55,5,74.418387,False
20.68,7,74.424914,True
-11.55,5,74.429121,False
-10.56,6,74.434643,False
-11.3,5,74.438642,False
20.43,7,74.44436,True
-11.33,8,74.450994,False
-11.54,4,74.454515,False
20.43,7,74.460037,True
-10.59,9,74.467236,False
-10.58,8,74.475241,False
-9.56,6,74.480517,False
22.4,10,74.488049,True
-10.33,8,74.494996,False
-9.38,12,74.504515,False
-11.31,6,74.510422,False
21.67,8,74.51607,True
20.44,6,74.521592,True
20.68,7,74.527108,True
-12.02,2,74.52937,False
20.68,7,74.534896,True
-10.34,9,74.542421,False
20.44,6,74.54735,True
20.44,6,74.55135,True
-10.32,7,74.558372,False
22.63,12,74.567675,True
-11.8,5,74.571675,False
-11.35,9,74.579435,False
-11.56,6,74.584476,False
-11.32,7,74.590501,False
22.4,10,74.599248,True
-10.8,5,74.603253,False
-11.33,8,74.609757,False
21.18,7,74.616021,True
-11.31,6,74.621545,False
-10.59,9,74.628273,False
-11.57,7,74.634268,False
20.44,6,74.639782,True
22.42,8,74.646037,True
-11.34,9,74.653558,False
-11.32,7,74.658587,False
-11.3,5,74.662853,False
21.66,9,74.670377,True
-11.78,3,74.673377,False
22.37,13,74.683631,True
-11.57,7,74.689269,False
21.66,9,74.69648,True
-11.78,3,74.69999,False
-11.56,6,74.704996,False
20.66,9,74.712019,True
-11.54,4,74.716006,False
-11.53,3,74.718013,False
22.42,8,74.724536,True
-11.55,5,74.728765,False
-10.33,8,74.735292,False
20.2,5,74.739292,True
-10.33,8,74.746017,False
-10.79,4,74.749015,False
-10.57,7,74.755537,False
-10.33,8,74.762472,False
-11.77,2,74.764462,False
21.18,7,74.770463,True
20.68,7,74.776712,True
-10.33,8,74.784386,False
22.16,9,74.793427,True
22.17,8,74.800433,True
-11.78,3,74.803943,False
-10.57,7,74.810962,False
21.4,10,74.819481,True
22.39,11,74.829412,True
-10.59,9,74.837465,False
-11.59,8,74.84347,False
-10.81,6,74.849289,False
-10.56,6,74.854296,False
22.41,9,74.863721,True
21.67,8,74.869233,True
-11.54,4,74.873243,False
-11.32,7,74.880217,False
-11.54,4,74.883741,False
-10.35,10,74.892792,False
-9.56,6,74.8979,False
-11.31,6,74.902423,False
21.41,9,74.910425,True
-10.32,7,74.915758,False
-11.55,5,74.919758,False
21.42,8,74.926283,True
20.67,8,74.933873,True
-10.34,9,75.319964,False
-11.78,3,75.323468,False
20.44,6,75.329468,True
-9.8,5,75.333973,False
22.36,14,75.349703,True
22.16,9,75.360207,True
21.19,6,75.366642,True
-11.32,7,75.375147,False
20.44,6,75.382686,True
-10.58,7,75.390237,False
21.66,9,75.398778,True
22.59,15,75.415145,True
22.63,12,75.429194,True
-10.36,10,75.441316,False
-11.77,2,75.443836,False
-10.61,11,75.45606,False
21.41,9,75.464632,True
-11.32,7,75.473137,False
-11.79,4,75.477721,False
-11.57,7,75.485734,False
21.67,8,75.49425,True
20.68,7,75.502768,True
21.17,8,75.511877,True
-10.33,8,75.519466,False
-11.31,6,75.524537,False
-11.31,6,75.529587,False
-11.31,6,75.535591,False
21.65,10,75.543508,True
22.15,10,75.552029,True
-10.34,9,75.55903,False
-10.35,9,75.568023,False
-11.53,3,75.570024,False
22.12,13,75.581122,True
-10.32,7,75.58623,False
-10.58,8,75.593634,False
21.43,7,75.598651,True
-11.78,3,75.601651,False
21.43,7,75.607173,True
20.67,8,75.614057,True
-11.3,5,75.618057,False
-10.57,7,75.624581,False
21.66,9,75.631951,True
20.2,5,75.635474,True
20.2,5,75.64047,True
-11.55,5,75.644347,False
21.64,11,75.652369,True
22.4,10,75.661279,True
20.68,7,75.666836,True
-11.32,7,75.672836,False
22.64,11,75.682247,True
-11.54,4,75.685246,False
-10.56,6,75.690824,False
-11.31,6,75.695703,False
-11.53,3,75.697716,False
21.41,9,75.706226,True
-11.33,8,75.712126,False
-10.32,7,75.718645,False
22.41,9,75.72565,True
20.67,8,75.732494,True
20.68,7,75.738004,True
-11.58,7,75.744369,False
22.36,14,75.75544,True
20.43,7,75.761318,True
-11.53,3,75.763859,False
-11.56,6,75.770391,False
-10.57,7,75.775906,False
-10.59,9,75.783765,False
-11.57,7,75.790275,False
-10.79,4,75.793666,False
22.62,12,75.803205,True
-10.55,5,75.807726,False
-12.02,2,75.809726,False
-11.32,7,75.815538,False
-12.02,2,75.817537,False
-10.33,8,75.824059,False
-11.76,1,75.824059,False
-10.79,4,75.828331,False
-11.76,1,75.829326,False
22.39,11,75.837851,True
-11.78,3,75.840851,False
21.43,7,75.847655,True
-11.31,6,75.851655,False
21.42,8,75.859177,True
-11.55,5,75.863695,False
-11.33,8,75.869709,False
21.66,9,75.878227,True
-11.77,2,75.880226,False
-11.55,5,75.883226,False
21.66,9,75.891952,True
-10.57,7,75.897475,False
-11.78,3,75.900474,False
-11.78,3,75.902474,False
-11.78,3,75.905475,False
21.17,8,75.914029,True
-11.76,1,75.915029,False
-11.56,6,75.920054,False
22.41,9,75.927588,True
-11.8,5,75.931865,False
-11.6,10,75.940038,False
22.63,12,75.949813,True
-11.54,4,75.953815,False
21.66,9,75.960335,True
-11.53,3,75.964087,False
20.19,6,75.969364,True
22.62,12,75.97928,True
-10.55,5,75.983284,False
-11.54,4,75.987285,False
-11.32,7,75.992328,False
-10.32,7,75.998678,False
-10.34,9,76.006209,False
21.18,7,76.011594,True
22.41,9,76.019142,True
20.43,7,76.025666,True
-10.32,7,76.031475,False
22.63,12,76.042009,True
-10.33,8,76.049342,False
-10.57,7,76.054868,False
-11.76,1,76.055868,False
-11.78,3,76.058868,False
-10.57,7,76.064768,False
-10.33,8,76.070767,False
21.17,8,76.077292,True
22.42,8,76.084065,True
-11.54,4,76.087589,False
-11.32,7,76.093952,False
-11.56,6,76.098969,False
-11.31,6,76.103997,False
20.67,8,76.110358,True
20.68,7,76.115897,True
20.66,9,76.123899,True
-11.34,9,76.131842,False
-11.56,6,76.136366,False
-11.54,4,76.140366,False
21.4,10,76.149122,True
-11.82,6,76.154122,False
-10.34,9,76.161007,False
22.12,13,76.172068,True
20.44,6,76.176068,True
-10.59,9,76.183405,False
-11.56,6,76.188929,False
20.44,6,76.194449,True
-10.8,5,76.19833,False
22.41,9,76.205343,True
21.41,9,76.212749,True
20.44,6,76.217752,True
-10.33,8,76.225277,False
-11.54,4,76.599215,False
-10.82,7,76.606215,False
22.63,12,76.617748,True
20.68,7,76.624252,True
22.64,11,76.637319,True
20.66,9,76.648327,True
-11.29,4,76.652849,False
22.41,9,76.660859,True
-11.29,4,76.664872,False
-10.58,8,76.672883,False
-11.56,6,76.678446,False
-11.78,3,76.680948,False
-10.58,8,76.688457,False
20.68,7,76.695848,True
-10.33,8,76.703352,False
-11.78,3,76.706352,False
-10.34,9,76.714233,False
20.44,6,76.721241,True
21.41,9,76.73125,True
22.57,17,76.746392,True
-11.53,3,76.749386,False
22.36,14,76.765914,True
20.44,6,76.772418,True
-11.54,4,76.777441,False
-12.03,3,76.780456,False
-11.32,7,76.78896,False
-10.55,5,76.794464,False
22.17,8,76.801992,True
20.2,5,76.806993,True
-11.31,6,76.812821,False
-10.59,9,76.821343,False
-10.58,8,76.829161,False
-10.55,5,76.834161,False
20.68,7,76.840685,True
-11.3,5,76.844941,False
-11.31,6,76.850459,False
22.65,10,76.858459,True
-11.79,4,76.862442,False
-9.64,12,76.872477,False
-10.33,8,76.878748,False
-11.06,6,76.884783,False
21.19,6,76.889796,True
-12.02,2,76.891314,False
-10.55,5,76.89555,False
20.43,7,76.902073,True
-11.77,2,76.903073,False
20.44,6,76.909073,True
-10.57,7,76.914592,False
-11.32,7,76.921122,False
-10.79,4,76.924624,False
-11.53,3,76.92663,False
-11.77,2,76.928622,False
-11.56,6,76.933149,False
-11.54,4,76.937157,False
21.19,6,76.942153,True
21.42,8,76.948503,True
-11.55,5,76.952504,False
-11.56,6,76.957026,False
-10.34,9,76.964983,False
20.94,6,76.970044,True
-9.86,11,76.979461,False
-10.35,10,76.986989,False
21.42,8,76.994352,True
-10.57,7,76.99942,False
-10.57,7,77.004416,False
-11.32,7,77.01081,False
-10.55,5,77.01482,False
21.43,7,77.021332,True
21.42,8,77.028226,True
-10.33,8,77.035341,False
-10.81,6,77.039862,False
22.37,13,77.05165,True
-11.32,7,77.058168,False
-12.03,3,77.060495,False
-10.55,5,77.064507,False
-11.31,6,77.070546,False
-9.6,10,77.078894,False
-11.32,7,77.084416,False
-10.81,6,77.089452,False
20.67,8,77.096299,True
-9.36,11,77.104822,False
21.42,8,77.111631,True
-10.79,4,77.114631,False
-10.82,7,77.120662,False
21.66,9,77.128056,True
-10.55,5,77.132577,False
21.42,8,77.139571,True
22.62,13,77.149462,True
20.68,7,77.154989,True
-10.81,6,77.159986,False
-10.33,8,77.166363,False
-10.36,11,77.176408,False
21.66,9,77.183802,True
21.17,8,77.190807,True
-12.01,1,77.190807,False
-10.59,8,77.197626,False
-10.32,7,77.204136,False
-10.58,8,77.210149,False
-11.81,6,77.214986,False
21.65,10,77.22399,True
20.44,6,77.228337,True
-11.32,7,77.234033,False
-11.54,4,77.237554,False
-10.33,8,77.24391,False
-11.52,2,77.244926,False
21.41,9,77.703801,True
-10.59,9,77.71048,False
-10.79,4,77.714404,False
-11.57,7,77.722004,False
-10.57,7,77.729107,False
22.61,14,77.740372,True
-10.57,7,77.746447,False
-10.34,9,77.754048,False
21.41,9,77.761569,True
-11.53,3,77.764563,False
-10.34,9,77.771571,False
22.65,10,77.78052,True
-11.56,6,77.78552,False
20.43,7,77.791578,True
21.42,8,77.798601,True
-11.57,7,77.804126,False
22.39,11,77.813058,True
-10.56,6,77.818062,False
-11.57,7,77.824104,False
-11.35,10,77.832321,False
22.29,21,77.848834,True
21.42,8,77.855359,True
20.43,7,77.861365,True
22.63,12,77.870402,True
21.42,8,77.87768,True
20.44,6,77.881676,True
-10.83,8,77.888726,False
21.66,9,77.896452,True
-11.56,6,77.900982,False
-11.79,4,77.904987,False
-11.59,9,77.911715,False
22.41,9,77.918751,True
-11.57,7,77.924751,False
21.19,6,77.929482,True
-11.79,4,77.933481,False
20.68,7,77.939988,True
-11.56,6,77.944332,False
22.4,10,78.329434,True
22.32,18,78.347571,True
21.67,8,78.356791,True
22.6,15,78.370862,True
22.27,23,78.39285,True
-11.34,9,78.401933,False
-10.79,4,78.405932,False
20.43,7,78.414381,True
21.42,8,78.422893,True
-10.33,8,78.430345,False
-10.57,7,78.437344,False
20.43,7,78.443851,True
-10.34,9,78.452884,False
-11.76,1,78.453884,False
22.62,13,78.466046,True
-10.58,8,78.475056,False
-10.59,9,78.485774,False
-11.55,5,78.489775,False
-10.55,5,78.49528,False
22.18,7,78.502788,True
-11.33,8,78.512289,False
-10.33,8,78.521291,False
22.17,8,78.528205,True
-11.54,4,78.532318,False
-11.07,7,78.538983,False
-11.32,7,78.545213,False
-10.83,8,78.552195,False
-11.34,9,78.560799,False
-11.54,4,78.564803,False
-10.34,9,78.572351,False
22.15,10,78.580641,True
-10.82,7,78.586683,False
-11.78,3,78.588682,False
22.62,13,78.599414,True
20.65,9,78.607467,True
-10.83,8,78.613671,False
-11.8,5,78.617701,False
-10.33,8,78.624705,False
-11.32,7,78.63045,False
-11.32,7,78.636449,False
-10.82,7,78.64198,False
-10.32,7,78.648202,False
21.41,9,78.655208,True
21.41,8,78.661912,True
-10.35,10,78.670915,False
-11.56,6,78.676938,False
-10.32,7,78.682613,False
-11.32,7,78.688141,False
-10.33,8,78.69449,False
-10.57,6,78.700506,False
-10.6,10,78.708523,False
-10.54,4,78.712247,False
-11.31,6,78.717021,False
20.44,6,78.722014,True
20.94,6,78.727538,True
-10.34,9,78.73476,False
21.43,7,78.740283,True
-11.33,8,78.74703,False
-11.54,4,78.750027,False
-11.34,9,78.757552,False
20.68,7,78.763751,True
-11.56,6,78.768273,False
-10.34,9,78.775799,False
-10.79,4,78.779999,False
-11.54,4,78.784188,False
-12.02,2,78.785191,False
-10.34,9,78.792714,False
20.44,6,78.798133,True
20.44,6,78.803645,True
22.41,9,78.810645,True
20.67,8,78.817518,True
22.13,12,78.828156,True
-11.54,4,78.83115,False
20.44,6,78.836673,True
21.19,6,78.841676,True
20.68,7,78.846891,True
-11.56,6,78.851891,False
-10.33,8,78.858416,False
-11.57,7,78.864635,False
22.41,9,78.872152,True
-11.78,3,78.875158,False
-11.53,3,78.876681,False
-11.8,5,78.88089,False
-10.57,7,78.887415,False
22.38,12,78.89613,True
-11.56,6,78.901655,False
-9.61,11,78.910907,False
-11.78,3,78.913416,False
-10.33,8,78.91996,False
-11.56,6,78.924953,False
-11.79,4,78.92748,False
-10.34,9,78.935683,False
-12.02,2,78.937189,False
-11.31,6,78.942195,False
22.35,15,78.954991,True
-11.32,7,78.961213,False
-10.83,8,78.967757,False
-11.33,7,78.973772,False
22.4,10,78.983108,True
-11.34,9,78.99062,False
22.37,12,78.999903,True
-11.54,4,79.003414,False
-10.34,9,79.01095,False
-11.56,6,79.017171,False
-11.79,4,79.020699,False
-11.55,5,79.025208,False
-11.54,4,79.028219,False
-10.56,6,79.033737,False
-11.31,6,79.038737,False
-10.59,9,79.047079,False
20.2,5,79.051079,True
-10.33,8,79.057597,False
-10.31,6,79.062802,False
-11.55,5,79.066807,False
-11.53,3,79.069806,False
-10.61,10,79.078221,False
-10.33,8,79.084738,False
-11.78,3,79.087263,False
20.67,8,79.093775,True
21.19,6,79.098768,True
-11.32,7,79.105293,False
22.16,9,79.11276,True
20.44,6,79.117784,True
-11.56,6,79.1228,False
20.68,7,79.127758,True
-11.33,8,79.134778,False
-10.33,8,79.1413,False
-11.33,8,79.148275,False
21.66,9,79.15527,True
-11.8,5,79.159784,False
-11.54,4,79.163057,False
22.4,10,79.171595,True
-10.34,9,79.17891,False
-11.77,2,79.180904,False
-11.55,5,79.185899,False
20.19,6,79.191435,True
-11.77,2,79.192434,False
-9.82,7,79.198734,False
-11.78,3,79.20125,False
20.44,6,79.20678,True
-11.55,5,79.210305,False
-11.54,4,79.213566,False
-10.32,7,79.220088,False
-11.77,2,79.222092,False
20.43,7,79.22801,True
-10.36,11,79.622419,False
-10.83,8,79.631821,False
22.36,14,79.645765,True
-11.78,3,79.648273,False
-11.57,7,79.655271,False
-11.52,2,79.656271,False
-10.58,8,79.664417,False
-11.54,4,79.668922,False
21.66,9,79.679366,True
-11.8,5,79.685364,False
21.42,8,79.694487,True
22.62,13,79.708496,True
-11.54,4,79.711586,False
-11.53,3,79.7156,False
-11.57,7,79.723131,False
22.41,9,79.733648,True
-10.58,8,79.743682,False
22.64,11,79.756202,True
22.4,10,79.767369,True
21.43,7,79.773872,True
-10.33,8,79.78182,False
21.42,8,79.792327,True
-11.31,6,79.798464,False
-11.32,6,79.805477,False
20.44,6,79.812192,True
-11.32,7,79.819236,False
20.44,6,79.825243,True
-11.33,8,79.832092,False
-10.55,5,79.837616,False
-10.35,10,79.847443,False
-10.59,9,79.855443,False
-11.78,3,79.858964,False
-11.76,1,79.859964,False
-10.33,8,79.867739,False
-11.56,6,79.872733,False
20.44,6,79.878264,True
20.43,7,79.88379,True
-11.77,2,79.885791,False
-11.53,3,79.888311,False
-11.56,6,79.893315,False
-10.35,10,79.901588,False
21.42,8,79.908616,True
-10.34,9,79.915841,False
20.43,7,79.921364,True
-11.54,4,79.925364,False
-10.55,5,79.929084,False
-11.76,1,79.930098,False
22.59,15,79.942605,True
21.65,10,79.951369,True
-11.34,9,79.958369,False
21.42,8,79.965682,True
-10.32,7,79.971185,False
21.41,9,79.978666,True
-10.6,10,79.987203,False
-11.54,4,79.990719,False
-11.77,2,79.993244,False
-10.57,7,79.998716,False
-11.52,2,80.000716,False
-11.54,4,80.004228,False
-11.78,3,80.006228,False
20.68,7,80.012971,True
20.44,6,80.017976,True
20.44,6,80.022483,True
21.39,11,80.032739,True
21.67,8,80.039251,True
-10.57,7,80.044297,False
20.43,7,80.050608,True
-11.79,4,80.053617,False
22.6,15,80.066906,True
-11.78,3,80.069906,False
-11.78,3,80.071906,False
-11.56,6,80.078885,False
-11.79,4,80.082549,False
-11.78,3,80.084552,False
-11.55,5,80.088233,False
-11.78,3,80.09215,False
22.22,28,80.116702,True
22.39,11,80.127217,True
-11.77,2,80.128527,False
22.38,12,80.139564,True
-10.59,8,80.146832,False
-11.58,8,80.154354,False
-11.32,7,80.160305,False
-11.33,8,80.166326,False
20.44,6,80.171852,True
-11.76,1,80.172852,False
-11.3,5,80.177248,False
21.43,7,80.182801,True
-11.33,8,80.189327,False
-10.33,8,80.196245,False
-10.55,5,80.200763,False
21.67,8,80.206769,True
20.44,6,80.212054,True
-12.03,3,80.214054,False
22.6,14,80.226102,True
-11.54,4,80.229448,False
-11.54,4,80.233459,False
21.41,9,80.239979,True
-11.57,7,80.246356,False
-11.31,6,80.25088,False
-11.78,3,80.25388,False
-10.36,11,80.26284,False
20.44,6,80.267838,True
-11.32,7,80.273362,False
-11.76,1,80.274362,False
-10.33,8,80.281164,False
-11.81,6,80.286499,False
22.41,9,80.294187,True
-10.32,7,80.299259,False
-11.57,7,80.305783,False
20.68,7,80.311542,True
21.65,10,80.319068,True
-11.31,6,80.324589,False
-12.02,2,80.326588,False
-11.79,4,80.329849,False
-10.83,8,80.336372,False
-11.3,5,80.340373,False
-10.56,6,80.345625,False
-11.32,7,80.352141,False
22.63,12,80.362696,True
-11.31,6,80.367222,False
-11.79,4,80.371215,False
-10.58,8,80.378197,False
22.65,10,80.387236,True
20.68,7,80.392236,True
-10.33,8,80.399633,False
-11.58,8,80.40615,False
-11.54,4,80.410165,False
-11.81,6,80.415591,False
-10.55,5,80.420104,False
20.68,7,80.425616,True
-11.78,3,80.428444,False
-11.79,4,80.431425,False
-11.77,2,80.433425,False
20.68,7,80.438937,True
20.43,7,80.445264,True
22.38,11,80.454237,True
20.68,7,80.459903,True
22.16,9,80.468364,True
20.43,7,80.474041,True
-11.33,8,80.480225,False
22.37,13,80.490763,True
-10.81,6,80.495976,False
21.41,9,80.503024,True
-9.6,10,80.511784,False
-11.33,8,80.518289,False
22.4,10,80.526832,True
-11.33,8,80.533126,False
-10.79,4,80.53714,False
-9.8,5,80.922356,False
-10.32,7,80.930869,False
-10.58,8,80.93937,False
-11.78,3,80.942373,False
-10.56,6,80.947714,False
-10.34,9,80.958761,False
22.65,10,80.969908,True
-11.58,8,80.979002,False
20.65,10,80.991507,True
-11.78,3,80.99481,False
-12.02,2,80.997809,False
-11.32,7,81.005313,False
-11.57,7,81.011954,False
-10.56,6,81.019497,False
22.4,10,81.031528,True
-9.85,10,81.043033,False
21.43,7,81.050502,True
-11.53,3,81.054502,False
-11.78,3,81.058008,False
22.64,11,81.069865,True
21.66,9,81.078993,True
-10.34,9,81.089004,False
20.19,6,81.096929,True
-10.55,5,81.102436,False
-11.76,1,81.103436,False
-10.55,5,81.109942,False
21.43,7,81.117711,True
22.65,10,81.125714,True
-10.55,5,81.130764,False
22.62,13,81.143812,True
-10.32,7,81.150328,False
-10.34,9,81.157331,False
22.41,9,81.165862,True
21.65,10,81.174383,True
-11.76,1,81.175383,False
22.63,12,81.184892,True
-10.79,4,81.188892,False
-9.38,13,81.199164,False
-11.3,5,81.203689,False
-11.56,6,81.208688,False
-11.57,7,81.213954,False
21.91,9,81.221464,True
20.68,7,81.226991,True
-10.81,6,81.232332,False
-11.77,2,81.234343,False
-11.56,6,81.239342,False
-11.79,4,81.242861,False
-12.02,2,81.245084,False
-11.78,3,81.247081,False
-11.32,7,81.253607,False
-11.77,2,81.254606,False
20.19,6,81.259606,True
21.42,8,81.266341,True
-11.31,6,81.271341,False
-10.32,7,81.276864,False
-11.54,4,81.281079,False
-11.56,6,81.285127,False
-11.76,1,81.286126,False
-11.56,6,81.291126,False
20.44,6,81.295968,True
-11.56,6,81.301967,False
-10.36,11,81.311223,False
-10.55,5,81.315762,False
22.14,11,81.323761,True
-11.54,4,81.327566,False
22.15,10,81.336068,True
-10.33,8,81.343084,False
20.68,7,81.348824,True
20.43,7,81.354339,True
-10.32,7,81.361776,False
20.19,6,81.366778,True
-10.81,6,81.372288,False
-11.53,3,81.37531,False
-11.57,7,81.381277,False
20.44,6,81.386802,True
-11.54,4,81.390326,False
-11.54,4,81.393326,False
-11.76,1,81.394326,False
20.44,6,81.399268,True
21.42,8,81.405789,True
-10.56,6,81.411181,False
-11.78,3,81.41369,False
-11.78,3,81.415704,False
-9.4,15,81.428476,False
22.63,12,81.438007,True
20.19,6,81.442523,True
-12.02,2,81.44475,False
22.56,19,81.459282,True
-11.54,4,81.463071,False
-10.31,6,81.468076,False
22.35,15,81.479816,True
-11.56,6,81.485325,False
-10.35,10,81.493325,False
20.42,8,81.500589,True
-11.29,4,81.50411,False
-11.32,7,81.509114,False
-11.76,1,81.510114,False
-10.33,8,81.51685,False
20.68,7,81.52285,True
21.42,8,81.529581,True
-10.34,9,81.537104,False
-10.6,9,81.544103,False
-11.54,4,81.547331,False
-11.3,5,81.552331,False
-10.35,10,81.559857,False
21.42,8,81.566674,True
-10.57,7,81.572341,False
22.37,13,81.583157,True
-11.58,8,81.589699,False
-11.78,3,81.592701,False
22.41,9,81.599652,True
-10.33,8,81.606178,False
-11.56,6,81.611736,False
-11.78,3,81.614247,False
-11.52,2,81.615261,False
22.62,13,81.625781,True
20.68,7,81.632159,True
22.42,8,81.638681,True
-11.77,2,81.639866,False
21.42,8,81.647083,True
-11.32,7,81.652606,False
-11.76,1,81.653606,False
-10.55,5,81.657606,False
-10.34,9,81.665321,False
-11.54,4,81.668321,False
22.05,45,81.704451,True
-11.3,5,81.708452,False
-11.32,7,81.713202,False
-11.57,7,81.719726,False
21.19,6,81.725249,True
21.42,8,81.731975,True
-11.54,4,81.73499,False
-10.55,5,81.739031,False
22.4,10,81.74779,True
-10.58,8,81.754314,False
-10.33,8,81.760678,False
-11.54,4,81.764222,False
-11.52,2,81.766222,False
21.42,8,81.772222,True
22.34,16,81.786262,True
-11.78,3,81.789268,False
22.41,9,81.796032,True
-11.53,3,81.799024,False
-10.83,8,81.805535,False
20.44,6,81.810802,True
22.38,12,81.820838,True
-10.57,7,81.826348,False
22.42,8,82.207801,True
20.43,7,82.215306,True
21.18,7,82.222812,True
-11.54,4,82.22682,False
-10.33,8,82.23433,False
-11.32,7,82.240835,False
-10.32,7,82.247841,False
-10.55,5,82.25284,False
-10.36,11,82.265789,False
20.2,5,82.271392,True
20.67,8,82.280794,True
-11.3,5,82.286844,False
-11.55,5,82.291349,False
20.44,6,82.296741,True
22.4,10,82.308751,True
21.42,8,82.317714,True
-11.8,5,82.324219,False
-11.76,1,82.325219,False
-11.56,6,82.332973,False
-11.31,6,82.338973,False
-11.54,4,82.3441,False
22.39,11,82.355149,True
20.67,8,82.363792,True
-10.57,7,82.372306,False
-9.63,12,82.384315,False
-11.78,3,82.386836,False
-10.32,7,82.393857,False
-11.78,3,82.396888,False
-11.78,3,82.399888,False
-11.53,3,82.403399,False
-11.8,5,82.407405,False
21.4,10,82.417844,True
21.67,8,82.424349,True
-10.57,7,82.430665,False
-11.52,2,82.43167,False
-10.34,9,82.439338,False
-12.02,2,82.441342,False
-10.58,8,82.447625,False
20.44,6,82.4533,True
-10.58,8,82.459906,False
-11.3,5,82.463095,False
-11.77,2,82.465095,False
20.44,6,82.47068,True
21.43,7,82.476607,True
20.2,5,82.480029,True
-11.76,1,82.481546,False
20.43,7,82.487068,True
20.68,7,82.492597,True
-9.61,11,82.502024,False
22.39,11,82.510893,True
-11.77,2,82.512914,False
-11.32,7,82.518445,False
-10.34,9,82.525963,False
-11.78,3,82.528193,False
20.44,6,82.533718,True
-11.78,3,82.535725,False
-11.57,7,82.542249,False
-11.77,2,82.544249,False
-10.58,8,82.550994,False
-11.33,8,82.557001,False
22.64,11,82.566941,True
20.44,6,82.571196,True
-10.58,8,82.578501,False
20.44,6,82.583091,True
-10.83,8,82.589616,False
-10.33,8,82.596362,False
-11.81,6,82.600353,False
-11.54,4,82.60488,False
-10.56,6,82.609402,False
-10.33,8,82.616145,False
-10.6,10,82.624193,False
21.41,9,82.631562,True
-10.32,7,82.637599,False
20.44,6,82.642612,True
21.43,7,82.647817,True
-11.33,8,82.654327,False
-12.02,2,82.656341,False
-11.77,2,82.658341,False
22.37,13,82.670061,True
-10.57,6,82.675068,False
-11.76,1,82.675588,False
-10.34,9,82.682863,False
-12.02,2,82.685374,False
21.42,8,82.691926,True
20.42,8,82.698684,True
-10.31,6,82.703208,False
21.43,7,82.708735,True
-11.79,4,82.711952,False
20.44,6,82.716458,True
-12.02,2,82.719002,False
21.66,9,82.727129,True
-11.32,7,82.732679,False
21.18,7,82.739199,True
-10.34,9,82.746199,False
-10.33,8,82.75371,False
21.43,7,82.760242,True
20.67,8,82.766668,True
-11.3,5,82.771182,False
20.68,7,82.776182,True
-12.02,2,82.778401,False
-10.34,9,82.785928,False
-10.79,4,82.789454,False
-11.79,4,82.791977,False
-10.33,8,82.79819,False
-11.32,7,82.804714,False
22.42,8,82.811438,True
-11.77,2,82.813433,False
-11.54,4,82.816438,False
20.68,7,82.822478,True
-10.34,9,82.829699,False
-11.78,3,82.832233,False
21.66,9,82.839746,True
22.36,14,82.851135,True
-10.57,7,82.856647,False
22.62,13,82.86745,True
21.42,8,82.874628,True
22.42,8,82.881023,True
20.44,6,82.886546,True
-11.76,1,82.887546,False
-11.3,5,82.891068,False
-10.59,9,82.898597,False
22.6,15,82.91083,True
-11.34,9,82.918871,False
-11.32,7,82.923885,False
22.39,11,82.932644,True
-11.76,1,82.934155,False
22.4,10,82.942698,True
21.42,8,82.948437,True
21.42,8,82.955437,True
-11.56,6,82.959945,False
20.43,7,82.966714,True
-11.76,1,82.967729,False
-10.57,7,82.973721,False
22.41,9,82.980595,True
-11.54,4,82.984595,False
20.44,6,82.989121,True
-10.32,7,82.995371,False
-11.78,3,82.997876,False
-11.31,6,83.002887,False
22.32,18,83.017199,True
-11.32,7,83.023265,False
21.43,7,83.029067,True
21.66,9,83.03608,True
-10.34,9,83.043602,False
-10.34,9,83.051882,False
21.18,7,83.057407,True
-10.33,8,83.064127,False
-10.32,7,83.070127,False
20.43,7,83.075652,True
-11.54,4,83.078861,False
-11.78,3,83.081863,False
22.57,18,83.095635,True
22.16,9,83.467736,True
-11.3,5,83.474241,False
20.68,7,83.482228,True
20.43,7,83.488227,True
20.44,6,83.494581,True
21.18,7,83.50058,True
22.4,10,83.509958,True
-10.79,4,83.514476,False
-11.78,3,83.518983,False
-10.55,5,83.524995,False
-10.33,8,83.534008,False
-10.79,4,83.539016,False
22.14,11,83.550511,True
-9.61,11,83.56139,False
20.67,8,83.571069,True
21.66,9,83.581022,True
-10.81,6,83.588528,False
-11.52,2,83.591035,False
-11.78,3,83.594625,False
21.18,7,83.602637,True
22.64,11,83.614555,True
-11.32,7,83.621062,False
21.19,6,83.62753,True
20.19,6,83.634076,True
-10.83,8,83.642591,False
22.65,10,83.651687,True
20.2,5,83.656682,True
-11.34,9,83.666648,False
21.66,9,83.674171,True
22.42,8,83.682027,True
-10.55,5,83.687023,False
21.42,8,83.69389,True
-11.52,2,83.694991,False
22.65,10,83.703586,True
-10.33,8,83.709586,False
-11.56,6,83.71524,False
-11.79,4,83.719164,False
21.19,6,83.72368,True
21.43,7,83.729262,True
-11.57,7,83.735852,False
-11.78,3,83.737852,False
-10.33,8,83.744879,False
-10.58,8,83.751961,False
-11.57,7,83.757626,False
-11.78,3,83.760625,False
22.37,13,83.77042,True
-11.56,6,83.775932,False
-11.55,5,83.781252,False
-11.76,1,83.782251,False
-10.33,8,83.789444,False
21.18,7,83.794638,True
-10.58,8,83.801625,False
-10.32,7,83.807648,False
-11.31,6,83.813652,False
-9.6,10,83.821176,False
-10.58,8,83.828765,False
22.16,9,83.83628,True
21.65,10,83.845286,True
20.68,7,83.85046,True
21.43,7,83.85646,True
20.44,6,83.860983,True
20.44,6,83.866733,True
-11.32,7,83.871747,False
-10.82,7,83.878516,False
-11.76,1,83.879508,False
21.42,8,83.885506,True
-11.54,4,83.889032,False
-10.34,9,83.895762,False
22.23,27,83.91759,True
-11.32,7,83.923612,False
20.68,7,83.929558,True
20.67,8,83.937133,True
-11.31,6,83.942138,False
-10.32,7,83.947591,False
-10.34,9,83.95459,False
22.63,12,83.965497,True
-11.32,7,83.97102,False
-10.6,10,83.97942,False
-12.02,2,83.981419,False
-10.34,9,83.989946,False
20.43,7,83.995699,True
22.37,13,84.006205,True
20.42,8,84.012543,True
22.41,9,84.020545,True
21.42,8,84.494264,True
21.42,8,84.50081,True
-11.32,7,84.50681,False
21.18,7,84.514314,True
21.42,8,84.519843,True
-9.61,11,84.5304,False
21.41,9,84.537927,True
20.68,7,84.544559,True
-11.56,6,84.549465,False
20.43,7,84.556,True
21.43,7,84.561998,True
20.43,7,84.567521,True
22.35,14,84.579544,True
21.66,9,84.58707,True
-11.56,6,84.592071,False
20.68,7,84.597821,True
-10.33,8,84.603814,False
-10.34,9,84.612554,False
-9.84,9,84.619728,False
-11.78,3,84.621743,False
-10.81,6,84.62727,False
22.42,8,84.633493,True
20.68,7,84.639022,True
22.37,13,84.649765,True
-10.58,8,84.656765,False
21.42,8,84.663484,True
-10.58,8,84.670016,False
-10.56,6,84.675015,False
21.66,9,84.681889,True
-10.85,9,84.68955,False
-11.78,3,84.69255,False
22.41,9,84.699316,True
20.67,8,84.706313,True
20.44,6,84.711067,True
-10.83,8,84.718063,False
20.68,7,84.723586,True
-10.57,7,84.72932,False
-11.78,3,84.732335,False
-10.34,9,84.738851,False
-11.55,5,84.742874,False
-10.56,6,84.748089,False
-11.31,6,84.753612,False
-10.57,7,84.759611,False
-10.32,7,84.764822,False
20.44,6,84.769822,True
-10.34,9,84.777347,False
-10.35,10,84.786098,False
-11.54,4,84.789098,False
-11.55,5,84.79362,False
-10.58,8,84.800337,False
20.67,8,84.806869,True
21.42,8,84.812591,True
20.68,7,84.819129,True
-10.57,7,84.824645,False
-9.85,10,84.831858,False
20.44,6,84.837378,True
20.43,7,85.247685,True
20.44,6,85.252691,True
-11.76,1,85.253693,False
-11.32,7,85.261092,False
-11.53,3,85.263598,False
-10.33,8,85.270598,False
20.2,5,85.276448,True
-10.35,10,85.288036,False
-11.56,6,85.294035,False
20.67,8,85.300985,True
20.67,8,85.309941,True
21.42,8,85.319458,True
20.67,8,85.328868,True
-10.57,7,85.336931,False
-11.77,2,85.338931,False
-11.33,8,85.348465,False
-10.82,7,85.357136,False
21.42,8,85.366839,True
-11.56,6,85.373344,False
-10.56,6,85.380857,False
-11.55,5,85.385858,False
20.68,7,85.393363,True
20.43,7,85.39941,True
-11.77,2,85.40141,False
-10.58,8,85.409418,False
22.65,10,85.418421,True
-11.56,6,85.423926,False
-10.55,5,85.428561,False
-11.56,6,85.435069,False
-10.34,9,85.443074,False
20.68,7,85.44941,True
21.4,10,85.459921,True
21.42,8,85.466956,True
22.39,11,85.477774,True
21.67,8,85.483984,True
22.65,10,85.492498,True
-11.78,3,85.49477,False
-11.77,2,85.496763,False
-10.79,4,85.50029,False
21.18,7,85.505813,True
20.43,7,85.51202,True
-10.59,9,85.519066,False
22.4,10,85.527818,True
20.67,8,85.533853,True
-11.78,3,85.536857,False
20.43,7,85.542305,True
-11.53,3,85.545039,False
20.68,7,85.550557,True
-11.76,1,85.551556,False
20.42,8,85.55809,True
-10.32,7,85.563298,False
-11.81,6,85.568823,False
21.41,9,85.576529,True
21.43,7,85.581737,True
-12.05,5,85.585808,False
-11.53,3,85.588818,False
-10.55,5,85.592818,False
-9.6,10,85.601102,False
-10.57,7,85.606613,False
-11.31,6,85.61215,False
-11.54,4,85.615154,False
21.42,8,85.62167,True
-11.29,4,85.624671,False
-9.58,8,85.631221,False
22.41,9,85.638746,True
-10.56,6,85.643957,False
-10.55,5,85.648489,False
-10.81,6,85.653506,False
-10.81,6,85.658494,False
-9.61,11,85.667237,False
-10.34,9,85.675741,False
21.67,8,85.68259,True
21.67,8,85.68859,True
20.94,6,85.693515,True
21.18,7,85.700046,True
-11.53,3,85.702445,False
21.66,9,85.709445,True
22.65,10,85.717902,True
-11.78,3,85.719902,False
20.44,6,85.725429,True
20.43,7,85.7312,True
21.17,8,85.737738,True
-11.78,3,85.740259,False
22.4,10,85.749034,True
22.65,10,85.757099,True
21.66,9,85.763842,True
21.18,7,85.769841,True
21.65,10,85.778566,True
-11.32,7,85.784089,False
-11.78,3,85.786089,False
-9.84,9,85.793089,False
21.41,9,85.800842,True
-11.77,2,85.802846,False
-10.57,7,85.809359,False
21.66,9,85.816136,True
-10.33,8,85.82313,False
-11.54,4,85.826643,False
22.63,12,85.836962,True
-10.33,8,85.844182,False
-11.32,7,85.849703,False
21.43,7,85.854703,True
-11.56,6,85.860229,False
20.68,7,85.865452,True
-11.56,6,85.870966,False
22.63,12,85.881183,True
20.44,6,85.886177,True
20.68,7,85.89269,True
-10.32,7,85.899414,False
-10.55,5,85.903936,False
-11.55,5,85.908937,False
22.33,17,85.923763,True
22.4,10,85.933397,True
-10.33,8,85.94139,False
22.41,9,85.94991,True
-10.8,5,85.954432,False
-10.59,9,85.964091,False
-11.77,2,85.96609,False
-11.57,7,85.97259,False
-10.57,7,85.980233,False
20.43,7,85.986761,True
20.44,6,85.992761,True
-10.34,9,86.000671,False
20.43,7,86.008214,True
21.41,9,86.016846,True
22.39,11,86.027369,True
-11.79,4,86.029945,False
20.44,6,86.035981,True
21.67,8,86.044898,True
-11.76,1,86.045914,False
-11.31,6,86.051411,False
21.42,8,86.059537,True
-9.6,10,86.0685,False
-11.54,4,86.0725,False
-11.32,7,86.081375,False
22.41,9,86.089888,True
-12.01,1,86.090889,False
20.44,6,86.095553,True
-10.79,4,86.099185,False
20.68,7,86.105722,True
-11.58,8,86.112048,False
-10.58,8,86.119574,False
-10.58,8,86.126574,False
21.18,7,86.13203,True
20.43,7,86.13794,True
-10.58,8,86.144886,False
-10.33,8,86.151412,False
-11.76,1,86.152409,False
-11.31,6,86.157409,False
22.58,17,86.170726,True
20.68,7,86.559538,True
-10.35,10,86.569452,False
21.42,8,86.577482,True
22.61,14,86.591,True
-10.34,9,86.59987,False
20.67,8,86.608886,True
-10.59,9,86.617447,False
-11.32,7,86.62453,False
-10.34,9,86.6324,False
22.41,9,86.641439,True
-11.53,3,86.644941,False
-10.58,8,86.652974,False
-11.78,3,86.65697,False
-11.81,6,86.667574,False
-12.02,2,86.670573,False
20.43,7,86.678664,True
20.67,8,86.687673,True
-10.33,8,86.696825,False
20.44,6,86.704326,True
-10.59,9,86.714915,False
-10.31,6,86.721917,False
-11.78,3,86.724921,False
21.67,8,86.733443,True
20.66,9,86.744021,True
21.66,9,86.753721,True
-11.32,7,86.759993,False
-9.61,11,86.770111,False
-10.58,8,86.777039,False
-10.35,10,86.785316,False
21.42,8,86.791841,True
-11.81,6,86.797591,False
-9.36,11,86.806116,False
-11.33,7,86.811856,False
-10.32,7,86.816852,False
-11.57,7,86.822911,False
20.67,8,86.829679,True
21.42,8,86.836205,True
-10.33,8,86.843729,False
20.44,6,86.848949,True
21.42,8,86.855472,True
-10.35,10,86.863827,False
-9.61,11,86.872997,False
21.42,8,86.879336,True
-11.33,8,86.885859,False
22.4,10,86.894766,True
20.43,7,86.900764,True
-11.78,3,86.90329,False
-11.57,7,86.908812,False
-12.02,2,86.910175,False
-10.81,6,86.915724,False
-10.58,8,86.921723,False
20.43,7,86.928474,True
20.44,6,86.931996,True
-10.6,9,86.941083,False
-11.32,7,86.946301,False
20.42,8,86.953301,True
-11.34,8,86.959827,False
22.42,8,86.967372,True
21.42,8,86.973378,True
22.4,10,86.9819,True
-11.78,3,86.984903,False
22.29,20,87.001937,True
22.39,11,87.011335,True
-10.32,7,87.017323,False
-10.58,8,87.024343,False
-11.8,5,87.028038,False
21.66,9,87.036057,True
-10.59,9,87.044374,False
22.4,10,87.051895,True
20.2,5,87.055413,True
-10.83,8,87.063377,False
-10.57,7,87.069899,False
-11.76,1,87.070899,False
-9.61,11,87.079484,False
-10.59,9,87.086483,False
-10.79,4,87.091011,False
20.44,6,87.096431,True
-11.55,5,87.099954,False
-10.57,7,87.105954,False
-11.56,6,87.11138,False
20.67,8,87.117379,True
20.43,7,87.12342,True
-10.57,7,87.128633,False
-11.54,4,87.132155,False
20.2,5,87.136672,True
-11.56,6,87.141212,False
21.66,9,87.148947,True
20.42,8,87.155488,True
-11.54,4,87.158504,False
-9.36,11,87.16801,False
21.42,8,87.174536,True
-11.78,3,87.176919,False
-11.56,6,87.181937,False
-10.57,7,87.187461,False
-9.63,13,87.198178,False
21.18,7,87.204692,True
-11.79,4,87.206692,False
-11.34,9,87.214986,False
-11.56,6,87.219986,False
20.19,6,87.225513,True
20.44,6,87.22975,True
20.44,6,87.234869,True
22.41,9,87.242381,True
-11.54,4,87.245675,False
-11.77,2,87.24767,False
-11.57,7,87.25367,False
22.14,11,87.262926,True
20.43,7,87.268454,True
-10.58,8,87.274454,False
21.66,9,87.282163,True
-11.77,2,87.284163,False
-11.32,7,87.289688,False
21.43,7,87.295892,True
-11.78,3,87.298404,False
20.68,7,87.304404,True
20.68,7,87.31042,True
-11.78,3,87.312824,False
-11.53,3,87.315823,False
22.41,9,87.322155,True
20.44,6,87.328077,True
20.68,7,87.333589,True
-10.55,5,87.337108,False
-10.57,7,87.343634,False
-11.31,6,87.347852,False
22.39,11,87.357606,True
-9.4,15,87.369888,False
-10.55,5,87.373896,False
22.61,14,87.384634,True
20.44,6,87.390639,True
-11.57,7,87.396421,False
-10.33,8,87.402948,False
-10.35,10,87.411204,False
20.44,6,87.416218,True
21.42,8,87.422726,True
-11.8,5,87.426726,False
-11.33,8,87.433032,False
22.17,8,87.440554,True
-9.39,14,87.451292,False
21.67,8,87.837939,True
-11.57,7,87.845428,False
-10.57,7,87.853932,False
-10.55,5,87.859933,False
21.42,8,87.868972,True
-10.34,9,87.879936,False
-11.31,6,87.884935,False
20.44,6,87.890972,True
-11.3,5,87.896077,False
21.65,10,87.905585,True
-11.32,7,87.912569,False
22.63,12,87.92409,True
-9.37,12,87.935765,False
22.38,12,87.947753,True
-10.33,8,87.955755,False
20.44,6,87.963131,True
22.29,21,87.984415,True
-11.32,7,87.992923,False
-11.77,2,87.995508,False
-11.54,4,87.998508,False
-10.55,5,88.005025,False
21.18,7,88.012059,True
-9.37,12,88.023564,False
-10.58,8,88.032198,False
20.44,6,88.038864,True
-11.55,5,88.043634,False
20.2,5,88.047627,True
22.36,14,88.060758,True
-10.58,7,88.067284,False
20.68,7,88.073795,True
-11.61,10,88.082226,False
-11.79,4,88.085738,False
-10.81,6,88.090738,False
-11.77,2,88.092738,False
-10.79,4,88.096977,False
20.44,6,88.101967,True
-11.32,7,88.107635,False
-11.78,3,88.109986,False
-11.31,6,88.115191,False
21.18,7,88.121204,True
-11.33,8,88.128178,False
-10.6,9,88.134679,False
-10.32,7,88.141747,False
-10.57,7,88.147604,False
-11.32,7,88.153128,False
-11.78,3,88.156812,False
-10.32,7,88.162151,False
-11.78,3,88.16514,False
-10.57,7,88.170664,False
-11.78,3,88.17366,False
-11.03,3,88.17703,False
-10.55,5,88.181571,False
22.39,11,88.190078,True
-11.52,2,88.192078,False
22.63,12,88.201936,True
-11.81,6,88.206935,False
-11.32,7,88.213291,False
-10.59,9,88.221623,False
-11.54,4,88.225117,False
-11.54,4,88.228669,False
-10.59,9,88.237187,False
-10.54,4,88.240234,False
-10.34,9,88.247286,False
22.17,8,88.254333,True
20.19,6,88.258859,True
-11.78,3,88.261782,False
-11.32,7,88.268426,False
-11.54,4,88.271938,False
-11.77,2,88.272938,False
-11.76,1,88.273938,False
-11.56,6,88.279249,False
-11.31,6,88.285637,False
-10.34,9,88.294096,False
22.14,11,88.302664,True
-11.54,4,88.306186,False
-11.54,4,88.30955,False
-10.79,4,88.313097,False
-11.55,5,88.317619,False
-9.36,11,88.326131,False
-11.56,6,88.331477,False
20.68,7,88.337001,True
21.42,8,88.34478,True
-12.02,2,88.346307,False
-11.56,6,88.350823,False
-11.56,6,88.355867,False
-11.54,4,88.36066,False
22.41,9,88.367534,True
22.39,11,88.37694,True
20.68,7,88.38296,True
22.64,11,88.392465,True
21.42,8,88.399346,True
-11.32,7,88.405341,False
22.41,9,88.412691,True
-11.77,2,88.414706,False
-10.79,4,88.418212,False
21.42,8,88.42473,True
22.4,10,88.433585,True
21.42,8,88.440602,True
-10.34,9,88.448136,False
-10.34,9,88.45465,False
21.4,10,88.464699,True
-11.54,4,88.468698,False
20.2,5,88.473206,True
-11.77,2,88.475206,False
-11.78,3,88.477606,False
-11.56,6,88.483369,False
20.43,7,88.489298,True
21.43,7,88.494247,True
22.63,12,88.504788,True
-11.56,6,88.508787,False
-10.32,7,88.514927,False
20.67,8,88.521926,True
-10.33,8,88.528842,False
-10.32,7,88.534357,False
20.68,7,88.53888,True
22.4,10,88.548633,True
-10.59,9,88.555678,False
-11.78,3,88.558672,False
-12.02,2,88.56118,False
-10.34,9,88.568692,False
-11.31,6,88.57409,False
-10.34,9,88.580628,False
-10.32,7,88.587171,False
-11.33,8,88.594172,False
20.43,7,88.599695,True
22.41,9,88.607207,True
-11.32,7,88.611603,False
-11.78,3,88.615127,False
21.42,8,88.621647,True
-11.33,8,88.628379,False
20.68,7,88.633921,True
22.41,9,88.641933,True
-11.54,4,88.645188,False
20.44,6,88.649706,True
22.64,11,88.65871,True
21.19,6,88.664455,True
21.64,11,88.672962,True
-11.57,7,88.679843,False
-11.34,9,88.686879,False
20.19,6,88.692416,True
21.42,8,88.698659,True
-10.34,9,88.707171,False
22.39,11,88.715491,True
20.44,6,88.720486,True
-11.32,7,88.726534,False
-11.55,5,88.730755,False
22.6,15,88.742777,True
-11.33,8,88.75004,False
-11.55,5,89.133573,False
-11.31,6,89.139078,False
-11.77,2,89.141583,False
-10.58,8,89.149553,False
-9.36,11,89.160421,False
20.43,7,89.168942,True
-11.54,4,89.173446,False
-11.55,5,89.179894,False
-10.57,7,89.188413,False
21.43,7,89.195375,True
-11.56,6,89.201375,False
22.62,12,89.213847,True
-10.35,10,89.224873,False
-10.55,5,89.229439,False
22.37,13,89.244569,True
20.2,5,89.250074,True
21.42,8,89.259582,True
-9.36,11,89.27255,False
-11.53,3,89.27555,False
21.41,9,89.285015,True
-11.78,3,89.288328,False
-11.31,6,89.294001,False
-11.53,3,89.297193,False
20.44,6,89.304503,True
-10.34,9,89.313524,False
22.39,11,89.323538,True
20.4,10,89.334682,True
-11.56,6,89.339952,False
22.63,12,89.350727,True
20.19,6,89.35662,True
-11.78,3,89.360137,False
-11.32,7,89.365567,False
-11.78,3,89.368092,False
22.39,11,89.377914,True
-11.81,6,89.383436,False
-10.33,8,89.390432,False
20.44,6,89.395401,True
-11.3,5,89.3994,False
-10.57,7,89.40592,False
-11.76,1,89.40692,False
-11.79,4,89.410249,False
-11.57,7,89.41632,False
-11.32,7,89.42282,False
22.61,14,89.435393,True
-11.54,4,89.438393,False
-12.03,3,89.440393,False
-11.56,6,89.445262,False
22.62,12,89.455701,True
-11.32,7,89.461108,False
-10.82,7,89.467665,False
22.41,9,89.474668,True
22.14,11,89.484559,True
-11.56,6,89.489087,False
22.24,26,89.508402,True
-10.33,8,89.514695,False
-10.8,5,89.518776,False
20.43,7,89.525769,True
-11.54,4,89.529066,False
-11.57,7,89.535061,False
21.43,7,89.540104,True
22.17,8,89.546633,True
-11.54,4,89.550154,False
-11.54,4,89.553154,False
-11.33,8,89.560423,False
22.16,9,89.567937,True
21.42,8,89.575452,True
-12.02,2,89.576855,False
-10.32,7,89.583383,False
22.4,10,89.590435,True
-11.57,7,89.596883,False
-11.32,7,89.602405,False
-10.56,6,89.607405,False
-11.31,6,89.612612,False
20.68,7,89.619122,True
-11.78,3,89.62213,False
-11.31,6,89.626654,False
-11.31,6,89.632666,False
22.37,13,89.643548,True
22.41,9,89.651466,True
-10.33,8,89.657983,False
21.39,10,89.665854,True
-10.32,7,89.671853,False
-11.53,3,89.674357,False
-11.32,7,89.680588,False
-11.78,3,89.683588,False
-11.57,7,89.689111,False
20.67,8,89.695848,True
22.4,10,89.703848,True
-11.52,2,89.705359,False
-11.33,8,89.711584,False
22.38,12,89.721624,True
20.44,6,89.726135,True
-11.55,5,89.730443,False
21.43,7,89.736443,True
22.16,9,89.743016,True
-11.32,7,89.749373,False
-11.78,3,89.752373,False
20.44,6,89.757374,True
20.44,6,89.762091,True
22.38,12,89.772139,True
22.41,9,89.778889,True
20.44,6,89.783888,True
22.64,11,89.793412,True
-10.34,9,89.800151,False
-11.55,5,89.80515,False
-11.54,4,89.80815,False
-10.82,7,89.813868,False
20.19,6,89.819392,True
21.42,8,89.825913,True
-10.79,4,89.828139,False
22.4,10,89.837182,True
21.64,11,89.846473,True
-10.34,9,89.853992,False
-10.59,9,89.861222,False
-10.79,4,89.865238,False
21.66,9,89.872764,True
-11.57,7,89.878008,False
22.45,30,89.900955,True
21.66,9,89.908467,True
21.42,8,89.915476,True
-10.33,8,89.92215,False
22.63,12,89.931949,True
21.42,8,89.939198,True
-11.78,3,89.941284,False
-12.02,2,89.942284,False
-11.76,1,89.943871,False
21.42,8,89.950604,True
-11.32,7,89.957128,False
21.43,7,89.962338,True
-10.58,8,89.968863,False
21.66,9,89.976907,True
22.41,9,89.984117,True
22.64,11,89.992645,True
20.2,5,89.997375,True
-10.55,5,90.001374,False
-10.83,8,90.00789,False
20.44,6,90.013117,True
20.2,5,90.017162,True
-10.32,7,90.023169,False
22.4,10,90.031416,True
22.64,11,90.415468,True
-10.33,8,90.422976,False
-11.32,7,90.429002,False
-9.62,12,90.440509,False
22.4,10,90.451905,True
-10.79,4,90.455905,False
21.67,8,90.463052,True
-11.53,3,90.466052,False
20.44,6,90.472063,True
20.19,6,90.479494,True
20.43,7,90.486494,True
22.41,9,90.497424,True
20.44,6,90.50493,True
-10.79,4,90.509435,False
-10.83,8,90.518491,False
20.68,7,90.526412,True
-9.6,10,90.537928,False
21.41,9,90.548597,True
21.4,10,90.560151,True
21.65,10,90.571661,True
-11.33,8,90.580645,False
-10.32,7,90.58866,False
20.43,7,90.597144,True
20.2,5,90.603143,True
-11.78,3,90.606349,False
-11.52,2,90.60835,False
-10.34,9,90.616526,False
-11.3,5,90.621201,False
-11.32,7,90.628082,False
-9.56,6,90.63308,False
-10.59,9,90.642123,False
-11.53,3,90.645533,False
-11.79,4,90.649057,False
-10.58,8,90.656578,False
-10.35,10,90.663948,False
-10.59,9,90.671998,False
21.38,12,90.683808,True
-11.54,4,90.68732,False
20.44,6,90.691831,True
-10.33,8,90.698336,False
-10.57,7,90.704342,False
20.44,6,90.709934,True
-11.77,2,90.711929,False
21.17,8,90.719441,True
22.41,9,90.726953,True
21.42,8,90.73358,True
21.18,7,90.740009,True
20.44,6,90.745386,True
22.4,10,90.753144,True
-11.31,6,90.758147,False
-10.81,6,90.762395,False
-11.56,6,90.767488,False
20.68,7,90.772934,True
21.17,8,90.779165,True
-10.58,8,90.78669,False
20.68,7,90.792198,True
-10.79,4,90.79551,False
20.44,6,90.800504,True
-11.77,2,90.803015,False
21.41,9,90.810014,True
-10.57,7,90.815993,False
-9.6,10,90.824016,False
-10.57,7,90.830341,False
20.19,6,90.835007,True
-11.32,7,90.840688,False
-11.54,4,90.84397,False
-10.33,8,90.850734,False
-10.56,6,90.855399,False
-11.78,3,90.858401,False
20.68,7,90.864643,True
-11.53,3,90.866917,False
-11.57,7,91.337801,False
22.38,12,91.348108,True
21.42,8,91.355181,True
-11.54,4,91.358216,False
-11.32,7,91.365241,False
20.68,7,91.370758,True
-10.56,6,91.376274,False
-10.56,6,91.381279,False
-11.56,6,91.386806,False
-10.33,8,91.392806,False
-11.54,4,91.396851,False
21.41,9,91.404851,True
-11.78,3,91.408361,False
20.19,6,91.413757,True
20.43,7,91.419424,True
21.19,6,91.424096,True
21.42,8,91.430985,True
-11.03,3,91.433579,False
-11.78,3,91.435654,False
20.43,7,91.442251,True
-11.55,5,91.446484,False
-10.59,9,91.453533,False
-9.36,11,91.462841,False
22.4,10,91.470379,True
-10.83,8,91.477583,False
22.17,8,91.48411,True
20.2,5,91.488619,True
-9.37,12,91.497834,False
21.43,7,91.504348,True
-10.34,9,91.511061,False
-10.33,8,91.518058,False
22.16,9,91.525108,True
21.92,8,91.531858,True
-10.33,8,91.538858,False
-11.57,7,91.544296,False
-10.58,8,91.551353,False
22.16,9,91.559366,True
22.38,11,91.56817,True
20.43,7,91.573696,True
-10.32,7,91.580952,False
-12.02,2,91.582456,False
-10.58,8,91.588984,False
22.4,10,91.59701,True
22.4,10,91.605009,True
-11.32,7,91.611847,False
-10.55,5,91.615847,False
22.63,12,91.62589,True
21.42,8,91.632414,True
-11.77,2,91.634921,False
-11.31,6,91.639449,False
-9.6,10,91.648206,False
21.43,7,91.653735,True
-11.32,7,91.65926,False
21.18,7,91.665004,True
-10.33,8,91.671521,False
-10.57,7,91.677737,False
22.38,12,91.688284,True
-11.77,2,91.689801,False
20.44,6,91.695025,True
22.38,12,91.70455,True
21.67,8,91.711276,True
20.43,7,91.716272,True
21.43,7,91.721797,True
22.4,10,91.729529,True
-9.6,10,91.740053,False
-11.76,1,91.741568,False
22.64,11,91.750119,True
-11.54,4,91.753644,False
-10.32,7,91.759646,False
20.67,8,91.767166,True
20.44,6,91.772166,True
-11.32,7,91.777932,False
-10.34,9,91.785458,False
-11.31,6,92.175013,False
-10.31,6,92.182005,False
20.44,6,92.189005,True
22.64,11,92.202097,True
20.44,6,92.209503,True
-11.78,3,92.212481,False
21.41,9,92.222986,True
-10.58,8,92.232417,False
-11.78,3,92.235459,False
-11.79,4,92.240459,False
20.43,7,92.248899,True
-10.58,8,92.258403,False
20.43,7,92.26733,True
-11.32,7,92.276337,False
20.43,7,92.284337,True
21.43,7,92.292828,True
-11.78,3,92.296107,False
-10.32,7,92.303224,False
-11.55,5,92.307729,False
20.44,6,92.314105,True
20.42,8,92.32361,True
-11.81,6,92.330951,False
21.42,8,92.339962,True
-11.78,3,92.344109,False
-11.79,4,92.348614,False
-10.58,8,92.358126,False
20.43,7,92.36548,True
20.44,6,92.371522,True
-12.02,2,92.373523,False
-11.78,3,92.37692,False
-12.02,2,92.379456,False
-11.78,3,92.382462,False
-11.56,6,92.388462,False
20.2,5,92.393296,True
-11.31,6,92.398301,False
-11.57,7,92.405822,False
-11.57,7,92.411763,False
21.41,9,92.419762,True
-11.33,8,92.427454,False
-11.32,7,92.433132,False
-9.6,10,92.441132,False
-10.83,8,92.447759,False
-11.78,3,92.449758,False
-11.55,5,92.453278,False
20.43,7,92.460001,True
-11.33,8,92.466975,False
-11.32,7,92.4729,False
-11.78,3,92.474902,False
-10.56,6,92.480096,False
-10.58,8,92.487178,False
-10.33,8,92.493763,False
20.2,5,92.497286,True
-11.76,1,92.498213,False
-11.79,4,92.502213,False
-11.54,4,92.505737,False
22.59,16,92.518174,True
-11.78,3,92.521188,False
22.64,11,92.530109,True
21.43,7,92.536155,True
20.67,8,92.542685,True
-11.57,7,92.54847,False
20.67,8,92.554981,True
20.68,7,92.559535,True
-11.57,7,92.565766,False
-10.34,9,92.573809,False
-10.33,8,92.580539,False
-10.33,8,92.586538,False
21.66,9,92.594562,True
-10.33,8,92.601078,False
-11.32,7,92.607078,False
-11.56,6,92.611768,False
-10.33,8,92.620275,False
-10.58,8,92.627434,False
-11.55,5,92.632108,False
20.44,6,92.637033,True
22.65,10,92.644974,True
-11.32,7,92.651021,False
20.44,6,92.655544,True
20.44,6,92.661439,True
-10.35,10,92.668978,False
-11.78,3,92.671986,False
20.43,7,92.677723,True
20.67,8,92.684244,True
-11.82,7,92.689759,False
20.43,7,92.694964,True
22.41,9,92.701964,True
-11.54,4,92.706499,False
-10.35,10,92.714229,False
21.42,8,92.721234,True
21.43,7,92.726977,True
-11.56,6,92.731973,False
20.43,7,92.737502,True
-11.77,2,92.739502,False
20.19,6,92.743502,True
-11.58,8,92.751231,False
22.16,9,92.758743,True
-11.56,6,92.763996,False
21.18,7,92.769534,True
20.43,7,92.775048,True
-11.56,6,92.780272,False
-11.56,6,92.785279,False
22.62,13,92.796997,True
-12.02,2,92.79951,False
22.14,11,92.808509,True
-11.32,7,92.814031,False
-10.33,8,92.820555,False
20.44,6,92.826054,True
-11.78,3,92.828077,False
-10.83,8,92.835108,False
21.19,6,92.840154,True
20.2,5,92.843898,True
20.44,6,92.849151,True
20.43,7,92.855675,True
-10.55,5,92.860442,False
20.2,5,92.863969,True
21.42,8,92.870493,True
-10.33,8,92.877016,False
-10.34,9,92.884772,False
-11.56,6,92.889773,False
-12.02,2,92.890779,False
21.41,9,92.898515,True
21.66,9,92.906036,True
20.19,6,92.911302,True
-10.56,6,92.916815,False
21.43,7,92.922817,True
-10.55,5,92.926339,False
-10.57,7,92.932555,False
-11.31,6,92.938081,False
-11.32,7,92.94308,False
20.43,7,92.949349,True
21.19,6,92.954861,True
21.18,7,92.960609,True
-10.33,8,92.967129,False
-11.54,4,92.970129,False
-11.31,6,92.974129,False
-11.54,4,92.978378,False
-11.54,4,92.981378,False
-10.33,8,92.988885,False
22.64,11,92.997674,True
22.38,12,93.008178,True
-11.55,5,93.01251,False
21.66,9,93.019175,True
22.63,12,93.029147,True
-11.32,7,93.035724,False
-10.57,7,93.041391,False
-9.6,10,93.050203,False
-10.34,9,93.057202,False
20.68,7,93.063556,True
20.2,5,93.067556,True
22.14,11,93.077427,True
20.68,7,93.083055,True
21.19,6,93.088055,True
-10.33,8,93.465449,False
-11.57,7,93.474511,False
-11.78,3,93.478437,False
-10.37,11,93.491942,False
-11.54,4,93.496405,False
21.66,9,93.504909,True
-9.8,5,93.509792,False
-9.85,10,93.52131,False
-11.78,3,93.52431,False
-11.34,9,93.535722,False
-11.77,2,93.537721,False
21.41,9,93.548714,True
21.43,7,93.556219,True
21.43,7,93.564121,True
21.42,8,93.571623,True
-10.32,7,93.579163,False
-11.33,8,93.588669,False
-9.82,7,93.596861,False
-10.32,7,93.605368,False
20.68,7,93.613288,True
-10.58,8,93.622292,False
22.36,14,93.637299,True
-9.66,15,93.651825,False
-11.56,6,93.658342,False
20.67,8,93.665875,True
-11.32,7,93.67354,False
-10.57,7,93.680418,False
-11.78,3,93.683418,False
-10.34,9,93.69157,False
22.64,11,93.700636,True
-10.58,8,93.707063,False
-10.59,9,93.715465,False
-9.56,6,93.719979,False
-11.32,7,93.725979,False
22.4,10,93.735373,True
-10.33,8,93.740901,False
-11.78,3,93.74441,False
-10.59,9,93.752009,False
-10.57,7,93.758009,False
-11.31,6,93.762665,False
-11.54,4,93.766262,False
-10.32,7,93.771775,False
-10.6,9,93.780276,False
-11.54,4,93.783532,False
22.41,9,93.79105,True
-10.55,5,93.79544,False
-10.55,5,93.799435,False
-11.76,1,93.80094,False
-11.54,4,93.803947,False
21.42,8,93.8114,True
22.41,9,93.81909,True
-11.32,7,93.824602,False
-11.32,7,93.830636,False
21.43,7,93.83617,True
-11.55,5,93.841172,False
20.43,7,93.84677,True
-10.32,7,93.85177,False
21.43,7,93.859282,True
21.17,8,93.866042,True
-11.31,6,93.871044,False
21.42,8,93.877359,True
21.66,9,93.884883,True
-11.33,8,93.891884,False
-11.77,2,93.892882,False
20.42,8,93.900409,True
-11.53,3,93.902409,False
20.42,8,93.90925,True
-11.56,6,93.914269,False
22.4,10,93.922787,True
-11.78,3,93.926289,False
20.44,6,93.931088,True
-10.57,7,93.937559,False
-11.32,7,93.942913,False
-10.57,7,93.949467,False
21.43,7,93.955465,True
20.44,6,93.96037,True
-11.55,5,93.964889,False
-11.77,2,93.966889,False
-10.8,5,93.971009,False
22.17,8,93.978344,True
-10.33,8,93.984864,False
-11.78,3,93.986871,False
-12.02,2,93.989383,False
-12.02,2,93.990398,False
-10.57,7,93.996609,False
-11.76,1,93.997609,False
-10.59,9,94.005123,False
20.43,7,94.011379,True
-11.55,5,94.015366,False
22.17,8,94.021888,True
21.67,8,94.028111,True
-11.32,7,94.034632,False
-10.58,8,94.041658,False
-10.32,7,94.046969,False
-11.55,5,94.051494,False
-11.31,6,94.055508,False
-10.84,9,94.063238,False
-10.58,8,94.070236,False
-10.6,10,94.078974,False
20.43,7,94.0845,True
22.64,11,94.094303,True
-9.8,5,94.098953,False
-11.54,4,94.101961,False
-11.3,5,94.106483,False
-11.78,3,94.108483,False
-10.35,10,94.116432,False
20.44,6,94.121432,True
-11.33,8,94.128249,False
-11.78,3,94.131249,False
20.67,8,94.138275,True
20.42,8,94.144417,True
-11.55,5,94.148938,False
22.41,9,94.155937,True
22.61,14,94.168426,True
-11.52,2,94.169937,False
21.42,8,94.176648,True
22.64,11,94.186424,True
21.42,8,94.19295,True
-11.55,5,94.197181,False
-11.53,3,94.20018,False
22.62,13,94.211051,True
21.42,8,94.217566,True
21.42,8,94.224037,True
20.44,6,94.229283,True
-10.79,4,94.2328,False
21.42,8,94.239961,True
-10.55,5,94.244806,False
19.95,5,94.248805,True
-11.54,4,94.25148,False
-11.56,6,94.257004,False
22.39,11,94.26617,True
20.65,10,94.273695,True
-10.56,6,94.278924,False
-11.55,5,94.283919,False
-10.33,8,94.290946,False
-11.78,3,94.292946,False
20.44,6,94.298703,True
-11.32,7,94.303697,False
-11.77,2,94.306224,False
-10.36,11,94.315619,False
-11.32,7,94.321131,False
20.43,7,94.32745,True
20.44,6,94.332442,True
-10.34,9,94.339987,False
-11.78,3,94.341987,False
-10.32,7,94.3486,False
-11.54,4,94.3516,False
-12.02,2,94.3536,False
-10.33,8,94.359968,False
-11.8,5,94.364512,False
-10.83,8,94.371037,False
-11.54,4,94.374036,False
-10.57,7,94.380193,False
-10.31,6,94.756982,False
-11.32,7,94.763565,False
21.41,9,94.775635,True
21.67,8,94.782298,True
-10.57,7,94.789819,False
-11.54,4,94.793464,False
21.4,10,94.805013,True
-10.35,10,94.815223,False
-10.34,9,94.823743,False
-11.55,5,94.828735,False
20.43,7,94.835736,True
22.38,12,94.846601,True
-11.78,3,94.850122,False
-11.31,6,94.856122,False
20.44,6,94.862308,True
21.42,8,94.869334,True
20.44,6,94.87603,True
-10.32,7,94.882867,False
-10.55,5,94.887868,False
21.66,9,94.896818,True
-9.64,14,94.911016,False
-10.33,8,94.919026,False
-11.78,3,94.922543,False
20.44,6,94.929544,True
-10.56,6,94.936059,False
22.64,11,94.948073,True
20.43,7,94.955038,True
22.35,15,94.968349,True
-10.57,7,94.974585,False
22.4,10,94.982894,True
-9.6,10,94.992414,False
-11.78,3,94.994753,False
-10.55,5,94.999768,False
-11.57,7,95.005269,False
-11.79,4,95.009276,False
-11.79,4,95.012786,False
-10.32,7,95.018534,False
22.4,10,95.026115,True
-10.33,8,95.033398,False
-11.78,3,95.036402,False
-11.56,6,95.041508,False
-10.57,7,95.047932,False
-11.33,8,95.053931,False
-11.54,4,95.057435,False
20.44,6,95.062885,True
-11.56,6,95.067909,False
20.42,8,95.076193,True
-11.56,6,95.081154,False
22.4,10,95.090679,True
22.62,13,95.102598,True
22.16,9,95.110752,True
-10.6,10,95.118961,False
-11.54,4,95.122492,False
-11.53,3,95.125488,False
-10.33,8,95.132304,False
-11.56,6,95.138304,False
-10.82,7,95.145269,False
22.16,9,95.153269,True
-10.58,8,95.160052,False
-10.57,7,95.166111,False
22.65,10,95.1744,True
-11.57,7,95.180784,False
20.19,6,95.186301,True
20.68,7,95.191306,True
-9.8,5,95.196092,False
22.12,12,95.207213,True
-10.34,9,95.214567,False
-10.57,7,95.220091,False
-11.32,7,95.226602,False
-11.78,3,95.22905,False
-10.32,7,95.235385,False
-12.02,2,95.236385,False
20.44,6,95.241908,True
21.42,8,95.247821,True
-11.31,6,95.253539,False
21.67,8,95.260051,True
-11.33,8,95.266928,False
22.15,10,95.275457,True
-11.32,7,95.280906,False
20.2,5,95.28543,True
-11.76,1,95.286439,False
-10.58,8,95.29284,False
-10.33,8,95.300095,False
20.43,7,95.305619,True
-11.32,7,95.311845,False
21.19,6,95.316356,True
-10.34,9,95.323868,False
-10.33,8,95.331312,False
22.34,16,95.343908,True
-9.8,5,95.347921,False
-11.56,6,95.351921,False
-9.6,10,95.361943,False
-11.32,7,95.366977,False
-11.82,7,95.372993,False
21.17,8,95.383245,True
-11.56,6,95.388268,False
-11.54,4,95.391263,False
-11.54,4,95.395782,False
-11.31,6,95.400381,False
22.61,14,95.412434,True
-11.56,6,95.416951,False
22.6,15,95.429445,True
-11.55,5,95.433444,False
-11.32,7,95.439949,False
-12.03,3,95.442949,False
21.43,7,95.448257,True
22.39,11,95.458946,True
-10.79,4,95.462454,False
21.41,9,95.469527,True
20.68,7,95.47553,True
22.13,12,95.486045,True
-11.55,5,95.489558,False
20.67,8,95.497002,True
22.41,9,95.503527,True
20.2,5,95.50752,True
20.68,7,95.513772,True
-10.55,5,95.518274,False
21.67,8,95.524792,True
20.94,6,95.530046,True
20.68,7,95.53523,True
-11.78,3,95.538222,False
-12.03,3,95.54023,False
22.37,13,95.551146,True
22.38,12,95.561885,True
20.43,7,95.566397,True
21.66,9,95.574421,True
-10.81,6,95.579766,False
21.4,10,95.588294,True
22.4,10,95.597067,True
-10.33,8,95.603066,False
-10.56,6,95.607592,False
-11.78,3,95.610805,False
20.68,7,95.616324,True
-11.54,4,95.619323,False
22.17,8,95.62584,True
21.41,9,95.634033,True
-10.55,5,95.638553,False
-10.33,8,95.644819,False
-11.57,7,95.650333,False
20.2,5,95.655039,True
-11.32,7,95.660777,False
-11.33,8,96.048975,False
-11.32,7,96.05748,False
-10.79,4,96.061975,False
20.67,8,96.071483,True
-11.53,3,96.074989,False
22.63,12,96.085648,True
20.44,6,96.091647,True
-11.31,6,96.097741,False
-11.56,6,96.102741,False
-11.78,3,96.106247,False
20.2,5,96.111861,True
-10.34,9,96.120366,False
-10.58,8,96.128435,False
-10.57,7,96.135435,False
-11.56,6,96.141939,False
20.44,6,96.148496,True
20.19,6,96.155496,True
21.42,8,96.165162,True
-10.34,9,96.176173,False
-11.78,3,96.17911,False
-11.31,6,96.18511,False
-10.33,8,96.194829,False
-10.33,8,96.204335,False
-11.3,5,96.210371,False
20.44,6,96.21637,True
21.18,7,96.224874,True
-11.32,7,96.233459,False
-10.34,9,96.243434,False
22.17,8,96.25082,True
-9.36,11,96.261868,False
22.41,9,96.270701,True
-11.56,6,96.276739,False
-10.33,8,96.284043,False
-10.32,7,96.290082,False
-10.35,10,96.299172,False
22.4,10,96.306695,True
20.68,7,96.312658,True
20.44,6,96.317672,True
21.42,8,96.324197,True
20.19,6,96.329602,True
-12.02,2,96.331602,False
-10.35,10,96.339121,False
-11.33,8,96.346061,False
20.68,7,96.351583,True
20.2,5,96.356601,True
20.44,6,96.361688,True
-11.53,3,96.364198,False
-11.31,6,96.369741,False
21.43,7,96.375249,True
20.44,6,96.381026,True
-10.34,9,96.388546,False
-10.33,8,96.39543,False
-10.81,6,96.400944,False
-10.8,5,96.40595,False
22.41,9,96.412759,True
-10.59,9,96.421269,False
-11.3,5,96.42527,False
20.67,8,96.431629,True
21.17,8,96.439162,True
20.44,6,96.444455,True
21.18,7,96.4506,True
22.13,12,96.460136,True
-11.81,6,96.465419,False
-11.31,6,96.469937,False
-10.58,8,96.477458,False
-11.32,7,96.482982,False
22.41,9,96.490498,True
-11.32,7,96.496897,False
20.68,7,96.503414,True
-11.33,8,96.510851,False
20.2,5,96.515858,True
-11.57,7,96.521363,False
-11.77,2,96.52337,False
-10.57,7,96.529375,False
-12.02,2,96.531886,False
20.44,6,96.5369,True
-11.54,4,96.5399,False
-11.77,2,96.542397,False
22.34,16,96.555457,True
20.43,7,96.561996,True
-11.57,7,96.567027,False
21.17,8,96.573874,True
-10.33,8,96.581161,False
-10.34,9,96.589225,False
-11.31,6,96.593466,False
20.44,6,96.598652,True
-12.02,2,96.600652,False
21.15,10,96.609174,True
21.43,7,96.614896,True
-10.34,9,96.62191,False
-10.33,8,96.628649,False
22.17,8,96.635642,True
22.41,9,96.642165,True
20.67,8,96.647913,True
22.65,10,96.656957,True
21.4,9,96.664165,True
-10.33,8,96.670692,False
-10.34,9,96.678442,False
-11.78,3,96.681443,False
20.68,7,96.686555,True
21.65,10,96.694819,True
-11.77,2,96.696823,False
-9.84,9,96.704343,False
-9.61,11,96.714115,False
-10.56,6,96.719642,False
22.17,8,96.725641,True
-11.77,2,96.728069,False
21.41,9,96.73559,True
21.67,8,96.742664,True
22.63,11,96.75201,True
22.41,9,96.75933,True
20.2,5,96.763353,True
-10.58,8,96.770595,False
-11.31,6,96.775277,False
-9.56,6,96.781032,False
-11.33,8,96.787573,False
-11.56,6,96.792105,False
-11.32,7,96.797326,False
21.43,7,96.803849,True
22.32,18,96.817598,True
20.68,7,96.824106,True
-10.32,7,96.830364,False
-10.61,11,96.838883,False
20.68,7,96.845139,True
-11.34,9,96.853169,False
-11.56,6,96.858184,False
21.42,8,96.864688,True
-11.33,8,96.871688,False
22.16,9,96.879063,True
22.4,10,96.887589,True
20.66,9,96.894981,True
21.66,9,96.902503,True
20.66,9,96.909423,True
-11.54,4,96.913442,False
22.38,12,96.922973,True
20.19,6,96.927711,True
21.67,8,96.934706,True
-11.32,6,96.939232,False
22.4,10,96.947934,True
21.67,8,96.954456,True
-10.81,6,96.959969,False
-9.41,16,97.346076,False
21.19,6,97.352582,True
-11.33,8,97.361646,False
-11.53,3,97.366156,False
-10.57,7,97.372769,False
21.4,10,97.383734,True
21.42,8,97.393239,True
-10.34,9,97.403187,False
-10.33,8,97.413149,False
-11.78,3,97.416651,False
20.43,7,97.424654,True
22.16,9,97.433774,True
-11.07,7,97.441287,False
-11.53,3,97.444867,False
20.43,7,97.452805,True
-10.56,6,97.460751,False
20.19,6,97.467429,True
-10.32,7,97.474444,False
-10.34,9,97.484375,False
-10.55,5,97.490381,False
22.38,11,97.503219,True
-10.55,5,97.509637,False
22.63,12,97.523159,True
-11.31,6,97.529523,False
-10.79,4,97.53407,False
-11.59,9,97.542893,False
-10.35,10,97.552267,False
-11.77,2,97.554281,False
-9.62,12,97.565713,False
-11.77,2,97.567713,False
20.68,7,97.574231,True
21.42,8,97.581756,True
-11.79,4,97.585279,False
-10.34,9,97.594279,False
22.39,11,97.60332,True
22.63,12,97.613237,True
-10.32,7,97.619747,False
-11.54,4,97.622747,False
-10.33,8,97.629849,False
-11.57,7,97.636361,False
-11.33,8,97.642367,False
-10.79,4,97.646613,False
-11.31,6,97.651141,False
-11.31,6,97.655665,False
22.35,15,97.667928,True
-11.57,7,97.673458,False
-11.76,1,97.674457,False
21.41,9,97.682726,True
21.18,7,97.688237,True
-11.55,5,97.692251,False
20.19,6,97.696467,True
-10.33,8,98.192667,False
-11.56,6,98.199473,False
-10.33,8,98.206479,False
-9.6,10,98.216759,False
22.39,11,98.227795,True
21.66,9,98.236868,True
-10.34,8,98.243382,False
-10.79,4,98.246672,False
22.41,9,98.254797,True
-11.57,7,98.261335,False
20.19,6,98.266258,True
21.41,9,98.274312,True
22.39,11,98.283291,True
-10.32,7,98.289376,False
-10.55,5,98.294204,False
20.43,7,98.299492,True
21.17,8,98.306026,True
22.38,12,98.316278,True
20.43,7,98.322031,True
-11.33,8,98.328796,False
-10.6,10,98.337328,False
21.18,7,98.343319,True
-11.34,9,98.351035,False
22.64,11,98.359225,True
-9.61,11,98.368975,False
-11.32,7,98.374974,False
20.43,7,98.380559,True
20.19,6,98.385554,True
-11.32,7,98.391065,False
-11.77,2,98.393332,False
21.41,9,98.400859,True
20.44,6,98.405857,True
22.4,10,98.413592,True
-12.02,2,98.415586,False
-10.33,8,98.422111,False
21.16,9,98.430335,True
-10.33,8,98.436851,False
21.18,7,98.442366,True
-11.31,6,98.447576,False
-11.32,7,98.453101,False
-11.56,6,98.458623,False
21.65,10,98.465884,True
20.43,7,98.472406,True
21.43,7,98.478147,True
21.66,9,98.485189,True
-10.61,10,98.494439,False
21.42,8,98.501263,True
-10.34,9,98.508778,False
21.67,8,98.515211,True
-11.53,3,98.517739,False
22.4,10,98.525752,True
-11.54,4,98.529134,False
-11.58,8,98.535657,False
-11.32,7,98.542723,False
21.18,7,98.549266,True
-11.78,3,98.551266,False
-10.33,8,98.558299,False
21.17,8,98.564702,True
21.43,7,98.57021,True
-11.32,7,98.576216,False
-10.57,7,98.581529,False
-11.78,3,98.584537,False
20.68,7,98.590054,True
-10.36,11,98.599668,False
21.41,8,98.606353,True
-11.78,3,98.608353,False
-11.82,7,98.615081,False
-11.57,7,98.620591,False
-9.61,11,98.62982,False
-11.78,3,98.633164,False
-10.55,5,98.637176,False
-12.02,2,98.639174,False
20.68,7,98.644691,True
22.37,13,98.655718,True
-11.78,3,98.658727,False
21.43,7,98.664244,True
19.95,5,98.66826,True
20.44,6,98.673782,True
-10.31,6,98.678517,False
-11.33,8,98.685272,False
-11.77,2,98.686799,False
-11.33,8,98.694091,False
-10.55,5,98.698602,False
-10.33,8,98.705115,False
20.44,6,98.710852,True
22.62,13,98.721355,True
-10.33,8,98.72859,False
-10.55,5,98.73259,False
-11.3,5,98.737095,False
-11.32,7,98.743648,False
-11.58,8,98.749421,False
-10.57,7,99.13813,False
-10.56,6,99.145245,False
-10.6,10,99.155748,False
20.44,6,99.160885,True
-11.56,6,99.168398,False
20.42,8,99.178414,True
-11.81,6,99.185928,False
20.44,6,99.19244,True
-11.57,7,99.199952,False
-11.78,3,99.202953,False
-11.78,3,99.205458,False
20.43,7,99.213248,True
-11.32,7,99.219753,False
-10.34,9,99.229676,False
22.62,13,99.241722,True
-11.55,5,99.248423,False
20.43,7,99.25593,True
-10.58,8,99.26553,False
-11.77,2,99.268035,False
20.68,7,99.276981,True
-11.33,8,99.284993,False
22.14,11,99.298089,True
20.44,6,99.3051,True
21.42,8,99.313997,True
-11.54,4,99.318997,False
-11.56,6,99.325805,False
21.41,9,99.334555,True
22.4,10,99.3447,True
-10.58,8,99.352701,False
20.43,7,99.359373,True
-10.57,7,99.366474,False
-11.78,3,99.369473,False
21.66,9,99.377323,True
20.42,8,99.383869,True
21.67,8,99.39092,True
-10.34,9,99.398818,False
20.44,6,99.403823,True
-11.56,6,99.408366,False
21.42,8,99.414805,True
20.68,7,99.421332,True
-11.55,5,99.425332,False
20.43,7,99.432107,True
22.4,10,99.440633,True
-11.32,7,99.44841,False
20.68,7,99.454421,True
-11.78,3,99.457421,False
-10.32,7,99.462983,False
20.44,6,99.467738,True
-10.58,8,99.474795,False
-11.77,2,99.477206,False
-11.32,7,99.481723,False
-10.56,6,99.488234,False
-10.57,7,99.494445,False
-11.78,3,99.496443,False
-11.56,6,99.501968,False
-11.32,7,99.507962,False
-9.37,12,99.517772,False
-10.35,10,99.526088,False
21.17,8,99.532323,True
21.43,7,99.538841,True
-11.78,3,99.540839,False
21.43,7,99.547112,True
-11.54,4,99.550112,False
21.43,7,99.556624,True
-10.34,9,99.563417,False
-11.57,7,99.57117,False
-10.33,8,99.578013,False
-10.56,6,99.584032,False
-10.32,7,99.589643,False
-11.56,6,99.595125,False
22.54,21,99.611642,True
21.66,9,99.619151,True
21.19,6,99.62415,True
-11.32,7,99.630048,False
22.65,10,99.638047,True
22.4,10,99.646787,True
22.18,7,99.652299,True
-10.81,6,99.657299,False
-10.33,8,99.664033,False
-11.3,5,99.668033,False
-11.32,7,99.673091,False
21.17,8,99.68081,True
21.17,8,99.687347,True
20.43,7,99.692868,True
20.44,6,99.699159,True
21.42,8,99.705177,True
22.41,9,99.713719,True
-10.57,7,99.718716,False
22.4,10,99.72748,True
-11.55,5,99.731479,False
20.43,7,99.737005,True
20.44,6,99.742006,True
-11.55,5,99.746739,False
20.44,6,99.75174,True
-11.31,6,99.757271,False
20.44,6,99.762009,True
22.6,15,99.773534,True
21.4,10,99.781795,True
21.42,8,99.788841,True
22.39,11,99.798118,True
20.44,6,99.803118,True
20.44,6,99.807642,True
-11.57,7,99.813847,False
-10.33,8,99.820367,False
21.41,9,99.828656,True
20.44,6,99.833187,True
-10.33,8,99.8397,False
-11.58,8,99.845918,False
-11.31,6,99.851456,False
-10.59,9,99.858455,False
-11.56,6,99.864192,False
-10.56,6,99.86919,False
-10.58,8,99.875237,False
-10.35,10,99.883701,False
20.68,7,99.889222,True
20.19,6,99.894953,True
-11.78,3,99.897952,False
-11.55,5,99.901952,False
22.16,9,99.909,True
-10.55,5,99.912745,False
-11.56,6,99.917748,False
-11.33,8,99.92427,False
-11.78,3,99.927595,False
-9.6,10,99.935112,False
20.91,9,99.943626,True
-10.34,9,99.950842,False
-11.33,8,99.957367,False
21.41,9,99.965158,True
-10.31,6,99.970163,False
-10.79,4,99.973163,False
22.41,9,99.98088,True
20.44,6,99.985435,True
-10.58,8,99.992448,False
20.44,6,99.997185,True
-10.56,6,100.002706,False
-10.55,5,100.006218,False
20.43,7,100.012436,True
21.42,8,100.01896,True
-11.33,8,100.025951,False
22.35,15,100.038138,True
20.43,7,100.044062,True
20.44,6,100.416884,True
-10.58,8,100.424389,False
-11.54,4,100.428932,False
-10.36,11,100.440943,False
-10.82,7,100.449935,False
-10.57,7,100.458938,False
-11.54,4,100.463837,False
21.18,7,100.472348,True
20.44,6,100.478801,True
21.67,8,100.486319,True
-11.32,7,100.494226,False
-11.32,7,100.502234,False
-11.55,5,100.508241,False
22.63,12,100.519209,True
20.67,8,100.528214,True
-11.54,4,100.533717,False
21.42,8,100.543244,True
22.37,13,100.556764,True
22.38,12,100.570159,True
-11.54,4,100.575661,False
-11.78,3,100.579197,False
20.44,6,100.586197,True
21.12,12,100.60026,True
-10.55,5,100.60526,False
20.2,5,100.610917,True
21.42,8,100.618681,True
20.44,6,100.624681,True
-11.78,3,100.627813,False
21.43,7,100.63483,True
21.67,8,100.641355,True
20.44,6,100.647636,True
20.44,6,100.652155,True
-11.8,5,100.657155,False
-11.57,7,100.663122,False
-11.54,4,100.667136,False
-10.6,10,100.675661,False
22.4,10,100.683413,True
-10.58,8,100.690163,False
-11.78,3,100.692738,False
-10.33,8,100.699758,False
21.43,7,100.70528,True
20.43,7,100.711136,True
-10.56,6,100.71615,False
21.41,9,100.723672,True
-10.32,7,100.729995,False
-10.56,6,100.734519,False
-10.33,8,100.741514,False
22.39,11,100.750842,True
-10.59,9,100.760355,False
-9.85,10,100.768867,False
-11.78,3,100.770866,False
-12.02,2,100.772866,False
22.64,11,100.781892,True
20.2,5,100.78605,True
-11.32,7,100.792639,False
22.39,11,100.801855,True
22.39,10,100.809943,True
-10.55,5,100.814489,False
-10.32,7,100.821009,False
21.66,9,100.828427,True
21.39,11,100.837863,True
22.1,15,100.850854,True
-10.57,7,100.85736,False
-10.33,8,100.864369,False
22.58,17,100.878841,True
-10.83,8,100.885844,False
20.44,6,100.890891,True
19.96,4,100.894356,True
22.63,12,100.904394,True
-11.56,6,100.909901,False
-10.79,4,100.913289,False
-11.56,6,100.918289,False
22.16,9,100.926114,True
-11.58,8,100.932662,False
-10.33,8,100.938662,False
-11.79,4,100.942553,False
-11.57,7,100.948587,False
22.64,11,100.958111,True
-11.53,3,100.960487,False
-10.31,6,100.965538,False
20.44,6,100.971533,True
-11.56,6,100.97636,False
20.68,7,100.981907,True
-11.78,3,100.984429,False
-11.78,3,100.986429,False
-9.6,10,100.995775,False
-9.36,11,101.005279,False
-11.55,5,101.009584,False
20.44,6,101.014143,True
-10.33,8,101.02066,False
-10.34,9,101.028493,False
-12.02,2,101.030493,False
-11.54,4,101.033492,False
-11.56,6,101.039006,False
20.44,6,101.044403,True
-11.54,4,101.048069,False
20.44,6,101.052994,True
-11.82,7,101.058506,False
20.44,6,101.062904,True
-11.55,5,101.068022,False
20.43,7,101.074022,True
22.35,15,101.086859,True
22.16,9,101.093782,True
-11.78,3,101.095779,False
-10.57,7,101.102805,False
21.42,8,101.109143,True
19.96,4,101.113224,True
20.19,6,101.118221,True
-11.56,6,101.122891,False
20.44,6,101.127195,True
20.44,6,101.132866,True
-11.34,9,101.140458,False
-11.78,3,101.142531,False
20.2,5,101.147838,True
-10.56,6,101.152364,False
20.2,5,101.156364,True
-11.32,7,101.163135,False
-11.78,3,101.165662,False
20.68,7,101.171185,True
20.68,7,101.176586,True
20.66,9,101.184642,True
-11.78,3,101.187651,False
20.44,6,101.192163,True
-11.78,3,101.195555,False
-11.32,7,101.201604,False
22.38,12,101.211481,True
21.41,9,101.219008,True
-11.54,4,101.223003,False
-11.54,4,101.226533,False
-10.33,8,101.23243,False
-11.78,3,101.235429,False
-10.35,9,101.243024,False
20.44,6,101.248046,True
21.42,8,101.255569,True
-11.32,7,101.262044,False
20.68,7,101.267566,True
-11.81,6,101.273075,False
-10.35,10,101.281507,False
-11.78,3,101.284502,False
20.68,7,101.29132,True
20.43,7,101.2973,True
21.67,8,101.304522,True
-10.35,10,101.312548,False
-11.56,6,101.318486,False
20.44,6,101.323997,True
-11.77,2,101.325998,False
-10.59,9,101.333185,False
-11.57,7,101.339184,False
-10.55,5,101.344322,False
22.39,11,101.723923,True
-10.32,7,101.731929,False
20.44,6,101.738456,True
-11.32,7,101.744372,False
-10.57,7,101.75187,False
-10.56,6,101.758871,False
-12.02,2,101.760966,False
20.68,7,101.768489,True
-10.8,5,101.774996,False
21.42,8,101.783652,True
-11.8,5,101.790652,False
20.68,7,101.79833,True
20.43,7,101.804835,True
-10.79,4,101.808835,False
20.68,7,101.814997,True
22.63,12,101.828501,True
-11.78,3,101.831501,False
21.65,10,101.84451,True
21.39,10,101.854012,True
22.62,13,101.867491,True
-11.79,4,101.871499,False
-11.55,5,101.877454,False
20.2,5,101.883451,True
-10.57,7,101.891982,False
21.42,8,101.901069,True
-11.55,5,101.907076,False
21.18,7,101.91463,True
20.41,9,101.92316,True
-9.8,5,101.928479,False
-11.78,3,101.931479,False
21.66,9,101.939003,True
-10.59,9,101.94742,False
21.42,8,101.953942,True
-11.78,3,101.955941,False
-10.34,9,101.963914,False
20.44,6,101.96944,True
-10.33,8,101.976398,False
20.44,6,101.980942,True
21.67,8,101.987465,True
20.42,8,101.994877,True
-10.35,10,102.002389,False
21.43,7,102.008394,True
-11.55,4,102.012156,False
21.42,8,102.018679,True
-10.33,8,102.025186,False
-11.78,3,102.028492,False
21.18,7,102.034016,True
22.41,9,102.041011,True
21.66,9,102.048917,True
20.42,8,102.055444,True
22.41,9,102.063327,True
21.67,8,102.068869,True
-11.78,3,102.071865,False
-11.54,4,102.075388,False
-11.32,7,102.081295,False
20.43,7,102.086802,True
20.44,6,102.092307,True
-11.54,4,102.095659,False
-11.54,4,102.098655,False
21.43,7,102.105163,True
22.39,11,102.113394,True
20.44,6,102.118908,True
-10.84,9,102.125908,False
-11.53,3,102.128124,False
22.17,8,102.135122,True
20.43,7,102.140647,True
-11.31,6,102.145852,False
-11.31,6,102.151359,False
20.68,7,102.157359,True
20.44,6,102.162204,True
-12.02,2,102.164196,False
-10.33,8,102.170464,False
-10.34,9,102.178303,False
-11.77,2,102.180309,False
20.2,5,102.185308,True
-10.56,6,102.190822,False
22.36,14,102.201574,True
22.41,9,102.209699,True
-10.35,10,102.217721,False
-11.8,5,102.222243,False
-10.56,6,102.227245,False
-11.32,7,102.232787,False
20.44,6,102.237788,True
-11.78,3,102.240783,False
-11.31,6,102.245546,False
-10.35,10,102.254071,False
-10.34,9,102.26129,False
20.19,6,102.265813,True
-11.31,6,102.270335,False
-10.57,7,102.277149,False
21.41,9,102.284204,True
-11.78,3,102.287199,False
-10.35,10,102.296,False
21.42,8,102.302,True
-11.54,4,102.305536,False
-11.52,2,102.307536,False
21.42,8,102.314287,True
22.37,13,102.324877,True
22.36,14,102.336622,True
-11.54,4,102.341642,False
20.43,7,102.347156,True
-10.32,7,102.353156,False
21.41,9,102.360681,True
-11.81,6,102.366233,False
20.19,6,102.370751,True
22.64,11,102.380671,True
20.44,6,102.38567,True
22.41,9,102.393217,True
21.43,7,102.399,True
20.68,7,102.405,True
21.41,9,102.413419,True
20.19,6,102.418417,True
20.44,6,102.422939,True
20.42,8,102.430848,True
-11.32,7,102.435848,False
20.44,6,102.441372,True
22.4,10,102.450166,True
20.19,6,102.455173,True
20.44,6,102.459173,True
-11.54,4,102.46393,False
22.59,16,102.476269,True
-10.57,7,102.481795,False
-11.78,3,102.484298,False
-11.54,4,102.487804,False
-11.3,5,102.492146,False
21.66,9,102.500379,True
21.42,8,102.507049,True
22.1,40,102.536867,True
-10.57,7,102.543871,False
-11.56,6,102.548392,False
22.62,12,102.557904,True
20.42,8,102.564681,True
-10.57,7,102.571237,False
-10.34,9,102.577978,False
-10.81,6,102.582979,False
-11.33,8,102.590486,False
22.17,8,102.596773,True
-11.57,7,102.602311,False
-10.32,7,102.608369,False
21.43,7,102.614585,True
-11.57,7,102.620098,False
21.41,9,103.020736,True
20.19,6,103.027782,True
-10.32,7,103.035289,False
-11.55,5,103.040288,False
21.63,11,103.052388,True
21.43,7,103.061523,True
-10.55,5,103.067029,False
21.42,8,103.076036,True
-12.03,3,103.078571,False
-10.57,7,103.086072,False
-11.78,3,103.090075,False
20.44,6,103.096579,True
22.63,12,103.111071,True
-10.33,8,103.120575,False
-11.78,3,103.123575,False
-10.56,6,103.130682,False
22.62,13,103.143824,True
-11.78,3,103.147822,False
-11.34,9,103.158328,False
20.19,6,103.164948,True
22.63,12,103.178484,True
21.42,8,103.188493,True
-10.34,9,103.198488,False
-10.82,7,103.205993,False
-11.77,2,103.207993,False
20.44,6,103.215132,True
-10.62,12,103.227117,False
-11.33,8,103.234483,False
-9.6,10,103.243689,False
-11.56,6,103.248687,False
-9.36,11,103.258207,False
-10.56,6,103.26242,False
22.61,14,103.274445,True
20.68,7,103.279672,True
-11.57,7,103.284672,False
-11.55,5,103.290282,False
21.42,8,103.297193,True
-10.6,10,103.305715,False
-10.33,8,103.312036,False
-10.55,5,103.316543,False
22.15,10,103.32455,True
-11.56,6,103.330081,False
22.39,11,103.339484,True
-11.58,8,103.345708,False
20.42,8,103.352248,True
21.42,8,103.358746,True
-10.82,7,103.36522,False
20.2,5,103.369225,True
-11.54,4,103.372749,False
21.43,7,103.378539,True
21.43,7,103.384061,True
20.67,8,103.391101,True
-10.33,8,103.398839,False
-11.32,7,103.404366,False
-11.56,6,103.409361,False
-11.32,7,103.415875,False
20.44,6,103.421386,True
20.19,6,103.42594,True
-11.79,4,103.429935,False
21.66,9,103.437448,True
21.16,9,103.445806,True
21.42,8,103.452806,True
-11.31,6,103.459636,False
-10.32,7,103.465158,False
21.19,6,103.469847,True
21.65,10,103.478339,True
21.66,9,103.48642,True
-11.32,7,103.491876,False
20.2,5,103.496157,True
-12.02,2,103.497669,False
-11.33,8,103.505744,False
-11.33,8,103.512599,False
21.4,10,103.521122,True
22.62,13,103.53201,True
-11.58,8,103.539013,False
-10.34,9,103.546936,False
-11.34,9,103.554461,False
-10.34,9,103.562225,False
21.4,10,103.570225,True
20.67,8,103.57697,True
-10.34,9,103.58449,False
21.18,7,103.589488,True
21.43,7,103.595215,True
21.66,9,103.603242,True
20.2,5,103.60725,True
21.18,7,103.612968,True
20.2,5,103.616982,True
-10.79,4,103.620982,False
22.63,12,103.630712,True
-11.54,4,103.634227,False
22.15,10,103.642231,True
-10.59,9,103.649483,False
21.42,8,103.656016,True
-11.32,7,103.662215,False
-11.54,4,103.665743,False
22.41,9,103.672746,True
-10.56,6,103.678545,False
-11.76,1,103.679552,False
-10.56,6,103.684545,False
-10.57,7,103.691053,False
21.43,7,103.696969,True
-11.53,3,103.698977,False
-11.54,4,103.703412,False
-11.53,3,103.706412,False
-10.58,8,103.714266,False
-10.57,7,103.719778,False
22.39,11,103.730279,True
22.64,11,103.739324,True
-10.33,8,103.746211,False
22.41,9,103.754218,True
-10.57,7,103.760025,False
-11.82,7,103.766531,False
-12.02,2,103.768532,False
-11.54,4,103.772532,False
20.44,6,103.777921,True
-11.33,8,103.784916,False
-9.6,10,103.793835,False
22.37,13,103.805375,True
21.17,8,103.812277,True
21.17,8,103.818788,True
-10.59,9,103.827142,False
22.37,13,103.837637,True
-11.77,2,103.840144,False
22.41,9,103.847534,True
-11.54,4,103.852049,False
20.44,6,103.857049,True
-10.58,8,103.863362,False
20.42,8,103.870359,True
-10.34,9,103.878484,False
-10.33,8,103.885477,False
-10.32,7,103.892846,False
22.4,10,103.902889,True
-11.33,8,103.909728,False
-10.58,8,103.915752,False
20.44,6,103.921285,True
-10.57,7,103.927902,False
-11.8,5,103.932908,False
20.95,5,103.937427,True
22.62,13,103.949955,True
21.42,8,104.339729,True
20.44,6,104.346847,True
-12.02,2,104.349545,False
-12.02,2,104.351545,False
20.68,7,104.358049,True
-11.77,2,104.360049,False
20.68,7,104.367064,True
22.64,11,104.377054,True
22.41,9,104.387117,True
-10.56,6,104.392636,False
-10.6,9,104.403225,False
22.41,9,104.413294,True
20.42,8,104.420799,True
20.42,8,104.428894,True
-10.33,8,104.438396,False
-11.34,9,104.447654,False
21.66,9,104.45716,True
21.43,7,104.464664,True
-11.56,6,104.472394,False
20.44,6,104.478896,True
-11.31,6,104.486403,False
-10.59,9,104.496289,False
-10.59,9,104.507304,False
20.2,5,104.512237,True
22.38,12,104.524753,True
-10.32,7,104.532274,False
20.43,7,104.539284,True
-10.83,8,104.547189,False
-10.32,7,104.553707,False
-11.78,3,104.556712,False
-11.54,4,104.559712,False
20.44,6,104.566527,True
-11.56,6,104.571527,False
21.43,7,104.577469,True
-11.78,3,104.580995,False
-11.58,7,104.58652,False
20.43,7,105.059229,True
-10.34,9,105.066979,False
20.43,7,105.073521,True
-11.78,3,105.077035,False
-11.31,6,105.082562,False
22.41,9,105.089074,True
-11.32,7,105.095626,False
22.38,12,105.105697,True
22.33,17,105.120223,True
20.44,6,105.124719,True
-11.56,6,105.129954,False
-10.32,7,105.13647,False
-11.54,4,105.139484,False
-11.77,2,105.141485,False
-10.58,8,105.147862,False
-11.77,2,105.149861,False
21.67,8,105.155856,True
-11.54,4,105.159761,False
20.43,7,105.16678,True
-11.77,2,105.168778,False
-11.78,3,105.171056,False
-11.31,6,105.176455,False
22.14,11,105.186504,True
20.2,5,105.192093,True
-11.31,6,105.197703,False
20.68,7,105.202745,True
-10.59,9,105.212218,False
-11.55,5,105.215214,False
-10.32,7,105.22174,False
21.4,10,105.2314,True
21.41,9,105.238531,True
-11.31,6,105.243827,False
21.42,8,105.250818,True
20.44,6,105.257007,True
-11.58,7,105.262363,False
-10.79,4,105.265887,False
20.2,5,105.270887,True
-10.82,7,105.276651,False
-11.31,6,105.282176,False
-11.53,3,105.284175,False
22.17,8,105.291239,True
-11.78,3,105.293239,False
21.17,8,105.300998,True
20.68,7,105.306037,True
20.2,5,105.310414,True
-11.55,5,105.314414,False
20.67,8,105.321937,True
-11.54,4,105.324937,False
21.19,6,105.329942,True
20.44,6,105.335938,True
22.4,10,105.344237,True
20.95,5,105.348763,True
-11.33,8,105.354762,False
21.66,9,105.362514,True
-11.78,3,105.365577,False
-11.8,5,105.369628,False
20.2,5,105.373633,True
-10.79,4,105.377069,False
20.43,7,105.383111,True
20.68,7,105.38911,True
20.68,7,105.394142,True
-11.76,1,105.395139,False
-11.3,5,105.399651,False
21.4,10,105.407722,True
20.2,5,105.412563,True
20.68,7,105.418074,True
21.18,7,105.423614,True
-11.57,7,105.429979,False
20.68,7,105.435501,True
-10.34,9,105.443385,False
21.16,9,105.450384,True
-10.55,5,105.454903,False
-11.53,3,105.457908,False
21.19,6,105.463155,True
-9.56,6,105.467854,False
20.68,7,105.474399,True
20.44,6,105.479827,True
-10.55,5,105.483856,False
20.44,6,105.48887,True
-11.76,1,105.489864,False
-10.58,8,105.496253,False
-11.53,3,105.498266,False
-11.57,7,105.504779,False
-11.77,2,105.506792,False
20.44,6,105.511104,True
-11.54,4,105.515102,False
20.67,8,105.522624,True
-11.53,3,105.524617,False
-10.56,6,105.530413,False
21.17,8,105.53694,True
20.68,7,105.54294,True
-11.32,7,105.548464,False
-11.56,6,105.553464,False
20.18,7,105.559343,True
-11.31,6,105.56436,False
-12.02,2,105.566361,False
-10.59,9,105.573882,False
22.4,10,105.58078,True
22.4,10,105.589826,True
20.68,7,105.596191,True
20.43,7,105.601712,True
21.43,7,105.607824,True
20.68,7,105.61365,True
-11.54,4,105.61665,False
-11.32,7,105.622174,False
-11.56,6,105.62756,False
-11.56,6,105.633078,False
20.2,5,105.637078,True
-11.32,7,105.642987,False
-10.58,8,105.649009,False
21.66,9,105.656533,True
-11.8,5,105.660915,False
20.43,7,105.667438,True
22.16,9,105.674961,True
-11.55,5,105.678332,False
-11.58,8,105.684857,False
-10.58,8,105.691857,False
22.42,8,105.699189,True
20.43,7,105.704726,True
22.39,11,105.713999,True
22.02,23,106.107058,True
20.43,7,106.114537,True
20.68,7,106.122546,True
20.44,6,106.130059,True
-11.78,3,106.133561,False
21.18,7,106.141563,True
20.2,5,106.147539,True
-10.58,8,106.157044,False
20.44,6,106.163449,True
-10.57,7,106.170953,False
22.17,8,106.178932,True
20.44,6,106.183925,True
-11.57,7,106.191429,False
22.41,9,106.199435,True
-9.62,12,106.211542,False
-11.82,7,106.218048,False
20.2,5,106.223047,True
-11.53,3,106.225047,False
21.64,11,106.235946,True
-11.3,5,106.241451,False
-10.59,9,106.251484,False
-10.59,9,106.262512,False
-10.79,4,106.266513,False
-11.56,6,106.273017,False
21.42,8,106.283083,True
-11.54,4,106.287758,False
22.41,9,106.296668,True
21.66,9,106.303349,True
21.43,7,106.309596,True
-11.33,8,106.317211,False
-11.78,3,106.32021,False
22.37,13,106.330234,True
-11.34,9,106.338745,False
-10.33,8,106.345853,False
22.63,12,106.355282,True
-9.62,12,106.365871,False
20.44,6,106.370732,True
22.3,20,106.387075,True
19.96,4,106.391075,True
20.19,6,106.39594,True
-10.33,8,106.402946,False
22.61,14,106.414755,True
-10.57,7,106.420267,False
-11.76,1,106.421267,False
21.16,9,106.428607,True
20.42,8,106.435607,True
-11.77,2,106.436607,False
-12.03,3,106.440119,False
21.43,7,106.446411,True
-10.55,5,106.449922,False
21.42,8,106.456923,True
22.41,9,106.46518,True
-11.77,2,106.466179,False
-10.57,7,106.472233,False
-10.81,6,106.478465,False
-11.33,8,106.484987,False
20.44,6,106.490497,True
21.42,8,106.497337,True
-10.32,7,106.503384,False
20.43,7,106.508884,True
20.2,5,106.51371,True
21.67,8,106.519709,True
-11.78,3,106.522705,False
-11.57,7,106.528461,False
-10.33,8,106.535484,False
-12.02,2,106.537483,False
-11.77,2,106.538484,False
22.65,10,106.546886,True
20.43,7,106.552881,True
21.66,9,106.562691,True
-11.56,6,106.568202,False
-11.32,7,106.574203,False
20.18,7,106.579654,True
-12.02,2,106.581654,False
20.2,5,106.587161,True
-10.59,9,106.594672,False
-11.77,2,106.595673,False
-11.56,6,106.601184,False
20.19,6,106.606695,True
20.44,6,106.611719,True
-11.54,4,106.614719,False
-11.8,5,106.618719,False
20.66,9,106.627066,True
20.67,8,106.633562,True
-11.54,4,106.636562,False
21.43,7,106.642073,True
-11.31,6,106.647364,False
-10.33,8,106.653876,False
-10.34,9,106.662668,False
-10.81,6,106.667668,False
-10.55,5,106.671668,False
-10.82,7,106.678463,False
21.42,8,106.684975,True
-11.56,6,106.689487,False
20.43,7,106.695772,True
-10.35,9,106.703278,False
-10.57,7,106.70979,False
20.43,7,106.715602,True
-11.32,7,106.721601,False
-10.32,7,106.727069,False
21.43,7,106.733058,True
20.44,6,106.738582,True
-10.56,6,106.743803,False
21.92,8,106.750315,True
-9.61,11,106.758827,False
21.42,8,106.766192,True
21.43,7,106.771862,True
20.68,7,106.777655,True
20.42,8,106.784651,True
20.44,6,106.78924,True
-11.57,7,106.795601,False
-9.82,7,106.800876,False
20.44,6,106.805797,True
20.44,6,106.811349,True
21.66,9,106.819017,True
20.44,6,106.823943,True
-10.58,8,106.830748,False
-10.36,11,106.840259,False
20.44,6,106.844626,True
22.15,10,106.853217,True
21.42,8,106.860353,True
-10.32,7,106.866454,False
22.13,12,106.87613,True
-10.57,7,106.882282,False
22.14,11,106.891323,True
-11.78,3,106.894089,False
-11.54,4,106.89802,False
-11.79,4,106.901014,False
21.42,8,106.907698,True
20.68,7,106.913475,True
22.41,9,106.920473,True
-11.53,3,106.923478,False
20.44,6,106.928653,True
22.4,10,106.935732,True
21.41,9,106.943937,True
-11.78,3,106.94593,False
-12.02,2,106.947931,False
-10.57,7,106.953457,False
-11.32,7,106.959823,False
20.68,7,106.965366,True
22.4,10,106.973882,True
20.43,7,106.979285,True
22.39,11,106.988334,True
-11.55,5,106.992334,False
22.4,10,107.00061,True
-11.76,1,107.001609,False
20.43,7,107.391138,True
20.43,7,107.399146,True
-11.31,6,107.406154,False
19.96,4,107.410676,True
21.66,9,107.419686,True
20.66,9,107.428636,True
-10.35,10,107.437651,False
22.41,9,107.447532,True
21.18,7,107.455038,True
22.37,13,107.470407,True
-10.32,7,107.47908,False
-11.54,4,107.483085,False
-10.79,4,107.487603,False
20.19,6,107.494269,True
-11.81,6,107.499786,False
22.4,10,107.510749,True
20.68,7,107.51679,True
21.67,8,107.525817,True
20.18,7,107.531929,True
21.42,8,107.540953,True
-12.02,2,107.54334,False
-11.55,5,107.548365,False
-11.32,7,107.555879,False
-10.58,8,107.564819,False
-10.56,6,107.571331,False
21.43,7,107.578987,True
21.64,11,107.589503,True
21.19,6,107.59557,True
-11.32,7,107.602082,False
20.43,7,107.608636,True
-10.57,7,107.615467,False
20.44,6,107.621467,True
20.67,8,107.628265,True
-12.02,2,107.630263,False
-11.81,6,107.635785,False
-11.79,4,107.639996,False
-11.78,3,107.642992,False
22.36,13,107.654007,True
-11.77,2,107.656013,False
21.42,8,107.663013,True
-11.31,6,107.667525,False
-10.35,10,107.676036,False
-10.59,9,107.683036,False
-10.57,7,107.688547,False
21.66,9,107.69732,True
20.67,8,107.702831,True
22.39,11,107.712959,True
-11.31,6,107.718297,False
-11.8,5,107.722222,False
-10.34,9,107.730186,False
22.64,11,107.739297,True
-9.61,11,107.748164,False
20.65,10,107.756161,True
-12.02,2,107.757671,False
20.42,8,107.765034,True
-11.36,11,107.773552,False
21.41,9,107.781412,True
-10.32,7,107.787413,False
20.44,6,107.792473,True
-11.32,7,107.797688,False
-11.31,6,107.803209,False
-11.54,4,107.807209,False
-11.32,7,107.813003,False
-11.54,4,107.816537,False
20.44,6,107.821062,True
21.42,8,107.827286,True
-10.34,9,107.836306,False
-12.04,4,107.839309,False
-10.57,7,107.845181,False
20.44,6,107.850928,True
20.42,8,107.857451,True
-10.58,8,107.864235,False
21.42,8,107.870225,True
-11.53,3,107.872737,False
-11.32,7,107.878999,False
-11.78,3,107.881994,False
-10.58,8,107.888519,False
-11.55,5,107.892041,False
-11.78,3,107.894772,False
-11.53,3,107.896778,False
20.44,6,107.902774,True
-12.02,2,107.904279,False
20.19,6,107.909561,True
20.67,8,107.91608,True
-10.32,7,107.922079,False
-11.34,9,107.928807,False
-11.57,7,107.935318,False
-10.58,8,107.941336,False
20.44,6,107.946069,True
-10.58,8,107.953074,False
20.2,5,107.95758,True
22.36,14,107.968307,True
22.64,11,107.977533,True
-11.32,7,107.983548,False
-9.6,10,107.991608,False
20.44,6,107.996847,True
20.44,6,108.002373,True
-11.56,6,108.007374,False
-10.32,7,108.012607,False
-11.78,3,108.015621,False
-11.56,6,108.020666,False
20.42,8,108.026874,True
20.68,7,108.032923,True
-11.54,4,108.036919,False
22.4,10,108.044693,True
-11.57,7,108.051211,False
-11.33,8,108.057228,False
-11.54,4,108.060453,False
22.59,16,108.07348,True
-10.81,6,108.078742,False
22.64,11,108.087276,True
-11.8,5,108.0918,False
20.43,7,108.098022,True
21.42,8,108.104535,True
20.19,6,108.110317,True
21.42,8,108.116367,True
-11.3,5,108.120373,False
21.42,8,108.127126,True
20.44,6,108.132122,True
21.42,8,108.138172,True
-10.32,7,108.143381,False
20.67,8,108.150909,True
20.67,8,108.157434,True
20.44,6,108.162633,True
-10.58,8,108.169156,False
-10.83,8,108.176537,False
-11.78,3,108.179555,False
-11.32,7,108.184555,False
-11.53,3,108.187582,False
-11.33,8,108.194877,False
-11.81,6,108.199404,False
21.67,8,108.20593,True
20.68,7,108.212294,True
-11.32,7,108.218335,False
-11.33,8,108.225336,False
22.41,9,108.232612,True
20.44,6,108.237134,True
-11.31,6,108.246216,False
20.44,6,108.250316,True
-11.55,5,108.255826,False
-11.78,3,108.259016,False
22.11,14,108.271555,True
20.43,7,108.277659,True
-10.57,7,108.283653,False
20.2,5,108.28866,True
-10.56,6,108.293465,False
-11.78,3,108.29548,False
-10.32,7,108.684734,False
-11.58,8,108.693075,False
-9.38,13,108.708104,False
20.44,6,108.71361,True
-11.3,5,108.717611,False
22.64,11,108.729628,True
21.41,9,108.742163,True
21.43,7,108.750164,True
-11.53,3,108.752164,False
-11.31,6,108.760159,False
22.6,15,108.775417,True
-11.32,7,108.781788,False
22.4,10,108.79084,True
-11.56,6,108.797284,False
21.18,7,108.803283,True
20.68,7,108.810385,True
20.44,6,108.816396,True
21.42,8,108.824904,True
-10.58,8,108.835033,False
-11.53,3,108.838538,False
22.37,13,108.852859,True
-10.55,5,108.859364,False
-10.57,7,108.86696,False
-12.02,2,108.869465,False
22.4,10,108.878529,True
-11.55,5,108.883615,False
-11.81,6,108.889201,False
20.68,7,108.895353,True
-12.02,2,108.897358,False
-10.56,6,108.902028,False
-10.6,10,108.910721,False
-10.59,9,108.917714,False
-11.55,5,108.922241,False
-11.31,6,108.927461,False
20.68,7,108.93298,True
20.44,6,108.93798,True
22.4,10,108.946329,True
-10.33,8,108.952854,False
20.44,6,108.957855,True
-11.3,5,108.961669,False
-10.58,8,108.968673,False
21.66,9,108.976415,True
20.44,6,108.980407,True
20.44,6,108.985933,True
21.43,7,108.992438,True
-11.56,6,108.996983,False
19.96,4,108.999983,True
-10.79,4,109.0035,False
-10.56,6,109.008505,False
-10.57,7,109.014262,False
-10.58,8,109.021309,False
22.18,7,109.027049,True
20.68,7,109.03257,True
20.43,7,109.039092,True
-11.54,4,109.042091,False
-11.33,8,109.048846,False
-10.33,8,109.055358,False
22.4,10,109.063606,True
21.41,9,109.07113,True
19.96,4,109.07513,True
-11.79,4,109.07786,False
-11.57,7,109.083859,False
-11.54,4,109.087397,False
21.19,6,109.092397,True
22.64,11,109.101669,True
22.37,13,109.111418,True
-10.57,7,109.117924,False
-11.78,3,109.12043,False
21.4,10,109.128226,True
20.43,7,109.134213,True
20.67,8,109.141717,True
-11.53,3,109.145011,False
-10.57,7,109.150526,False
-11.78,3,109.153526,False
-11.55,5,109.157526,False
-10.55,5,109.16259,False
-11.56,6,109.167512,False
21.19,6,109.172024,True
-11.56,6,109.177547,False
21.4,9,109.185205,True
22.37,13,109.196338,True
22.59,16,109.208384,True
22.41,9,109.21615,True
20.2,5,109.220662,True
21.19,6,109.225984,True
20.19,6,109.231533,True
20.68,7,109.237051,True
-10.35,10,109.246248,False
20.44,6,109.251248,True
-11.32,7,109.257777,False
21.42,8,109.26409,True
-11.79,4,109.267091,False
-10.79,4,109.271092,False
-10.57,7,109.277033,False
-10.57,7,109.28203,False
22.15,10,109.290962,True
22.35,15,109.303024,True
20.44,6,109.307537,True
-11.79,4,109.310746,False
-10.57,7,109.316803,False
-11.31,6,109.322328,False
20.44,6,109.327064,True
-11.78,3,109.329059,False
-10.55,5,109.333584,False
21.19,6,109.339098,True
-10.34,9,109.346305,False
21.66,9,109.353824,True
20.68,7,109.359568,True
20.44,6,109.364562,True
-11.76,1,109.365562,False
-11.55,5,109.370437,False
-11.31,6,109.375451,False
-10.34,9,109.383244,False
-11.56,6,109.388229,False
-10.32,7,109.394668,False
20.68,7,109.400283,True
20.44,6,109.405288,True
20.43,7,109.411192,True
20.68,7,109.417192,True
-11.77,2,109.419191,False
20.44,6,109.424713,True
-11.77,2,109.425713,False
-10.34,9,109.434526,False
21.18,7,109.440045,True
-11.55,5,109.443838,False
20.43,7,109.450828,True
-11.56,6,109.45534,False
-12.02,2,109.45734,False
20.67,8,109.464158,True
-11.78,3,109.467158,False
20.44,6,109.472321,True
-10.57,7,109.47825,False
20.44,6,109.482768,True
-9.56,6,109.487783,False
20.44,6,109.493707,True
21.42,8,109.500249,True
22.15,10,109.508769,True
20.44,6,109.513251,True
20.2,5,109.518286,True
-10.34,9,109.524986,False
-11.54,4,109.52842,False
-11.57,7,109.53442,False
-10.34,9,109.542267,False
20.43,7,109.548193,True
20.18,7,109.554193,True
21.17,8,109.561127,True
21.18,7,109.567644,True
-10.79,4,109.570649,False
-10.35,9,109.578617,False
22.42,8,109.584616,True
20.43,7,109.964563,True
-11.33,8,109.974067,False
21.42,8,109.982568,True
-9.62,11,109.995444,False
20.43,7,110.00295,True
-11.77,2,110.00495,False
22.65,10,110.013945,True
22.41,9,110.02145,True
20.19,6,110.028409,True
22.39,11,110.037423,True
21.18,7,110.046381,True
20.68,7,110.054886,True
20.43,7,110.062844,True
-11.54,4,110.066844,False
-11.53,3,110.068845,False
22.39,11,110.080848,True
-11.54,4,110.084913,False
-11.33,8,110.092431,False
-11.78,3,110.094961,False
-11.79,4,110.099482,False
-10.35,10,110.109645,False
21.43,7,110.116194,True
20.44,6,110.122705,True
-11.32,7,110.132484,False
21.42,8,110.1415,True
-10.58,8,110.14963,False
-10.58,8,110.159141,False
-10.8,5,110.164215,False
-11.54,4,110.168223,False
-11.54,4,110.172223,False
-11.55,5,110.177181,False
-11.77,2,110.17918,False
20.44,6,110.18418,True
-11.33,8,110.191852,False
22.39,11,110.201255,True
20.42,8,110.207767,True
-11.32,7,110.213414,False
22.36,14,110.225435,True
22.38,12,110.235403,True
20.68,7,110.241449,True
-11.78,3,110.243853,False
-11.54,4,110.246845,False
-10.31,6,110.252361,False
20.19,6,110.257361,True
20.19,6,110.262262,True
-10.34,9,110.269781,False
-11.56,6,110.274786,False
-11.34,9,110.28253,False
-11.79,4,110.28553,False
22.64,11,110.296042,True
-11.77,2,110.298183,False
22.4,10,110.30672,True
22.35,14,110.317878,True
22.16,9,110.325187,True
-10.55,5,110.330187,False
20.44,6,110.334711,True
20.43,7,110.341705,True
-10.56,6,110.347161,False
20.41,8,110.353697,True
22.62,12,110.363541,True
20.19,6,110.36885,True
-11.53,3,110.370655,False
22.6,15,110.383128,True
-11.32,7,110.389143,False
20.68,7,110.394475,True
22.39,11,110.40449,True
-11.53,3,110.407496,False
20.43,7,110.413453,True
22.61,14,110.426591,True
-10.34,9,110.434147,False
20.44,6,110.438658,True
20.19,6,110.443639,True
22.17,8,110.451144,True
-11.03,3,110.454144,False
-11.31,6,110.458143,False
-11.55,5,110.463231,False
20.19,6,110.467231,True
-11.56,6,110.47328,False
20.2,5,110.477733,True
20.43,7,110.483276,True
-10.33,8,110.489276,False
-12.02,2,110.492138,False
20.44,6,110.497158,True
20.43,7,110.503209,True
-11.3,5,110.507204,False
20.18,7,110.513053,True
-11.56,6,110.518093,False
21.19,6,110.523624,True
-11.32,7,110.529446,False
20.44,6,110.534973,True
22.64,11,110.543755,True
-11.78,3,110.546771,False
20.43,7,110.55277,True
21.41,9,110.560174,True
21.66,9,110.567692,True
-11.77,2,110.568692,False
-10.84,9,110.576441,False
-11.54,4,110.580436,False
21.19,6,110.584436,True
-10.32,7,110.590952,False
20.68,7,110.597181,True
-9.87,12,110.606891,False
22.64,11,110.615547,True
20.44,6,110.621074,True
20.44,6,110.62592,True
21.43,7,110.632458,True
21.43,7,110.637976,True
22.41,9,110.645788,True
-11.78,3,110.648288,False
-10.57,7,110.654294,False
22.36,14,110.667344,True
-10.32,7,110.672855,False
-11.32,7,110.678177,False
20.2,5,110.682855,True
20.43,7,110.688723,True
-10.59,9,110.696771,False
20.44,6,110.701832,True
22.15,10,110.710143,True
21.41,9,110.717176,True
21.43,7,110.722716,True
-11.77,2,110.724714,False
20.68,7,110.730166,True
-12.02,2,110.732684,False
-11.54,4,110.735688,False
-11.31,6,110.740684,False
-9.6,10,110.749565,False
-10.32,7,110.754661,False
21.43,7,110.761141,True
21.42,8,110.767661,True
-11.54,4,110.771661,False
20.44,6,110.776406,True
21.18,7,110.782402,True
20.2,5,110.785923,True
-11.56,6,110.791927,False
22.41,9,110.798685,True
-10.32,7,110.804206,False
-11.32,7,110.81047,False
-11.32,7,110.815995,False
-10.58,8,110.824009,False
20.68,7,110.829546,True
21.42,8,110.835546,True
22.38,12,110.845589,True
-11.55,5,110.850108,False
20.42,8,110.857107,True
-11.78,3,110.859357,False
22.4,10,110.867351,True
20.68,7,110.873878,True
-11.54,4,111.255794,False
20.44,6,111.26085,True
22.65,10,111.271372,True
20.44,6,111.276851,True
-11.57,7,111.284367,False
21.42,8,111.292453,True
-10.57,7,111.299973,False
22.4,10,111.309937,True
20.67,8,111.317444,True
-11.55,5,111.322949,False
21.42,8,111.332468,True
-10.82,7,111.340466,False
-11.54,4,111.345847,False
21.66,9,111.355853,True
20.68,7,111.364363,True
22.39,11,111.376876,True
22.37,13,111.864331,True
22.37,13,111.874934,True
22.41,9,111.882792,True
20.43,7,111.889323,True
20.68,7,111.894804,True
-10.57,7,111.901338,False
21.42,8,111.908366,True
-11.59,9,111.915979,False
22.37,13,111.927003,True
20.2,5,111.931859,True
-11.54,4,111.93486,False
20.44,6,111.939445,True
-11.54,4,111.943466,False
20.43,7,111.949987,True
-11.79,4,111.95302,False
22.39,11,111.96179,True
21.17,8,111.968788,True
20.19,6,111.974306,True
-10.56,6,111.979573,False
-11.57,7,111.985096,False
-11.32,7,111.991097,False
20.44,6,111.996323,True
-11.31,6,112.001322,False
20.66,9,112.008374,True
22.16,9,112.016665,True
-11.32,7,112.022668,False
21.19,6,112.027455,True
-11.57,7,112.033974,False
21.41,9,112.041488,True
-11.53,3,112.042699,False
-11.78,3,112.045227,False
21.19,6,112.050753,True
20.2,5,112.055272,True
22.36,13,112.066001,True
-11.77,2,112.068001,False
-10.33,8,112.074,False
-11.76,1,112.07551,False
-11.31,6,112.07972,False
20.42,8,112.087247,True
-11.55,5,112.091246,False
-11.55,5,112.095458,False
-11.32,7,112.100976,False
-11.78,3,112.103976,False
22.39,11,112.113255,True
20.43,7,112.118783,True
22.37,13,112.130034,True
20.44,6,112.13455,True
20.68,7,112.140076,True
-11.53,3,112.143317,False
-11.32,7,112.148832,False
20.43,7,112.154836,True
22.37,12,112.164089,True
-10.83,8,112.170614,False
-11.57,7,112.176935,False
-10.33,8,112.183455,False
-10.34,9,112.190972,False
21.67,8,112.197176,True
21.42,8,112.2047,True
22.38,12,112.213973,True
21.18,7,112.219494,True
20.2,5,112.223682,True
-11.32,7,112.229211,False
21.42,8,112.236735,True
-11.58,8,112.243111,False
21.16,9,112.250628,True
-11.78,3,112.253134,False
-10.32,7,112.259378,False
-11.33,8,112.265897,False
-11.55,5,112.270398,False
-10.33,8,112.277086,False
21.4,10,112.285578,True
20.43,7,112.291917,True
21.19,6,112.297212,True
-11.56,6,112.302212,False
21.42,8,112.30826,True
-11.56,6,112.313474,False
-10.55,5,112.318002,False
20.44,6,112.323002,True
21.42,8,112.329751,True
-10.6,10,112.338796,False
-11.8,5,112.343075,False
-11.56,6,112.34758,False
-11.34,9,112.355111,False
-10.55,5,112.359345,False
-11.56,6,112.36434,False
20.68,7,112.370372,True
-11.78,3,112.372389,False
21.67,8,112.379355,True
-11.78,3,112.382365,False
20.2,5,112.386365,True
21.42,8,112.393128,True
-11.54,4,112.396123,False
-11.56,6,112.401647,False
-10.79,4,112.404647,False
-11.56,6,112.410675,False
21.18,7,112.41569,True
20.44,6,112.421201,True
21.67,8,112.428215,True
-11.33,8,112.435265,False
-11.57,7,112.441161,False
-12.02,2,112.44251,False
21.42,8,112.449053,True
20.43,7,112.455571,True
21.66,9,112.463417,True
20.43,7,112.469417,True
-10.61,11,112.478734,False
22.41,9,112.487099,True
20.44,6,112.492099,True
20.2,5,112.49588,True
-11.78,3,112.498879,False
21.43,7,112.504875,True
-11.55,5,112.508386,False
-11.78,3,112.512196,False
20.44,6,112.51672,True
22.6,15,112.528942,True
-11.03,3,112.531943,False
-11.55,5,112.535466,False
22.41,9,112.543249,True
21.4,10,112.551504,True
21.41,9,112.558547,True
-10.32,7,112.564769,False
-11.57,7,112.570293,False
22.15,10,112.579139,True
-11.57,7,112.584139,False
22.61,14,112.59585,True
21.19,6,112.600376,True
20.44,6,112.605375,True
-9.6,10,112.613637,False
20.65,9,113.017112,True
-11.31,6,113.024122,False
20.43,7,113.032607,True
-11.55,5,113.038617,False
21.41,9,113.049647,True
20.44,6,113.056152,True
-10.33,8,113.065236,False
-11.78,3,113.068236,False
-11.32,7,113.074743,False
21.43,7,113.082664,True
-10.33,8,113.092169,False
20.43,7,113.099753,True
22.4,10,113.111887,True
-10.36,11,113.124919,False
20.43,7,113.132046,True
-11.32,7,113.140563,False
-11.78,3,113.144547,False
-12.02,2,113.146546,False
-11.57,7,113.155186,False
21.18,7,113.163247,True
22.62,13,113.178352,True
21.66,9,113.188858,True
21.41,9,113.198004,True
-11.33,8,113.206509,False
21.42,8,113.21565,True
20.43,7,113.221324,True
-11.79,4,113.224324,False
-10.57,7,113.231726,False
22.41,9,113.239239,True
22.16,9,113.247134,True
20.68,7,113.253216,True
20.19,6,113.257885,True
20.2,5,113.261959,True
-10.57,7,113.267491,False
20.42,8,113.274496,True
21.42,8,113.281234,True
20.19,6,113.286239,True
-11.56,6,113.2924,False
22.16,9,113.300123,True
20.43,7,113.306636,True
-10.56,6,113.311826,False
21.18,7,113.3175,True
21.42,8,113.324914,True
-11.78,3,113.327336,False
21.41,9,113.33493,True
21.42,8,113.341633,True
22.16,9,113.348904,True
-10.55,5,113.352918,False
-10.82,7,113.359441,False
-11.54,4,113.362663,False
20.44,6,113.367189,True
20.18,7,113.373706,True
-12.02,2,113.374706,False
-11.57,7,113.380483,False
21.18,7,113.386996,True
-12.03,3,113.38901,False
22.37,12,113.398754,True
21.17,8,113.405753,True
-10.33,8,113.412004,False
20.43,7,113.418003,True
-11.33,8,113.424526,False
-10.34,9,113.432273,False
21.41,9,113.439322,True
-10.8,5,113.443798,False
-10.34,9,113.451762,False
21.65,10,113.460136,True
20.44,6,113.46716,True
-11.79,4,113.470676,False
21.42,8,113.476891,True
-9.8,5,113.481415,False
-10.55,5,113.485414,False
-11.77,2,113.487415,False
-11.78,3,113.489414,False
-10.83,8,113.498083,False
21.43,7,113.503596,True
20.44,6,113.508594,True
22.42,8,113.516893,True
-11.78,3,113.519594,False
22.37,13,113.531035,True
-11.78,3,113.533035,False
20.19,6,113.538074,True
-11.57,7,113.544418,False
-11.31,6,113.549455,False
-11.54,4,113.552469,False
20.44,6,113.557988,True
21.43,7,113.563318,True
-11.76,1,113.564318,False
-12.02,2,113.566318,False
21.41,9,113.573832,True
-11.78,3,113.575825,False
-10.56,6,113.581564,False
-11.54,4,113.58456,False
21.64,11,113.594316,True
20.44,6,113.598827,True
-11.77,2,113.600841,False
-10.57,7,113.60584,False
-11.53,3,113.607841,False
-11.32,7,113.614784,False
20.66,9,113.622809,True
21.43,7,113.628091,True
-11.79,4,113.631596,False
-10.58,8,113.638098,False
-10.31,6,113.643123,False
-11.31,6,113.648223,False
21.43,7,113.653731,True
21.43,7,113.659982,True
-10.57,7,113.665591,False
20.44,6,113.670597,True
-10.79,4,113.674121,False
20.44,6,113.679546,True
20.44,6,113.684068,True
-11.54,4,113.688068,False
-11.8,5,113.692068,False
20.2,5,113.696301,True
-11.56,6,113.7013,False
-11.81,6,113.705826,False
-11.54,4,113.708825,False
-10.81,6,113.714559,False
21.42,8,113.721087,True
21.18,7,113.726879,True
21.17,8,113.732873,True
-10.33,8,113.740445,False
-11.85,10,113.748692,False
-10.57,7,113.754214,False
20.44,6,113.759907,True
-9.64,14,113.770423,False
21.41,9,113.778093,True
-11.56,6,113.783616,False
21.16,9,113.790617,True
-11.32,7,113.79651,False
20.19,6,113.80151,True
22.4,10,113.809389,True
21.65,10,113.817934,True
20.44,6,113.822974,True
22.38,12,113.833194,True
-10.57,7,113.839242,False
21.18,7,113.843766,True
21.42,8,113.851296,True
-11.32,7,113.857813,False
19.95,5,113.862021,True
21.17,8,113.868546,True
20.44,6,113.872546,True
20.44,6,113.878283,True
20.44,6,113.883285,True
22.31,19,113.898615,True
-10.79,4,113.902614,False
-10.83,8,113.908136,False
-11.54,4,113.912352,False
-10.57,7,113.917874,False
-11.05,5,113.922396,False
20.44,6,113.927119,True
20.44,6,114.327208,True
-11.58,8,114.33471,False
-10.34,9,114.343545,False
-11.56,6,114.349048,False
20.44,6,114.355551,True
-11.56,6,114.363078,False
-10.33,8,114.372793,False
-10.57,7,114.380732,False
21.42,8,114.388237,True
-10.56,6,114.394624,False
20.43,7,114.40213,True
-10.57,7,114.410077,False
-10.34,9,114.42158,False
20.19,6,114.428625,True
-11.77,2,114.431131,False
-11.78,3,114.434131,False
-11.32,7,114.44276,False
21.42,8,114.451295,True
22.36,14,114.464536,True
-11.53,3,114.467536,False
20.2,5,114.472051,True
-10.57,7,114.480181,False
-11.78,3,114.483687,False
21.42,8,114.493586,True
-11.56,6,114.498585,False
20.2,5,114.503093,True
21.42,8,114.512456,True
21.19,6,114.517961,True
22.38,11,114.529553,True
-11.77,2,114.531547,False
21.67,8,114.538818,True
-10.33,8,114.546028,False
-11.78,3,114.549027,False
-11.56,6,114.555552,False
-11.55,5,114.559873,False
-11.33,8,114.567394,False
22.65,10,114.57587,True
-12.02,2,114.577893,False
21.18,7,114.583893,True
-11.54,4,114.588398,False
20.67,8,114.594882,True
22.13,12,114.604408,True
20.67,8,114.610851,True
-10.31,6,114.615864,False
20.68,7,114.622398,True
-12.03,3,114.624921,False
20.44,6,114.629807,True
-10.34,9,114.636807,False
-10.59,9,114.644655,False
-11.53,3,114.647659,False
-10.55,5,114.651179,False
20.43,7,114.657179,True
20.68,7,114.663409,True
-9.61,11,114.67292,False
-10.55,5,114.677222,False
-10.59,9,114.684737,False
-10.32,7,114.690388,False
21.92,8,114.697646,True
22.39,11,114.707153,True
20.19,6,114.712227,True
-11.56,6,114.717226,False
20.68,7,114.72275,True
21.42,8,114.729169,True
20.43,7,114.735202,True
22.4,10,114.743086,True
-11.56,6,114.74811,False
-11.78,3,114.751109,False
22.41,9,114.75893,True
20.44,6,114.763433,True
-11.78,3,114.76645,False
20.44,6,114.771975,True
-10.55,5,114.775867,False
20.68,7,114.781891,True
21.43,7,114.787425,True
20.2,5,114.792415,True
20.2,5,114.796232,True
-11.31,6,114.801231,False
20.18,7,114.807738,True
20.44,6,114.813036,True
-11.31,6,114.81756,False
21.43,7,114.824061,True
-11.77,2,114.825068,False
-11.57,7,114.831001,False
20.68,7,114.837432,True
21.41,9,114.845431,True
-10.33,8,114.852107,False
21.42,8,114.858108,True
20.43,7,114.863973,True
22.63,12,114.873637,True
21.17,8,114.881088,True
21.67,8,114.888078,True
21.42,8,114.89384,True
-11.32,7,114.900334,False
-10.59,8,114.907337,False
20.44,6,114.912368,True
21.67,8,114.919374,True
-11.54,4,114.922879,False
-11.79,4,114.925844,False
22.41,9,114.933386,True
20.19,6,114.938907,True
-12.02,2,114.940912,False
-11.57,7,114.946244,False
20.42,8,114.952244,True
20.19,6,114.957769,True
-11.56,6,114.963159,False
20.44,6,114.968682,True
22.39,11,114.978209,True
20.19,6,114.982208,True
22.38,11,114.991731,True
22.38,12,115.001478,True
21.41,9,115.009215,True
21.65,10,115.016729,True
-10.34,9,115.025251,False
22.39,11,115.033968,True
-11.32,7,115.039493,False
-11.56,6,115.04423,False
-11.56,6,115.049755,False
22.37,12,115.061271,True
-11.78,3,115.063271,False
21.42,8,115.070793,True
22.61,14,115.082306,True
22.4,10,115.090844,True
21.18,7,115.09684,True
-10.8,5,115.100352,False
22.37,13,115.111139,True
-10.58,8,115.118145,False
20.44,6,115.123674,True
20.43,7,115.129397,True
21.42,8,115.135911,True
-10.35,10,115.143653,False
20.68,7,115.149647,True
-12.02,2,115.151651,False
22.16,9,115.1587,True
-9.56,6,115.164438,False
21.42,8,115.171439,True
20.44,6,115.176224,True
-10.33,8,115.182212,False
20.44,6,115.187744,True
20.2,5,115.191744,True
22.41,9,115.199462,True
21.42,8,115.205974,True
22.37,12,115.21597,True
-10.81,6,115.220969,False
20.2,5,115.226099,True
-9.61,11,115.233886,False
20.44,6,115.624326,True
22.39,11,115.635508,True
-11.57,7,115.643957,False
-10.58,8,115.653466,False
20.44,6,115.660008,True
-11.82,7,115.668513,False
20.68,7,115.677027,True
-10.8,5,115.682027,False
-11.34,9,115.691532,False
-11.78,3,115.695083,False
20.43,7,115.703588,True
21.66,9,115.712529,True
-11.78,3,115.715529,False
21.41,9,115.724034,True
20.44,6,115.732028,True
19.95,5,115.737028,True
21.18,7,115.745464,True
-10.57,7,115.753475,False
-11.54,4,115.757475,False
20.43,7,115.765425,True
-11.78,3,115.768425,False
22.38,12,115.78294,True
-10.58,8,115.79206,False
-10.79,4,115.797079,False
22.4,10,115.809055,True
21.41,9,115.818578,True
-12.02,2,115.821571,False
-11.56,6,115.826924,False
-11.32,7,115.833454,False
-11.32,7,115.840459,False
-11.34,9,115.847882,False
-10.79,4,115.850882,False
21.42,8,115.858389,True
20.43,7,115.864156,True
-11.55,5,115.868171,False
-11.54,4,115.871171,False
20.2,5,115.875898,True
-10.57,7,115.881893,False
21.42,8,115.88842,True
-11.56,6,115.89242,False
22.61,14,115.905172,True
22.65,10,115.912927,True
21.43,7,115.919441,True
22.63,12,115.929233,True
-10.32,7,115.934229,False
22.64,11,115.9435,True
-10.58,8,115.950543,False
22.59,16,115.963762,True
-11.32,7,115.969273,False
-9.56,6,115.97381,False
20.43,7,115.980547,True
-11.56,6,115.985546,False
20.43,7,115.991071,True
-11.56,6,115.996382,False
-11.54,4,115.999382,False
-9.56,6,116.004905,False
-10.33,8,116.011634,False
-10.55,5,116.015643,False
-11.77,2,116.017643,False
21.17,8,116.024176,True
-11.31,6,116.030133,False
-11.31,6,116.034657,False
22.4,10,116.043057,True
21.42,8,116.049102,True
-11.78,3,116.052116,False
22.39,11,116.06104,True
21.17,8,116.067564,True
-11.31,6,116.07256,False
20.68,7,116.080395,True
-11.54,4,116.084395,False
-10.57,7,116.089907,False
20.43,7,116.095823,True
-11.57,7,116.102347,False
19.93,7,116.10787,True
20.43,7,116.113801,True
-11.31,6,116.119324,False
22.16,9,116.126817,True
21.43,7,116.132828,True
-11.56,6,116.138339,False
21.43,7,116.144089,True
20.2,5,116.148364,True
20.42,8,116.155364,True
-10.33,8,116.162246,False
19.96,4,116.165171,True
-11.52,2,116.167171,False
-11.54,4,116.170697,False
22.13,12,116.179962,True
-11.33,8,116.186976,False
21.42,8,116.193717,True
-10.34,9,116.201237,False
-10.58,8,116.208236,False
22.31,18,116.222663,True
-11.54,4,116.226565,False
22.38,12,116.236629,True
-10.6,10,116.245044,False
22.4,10,116.253065,True
-10.32,7,116.259348,False
-10.57,7,116.265865,False
21.17,8,116.271865,True
21.41,9,116.279621,True
-11.32,7,116.286133,False
20.44,6,116.290805,True
-11.77,2,116.293109,False
-10.34,9,116.301227,False
20.68,7,116.307739,True
20.18,7,116.313233,True
-10.36,10,116.321837,False
21.42,8,116.329114,True
-11.32,7,116.335118,False
-10.57,7,116.340647,False
20.44,6,116.345868,True
22.41,9,116.353249,True
20.68,7,116.358771,True
-11.32,7,116.364508,False
-10.33,8,116.371543,False
22.38,11,116.380006,True
20.44,6,116.385011,True
-11.56,6,116.390537,False
-11.79,4,116.393758,False
21.42,8,116.400265,True
21.41,9,116.408265,True
21.43,7,116.413525,True
22.41,9,116.421053,True
-11.33,8,116.427264,False
-10.33,8,116.434316,False
-11.78,3,116.436316,False
22.38,12,116.446049,True
-11.77,2,116.448561,False
21.43,7,116.454585,True
20.2,5,116.458952,True
-11.78,3,116.461473,False
-12.03,3,116.464479,False
20.44,6,116.469478,True
21.19,6,116.474495,True
-11.78,3,116.477991,False
21.67,8,116.484661,True
-11.78,3,116.486658,False
-11.56,6,116.492247,False
-11.55,5,116.496817,False
-10.33,8,116.503344,False
22.62,13,116.514324,True
20.2,5,116.518849,True
21.42,8,116.525766,True
-10.79,4,116.527786,False
-10.6,9,116.536952,False
20.44,6,116.913893,True
-11.79,4,116.917893,False
-10.34,9,116.92682,False
21.42,8,116.934323,True
-10.58,8,116.94226,False
-11.32,7,116.949773,False
22.16,9,116.960265,True
-11.3,5,116.96677,False
21.41,9,116.977643,True
-11.77,2,116.979643,False
21.17,8,116.987149,True
20.44,6,116.99367,True
22.38,12,117.007179,True
-10.56,6,117.014332,False
22.65,10,117.026476,True
-11.56,6,117.032983,False
22.4,10,117.045056,True
21.43,7,117.053068,True
22.4,10,117.064645,True
22.63,12,117.077629,True
20.68,7,117.084135,True
20.68,7,117.090638,True
-10.33,8,117.098577,False
21.17,8,117.107579,True
20.43,7,117.115776,True
22.17,8,117.123444,True
20.44,6,117.128876,True
-11.78,3,117.131405,False
20.43,7,117.137421,True
-11.78,3,117.139421,False
-11.56,6,117.145247,False
22.39,11,117.153773,True
-11.31,6,117.158626,False
21.41,9,117.166169,True
-10.56,6,117.171674,False
-11.33,7,117.178084,False
20.67,8,117.184516,True
-10.55,5,117.188516,False
22.61,13,117.200028,True
20.44,6,117.204539,True
-11.55,5,117.209539,False
20.67,8,117.216051,True
-11.56,6,117.221051,False
-11.55,5,117.226107,False
-10.32,7,117.231778,False
21.42,8,117.238104,True
-11.78,3,117.241966,False
21.43,7,117.247043,True
-10.35,10,117.255819,False
-10.8,5,117.260214,False
21.42,8,117.266882,True
21.42,8,117.273893,True
-11.55,5,117.278611,False
22.15,10,117.287129,True
20.42,8,117.293551,True
-11.33,8,117.300073,False
22.16,9,117.307578,True
20.44,6,117.31301,True
19.96,4,117.31601,True
20.42,8,117.323517,True
-11.79,4,117.326931,False
21.18,7,117.332985,True
-11.54,4,117.336982,False
-11.78,3,117.340491,False
-10.55,5,117.345347,False
-11.32,7,117.351378,False
21.67,8,117.357916,True
-11.77,2,117.359916,False
20.44,6,117.364556,True
-10.57,7,117.372084,False
20.43,7,117.379115,True
20.19,6,117.384643,True
20.44,6,117.389642,True
20.43,7,117.396599,True
-11.54,4,117.400599,False
20.43,7,117.407123,True
22.11,13,117.417966,True
-10.58,8,117.424839,False
-11.76,1,117.425869,False
-10.58,8,117.432906,False
-11.32,7,117.438912,False
-10.56,6,117.444314,False
-10.59,9,117.451818,False
22.64,11,117.461261,True
20.68,7,117.466786,True
20.44,6,117.471786,True
-10.34,9,117.480192,False
-11.78,3,117.482191,False
21.19,6,117.487715,True
-11.79,4,117.491722,False
-11.78,3,117.493674,False
21.18,7,117.500227,True
22.16,9,117.507874,True
-11.78,3,117.510442,False
21.66,9,117.517962,True
-10.56,6,117.522957,False
-10.58,8,117.529943,False
20.44,6,117.535454,True
-11.78,3,117.538599,False
22.39,11,117.547562,True
20.68,7,117.553601,True
-11.32,7,117.559968,False
20.44,6,117.564488,True
21.41,9,117.572002,True
21.41,9,117.579855,True
22.41,9,117.586854,True
20.19,6,117.592819,True
20.66,9,117.598819,True
20.41,9,117.607486,True
21.19,6,117.612437,True
20.19,6,117.61721,True
22.32,17,117.630086,True
20.43,7,117.637113,True
-11.57,7,117.64268,False
21.42,8,117.651701,True
20.68,7,117.656719,True
22.61,13,117.668062,True
-10.82,7,117.674749,False
-11.8,5,117.679217,False
-11.54,4,117.682217,False
22.37,13,117.693365,True
-11.78,3,117.696038,False
21.42,8,117.702036,True
-11.35,10,117.712372,False
-10.57,7,117.718034,False
20.44,6,117.723037,True
-10.58,8,117.729493,False
-11.55,5,117.733493,False
22.4,10,117.742081,True
-11.53,3,117.745095,False
-11.32,7,117.751145,False
22.41,9,117.758686,True
-9.56,6,117.763708,False
-10.32,7,117.769732,False
-11.32,7,117.775954,False
20.44,6,117.780472,True
21.65,10,117.788982,True
-11.77,2,117.790987,False
-9.38,13,117.801928,False
22.17,8,117.807926,True
-11.78,3,117.810737,False
-11.31,6,117.815736,False
-11.33,8,117.823243,False
20.44,6,117.82763,True
-10.58,8,117.83467,False
-10.58,8,118.214929,False
-11.56,6,118.220434,False
-10.34,9,118.749848,False
20.43,7,118.756854,True
-11.78,3,118.760951,False
22.61,14,118.772546,True
21.18,7,118.779547,True
20.44,6,118.784547,True
22.36,14,118.797719,True
21.19,6,118.802733,True
-10.58,8,118.808907,False
-11.78,3,118.811992,False
-11.78,3,118.814988,False
-11.33,8,118.821504,False
-11.77,2,118.823499,False
20.19,6,118.82913,True
21.41,9,118.837372,True
-10.57,7,118.843876,False
22.39,11,118.853387,True
21.17,8,118.860783,True
-11.33,8,118.866781,False
-10.58,8,118.874291,False
21.65,9,118.881137,True
19.95,5,118.886145,True
21.65,10,118.895003,True
21.43,7,118.901,True
-10.34,8,118.90751,False
-11.54,4,118.910895,False
21.66,9,118.918424,True
21.4,10,118.928235,True
21.43,7,118.934424,True
-10.6,10,118.943355,False
-11.54,4,118.947359,False
-11.54,4,118.95036,False
21.66,9,118.958795,True
22.16,9,118.966332,True
-11.77,2,118.968833,False
-12.02,2,118.969844,False
22.17,8,118.9772,True
-11.31,6,118.9832,False
-9.65,15,118.996221,False
21.42,8,119.003228,True
-11.31,6,119.008166,False
-10.55,5,119.013185,False
21.42,8,119.019692,True
20.44,6,119.024692,True
22.17,8,119.032009,True
22.37,12,119.041928,True
-11.78,3,119.044949,False
22.36,14,119.057457,True
20.42,8,119.064035,True
-11.53,3,119.067031,False
22.16,9,119.075114,True
21.42,8,119.082063,True
-10.33,8,119.089062,False
22.64,11,119.097874,True
-10.57,7,119.104373,False
20.44,6,119.108778,True
-11.33,8,119.11631,False
21.95,55,119.160116,True
20.43,7,119.166607,True
-11.53,3,119.169607,False
22.64,11,119.178045,True
-10.34,9,119.185542,False
-11.32,7,119.191923,False
21.4,10,119.200449,True
20.17,7,119.20696,True
20.19,6,119.212241,True
-10.31,6,119.217752,False
-11.53,3,119.219753,False
22.41,9,119.227595,True
20.68,7,119.233592,True
-11.8,5,119.238118,False
-11.32,7,119.244973,False
-11.55,5,119.249502,False
20.2,5,119.254024,True
-11.78,3,119.257018,False
22.63,12,119.269289,True
-11.78,3,119.272649,False
21.42,8,119.280666,True
-11.55,5,119.285189,False
-11.78,3,119.288693,False
20.43,7,119.296281,True
21.18,7,119.302991,True
-11.78,3,119.306721,False
21.41,9,119.316177,True
-10.35,10,119.331517,False
20.44,6,119.341029,True
-11.56,6,119.347562,False
-11.55,5,119.352239,False
22.64,11,119.363917,True
20.44,6,119.368916,True
22.33,17,119.384791,True
20.19,6,119.389791,True
-10.57,7,119.396052,False
-11.55,5,119.400053,False
20.42,8,119.407579,True
-10.35,10,119.415942,False
-12.05,5,119.420943,False
22.63,12,119.4313,True
20.44,6,119.436825,True
-10.59,9,119.443835,False
20.68,7,119.45035,True
-11.32,7,119.45639,False
-12.02,2,119.458406,False
20.44,6,119.463726,True
21.66,9,119.471238,True
-11.54,4,119.475929,False
-11.78,3,119.478722,False
-11.56,6,119.483902,False
22.38,12,119.494252,True
20.44,6,119.499781,True
21.67,8,119.506782,True
-12.02,2,119.509759,False
-11.55,5,119.513752,False
-10.33,8,119.521765,False
-10.59,9,119.529961,False
-11.56,6,119.535487,False
20.44,6,119.540946,True
-10.33,8,119.547258,False
20.44,6,119.552781,True
-11.77,2,119.554779,False
-11.33,8,119.562566,False
-10.55,5,119.566572,False
20.43,7,119.573076,True
-10.58,8,119.581118,False
-10.56,6,119.586133,False
22.63,12,119.59638,True
-11.31,6,119.601876,False
21.41,9,119.610365,True
20.43,7,119.616343,True
22.17,8,119.623883,True
-10.79,4,119.627708,False
-10.56,6,119.633225,False
20.2,5,119.637243,True
21.66,9,119.644581,True
22.4,10,119.654092,True
-10.58,8,119.660347,False
20.44,6,120.049513,True
22.16,9,120.060463,True
20.44,6,120.06648,True
20.44,6,120.073987,True
-10.35,10,120.085887,False
-10.32,7,120.093896,False
22.62,13,120.108401,True
-11.78,3,120.110954,False
21.4,9,120.12146,True
21.17,8,120.130607,True
21.42,8,120.14012,True
-11.79,4,120.144753,False
-10.34,9,120.15526,False
22.4,10,120.166897,True
-11.54,4,120.171402,False
21.42,8,120.179578,True
-10.58,8,120.186578,False
21.42,8,120.195634,True
-10.79,4,120.200139,False
-11.56,6,120.208138,False
20.94,6,120.214681,True
20.67,8,120.224187,True
21.19,6,120.231353,True
21.66,9,120.240399,True
-11.58,8,120.2491,False
21.42,8,120.256696,True
-11.31,6,120.262518,False
20.68,7,120.269056,True
-11.34,9,120.277909,False
-11.55,5,120.282427,False
-11.54,4,120.286433,False
20.2,5,120.290431,True
20.19,6,120.295667,True
20.44,6,120.300667,True
20.42,8,120.307175,True
22.65,10,120.315977,True
-11.78,3,120.318974,False
-11.8,5,120.321975,False
-10.34,9,120.330765,False
-11.55,5,120.335297,False
-11.55,5,120.339297,False
20.2,5,120.343582,True
21.66,9,120.351127,True
-10.32,7,120.356652,False
-10.79,4,120.360392,False
-11.31,6,120.365414,False
22.32,16,120.379647,True
22.39,11,120.388176,True
20.43,7,120.394176,True
-11.77,2,120.396176,False
-10.58,8,120.402699,False
-11.54,4,120.405699,False
20.44,6,120.41063,True
-11.54,4,120.414637,False
-10.32,7,120.420162,False
-10.33,8,120.428019,False
-10.59,9,120.435022,False
20.19,6,120.440544,True
-11.58,8,120.447488,False
-11.78,3,120.45001,False
21.42,8,120.456009,True
20.2,5,120.460912,True
20.44,6,120.465444,True
-10.35,10,120.473488,False
20.44,6,120.478969,True
-11.32,7,120.484516,False
-11.53,3,120.487517,False
20.2,5,120.492017,True
-11.32,7,120.498343,False
22.41,9,120.505867,True
20.66,9,120.512665,True
-11.78,3,120.515664,False
20.44,6,120.520664,True
-10.34,9,120.527575,False
20.18,7,120.534091,True
22.41,9,120.541097,True
-11.78,3,120.544133,False
20.43,7,120.550251,True
21.42,8,120.557484,True
-10.34,9,120.565169,False
-10.33,8,120.572651,False
-11.54,4,120.575996,False
20.42,8,120.583005,True
-11.54,4,120.586535,False
-12.02,2,120.588534,False
-10.6,10,120.597316,False
-11.56,6,120.602317,False
21.43,7,120.607829,True
21.18,7,120.614127,True
20.43,7,120.620151,True
-11.78,3,120.623151,False
22.38,12,120.633117,True
-11.78,3,120.636117,False
20.44,6,120.640641,True
22.4,10,120.648092,True
-11.78,3,120.651618,False
-10.34,9,120.658617,False
20.2,5,120.663375,True
-11.34,9,120.671145,False
22.41,9,120.678395,True
-10.58,8,120.684918,False
20.2,5,120.689846,True
22.37,13,120.700139,True
22.17,8,120.707562,True
-11.3,5,120.71186,False
-11.54,4,120.715384,False
-10.34,9,120.723383,False
22.38,12,120.733282,True
22.4,10,120.740822,True
21.42,8,120.748307,True
-11.31,6,120.753307,False
20.19,6,120.757833,True
21.42,8,120.764745,True
-11.77,2,120.767261,False
21.18,7,120.772269,True
-10.58,8,120.779453,False
22.39,11,120.788452,True
-10.34,9,120.796189,False
20.44,6,120.800701,True
-10.57,7,120.806701,False
-11.77,2,120.809207,False
20.43,7,120.814554,True
-10.57,7,120.821083,False
-10.55,5,120.825408,False
21.4,10,120.833953,True
21.42,8,120.839952,True
-12.02,2,120.8426,False
22.1,15,120.854327,True
22.16,9,120.861766,True
22.39,11,120.871336,True
-11.78,3,120.873854,False
-11.32,7,120.879545,False
21.42,8,120.886601,True
20.43,7,120.892657,True
20.19,6,120.898191,True
-10.58,8,120.905194,False
-10.6,10,120.913873,False
20.44,6,120.918397,True
20.43,7,120.925403,True
20.68,7,120.930923,True
-12.02,2,120.932923,False
-11.79,4,120.935926,False
-10.34,9,120.943691,False
-11.56,6,120.94926,False
-10.31,6,120.954259,False
22.64,11,120.962513,True
-10.58,8,120.969529,False
-11.31,6,121.359029,False
-10.55,5,121.365039,False
20.44,6,121.371554,True
20.43,7,121.379549,True
22.65,10,121.390677,True
-10.32,7,121.39765,False
21.41,9,121.405652,True
-12.04,4,121.410644,False
20.19,6,121.416643,True
20.44,6,121.422149,True
21.43,7,121.430656,True
-10.58,8,121.439159,False
22.41,9,121.449672,True
21.17,8,121.459295,True
-11.77,2,121.461819,False
-10.34,9,121.472332,False
20.44,6,121.479245,True
20.44,6,121.485298,True
21.18,7,121.491807,True
-10.34,9,121.500326,False
-11.53,3,121.502847,False
20.68,7,121.509389,True
-11.54,4,121.513936,False
-10.34,9,121.521936,False
20.42,7,121.529001,True
-10.34,9,121.538519,False
-10.31,6,121.544611,False
-11.56,6,121.550623,False
-11.78,3,121.554279,False
-10.58,8,121.561365,False
-11.53,3,121.564875,False
22.37,13,121.576996,True
22.6,15,121.591509,True
-10.59,9,121.599445,False
-12.02,2,121.601445,False
21.39,11,121.611271,True
-11.56,6,121.617271,False
20.43,7,121.622796,True
-11.31,6,121.627778,False
-10.79,4,121.630785,False
20.44,6,121.635785,True
21.17,8,121.642814,True
-11.77,2,121.644814,False
-11.54,4,121.648835,False
-11.78,3,121.651356,False
20.44,6,121.655355,True
-10.6,10,121.664511,False
20.2,5,121.668021,True
-10.81,6,121.673085,False
20.68,7,121.679691,True
-10.33,8,121.685739,False
22.16,9,121.693491,True
20.44,6,121.698486,True
-11.57,6,121.703008,False
21.43,7,121.709001,True
-11.31,6,121.713778,False
-11.36,10,121.72231,False
-11.55,5,121.726539,False
22.64,11,121.735057,True
-10.79,4,121.738569,False
20.43,7,121.744901,True
20.2,5,121.748419,True
21.42,8,121.755708,True
20.43,7,121.761236,True
22.16,9,121.768758,True
-10.6,10,121.777044,False
21.65,10,121.785565,True
21.18,7,121.790565,True
-10.61,11,121.801663,False
21.42,8,121.808186,True
-12.02,2,121.809568,False
20.68,7,121.816074,True
20.67,8,121.822074,True
-11.56,6,121.827985,False
-11.81,6,121.832991,False
-11.78,3,121.835992,False
-12.03,3,121.838516,False
20.44,6,121.843854,True
-11.54,4,121.846358,False
20.19,6,121.851912,True
-10.55,5,121.855912,False
-11.54,4,121.859924,False
-10.58,8,121.865924,False
-11.78,3,121.869437,False
20.44,6,121.874949,True
20.68,7,121.88022,True
-10.57,7,121.886717,False
-10.57,7,121.892915,False
-11.54,4,121.895941,False
-10.56,6,121.901462,False
-10.83,8,121.908463,False
-10.33,8,121.915068,False
22.17,8,121.921581,True
-10.33,8,121.928175,False
22.41,9,121.935702,True
20.67,8,121.94246,True
22.39,11,121.951514,True
-11.54,4,121.955515,False
22.16,9,121.964063,True
20.19,6,121.969059,True
-9.38,13,121.980623,False
-10.33,8,121.987149,False
21.42,8,121.994087,True
-10.32,7,121.999086,False
-11.78,3,122.002084,False
20.43,7,122.007602,True
-11.34,8,122.014355,False
-11.55,5,122.018352,False
-11.55,5,122.022352,False
21.43,7,122.029087,True
-10.34,9,122.036453,False
20.44,6,122.040976,True
-10.55,5,122.04572,False
21.42,8,122.051815,True
21.43,7,122.058339,True
21.19,6,122.06255,True
20.68,7,122.069061,True
-10.81,6,122.073573,False
-9.56,6,122.079339,False
-11.57,7,122.08538,False
-10.56,6,122.090396,False
21.42,8,122.097295,True
-11.78,3,122.099294,False
22.14,11,122.109101,True
22.64,11,122.117616,True
-10.31,6,122.122616,False
22.35,14,122.134346,True
-10.79,4,122.137856,False
21.41,9,122.145083,True
20.68,7,122.151173,True
21.42,8,122.157187,True
20.19,6,122.162404,True
-11.3,5,122.166927,False
-11.78,3,122.169445,False
22.39,11,122.178172,True
-11.54,4,122.181694,False
-10.31,6,122.186694,False
22.61,14,122.19795,True
21.19,6,122.20317,True
21.42,8,122.20917,True
-11.54,4,122.212699,False
-11.55,5,122.216699,False
-12.02,2,122.218699,False
-11.31,6,122.223221,False
20.44,6,122.227943,True
20.19,6,122.233459,True
21.19,6,122.238458,True
20.44,6,122.243186,True
22.37,13,122.253237,True
-11.54,4,122.257237,False
22.39,11,122.649453,True
-10.58,8,122.657462,False
-10.33,8,122.667371,False
22.35,14,122.683338,True
-10.57,7,122.691051,False
-11.81,6,122.697164,False
-10.57,7,122.703669,False
21.41,9,122.711621,True
20.2,5,122.716623,True
-10.35,10,122.728567,False
-11.33,8,122.737072,False
20.44,6,122.742574,True
20.44,6,122.748209,True
20.19,6,122.754218,True
21.4,10,122.763767,True
22.4,10,122.772273,True
-10.55,5,122.777917,False
-10.57,7,122.786424,False
22.16,9,122.79547,True
-11.82,7,122.803975,False
-10.58,8,122.813144,False
22.35,14,122.829459,True
21.42,8,122.839014,True
-10.57,7,122.846196,False
20.19,6,122.852232,True
21.41,9,122.860808,True
-10.59,9,122.86885,False
-11.55,5,122.873855,False
20.2,5,122.877262,True
20.43,7,122.883787,True
20.68,7,122.889299,True
22.63,12,122.898219,True
-10.33,8,122.906766,False
-11.32,7,122.912776,False
-10.33,8,122.918776,False
-11.55,5,122.923283,False
20.2,5,122.927738,True
21.42,8,122.934265,True
22.39,10,122.944206,True
20.43,7,122.949206,True
21.18,7,122.955787,True
22.39,11,122.964666,True
-10.57,7,122.970662,False
21.19,6,122.975478,True
21.42,8,122.983482,True
20.42,8,122.989994,True
20.43,7,122.995373,True
-11.31,6,123.001368,False
-10.33,8,123.00788,False
20.44,6,123.013328,True
-10.59,9,123.021841,False
-11.54,4,123.025421,False
22.36,14,123.036963,True
21.18,7,123.04297,True
21.42,8,123.049488,True
22.39,11,123.058057,True
-10.34,9,123.06626,False
21.42,8,123.073277,True
-11.3,5,123.077824,False
-11.33,8,123.084337,False
-11.78,3,123.087337,False
22.41,9,123.095062,True
20.2,5,123.099567,True
-11.78,3,123.102575,False
-11.77,2,123.103574,False
20.68,7,123.109483,True
20.39,10,123.118504,True
-10.59,9,123.125333,False
22.6,15,123.137874,True
-9.6,10,123.145598,False
-10.55,5,123.149598,False
-10.57,7,123.15516,False
22.38,12,123.166558,True
21.41,9,123.173604,True
-11.53,3,123.176509,False
20.44,6,123.180508,True
20.19,6,123.186542,True
21.41,9,123.194139,True
20.67,8,123.20066,True
-10.62,12,123.210388,False
21.41,9,123.217912,True
-11.56,6,123.221913,False
21.18,7,123.228161,True
-11.78,3,123.231161,False
21.39,11,123.240392,True
20.68,7,123.246151,True
-10.34,9,123.253501,False
20.44,6,123.258548,True
-10.82,7,123.263771,False
-10.32,7,123.269926,False
20.68,7,123.276185,True
-11.54,4,123.279733,False
-12.02,2,123.281733,False
21.65,10,123.289259,True
-11.32,7,123.295467,False
20.2,5,123.299985,True
-9.36,11,123.308497,False
-10.56,6,123.314754,False
-11.32,7,123.320266,False
21.42,8,123.327091,True
-10.61,11,123.336182,False
22.41,9,123.344133,True
20.44,6,123.348564,True
-11.34,9,123.355903,False
20.44,6,123.360858,True
20.2,5,123.364945,True
22.17,8,123.372219,True
21.18,7,123.377548,True
20.68,7,123.384192,True
21.19,6,123.389195,True
20.44,6,123.393555,True
20.2,5,123.397553,True
-11.77,2,123.399552,False
-11.54,4,123.40315,False
-11.78,3,123.406158,False
22.38,12,123.415913,True
20.44,6,123.420913,True
22.12,13,123.431721,True
20.44,6,123.437254,True
-10.59,9,123.445007,False
21.4,10,123.453506,True
-11.79,4,123.457033,False
-10.55,5,123.461307,False
-11.79,4,123.463306,False
20.43,7,123.470629,True
-10.57,7,123.475139,False
21.66,9,123.483027,True
-11.78,3,123.486537,False
-10.32,7,123.491541,False
20.44,6,123.497314,True
-11.56,6,123.502314,False
-11.76,1,123.503314,False
-10.33,8,123.510039,False
20.68,7,123.515033,True
22.59,16,123.530539,True
20.44,6,123.535539,True
-10.32,7,123.541455,False
22.41,9,123.549999,True
22.63,12,123.920477,True
-10.57,7,123.926531,False
-11.56,6,123.932531,False
-10.79,4,123.937037,False
21.42,8,123.946148,True
20.42,8,123.955645,True
-11.03,3,123.958769,False
-11.58,8,123.968989,False
21.66,9,123.977092,True
-11.53,3,123.980605,False
21.67,8,123.989697,True
-9.44,19,124.010637,False
-10.8,5,124.015636,False
-11.58,8,124.023141,False
-10.32,7,124.031028,False
-10.56,6,124.037028,False
20.68,7,124.044352,True
22.4,10,124.052857,True
-11.59,9,124.063079,False
20.43,7,124.071079,True
-11.55,5,124.076584,False
21.43,7,124.084597,True
21.16,8,124.093819,True
-11.53,3,124.097819,False
-11.8,5,124.103321,False
20.43,7,124.110886,True
-11.8,5,124.116392,False
-12.02,2,124.118398,False
20.42,8,124.126327,True
22.4,10,124.136067,True
-10.32,7,124.142364,False
22.37,13,124.153911,True
21.65,10,124.163927,True
-10.31,6,124.169131,False
-11.53,3,124.17206,False
-11.79,4,124.175071,False
20.2,5,124.179328,True
20.66,9,124.187193,True
-11.57,7,124.193433,False
20.2,5,124.197433,True
22.61,14,124.208472,True
-11.31,6,124.213673,False
-10.57,7,124.219201,False
-10.58,8,124.226937,False
-12.02,2,124.228474,False
-11.54,4,124.231488,False
20.43,7,124.237164,True
22.15,10,124.245894,True
21.42,8,124.252407,True
22.15,9,124.25945,True
21.43,7,124.265104,True
-11.56,6,124.270638,False
-12.02,2,124.272639,False
-10.81,6,124.276851,False
21.67,8,124.284381,True
-11.57,7,124.289886,False
-11.54,4,124.293115,False
-11.56,6,124.29811,False
-10.32,7,124.304634,False
-11.32,7,124.309872,False
-10.57,7,124.317403,False
20.44,6,124.321398,True
21.19,6,124.327195,True
21.39,11,124.336718,True
22.65,10,124.344641,True
22.4,10,124.35264,True
-11.54,4,124.356164,False
20.67,8,124.363647,True
-11.78,3,124.36617,False
22.42,8,124.372169,True
-10.33,8,124.378894,False
-11.56,6,124.383425,False
-10.55,5,124.38794,False
-11.56,6,124.392905,False
21.4,10,124.402006,True
-11.8,5,124.406006,False
20.43,7,124.411965,True
21.18,7,124.418497,True
20.43,7,124.423496,True
20.42,8,124.430465,True
-11.8,5,124.434465,False
20.2,5,124.439459,True
-10.57,7,124.445363,False
20.43,7,124.451382,True
20.68,7,124.456902,True
-10.31,6,124.46233,False
21.65,10,124.471128,True
20.44,6,124.47561,True
-11.77,2,124.477625,False
-10.32,7,124.483703,False
-11.79,4,124.487217,False
-10.6,9,124.494544,False
-10.57,7,124.501543,False
-11.78,3,124.504054,False
-10.79,4,124.507068,False
20.44,6,124.512399,True
-10.79,4,124.516918,False
-10.55,5,124.520918,False
-11.78,3,124.523918,False
-11.53,3,124.526207,False
20.44,6,124.531188,True
20.43,7,124.537698,True
-11.78,3,124.540699,False
20.44,6,124.545392,True
-10.34,9,124.553478,False
20.43,7,124.558451,True
21.18,7,124.565066,True
20.44,6,124.569743,True
21.41,9,124.57852,True
-10.33,8,124.585041,False
20.42,8,124.592307,True
22.16,9,124.599845,True
-11.33,8,124.606845,False
-11.82,7,124.613569,False
-10.59,9,124.621096,False
20.68,7,124.627593,True
-10.35,10,124.635105,False
-10.82,7,124.642081,False
22.62,12,124.652635,True
20.68,7,124.657626,True
-11.56,6,124.66343,False
20.44,6,124.668428,True
22.38,12,124.677834,True
-10.57,7,124.683869,False
22.17,8,124.690576,True
21.42,8,124.696845,True
-10.6,10,124.705352,False
-10.56,6,124.71061,False
-11.76,1,124.71061,False
19.94,6,124.717143,True
-11.78,3,124.719142,False
-11.33,8,124.725893,False
-10.56,6,124.730888,False
-11.8,5,124.73541,False
20.42,8,125.213436,True
21.19,6,125.217951,True
-11.56,6,125.222951,False
-11.56,6,125.228534,False
20.16,9,125.237347,True
20.18,7,125.245204,True
-11.32,7,125.251717,False
20.2,5,125.255717,True
-11.78,3,125.259303,False
21.43,7,125.264641,True
22.62,12,125.27486,True
20.2,5,125.279099,True
-11.77,2,125.282099,False
20.2,5,125.285601,True
-11.55,5,125.290699,False
20.43,7,125.296932,True
-11.78,3,125.299596,False
-11.77,2,125.301275,False
20.2,5,125.305818,True
20.44,6,125.310156,True
-11.55,5,125.698386,False
21.43,7,125.704384,True
-11.55,5,125.7095,False
-10.82,7,125.717922,False
-11.54,4,125.721924,False
22.36,14,125.738905,True
-10.61,11,125.751921,False
22.15,10,125.763452,True
-11.32,7,125.768956,False
-11.56,6,125.775504,False
-11.78,3,125.778514,False
20.43,7,125.785021,True
-11.78,3,125.788021,False
-10.33,8,125.797565,False
-11.79,4,125.802157,False
-11.78,3,125.805838,False
-11.78,3,125.809286,False
20.41,9,125.819807,True
20.44,6,125.826912,True
-10.34,9,125.835437,False
-11.29,4,125.839437,False
-11.3,5,125.843548,False
-11.79,4,125.847559,False
-11.78,3,125.850559,False
20.68,7,125.858547,True
20.68,7,125.864603,True
21.39,11,125.875736,True
20.43,7,125.882762,True
-10.57,7,125.891267,False
-10.34,9,125.899403,False
-10.82,7,125.906081,False
21.65,10,125.915601,True
21.4,10,125.925123,True
22.4,10,125.934898,True
22.41,9,125.942684,True
-11.78,3,125.944672,False
21.41,9,125.952199,True
21.43,7,125.958199,True
-11.78,3,125.960417,False
21.39,11,125.969974,True
21.41,9,125.977357,True
-11.57,7,125.983423,False
20.44,6,125.988423,True
-12.02,2,125.98994,False
20.2,5,125.994481,True
-11.54,4,125.99748,False
20.94,6,126.003002,True
-11.33,8,126.009806,False
22.56,18,126.024856,True
-11.31,6,126.0291,False
-10.55,5,126.033631,False
21.19,6,126.03863,True
21.66,9,126.046365,True
21.42,8,126.052896,True
22.57,18,126.068164,True
-11.78,3,126.070164,False
21.18,7,126.075895,True
20.19,6,126.081408,True
20.19,6,126.085938,True
-11.77,2,126.087938,False
-10.57,7,126.094192,False
-11.33,8,126.100197,False
-11.54,4,126.103734,False
-11.33,8,126.110951,False
-11.3,5,126.114991,False
22.59,15,126.126728,True
21.19,6,126.131724,True
22.36,13,126.143206,True
-10.33,8,126.149731,False
-11.56,6,126.15473,False
-10.32,7,126.160685,False
-11.82,7,126.166348,False
-11.78,3,126.168872,False
19.96,4,126.171872,True
-10.58,8,126.179196,False
21.42,8,126.185195,True
21.65,10,126.19402,True
-11.31,6,126.199056,False
-10.58,8,126.206071,False
-11.78,3,126.208064,False
-12.02,2,126.210593,False
-11.56,6,126.215591,False
21.17,8,126.222133,True
-11.79,4,126.225129,False
20.44,6,126.231166,True
-11.56,6,126.23617,False
-10.34,9,126.244231,False
20.19,6,126.249231,True
-10.58,8,126.255404,False
22.63,12,126.264659,True
20.42,8,126.271701,True
-10.33,8,126.278923,False
21.66,9,126.28597,True
-11.53,3,126.28797,False
20.44,6,126.293709,True
21.41,9,126.300229,True
21.41,9,126.308736,True
-10.57,7,126.314047,False
20.2,5,126.318048,True
-10.31,6,126.323047,False
-11.78,3,126.325559,False
-11.54,4,126.329814,False
-10.58,8,126.336356,False
-11.78,3,126.338355,False
20.2,5,126.342587,True
-11.8,5,126.347108,False
-10.79,4,126.350104,False
-11.8,5,126.355104,False
-11.79,4,126.357616,False
20.44,6,126.362876,True
-11.78,3,126.365387,False
-12.02,2,126.367909,False
-10.55,5,126.371908,False
20.42,8,126.378257,True
-10.55,5,126.384774,False
-10.59,9,126.393706,False
21.65,10,126.401983,True
-10.6,9,126.409538,False
-11.32,7,126.415542,False
-11.54,4,126.418122,False
22.59,16,126.430889,True
-11.56,6,126.435889,False
-11.54,4,126.439414,False
20.66,9,126.44662,True
-11.81,6,126.452142,False
22.36,14,126.463445,True
-11.56,5,126.467484,False
22.62,13,126.478227,True
-11.55,5,126.482267,False
20.44,6,126.486813,True
-11.57,7,126.492547,False
21.41,9,126.500582,True
20.67,8,126.506582,True
-10.34,9,126.514891,False
-10.56,6,126.519905,False
22.41,9,126.527667,True
-11.57,7,126.533192,False
-10.57,7,126.539191,False
22.63,12,126.548925,True
20.43,7,126.55447,True
20.2,5,126.558464,True
22.35,15,126.57127,True
-11.32,7,126.576011,False
20.43,7,126.582536,True
-11.53,3,126.585665,False
-11.53,3,126.588668,False
-11.79,4,126.591668,False
21.4,10,126.599943,True
20.42,8,126.99109,True
-10.59,9,127.001502,False
-11.56,6,127.008425,False
-10.33,8,127.01845,False
20.2,5,127.023449,True
20.68,7,127.032467,True
20.44,6,127.037971,True
20.43,7,127.044536,True
20.68,7,127.052042,True
22.35,15,127.06949,True
22.65,10,127.078509,True
22.4,10,127.08801,True
-11.78,3,127.09147,False
-11.78,3,127.094482,False
21.42,8,127.101494,True
-12.02,2,127.103494,False
22.63,11,127.114028,True
-11.78,3,127.118028,False
-11.33,8,127.126592,False
21.41,9,127.137095,True
21.38,12,127.149128,True
-11.79,4,127.153633,False
22.17,8,127.162777,True
21.42,8,127.172294,True
-10.56,6,127.179951,False
-12.02,2,127.180951,False
20.68,7,127.188174,True
21.43,7,127.194862,True
-10.6,10,127.204205,False
-11.79,4,127.208506,False
-11.56,6,127.214046,False
-10.82,7,127.220574,False
-11.32,7,127.227443,False
20.44,6,127.232964,True
21.42,8,127.240062,True
-11.53,3,127.243443,False
20.44,6,127.247967,True
22.65,10,127.2565,True
22.4,10,127.265756,True
21.65,10,127.274699,True
-11.54,4,127.277242,False
22.41,9,127.284768,True
21.16,9,127.292791,True
-10.57,7,127.298816,False
21.42,8,127.305823,True
-10.34,9,127.313023,False
22.39,11,127.322689,True
-11.07,7,127.328613,False
-11.54,4,127.332617,False
20.2,5,127.336617,True
20.44,6,127.341464,True
-11.79,4,127.344485,False
-11.78,3,127.34748,False
-10.58,8,127.354004,False
20.68,7,127.359327,True
-11.54,4,127.363163,False
-11.78,3,127.36617,False
-12.02,2,127.367675,False
-10.56,6,127.373194,False
21.66,9,127.380776,True
22.62,13,127.390806,True
-11.81,6,127.396831,False
-10.33,8,127.402855,False
21.17,8,127.41025,True
21.66,9,127.417763,True
20.42,7,127.423786,True
-11.3,5,127.428319,False
20.68,7,127.434802,True
-10.57,7,127.440799,False
-11.56,6,127.446142,False
-11.77,2,127.448142,False
20.19,6,127.452142,True
20.2,5,127.456662,True
-11.32,7,127.463005,False
22.16,9,127.470564,True
-9.39,14,127.48198,False
-11.56,6,127.487166,False
-10.8,5,127.491168,False
20.19,6,127.496702,True
21.18,7,127.502223,True
20.44,6,127.506745,True
-10.33,8,127.513478,False
-11.78,3,127.516009,False
-10.55,5,127.521015,False
-10.34,9,127.528246,False
22.38,12,127.537754,True
22.63,12,127.548061,True
20.44,6,127.553056,True
-10.81,6,127.557889,False
20.44,6,127.56298,True
21.18,7,127.569307,True
21.17,8,127.575572,True
-11.32,7,127.581336,False
-10.8,5,127.585335,False
22.4,10,127.594143,True
21.43,7,127.600154,True
-10.34,9,127.608169,False
-11.54,4,127.610919,False
22.3,20,127.626487,True
-10.58,8,127.63402,False
21.17,8,127.641019,True
21.43,7,127.646602,True
-10.57,7,127.652133,False
-11.78,3,127.655132,False
20.68,7,127.660591,True
-11.53,3,127.663116,False
20.2,5,127.667115,True
-11.78,3,127.669639,False
-12.02,2,127.672163,False
-10.57,7,127.678066,False
-12.02,2,127.680066,False
21.43,7,127.685577,True
21.18,7,127.691088,True
-11.56,6,127.696884,False
-11.35,9,127.703901,False
-11.55,5,127.709374,False
22.61,14,127.720722,True
-11.32,7,127.726762,False
20.19,6,127.730762,True
20.44,6,127.73643,True
22.62,12,127.746075,True
22.41,9,127.753074,True
20.2,5,127.757594,True
21.66,9,127.764855,True
-10.59,9,127.773427,False
20.44,6,127.777951,True
-10.33,8,127.784473,False
-10.33,8,127.791999,False
-10.58,8,127.798518,False
21.18,7,127.804044,True
22.35,15,127.817089,True
-11.54,4,127.82061,False
20.43,7,127.825972,True
20.19,6,127.830528,True
22.16,9,127.838042,True
-11.52,2,127.839559,False
-12.03,3,127.842778,False
22.17,8,127.849285,True
-12.02,2,127.851295,False
21.67,8,127.857294,True
-11.31,6,127.86208,False
22.39,11,127.872097,True
21.4,10,127.879356,True
20.42,8,127.886878,True
20.2,5,127.891457,True
20.2,5,127.895828,True
20.2,5,128.273693,True
22.16,9,128.283906,True
-11.53,3,128.286906,False
20.44,6,128.294433,True
20.44,6,128.301462,True
-10.79,4,128.30621,False
-11.78,3,128.309712,False
20.44,6,128.31722,True
21.43,7,128.324724,True
20.19,6,128.331229,True
22.13,12,128.344733,True
-11.78,3,128.348733,False
20.2,5,128.353913,True
-11.77,2,128.355913,False
-10.55,5,128.36028,False
-12.02,2,128.362787,False
-10.79,4,128.366786,False
20.68,7,128.373803,True
-11.32,7,128.379355,False
-10.55,5,128.38633,False
20.67,8,128.395314,True
-11.77,2,128.397314,False
22.4,10,128.409374,True
-10.56,6,128.416878,False
20.19,6,128.421878,True
21.42,8,128.429375,True
-11.55,5,128.435876,False
-12.02,2,128.438879,False
-11.78,3,128.442308,False
-11.81,6,128.448823,False
22.52,23,128.471366,True
-10.57,7,128.47823,False
-11.32,7,128.483747,False
20.68,7,128.491037,True
20.68,7,128.496275,True
-11.32,7,128.502799,False
21.41,9,128.510216,True
-11.56,6,128.515212,False
-12.02,2,128.516212,False
20.44,6,128.52178,True
-11.77,2,128.523779,False
-11.78,3,128.527107,False
20.43,7,128.533344,True
20.42,8,128.540347,True
20.4,10,128.548991,True
22.55,20,128.56543,True
-10.55,5,128.569429,False
22.39,11,128.578358,True
20.43,7,128.584882,True
20.2,5,128.588876,True
22.41,9,128.596116,True
20.43,7,128.602116,True
21.42,8,128.609187,True
21.16,9,128.616703,True
-11.54,4,128.620698,False
20.44,6,128.625946,True
-11.54,4,128.628686,False
20.44,6,128.634215,True
21.65,10,128.643004,True
-10.33,8,128.649527,False
-11.78,3,128.652537,False
22.4,10,128.66049,True
-10.35,9,128.668011,False
-11.57,7,128.673539,False
-10.55,5,128.677989,False
-11.55,5,128.682002,False
-10.56,6,128.687529,False
-10.57,7,128.693615,False
21.4,10,128.701137,True
-11.57,7,128.707661,False
22.63,11,128.716188,True
21.19,6,128.721122,True
-11.56,6,128.72564,False
20.44,6,128.731416,True
22.4,10,128.740414,True
20.68,7,128.746419,True
22.34,16,128.759378,True
-11.78,3,128.762377,False
-11.32,7,128.7679,False
21.43,7,128.773416,True
20.43,7,128.779828,True
-10.35,10,128.787851,False
-11.79,4,128.792358,False
21.42,8,128.798904,True
-11.33,8,128.806013,False
-10.57,7,128.811888,False
20.44,6,128.816399,True
-10.58,8,128.822945,False
20.43,7,128.828763,True
-10.32,7,128.834762,False
21.4,10,128.844288,True
20.67,8,128.850816,True
-10.33,8,128.856816,False
-11.32,7,128.863344,False
21.42,8,128.86987,True
-11.54,4,128.873371,False
22.62,13,128.883818,True
20.68,7,128.8915,True
-10.57,7,128.897083,False
-11.78,3,128.900111,False
22.64,11,128.908878,True
-11.32,7,128.914403,False
21.17,8,128.92193,True
20.94,6,128.926654,True
22.36,14,128.938192,True
21.19,6,128.942909,True
-10.58,8,128.949905,False
22.4,10,128.957431,True
21.41,9,128.965151,True
-12.02,2,128.967151,False
-10.83,7,128.972799,False
20.43,7,128.97807,True
21.66,9,128.986576,True
-10.56,6,128.992086,False
-11.56,6,128.996956,False
20.44,6,129.001953,True
-11.34,8,129.00771,False
20.44,6,129.012933,True
20.44,6,129.018459,True
20.68,7,129.023981,True
-11.53,3,129.027231,False
-10.62,12,129.036747,False
-11.78,3,129.03974,False
-10.57,7,129.045134,False
22.39,11,129.053657,True
-10.32,7,129.060405,False
-10.33,8,129.065404,False
-11.54,4,129.06993,False
21.42,8,129.077277,True
-9.8,5,129.081292,False
20.19,6,129.086292,True
-10.34,9,129.094089,False
-10.34,9,129.10163,False
-12.02,2,129.102631,False
-11.81,6,129.108159,False
-10.57,7,129.113371,False
-11.57,7,129.119897,False
21.39,10,129.128143,True
20.44,6,129.133185,True
22.39,10,129.140712,True
-11.54,4,129.143934,False
20.67,8,129.150451,True
20.44,6,129.155455,True
20.44,6,129.160186,True
22.38,12,129.170712,True
22.14,11,129.17945,True
-11.78,3,129.181975,False
-12.02,2,129.566442,False
-11.78,3,129.569957,False
-11.32,7,129.577485,False
-10.34,9,129.586004,False
21.42,8,129.594951,True
-10.81,6,129.600985,False
21.18,7,129.608486,True
-10.58,8,129.617027,False
-11.57,7,129.623547,False
20.44,6,129.629593,True
22.4,10,129.639107,True
-10.58,8,129.647156,False
21.19,6,129.653947,True
-11.54,4,129.657509,False
20.19,6,129.663633,True
-11.56,6,129.669796,False
-11.57,7,129.677365,False
-11.78,3,129.680888,False
-11.58,8,129.689404,False
-11.31,6,129.696421,False
22.16,34,129.727395,True
-11.77,2,129.729395,False
20.44,6,129.735903,True
22.63,12,129.748821,True
22.58,17,129.765844,True
-11.79,4,129.769525,False
-10.57,7,129.775529,False
21.66,9,129.784179,True
-10.82,7,129.790699,False
-10.34,8,129.798667,False
-10.33,8,129.807201,False
-11.32,7,129.81323,False
20.44,6,129.818229,True
-11.54,4,129.820755,False
-10.34,9,129.829144,False
22.63,12,129.839183,True
20.44,6,129.845019,True
-10.58,8,129.85154,False
22.37,13,129.863379,True
-12.02,2,129.865379,False
22.62,12,129.874887,True
-12.01,1,129.8762,False
22.63,12,129.886769,True
22.6,15,129.899559,True
20.17,7,129.906075,True
-11.31,6,129.911586,False
20.43,7,129.917099,True
20.44,6,129.922098,True
-11.77,2,129.924603,False
-11.53,3,129.926609,False
22.63,12,129.937121,True
22.41,9,129.944121,True
22.63,11,129.953633,True
20.68,7,129.959686,True
22.49,26,129.982985,True
21.41,9,129.990498,True
21.64,10,129.998704,True
-10.32,7,130.00446,False
-10.57,7,130.011327,False
-10.34,9,130.018838,False
20.43,7,130.02532,True
-11.55,5,130.029342,False
-11.55,5,130.033864,False
-11.59,9,130.040905,False
-11.57,7,130.047374,False
20.44,6,130.051885,True
-11.34,8,130.059335,False
21.42,8,130.065867,True
-11.31,6,130.071374,False
20.42,8,130.078342,True
-11.54,4,130.082367,False
-10.6,10,130.090451,False
-10.55,5,130.094239,False
20.43,7,130.099911,True
-11.31,6,130.1065,False
21.42,8,130.113271,True
22.61,14,130.124798,True
-11.31,6,130.129722,False
21.17,8,130.137228,True
-11.3,5,130.141546,False
-10.57,7,130.1471,False
-11.54,4,130.151099,False
20.2,5,130.15461,True
20.44,6,130.159843,True
21.17,8,130.166366,True
20.68,7,130.172365,True
22.38,12,130.181605,True
-10.56,6,130.18713,False
20.67,8,130.193867,True
20.44,6,130.19839,True
20.68,7,130.20439,True
20.68,7,130.210144,True
-11.78,3,130.212666,False
-10.55,5,130.217181,False
-11.54,4,130.220186,False
21.4,10,130.228344,True
20.94,6,130.233342,True
-10.34,9,130.2417,False
-11.31,6,130.246274,False
-10.55,5,130.250786,False
-11.57,7,130.256786,False
20.44,6,130.261744,True
21.18,7,130.267741,True
20.68,7,130.273268,True
-11.55,5,130.277668,False
20.67,8,130.284231,True
-10.58,8,130.291099,False
-11.78,3,130.293292,False
21.42,8,130.30034,True
-10.55,5,130.304353,False
22.4,10,130.313094,True
-11.78,3,130.315094,False
-10.55,5,130.319094,False
21.4,10,130.327827,True
20.19,6,130.332875,True
22.38,12,130.343112,True
21.67,8,130.349109,True
-11.56,6,130.353639,False
-10.58,8,130.360839,False
22.36,13,130.371361,True
20.18,7,130.377095,True
21.65,10,130.385361,True
20.44,6,130.390376,True
-11.31,6,130.395589,False
-10.57,7,130.401588,False
20.44,6,130.406111,True
21.42,8,130.413865,True
20.43,7,130.419368,True
-11.54,4,130.42237,False
20.68,7,130.428673,True
-10.35,10,130.438194,False
21.42,8,130.444273,True
22.39,11,130.453804,True
21.17,8,130.46033,True
-11.31,6,130.46533,False
22.63,12,130.856968,True
-11.54,4,130.861489,False
-10.6,10,130.873496,False
-10.57,7,130.881594,False
22.64,11,130.895567,True
-11.33,8,130.903567,False
21.43,7,130.911565,True
-10.59,9,130.921574,False
21.42,8,130.929968,True
22.35,15,130.947506,True
-10.57,6,130.955508,False
-10.57,7,130.964014,False
-11.78,3,130.967014,False
21.67,8,130.976518,True
22.64,11,130.987032,True
-10.36,9,130.998039,False
21.43,7,131.006544,True
20.2,5,131.012049,True
22.16,9,131.023058,True
-10.36,11,131.035582,False
20.2,5,131.041436,True
20.68,7,131.04844,True
22.35,15,131.062315,True
21.66,9,131.070836,True
-10.34,9,131.078848,False
21.65,10,131.088417,True
22.56,19,131.104505,True
20.43,7,131.110701,True
22.62,13,131.121727,True
-11.3,5,131.126722,False
-11.54,4,131.129766,False
-11.57,7,131.135804,False
21.66,9,131.142803,True
22.39,11,131.152474,True
-11.58,8,131.1593,False
21.66,9,131.166796,True
22.4,10,131.174803,True
-10.58,8,131.181841,False
-10.58,8,131.187679,False
21.42,8,131.195042,True
21.65,10,131.202319,True
20.67,8,131.209496,True
20.2,5,131.213489,True
20.2,5,131.218012,True
20.2,5,131.221537,True
-11.57,7,131.228272,False
-11.77,2,131.229789,False
20.43,7,131.235308,True
22.63,12,131.245694,True
20.44,6,131.250212,True
-11.53,3,131.25321,False
-11.55,5,131.257216,False
21.66,9,131.263974,True
21.17,8,131.271519,True
22.36,14,131.282283,True
-10.79,4,131.285814,False
-10.33,8,131.290828,False
20.67,8,131.298349,True
-12.02,2,131.301225,False
-10.57,7,131.307666,False
-12.06,6,131.312716,False
20.19,6,131.317965,True
22.4,10,131.325422,True
22.4,10,131.333993,True
20.2,5,131.337992,True
-11.54,4,131.341408,False
-10.32,7,131.346953,False
20.43,7,131.352948,True
-11.58,8,131.359693,False
20.2,5,131.362698,True
-11.56,6,131.368224,False
-10.34,9,131.375956,False
21.41,9,131.384,True
-10.82,7,131.38906,False
22.58,17,131.403358,True
-11.56,6,131.408206,False
-11.35,10,131.417271,False
-11.32,7,131.423269,False
20.19,6,131.428775,True
22.13,11,131.437747,True
22.16,9,131.445035,True
21.42,8,131.45156,True
-11.55,5,131.455564,False
20.41,9,131.463779,True
20.68,7,131.469291,True
-10.57,7,131.475305,False
22.4,10,131.483547,True
21.42,8,131.491122,True
21.66,9,131.498633,True
-10.33,8,131.505224,False
-11.81,6,131.510399,False
-10.32,7,131.516939,False
20.19,6,131.521676,True
20.43,7,131.528186,True
22.61,14,131.538722,True
-11.54,4,131.542464,False
-10.33,8,131.549463,False
21.42,8,131.555976,True
20.44,6,131.561207,True
20.43,7,131.566731,True
21.43,7,131.57273,True
21.42,8,132.07865,True
22.14,11,132.090209,True
22.41,9,132.099775,True
21.42,8,132.106809,True
22.38,12,132.117424,True
-10.79,4,132.120424,False
21.19,6,132.126463,True
-10.33,8,132.132464,False
-11.8,5,132.137503,False
-11.53,3,132.139517,False
-10.35,9,132.148517,False
22.4,10,132.156039,True
20.43,7,132.163388,True
20.43,7,132.168908,True
-11.54,4,132.171908,False
20.44,6,132.177094,True
21.42,8,132.183094,True
-11.54,4,132.187618,False
-11.77,2,132.188133,False
-10.6,10,132.197584,False
21.17,8,132.205107,True
22.4,10,132.213521,True
21.19,6,132.218041,True
-11.55,5,132.222558,False
-11.31,6,132.227846,False
20.44,6,132.232846,True
-11.78,3,132.234846,False
21.41,9,132.24325,True
21.42,8,132.249288,True
21.67,8,132.256288,True
20.2,5,132.260124,True
20.2,5,132.264124,True
22.39,11,132.273645,True
20.44,6,132.664816,True
-11.3,5,132.67032,False
-11.78,3,132.67432,False
-11.31,6,132.681288,False
19.94,6,132.688301,True
-11.54,4,132.693869,False
-10.33,8,132.701876,False
21.65,10,132.712862,True
20.2,5,132.719364,True
21.65,10,132.730832,True
21.18,7,132.738832,True
22.36,13,132.753758,True
21.41,9,132.763677,True
21.67,8,132.77219,True
-10.33,8,132.780624,False
21.41,9,132.790644,True
-10.57,6,132.79627,False
21.18,7,132.803782,True
-11.32,7,132.811684,False
20.2,5,132.817,True
-10.57,7,132.82554,False
22.61,14,132.840092,True
-10.57,7,132.847404,False
-10.34,9,132.858478,False
-11.32,7,132.865019,False
20.44,6,132.871024,True
21.19,6,132.876443,True
20.4,10,132.885442,True
22.16,9,132.893887,True
-11.78,3,132.896397,False
-10.33,8,132.902911,False
21.42,8,132.909846,True
-11.54,4,132.913845,False
-10.59,8,132.92036,False
-11.54,4,132.924358,False
20.42,8,132.93127,True
21.43,7,132.93627,True
-11.56,6,132.941268,False
20.66,9,132.949558,True
22.4,10,132.95815,True
22.41,9,132.965114,True
21.41,9,132.973113,True
21.41,9,132.98099,True
22.39,11,132.990588,True
-10.57,7,132.996392,False
-10.59,9,133.004391,False
20.2,5,133.007903,True
22.63,12,133.018621,True
-10.58,8,133.025964,False
20.68,7,133.031477,True
-10.33,8,133.037996,False
20.44,6,133.04353,True
-10.56,6,133.049045,False
-10.33,8,133.055044,False
22.16,9,133.062571,True
-10.6,10,133.071092,False
-11.55,5,133.075321,False
-11.78,3,133.077318,False
20.43,7,133.084839,True
-10.79,4,133.087839,False
21.18,7,133.095459,True
-10.79,4,133.098458,False
-11.54,4,133.102965,False
20.68,7,133.109571,True
-10.32,7,133.115214,False
21.43,7,133.121215,True
22.41,9,133.129325,True
21.43,7,133.135335,True
-10.33,8,133.14134,False
22.41,9,133.149091,True
-11.78,3,133.152091,False
-10.55,5,133.156606,False
-10.32,7,133.162851,False
21.4,10,133.170377,True
22.38,12,133.181132,True
22.42,8,133.18765,True
20.19,6,133.193433,True
21.43,7,133.198637,True
-11.56,6,133.203645,False
20.19,6,133.209404,True
22.42,8,133.214931,True
-11.56,6,133.220451,False
21.41,9,133.228311,True
21.18,7,133.234309,True
20.18,7,133.23965,True
20.44,6,133.245416,True
-11.32,7,133.250947,False
-10.32,7,133.256943,False
-10.33,8,133.263171,False
-11.56,6,133.268691,False
-11.54,4,133.272695,False
20.68,7,133.278445,True
20.44,6,133.283459,True
-10.35,10,133.291496,False
-10.35,10,133.300281,False
22.4,10,133.307802,True
-11.54,4,133.311569,False
21.4,10,133.32008,True
-11.77,2,133.322094,False
20.18,7,133.327854,True
-11.77,2,133.32885,False
20.17,8,133.336374,True
20.2,5,133.340895,True
-11.81,6,133.345648,False
-10.56,6,133.351159,False
21.4,10,133.359573,True
-11.55,5,133.364092,False
-11.54,4,133.367091,False
20.2,5,133.371092,True
-10.58,8,133.377846,False
21.19,6,133.382357,True
20.44,6,133.388032,True
-10.33,8,133.395607,False
22.41,9,133.403128,True
22.4,10,133.411395,True
-11.32,7,133.417438,False
-11.56,6,133.422439,False
-11.79,4,133.424966,False
-10.82,7,133.431714,False
21.4,9,133.439233,True
-10.35,10,133.447714,False
21.42,8,133.454713,True
-11.31,6,133.459488,False
22.42,8,133.466007,True
20.2,5,133.470007,True
-10.59,8,133.476754,False
22.63,12,133.48631,True
21.43,7,133.491834,True
-12.02,2,133.494073,False
21.4,10,133.502579,True
-10.56,6,133.508345,False
-11.76,1,133.508856,False
-11.78,3,133.51187,False
22.16,9,133.519393,True
-11.32,7,133.525626,False
22.39,11,133.534153,True
22.38,12,133.544432,True
21.41,9,133.552698,True
-11.78,3,133.555697,False
-11.32,7,133.5617,False
22.58,16,133.574971,True
-10.55,5,133.578991,False
21.41,9,133.992143,True
20.44,6,133.998151,True
21.42,8,134.005655,True
-12.02,2,134.008119,False
22.17,8,134.015148,True
-11.53,3,134.019147,False
20.44,6,134.026272,True
-11.54,4,134.030779,False
20.44,6,134.038284,True
22.17,8,134.047672,True
-11.53,3,134.049671,False
21.42,8,134.058177,True
20.44,6,134.063572,True
21.65,9,134.072077,True
-10.32,7,134.079036,False
22.64,11,134.08854,True
21.42,8,134.097619,True
-11.58,8,134.10565,False
20.19,6,134.112177,True
21.43,7,134.118681,True
21.41,8,134.126577,True
-10.55,5,134.133086,False
21.16,9,134.14408,True
-11.81,6,134.151088,False
20.2,5,134.157091,True
-11.54,4,134.160983,False
-10.33,8,134.170488,False
21.43,7,134.17857,True
20.43,7,134.185585,True
21.42,8,134.19485,True
20.43,7,134.201607,True
-11.54,4,134.205532,False
-11.3,5,134.210045,False
-10.81,6,134.21558,False
-11.54,4,134.219575,False
20.43,7,134.225519,True
20.2,5,134.230097,True
22.17,8,134.237736,True
-11.32,7,134.243012,False
22.39,11,134.252537,True
20.43,7,134.258773,True
22.13,12,134.26929,True
20.2,5,134.272801,True
-10.62,12,134.283668,False
20.2,5,134.287719,True
21.65,10,134.297203,True
21.41,9,134.304862,True
22.38,11,134.314759,True
-10.36,10,134.322758,False
-11.77,2,134.324915,False
-11.54,4,134.329041,False
-11.56,6,134.333796,False
-11.33,8,134.340397,False
20.44,6,134.345368,True
21.19,6,134.350374,True
20.68,7,134.356891,True
-11.77,2,134.358333,False
-10.79,4,134.36235,False
22.63,12,134.371861,True
20.2,5,134.376908,True
21.41,9,134.383998,True
20.44,6,134.388957,True
21.67,8,134.39616,True
-10.82,7,134.402507,False
22.11,14,134.415704,True
20.44,6,134.420711,True
22.61,14,134.432531,True
-10.58,8,134.438632,False
21.67,8,134.445904,True
21.42,8,134.452585,True
20.43,7,134.458864,True
21.43,7,134.464381,True
-10.58,8,134.471391,False
-11.78,3,134.473391,False
20.44,6,134.479251,True
20.44,6,134.485246,True
20.68,7,134.490968,True
-11.77,2,134.492293,False
-10.57,7,134.499145,False
21.4,10,134.507161,True
-11.36,11,134.517109,False
21.65,10,134.525045,True
20.44,6,134.530728,True
-11.79,4,134.534261,False
22.62,13,134.544686,True
22.63,12,134.555194,True
-11.55,5,134.559789,False
-11.76,1,134.560778,False
-11.55,5,134.564778,False
-10.58,8,134.571299,False
-10.81,6,134.57694,False
22.38,12,134.586699,True
-10.61,11,134.596391,False
20.19,6,134.601415,True
21.41,9,134.609426,True
-11.32,7,134.614956,False
22.62,13,134.626337,True
22.39,11,134.635395,True
22.36,14,134.647667,True
-11.58,8,134.654711,False
-10.33,8,134.660978,False
20.19,6,134.666503,True
-12.02,2,134.667503,False
-10.33,8,134.676121,False
-10.55,5,134.68012,False
20.44,6,134.684644,True
-10.32,7,134.691748,False
21.66,9,134.699382,True
-11.78,3,134.702761,False
22.39,11,134.711643,True
-10.32,7,134.718176,False
21.17,8,134.72518,True
-10.32,7,134.731203,False
20.19,6,134.736238,True
21.19,6,134.741589,True
-10.57,7,134.747667,False
20.68,7,134.752667,True
-10.33,8,134.759439,False
-11.58,8,134.766953,False
20.2,5,134.770957,True
20.2,5,134.774957,True
-11.56,6,134.779731,False
20.43,7,134.785731,True
-11.56,6,134.791257,False
20.67,8,134.797994,True
22.16,9,134.804998,True
22.34,16,134.818791,True
-10.36,11,134.828579,False
-10.58,8,134.834624,False
21.65,10,134.843382,True
-10.79,4,134.84638,False
21.4,10,134.855423,True
-10.56,6,134.860401,False
22.39,11,134.869405,True
22.41,9,134.877162,True
21.17,8,134.883687,True
-11.55,5,134.88768,False
20.19,6,134.89346,True
22.35,15,134.905511,True
-10.58,8,135.286754,False
21.41,9,135.295752,True
-11.55,5,135.300257,False
22.15,10,135.310321,True
21.38,11,135.320331,True
-11.55,5,135.325701,False
20.43,7,135.334205,True
-11.57,7,135.34176,False
-11.78,3,135.345406,False
-10.79,4,135.34991,False
-11.55,5,135.354416,False
-10.57,7,135.362324,False
22.14,11,135.375344,True
-11.32,7,135.38385,False
21.16,9,135.394663,True
-11.31,6,135.401169,False
-11.54,4,135.405672,False
-10.6,10,135.41517,False
22.41,9,135.425601,True
-12.03,3,135.4296,False
21.42,8,135.438606,True
-12.02,2,135.441027,False
-11.56,6,135.448544,False
-11.3,5,135.453544,False
20.44,6,135.461091,True
-10.58,8,135.470594,False
20.43,7,135.47822,True
22.3,19,135.497392,True
-11.31,6,135.502744,False
22.39,11,135.512615,True
-10.33,8,135.520658,False
20.19,6,135.525874,True
22.58,15,135.538899,True
-11.78,3,135.541411,False
-10.34,9,135.549209,False
22.37,13,135.559843,True
-11.78,3,135.561929,False
-10.57,7,135.567932,False
20.67,8,135.574952,True
-10.37,11,135.584641,False
20.68,7,135.590146,True
22.37,13,135.601774,True
20.68,7,135.608114,True
-10.56,6,135.612668,False
-10.85,9,135.621176,False
-11.55,5,135.626683,False
-10.33,8,135.633957,False
22.16,9,135.642308,True
-11.32,7,135.649479,False
-12.02,2,135.651478,False
-10.33,8,135.658465,False
20.44,6,135.663548,True
-12.02,2,135.665545,False
-10.35,10,135.674982,False
22.37,13,135.685382,True
-11.56,6,135.690382,False
-11.81,6,135.696125,False
22.59,16,135.710523,True
22.41,9,135.717518,True
21.19,6,135.722518,True
-11.81,6,135.728439,False
-11.55,5,135.733433,False
-11.57,6,135.739542,False
22.6,15,135.752486,True
22.37,13,135.764009,True
21.18,7,135.769521,True
21.42,8,135.776521,True
-11.78,3,135.779034,False
22.65,10,135.787034,True
20.2,5,135.79228,True
20.44,6,135.797235,True
22.61,14,135.809394,True
-11.54,4,135.813078,False
22.59,16,135.826303,True
20.44,6,135.830976,True
22.65,10,135.838647,True
22.65,10,135.847616,True
21.19,6,135.852142,True
21.66,9,135.859579,True
20.43,7,135.866091,True
-10.56,6,135.871596,False
20.67,8,135.878126,True
22.59,15,135.891812,True
22.63,12,135.901156,True
22.41,9,135.909127,True
-11.57,7,135.914899,False
20.43,7,135.920411,True
-11.77,2,135.922411,False
20.2,5,135.926881,True
-10.55,5,135.931551,False
21.65,10,135.939837,True
22.35,14,135.950947,True
22.41,9,135.959486,True
-11.56,6,135.963572,False
21.18,7,135.970003,True
-11.54,4,135.97301,False
-11.55,5,135.977526,False
22.41,9,135.985693,True
-11.34,9,135.993711,False
20.43,7,135.999635,True
-10.56,6,136.004148,False
20.44,6,136.00958,True
20.2,5,136.014091,True
22.64,11,136.022596,True
21.67,8,136.030123,True
-11.77,2,136.032124,False
-11.54,4,136.034789,False
-11.32,7,136.041373,False
22.4,10,136.049604,True
21.18,7,136.055873,True
-10.58,8,136.062279,False
-10.79,4,136.06579,False
22.39,11,136.075218,True
20.44,6,136.08031,True
22.36,14,136.092327,True
-11.78,3,136.094421,False
-10.55,5,136.099089,False
20.2,5,136.102688,True
22.42,33,136.131165,True
-10.81,6,136.135165,False
22.38,12,136.145815,True
-10.58,8,136.153416,False
-11.56,6,136.157921,False
21.42,8,136.164957,True
-11.79,4,136.168547,False
-11.77,2,136.170558,False
-11.31,6,136.175991,False
22.38,12,136.185586,True
-10.33,8,136.192717,False
22.16,9,136.199719,True
20.44,6,136.205407,True
-11.77,2,136.207411,False
-11.54,4,136.210458,False
20.43,7,136.60154,True
20.67,8,136.609546,True
20.67,8,136.619558,True
-11.57,7,136.627103,False
-11.32,7,136.634113,False
22.34,16,136.651123,True
-11.77,2,136.654124,False
22.39,11,136.66713,True
21.41,9,136.676819,True
-11.55,5,136.683327,False
-11.58,8,136.692269,False
-11.31,6,136.698268,False
-11.31,6,136.704778,False
22.38,11,136.715848,True
21.42,8,136.724458,True
20.44,6,136.72946,True
21.41,9,136.738964,True
-11.79,4,136.742427,False
22.4,10,136.752935,True
22.17,8,136.761956,True
-10.34,9,136.772462,False
22.41,9,136.782482,True
-11.53,3,136.785987,False
22.65,10,136.795554,True
-11.55,5,136.801558,False
21.18,7,136.808077,True
-11.78,3,136.811077,False
-11.54,4,136.815583,False
-11.53,3,136.818095,False
-11.32,7,136.824919,False
-11.77,2,136.82768,False
20.43,7,136.833603,True
22.58,17,136.849568,True
22.41,9,136.857449,True
20.2,5,136.862051,True
21.42,8,136.868557,True
-11.56,6,136.873564,False
22.61,14,136.885691,True
-10.56,6,136.890248,False
-11.55,5,136.895524,False
-10.58,8,136.902047,False
20.43,7,136.90792,True
-10.58,8,136.914467,False
20.68,7,136.920501,True
-11.8,5,136.924842,False
-10.56,6,136.929862,False
-10.57,7,136.93591,False
21.66,9,136.943774,True
22.64,11,136.953294,True
21.18,7,136.95861,True
21.65,10,136.967652,True
20.2,5,136.971652,True
-11.56,6,136.976641,False
-11.78,3,136.979641,False
-10.33,8,136.986307,False
-10.58,8,136.99375,False
21.43,7,136.999347,True
-11.33,8,137.006872,False
21.18,7,137.012341,True
22.41,9,137.019853,True
-11.31,6,137.025869,False
21.4,9,137.032859,True
-11.77,2,137.035364,False
20.43,7,137.04125,True
-11.54,4,137.044266,False
-10.8,5,137.049853,False
20.43,7,137.055298,True
22.62,13,137.066708,True
-11.55,5,137.07122,False
-11.32,7,137.077105,False
20.44,6,137.082112,True
-11.78,3,137.085112,False
-11.53,3,137.087617,False
-10.59,9,137.095148,False
22.62,13,137.105671,True
-11.32,7,137.112563,False
20.43,7,137.118581,True
-10.57,7,137.124013,False
-11.57,7,137.13054,False
-12.02,2,137.132045,False
-11.59,8,137.139575,False
21.18,7,137.145483,True
-11.8,5,137.148484,False
-11.56,6,137.155006,False
21.42,8,137.162018,True
20.67,8,137.168544,True
22.39,11,137.177493,True
20.44,6,137.183018,True
-10.6,10,137.191431,False
-10.35,10,137.199954,False
-10.58,8,137.206466,False
20.19,6,137.211395,True
-10.33,8,137.218448,False
20.19,6,137.223967,True
20.43,7,137.229861,True
-10.32,7,137.235989,False
-11.56,6,137.239989,False
22.39,11,137.250495,True
20.44,6,137.255008,True
20.43,7,137.261414,True
-11.78,3,137.264332,False
20.2,5,137.268079,True
21.42,8,137.274462,True
22.17,8,137.281509,True
22.39,11,137.291448,True
20.68,7,137.297468,True
20.2,5,137.302131,True
-11.77,2,137.303338,False
-11.78,3,137.306865,False
22.4,10,137.315374,True
-10.31,6,137.3199,False
-11.54,4,137.324428,False
20.43,7,137.330446,True
21.19,6,137.335973,True
21.18,7,137.341969,True
-10.58,8,137.348484,False
-11.77,2,137.350484,False
21.62,13,137.360829,True
20.18,7,137.367341,True
21.65,10,137.376354,True
-11.56,6,137.381357,False
-11.56,6,137.384942,False
20.44,6,137.392479,True
-11.78,3,137.395169,False
-10.34,8,137.40224,False
21.92,8,137.40938,True
-11.31,6,137.414473,False
-12.02,2,137.416069,False
-11.78,3,137.418234,False
-11.79,4,137.42216,False
21.39,11,137.430617,True
-10.58,8,137.438295,False
-11.79,4,137.441717,False
22.41,9,137.449068,True
-11.33,8,137.455992,False
22.39,11,137.465714,True
20.19,6,137.470926,True
22.36,14,137.482357,True
20.44,6,137.487279,True
-9.8,5,137.491777,False
-11.55,5,137.495317,False
20.18,7,137.501829,True
22.38,11,137.511266,True
-11.85,9,137.518778,False
20.4,9,137.52678,True
-10.81,6,137.905542,False
-11.33,8,137.91413,False
22.41,9,137.922143,True
-10.34,9,137.931104,False
22.22,28,137.958022,True
22.37,13,137.970088,True
22.4,10,137.980317,True
21.41,9,137.988836,True
-11.31,6,137.9953,False
20.68,7,138.001299,True
-11.58,8,138.010338,False
21.4,10,138.019849,True
21.66,9,138.030516,True
22.4,10,138.041615,True
22.15,10,138.054135,True
21.42,8,138.062793,True
22.56,18,138.082325,True
20.44,6,138.08983,True
19.96,4,138.094367,True
21.43,7,138.101957,True
20.67,8,138.109152,True
-9.82,7,138.115821,False
22.41,9,138.124812,True
-11.56,6,138.129686,False
22.39,11,138.139204,True
-11.34,9,138.147441,False
22.39,11,138.156466,True
20.43,7,138.162398,True
21.11,12,138.17291,True
22.16,9,138.180497,True
22.35,15,138.192961,True
-11.78,3,138.19596,False
20.44,6,138.19996,True
-10.79,4,138.204479,False
22.62,13,138.215676,True
21.39,10,138.223262,True
-10.79,4,138.226965,False
21.19,6,138.232415,True
-10.33,8,138.239357,False
-11.32,7,138.245101,False
-9.84,9,138.253104,False
-10.81,6,138.258656,False
20.44,6,138.263762,True
22.41,9,138.271768,True
-11.56,6,138.276736,False
21.19,6,138.282093,True
21.43,7,138.287724,True
-11.79,4,138.292149,False
20.19,6,138.296666,True
-10.35,10,138.305185,False
22.4,10,138.313267,True
-11.32,7,138.320286,False
-10.58,8,138.327805,False
20.43,7,138.333797,True
-10.57,7,138.340302,False
20.44,6,138.344823,True
-11.55,5,138.349748,False
-11.32,7,138.355767,False
22.6,15,138.368829,True
22.64,11,138.37788,True
-11.76,1,138.378875,False
20.2,5,138.384387,True
21.42,8,138.3909,True
20.43,7,138.398155,True
-10.58,8,138.40459,False
-11.56,6,138.41059,False
-11.58,8,138.416614,False
-11.58,8,138.423126,False
20.42,7,138.430204,True
-10.33,8,138.436734,False
-10.36,11,138.445826,False
-11.56,6,138.451833,False
21.42,8,138.45786,True
-11.79,4,138.46165,False
22.17,8,138.468668,True
21.42,8,138.476101,True
-10.79,4,138.478614,False
-10.79,4,138.482613,False
-10.34,9,138.490613,False
22.33,17,138.504621,True
-11.31,6,138.510067,False
20.43,7,138.51609,True
-10.57,7,139.00768,False
21.39,10,139.015704,True
22.39,11,139.02912,True
20.44,6,139.03412,True
21.41,9,139.042296,True
20.44,6,139.047819,True
20.43,7,139.053825,True
-10.34,9,139.06086,False
20.43,7,139.066371,True
-11.56,6,139.071385,False
-10.57,7,139.078423,False
-11.54,4,139.081422,False
21.42,8,139.087948,True
-11.34,9,139.096327,False
-11.53,3,139.098852,False
22.38,11,139.106852,True
-11.79,4,139.110723,False
20.67,8,139.117249,True
-11.54,4,139.120774,False
-10.33,8,139.127662,False
21.93,7,139.133186,True
20.2,5,139.13771,True
21.18,7,139.143244,True
-10.32,7,139.149243,False
21.41,9,139.156767,True
20.44,6,139.162028,True
-11.78,3,139.165028,False
21.19,6,139.169028,True
-11.78,3,139.172258,False
20.67,8,139.178475,True
-11.54,4,139.181993,False
22.58,17,139.196234,True
-10.57,7,139.201235,False
22.29,20,139.218036,True
-11.55,5,139.223035,False
-12.05,5,139.226842,False
20.44,6,139.231382,True
20.19,6,139.236643,True
22.61,14,139.248389,True
21.42,8,139.2549,True
22.4,10,139.263651,True
-10.31,6,139.268175,False
-11.55,5,139.272176,False
-10.35,10,139.280958,False
-11.34,8,139.287484,False
-10.58,8,139.294704,False
-11.53,3,139.29774,False
20.2,5,139.30174,True
-11.57,7,139.695838,False
20.44,6,139.702837,True
20.43,7,139.710834,True
21.41,9,139.721847,True
-11.58,8,139.730836,False
-11.54,4,139.735838,False
-10.6,9,139.746285,False
-10.58,8,139.755011,False
-10.32,7,139.7625,False
20.2,5,139.767009,True
20.44,6,139.774441,True
-11.32,7,139.780988,False
20.43,7,139.788497,True
21.42,8,139.796122,True
-10.33,8,139.804641,False
19.94,6,139.81119,True
-11.33,7,139.81819,False
21.39,11,139.828271,True
21.41,9,139.838783,True
21.43,7,139.845854,True
21.15,9,139.854375,True
20.44,6,139.86132,True
-11.57,7,139.868848,False
21.42,8,139.877846,True
22.55,19,139.896505,True
21.41,9,139.905177,True
-11.56,6,139.911509,False
22.63,12,139.922557,True
21.67,8,139.929941,True
21.41,9,139.937959,True
20.68,7,139.944269,True
21.4,10,139.9528,True
20.42,8,139.960625,True
21.43,7,139.965153,True
20.66,9,139.975038,True
-10.36,11,139.985062,False
20.44,6,139.990575,True
22.15,10,139.998236,True
20.67,8,140.00525,True
20.44,6,140.01092,True
22.41,9,140.018844,True
-10.33,8,140.026407,False
22.39,11,140.035089,True
21.43,7,140.041596,True
20.44,6,140.046831,True
22.58,17,140.060454,True
-10.56,6,140.066612,False
21.61,13,140.078394,True
20.19,6,140.083396,True
-10.32,7,140.088908,False
-10.58,8,140.096108,False
20.44,6,140.101108,True
21.18,7,140.106618,True
-11.77,2,140.109068,False
22.38,12,140.119518,True
-11.8,5,140.12404,False
-11.53,3,140.127081,False
22.38,12,140.137616,True
-10.58,8,140.14451,False
21.65,10,140.153534,True
20.44,6,140.159206,True
-10.81,6,140.163717,False
22.4,10,140.17223,True
-11.55,5,140.176525,False
-11.79,4,140.180048,False
20.44,6,140.185573,True
-11.79,4,140.188569,False
22.37,13,140.199407,True
-10.6,9,140.207402,False
20.44,6,140.213205,True
20.67,8,140.219717,True
19.96,4,140.223242,True
20.68,7,140.228981,True
21.41,9,140.236627,True
-11.53,3,140.238627,False
22.37,12,140.248975,True
20.2,5,140.252976,True
-11.56,6,140.258722,False
21.64,11,140.268244,True
-11.77,2,140.27025,False
-10.58,8,140.277101,False
21.43,7,140.283096,True
21.18,7,140.288612,True
22.64,11,140.298866,True
-12.02,2,140.300441,False
20.68,7,140.306522,True
20.44,6,140.311968,True
21.65,10,140.320114,True
-10.35,10,140.328942,False
20.68,7,140.33445,True
20.2,5,140.33945,True
22.41,9,140.347311,True
20.2,5,140.351312,True
-11.55,5,140.355329,False
21.66,9,140.363131,True
22.38,11,140.372137,True
20.44,6,140.377775,True
-11.78,3,140.380775,False
22.65,10,140.389304,True
22.37,13,140.399647,True
-11.33,8,140.407167,False
-11.56,6,140.411832,False
-11.31,6,140.417344,False
-11.57,7,140.422933,False
20.43,7,140.428823,True
20.44,6,140.434505,True
22.41,9,140.442064,True
20.16,9,140.448741,True
-10.34,9,140.456735,False
22.38,12,140.466877,True
22.36,14,140.478251,True
-11.35,10,140.486251,False
-11.79,4,140.489778,False
-11.53,3,140.493027,False
22.56,18,140.509266,True
-10.58,8,140.516263,False
22.15,10,140.524828,True
-10.35,9,140.532354,False
-11.55,5,140.536359,False
21.42,8,140.542915,True
22.39,11,140.553458,True
-10.58,8,140.560917,False
22.41,9,140.567965,True
-10.36,10,140.576746,False
-11.77,2,140.578748,False
-9.58,8,140.585268,False
21.41,9,140.592525,True
-11.32,7,140.598536,False
20.43,7,140.604049,True
20.44,6,140.609903,True
-10.59,9,140.617423,False
22.57,18,141.027181,True
20.43,7,141.035684,True
22.41,9,141.045956,True
22.64,11,141.05746,True
20.2,5,141.06246,True
20.44,6,141.069469,True
-11.77,2,141.071469,False
21.66,9,141.081973,True
20.43,7,141.089979,True
-11.31,6,141.097048,False
-11.57,7,141.105549,False
20.44,6,141.111985,True
19.95,5,141.117491,True
21.4,10,141.127074,True
-10.35,10,141.138581,False
22.55,20,141.161316,True
-11.34,9,141.171829,False
-10.56,6,141.179368,False
20.44,6,141.185568,True
-10.35,10,141.196606,False
21.42,8,141.20611,True
-11.32,7,141.213076,False
-11.33,7,141.219076,False
-11.56,6,141.225103,False
-11.03,3,141.22816,False
-10.31,6,141.233683,False
22.15,10,141.242061,True
21.64,11,141.251131,True
-10.56,6,141.256656,False
22.39,11,141.266414,True
-10.33,8,141.273455,False
-10.33,8,141.28025,False
20.42,8,141.286773,True
21.42,8,141.293528,True
-11.31,6,141.298542,False
21.4,9,141.306067,True
-11.34,9,141.313289,False
20.43,7,141.318816,True
21.18,7,141.324859,True
20.4,9,141.333086,True
21.41,9,141.340599,True
21.17,8,141.348425,True
21.41,9,141.354425,True
21.42,8,141.362208,True
-11.78,3,141.365202,False
-11.31,6,141.369729,False
-11.78,3,141.37273,False
22.38,12,141.383491,True
-10.58,8,141.38909,False
22.61,14,141.400923,True
-10.57,7,141.407232,False
-10.33,8,141.413744,False
-11.54,4,141.416744,False
-11.56,6,141.42227,False
19.96,4,141.426113,True
-10.57,7,141.432627,False
-10.57,7,141.43814,False
22.64,11,141.448482,True
-11.55,5,141.453158,False
22.17,8,141.459557,True
20.44,6,141.46408,True
21.65,10,141.473292,True
21.41,9,141.479874,True
21.16,9,141.488398,True
-10.79,4,141.492264,False
21.66,9,141.498914,True
-10.56,6,141.50444,False
20.2,5,141.508693,True
22.13,12,141.519212,True
21.18,7,141.525093,True
-11.78,3,141.528088,False
-10.59,9,141.535282,False
22.36,14,141.546334,True
-11.78,3,141.549338,False
-11.53,3,141.552333,False
20.44,6,141.557405,True
20.2,5,141.561959,True
20.2,5,141.566485,True
22.14,10,141.575009,True
21.66,9,141.582534,True
-11.78,3,141.584532,False
21.65,10,141.592574,True
20.43,7,141.599101,True
-10.32,7,141.6051,False
-10.33,8,141.611354,False
-10.36,11,141.620856,False
22.1,14,141.632936,True
20.44,6,141.637934,True
21.43,7,141.644309,True
-11.56,6,141.649347,False
-11.32,7,141.654869,False
22.33,17,141.669705,True
22.39,11,141.678499,True
-11.77,2,141.6805,False
-10.83,8,141.687025,False
-11.78,3,141.690024,False
20.43,7,141.695832,True
22.41,9,141.702832,True
21.41,9,141.710592,True
22.62,13,141.721117,True
21.41,9,141.728896,True
-12.02,2,141.730896,False
-11.79,4,141.733896,False
21.19,6,141.738952,True
21.64,11,141.748277,True
20.44,6,141.75329,True
21.43,7,141.759517,True
21.42,8,141.765517,True
-11.53,3,141.768032,False
22.64,11,141.778107,True
-10.32,7,141.783632,False
20.43,7,141.790141,True
-12.02,2,141.792483,False
20.19,6,141.797472,True
-11.53,3,141.799995,False
22.63,12,141.809267,True
20.43,7,141.816271,True
21.19,6,141.820807,True
-10.58,8,141.82772,False
21.17,8,141.835244,True
22.41,9,141.842599,True
-11.55,5,141.847122,False
21.42,8,141.853034,True
-10.58,8,141.859867,False
21.17,8,141.867388,True
22.33,17,141.880899,True
22.59,15,141.894667,True
21.17,8,141.901665,True
-11.53,3,141.904191,False
-10.63,12,141.913987,False
-10.59,9,141.921991,False
-10.58,8,141.928746,False
20.44,6,142.336928,True
-10.6,10,142.348475,False
-10.57,7,142.356982,False
20.67,8,142.366179,True
-11.78,3,142.369179,False
20.43,7,142.377574,True
21.66,9,142.388077,True
22.41,9,142.398591,True
-11.32,7,142.407097,False
20.66,9,142.416557,True
20.44,6,142.422062,True
21.18,7,142.428549,True
22.39,10,142.440057,True
-10.55,5,142.446451,False
-10.57,7,142.45446,False
21.67,8,142.463547,True
21.65,10,142.47561,True
-10.34,9,142.484114,False
20.2,5,142.489114,True
22.37,13,142.503641,True
20.44,6,142.511172,True
-10.81,6,142.517724,False
-11.78,3,142.522229,False
21.43,7,142.530373,True
22.16,9,142.538933,True
19.96,4,142.54276,True
-10.33,8,142.54991,False
20.68,7,142.556439,True
21.43,7,142.562728,True
-10.79,4,142.565742,False
-11.77,2,142.567734,False
20.43,7,142.573537,True
20.44,6,142.578898,True
-11.56,6,142.583411,False
-11.78,3,142.586426,False
-11.79,4,142.590425,False
21.43,7,142.595708,True
-10.55,5,142.600703,False
20.42,8,142.607546,True
-10.35,10,142.616073,False
-11.31,6,142.622073,False
-11.58,8,142.628679,False
-11.57,7,142.634685,False
-11.31,6,142.639197,False
20.44,6,142.645225,True
-11.77,2,142.647737,False
20.43,7,142.652755,True
-10.82,7,142.659266,False
21.42,8,142.666341,True
21.41,9,142.673932,True
21.18,7,142.680134,True
20.43,7,142.685639,True
20.68,7,142.692346,True
20.19,6,142.697346,True
-11.55,5,142.701014,False
20.44,6,142.706014,True
20.68,7,142.712483,True
-10.6,10,142.72099,False
20.43,7,142.727269,True
-11.34,9,142.734297,False
-11.31,6,142.739297,False
-11.78,3,142.742376,False
-11.31,6,142.747374,False
-11.83,8,142.753908,False
22.41,9,142.763533,True
20.2,5,142.767531,True
-11.77,2,142.768531,False
22.3,19,142.785539,True
-11.54,4,142.788538,False
20.19,6,142.794762,True
22.39,11,142.804016,True
-11.54,4,142.807499,False
-10.61,10,142.816107,False
-11.77,2,142.818107,False
21.17,8,142.824612,True
-11.79,4,142.827984,False
-10.33,8,142.835206,False
20.44,6,142.840294,True
-11.54,4,142.844452,False
20.44,6,142.849325,True
-10.33,8,142.855843,False
20.43,7,142.861686,True
22.4,10,142.870191,True
20.19,6,142.875658,True
-11.54,4,142.879171,False
-11.34,9,142.887171,False
20.2,5,142.891202,True
-10.63,13,142.901976,False
-10.57,7,142.908234,False
22.41,9,142.917268,True
21.39,10,142.925231,True
-10.57,7,142.931265,False
21.66,9,142.938265,True
21.18,7,142.945215,True
-9.58,7,142.949722,False
21.41,9,142.957758,True
-10.58,8,142.965579,False
-11.78,3,142.967579,False
-10.56,6,142.973107,False
21.43,7,142.978516,True
20.19,6,142.984034,True
-10.33,8,142.991045,False
-11.78,3,142.993572,False
21.4,9,143.00124,True
22.4,10,143.008588,True
-11.06,6,143.015188,False
20.68,7,143.020794,True
21.43,7,143.027352,True
-10.34,9,143.034115,False
20.2,5,143.039037,True
-11.54,4,143.042926,False
-10.58,8,143.048608,False
-10.57,6,143.054878,False
20.44,6,143.059361,True
-11.54,4,143.062948,False
21.4,10,143.070949,True
20.68,7,143.077996,True
21.43,7,143.084231,True
20.44,6,143.089227,True
-11.54,4,143.09261,False
22.36,14,143.104653,True
21.42,8,143.110902,True
20.44,6,143.116413,True
20.68,7,143.122413,True
-10.55,5,143.126372,False
-11.78,3,143.128372,False
22.17,8,143.136482,True
-11.78,3,143.138482,False
-11.55,5,143.14296,False
20.44,6,143.14935,True
21.66,9,143.156921,True
-10.57,7,143.16324,False
20.43,7,143.168752,True
20.2,5,143.173769,True
21.18,7,143.179282,True
-11.77,2,143.181282,False
22.64,11,143.189795,True
-11.55,5,143.195024,False
-11.76,1,143.196023,False
-10.81,6,143.201535,False
21.42,8,143.20821,True
20.44,6,143.213309,True
-10.82,7,143.219767,False
-11.8,5,143.223765,False
22.13,12,143.233582,True
20.68,7,143.239582,True
22.37,13,143.250436,True
-11.81,6,143.255975,False
-10.34,8,143.262926,False
-11.58,8,143.651442,False
-12.02,2,143.653944,False
-11.33,8,143.663923,False
-11.3,5,143.668425,False
21.41,9,143.676973,True
-11.78,3,143.681479,False
21.19,6,143.687478,True
-10.33,8,143.697612,False
-11.35,10,143.709116,False
22.56,18,143.729672,True
-11.55,5,143.735692,False
21.43,7,143.742217,True
-10.35,9,143.751739,False
-12.02,2,143.75375,False
-11.78,3,143.756753,False
-10.34,9,143.767131,False
21.17,8,143.776072,True
-11.81,6,143.783574,False
-11.33,8,143.792105,False
-11.77,2,143.794106,False
-11.3,5,143.799119,False
22.61,14,143.81111,True
22.4,10,143.821615,True
-11.32,7,143.829683,False
21.4,9,143.839702,True
20.68,7,143.846684,True
-11.55,5,143.851278,False
20.68,7,143.858113,True
-11.77,2,143.860145,False
21.18,7,143.867145,True
-11.79,4,143.870669,False
22.38,12,143.882072,True
-10.34,9,143.890593,False
21.42,8,143.898373,True
22.41,9,143.906387,True
-10.34,9,143.914756,False
-11.77,2,143.916761,False
-10.55,5,143.921287,False
-10.82,7,143.927613,False
22.59,15,143.940159,True
-11.32,7,143.946429,False
-11.56,6,143.951941,False
21.43,7,143.957967,True
-11.77,2,143.959439,False
20.2,5,143.964034,True
20.44,6,143.969033,True
-11.56,6,143.973922,False
-11.31,6,143.97969,False
-10.37,11,143.988739,False
20.16,9,143.996979,True
22.4,10,144.00449,True
20.44,6,144.0098,True
-11.78,3,144.012316,False
22.63,12,144.02133,True
-12.02,2,144.024235,False
-11.32,7,144.030254,False
21.43,7,144.035789,True
20.68,7,144.042205,True
21.17,8,144.049193,True
-11.56,6,144.053718,False
-11.57,7,144.059679,False
21.42,8,144.066206,True
20.68,7,144.072199,True
21.42,8,144.079158,True
22.4,10,144.08767,True
20.68,7,144.093115,True
22.08,17,144.108408,True
-10.32,7,144.114489,False
-10.35,10,144.123921,False
20.2,5,144.128423,True
-11.55,5,144.132092,False
21.16,9,144.139693,True
22.39,11,144.14912,True
20.43,7,144.155062,True
20.44,6,144.159754,True
22.17,8,144.16735,True
-10.57,7,144.172863,False
21.41,9,144.180557,True
21.16,9,144.188227,True
-10.33,8,144.195669,False
-11.3,5,144.199669,False
22.37,13,144.211621,True
20.2,5,144.216336,True
22.39,11,144.22498,True
22.28,22,144.244784,True
-11.78,3,144.2478,False
21.41,9,144.254324,True
20.42,8,144.261841,True
-10.58,8,144.268353,False
22.4,10,144.276815,True
22.63,12,144.286821,True
20.43,7,144.292728,True
22.35,15,144.304787,True
20.43,7,144.310763,True
22.36,14,144.323275,True
-11.79,4,144.326715,False
21.19,6,144.33124,True
20.2,5,144.335388,True
21.42,8,144.342369,True
21.42,8,144.349405,True
20.44,6,144.354414,True
20.44,6,144.359895,True
-11.3,5,144.363908,False
21.43,7,144.368903,True
-11.55,5,144.37379,False
22.39,11,144.383016,True
-10.58,8,144.390015,False
21.4,10,144.398772,True
-11.77,2,144.400773,False
20.66,9,144.407731,True
-11.33,8,144.415261,False
-12.03,3,144.41826,False
21.42,8,144.424267,True
-11.54,4,144.428366,False
21.18,7,144.434372,True
22.16,9,144.44196,True
20.68,7,144.448105,True
22.4,10,144.456158,True
21.42,8,144.46357,True
-11.58,8,144.470083,False
-11.08,8,144.477484,False
21.42,8,144.483997,True
22.62,13,144.494408,True
22.4,10,144.502477,True
22.4,10,144.51091,True
22.4,10,144.51942,True
-10.82,7,144.525875,False
21.63,12,144.535916,True
-12.04,4,144.53909,False
-11.77,2,144.541082,False
22.15,10,144.549097,True
20.2,5,144.554097,True
22.36,14,144.564996,True
-11.3,5,144.569518,False
-10.55,5,144.96334,False
21.17,8,144.972846,True
20.2,5,144.978295,True
-10.82,7,144.986982,False
22.17,8,144.996359,True
20.17,8,145.004868,True
21.43,7,145.012861,True
-11.77,2,145.014861,False
-10.79,4,145.020368,False
21.16,9,145.030361,True
-11.3,5,145.036865,False
-10.33,8,145.045924,False
-11.78,3,145.048849,False
-10.59,9,145.057446,False
-11.54,4,145.061481,False
-10.59,9,145.069984,False
20.43,7,145.077433,True
21.18,7,145.083439,True
-11.03,3,145.086439,False
-11.56,6,145.091869,False
20.44,6,145.097869,True
20.44,6,145.103376,True
21.41,9,145.112392,True
22.38,11,145.122392,True
22.38,12,145.135829,True
-10.55,5,145.141819,False
-11.78,3,145.145325,False
-11.78,3,145.149325,False
20.2,5,145.154831,True
21.18,7,145.162725,True
-11.33,8,145.170251,False
21.4,10,145.180124,True
21.66,9,145.188177,True
20.43,7,145.194483,True
19.96,4,145.198004,True
-11.77,2,145.200004,False
21.86,14,145.211781,True
-11.55,5,145.216775,False
-10.84,9,145.224292,False
-11.55,5,145.229079,False
-11.78,3,145.232078,False
22.35,15,145.24355,True
21.39,11,145.253073,True
22.35,15,145.265361,True
-10.6,10,145.275271,False
20.19,6,145.279778,True
-10.32,7,145.285792,False
-11.57,7,145.292318,False
-11.79,3,145.29484,False
-11.56,6,145.299014,False
22.31,19,145.316062,True
22.41,9,145.323594,True
20.19,6,145.328868,True
-10.57,7,145.334379,False
22.4,10,145.343704,True
-11.78,3,145.345705,False
21.66,9,145.353221,True
21.4,10,145.36201,True
20.44,6,145.366532,True
-10.59,9,145.3748,False
20.44,6,145.378796,True
21.42,8,145.385846,True
22.4,10,145.395568,True
20.44,6,145.400569,True
22.17,8,145.40752,True
-11.78,3,145.410058,False
22.14,11,145.419071,True
21.43,7,145.424879,True
20.2,5,145.428878,True
22.11,14,145.441662,True
20.43,7,145.447676,True
20.68,7,145.453201,True
-10.8,5,145.457201,False
20.18,7,145.463487,True
-10.59,9,145.472009,False
22.34,15,145.992831,True
-10.61,10,146.001853,False
21.43,7,146.007852,True
-11.32,7,146.014366,False
21.43,7,146.019871,True
20.43,7,146.026217,True
-11.81,6,146.03173,False
20.2,5,146.036735,True
-11.8,5,146.041256,False
-12.02,2,146.042273,False
21.18,7,146.048792,True
-10.57,7,146.054309,False
22.41,9,146.062356,True
20.44,6,146.067356,True
-10.59,8,146.074847,False
21.43,7,146.081347,True
20.44,6,146.085884,True
-11.54,4,146.089395,False
22.16,9,146.096832,True
-12.02,2,146.098831,False
-11.55,5,146.10287,False
20.44,6,146.108271,True
-10.58,8,146.114796,False
20.68,7,146.120796,True
-11.58,7,146.126647,False
20.68,7,146.132646,True
20.44,6,146.137167,True
21.17,8,146.143977,True
21.41,9,146.151514,True
20.2,5,146.156034,True
-11.57,7,146.162347,False
21.17,8,146.169391,True
-10.34,9,146.176322,False
-11.78,3,146.179321,False
-10.59,9,146.187381,False
-11.56,6,146.192769,False
-11.32,7,146.197293,False
-10.79,4,146.201816,False
21.18,7,146.208132,True
-11.8,5,146.212132,False
-10.58,8,146.218653,False
21.17,8,146.224882,True
21.43,7,146.231451,True
-11.78,3,146.234451,False
22.63,12,146.244123,True
22.37,13,146.25516,True
-12.03,3,146.25754,False
-10.84,9,146.26509,False
-12.03,3,146.26809,False
20.18,7,146.273628,True
21.92,8,146.280388,True
-12.03,3,146.283388,False
-12.02,2,146.285388,False
-11.78,3,146.287909,False
21.42,8,146.294746,True
-10.57,7,146.300805,False
-11.78,3,146.303324,False
-11.54,4,146.30647,False
-10.32,7,146.313201,False
-11.56,6,146.3182,False
-10.33,8,146.324721,False
22.38,12,146.337518,True
20.19,6,146.3429,True
-10.79,4,146.347387,False
-10.34,9,146.354921,False
-11.55,5,146.358921,False
20.2,5,146.363436,True
-11.56,6,146.368441,False
-11.77,2,146.370442,False
-11.78,3,146.371966,False
20.68,7,146.379489,True
-12.02,2,146.380489,False
20.43,7,146.386529,True
-12.02,2,146.388534,False
-11.54,4,146.3928,False
22.39,11,146.796325,True
20.43,7,146.804837,True
20.44,6,146.811434,True
-12.03,3,146.814434,False
21.43,7,146.822495,True
20.44,6,146.827908,True
21.42,8,146.837413,True
20.68,7,146.84579,True
22.4,10,146.857307,True
-10.32,7,146.86574,False
21.41,9,146.875465,True
-11.62,12,146.889477,False
21.42,8,146.898983,True
21.4,9,146.909488,True
22.13,12,146.922992,True
20.2,5,146.928516,True
22.4,10,146.940524,True
20.44,6,146.947043,True
-10.35,10,146.957515,False
-11.53,3,146.961053,False
21.18,7,146.967585,True
21.64,11,146.978677,True
-10.85,10,146.988714,False
21.39,11,146.99933,True
20.43,7,147.005848,True
22.32,18,147.022722,True
-11.78,3,147.025575,False
-10.8,5,147.030575,False
-12.02,2,147.031574,False
22.53,21,147.049279,True
21.42,8,147.056312,True
-11.54,4,147.060609,False
-11.55,5,147.0647,False
-10.33,8,147.071338,False
20.68,7,147.077738,True
20.2,5,147.081738,True
20.44,6,147.085664,True
-11.55,5,147.090688,False
-10.59,9,147.09917,False
21.15,10,147.10717,True
21.43,7,147.113629,True
-10.57,7,147.119059,False
22.63,12,147.129433,True
22.4,10,147.137945,True
21.18,7,147.143814,True
20.44,6,147.148817,True
-11.78,3,147.151498,False
21.42,8,147.157701,True
21.38,12,147.168213,True
21.42,8,147.175102,True
-10.58,8,147.181621,False
20.2,5,147.185621,True
-11.34,9,147.193942,False
22.33,17,147.208336,True
-10.33,8,147.214849,False
22.39,11,147.224626,True
21.18,7,147.231153,True
-11.57,7,147.237154,False
22.41,9,147.245384,True
21.41,9,147.252663,True
-11.76,1,147.253743,False
-11.54,4,147.257971,False
-11.55,5,147.26099,False
-10.34,9,147.269039,False
-11.32,7,147.27538,False
-10.59,9,147.282375,False
22.3,20,147.298719,True
-11.78,3,147.301719,False
22.34,16,147.315,True
-10.58,8,147.322,False
22.11,14,147.334297,True
21.42,8,147.340823,True
21.43,7,147.346616,True
-10.35,10,147.355146,False
21.64,11,147.364594,True
-11.56,6,147.369116,False
-10.58,8,147.375372,False
22.63,12,147.385896,True
22.37,13,147.397636,True
-10.57,7,147.40325,False
20.67,8,147.410774,True
21.43,7,147.415767,True
-11.32,7,147.42216,False
-11.78,3,147.425156,False
21.4,10,147.433668,True
-9.56,6,147.438668,False
-12.02,2,147.441179,False
-10.55,5,147.445253,False
-11.54,4,147.448255,False
21.19,6,147.453525,True
-11.32,7,147.458864,False
22.15,10,147.468203,True
22.16,9,147.475699,True
20.44,6,147.479695,True
22.58,17,147.494013,True
20.68,7,147.499576,True
-11.55,5,147.504137,False
22.36,14,147.515883,True
20.43,7,147.521884,True
-11.54,4,147.525625,False
20.43,7,147.531625,True
22.57,17,147.546766,True
20.68,7,147.5543,True
-11.77,2,147.556304,False
21.19,6,147.561963,True
20.2,5,147.566477,True
-11.32,7,147.573476,False
20.94,6,147.578603,True
20.44,6,147.584607,True
-11.54,4,147.587607,False
-12.05,5,147.593251,False
-10.34,9,147.601773,False
-10.6,10,147.611433,False
-10.32,7,147.618433,False
-10.58,8,147.625217,False
22.61,14,147.636734,True
-11.77,2,147.638734,False
-12.02,2,147.641221,False
22.39,11,147.649229,True
22.15,10,147.658132,True
20.43,7,147.664684,True
-10.8,5,147.668684,False
22.61,14,147.680472,True
22.4,10,147.688491,True
-11.77,2,147.690879,False
20.67,8,147.697454,True
-11.78,3,147.700452,False
-11.54,4,147.703976,False
-10.57,7,147.71025,False
-11.03,3,147.71225,False
-11.78,3,147.71525,False
-11.78,3,147.717768,False
19.96,4,147.720772,True
-12.02,2,148.116936,False
20.42,8,148.124438,True
-11.78,3,148.127906,False
22.39,11,148.140852,True
20.68,7,148.148365,True
-10.59,9,148.159327,False
21.67,8,148.167831,True
-10.59,9,148.178458,False
-10.56,6,148.184464,False
-11.79,4,148.187975,False
-10.34,9,148.198013,False
-11.81,6,148.203544,False
-12.02,2,148.205544,False
20.44,6,148.211143,True
20.42,8,148.218652,True
-12.02,2,148.221659,False
21.43,7,148.227817,True
20.44,6,148.234334,True
-10.8,5,148.240384,False
-11.76,1,148.241028,False
-11.77,2,148.243084,False
-10.84,8,148.251597,False
20.44,6,148.258197,True
-11.53,3,148.260739,False
21.43,7,148.267329,True
22.42,8,148.276155,True
-11.76,1,148.277166,False
21.16,9,148.28658,True
-11.59,9,148.29644,False
20.68,7,148.305142,True
21.42,8,148.312555,True
21.17,8,148.320629,True
-10.33,8,148.326928,False
-10.33,8,148.334383,False
-10.34,9,148.341718,False
-10.57,7,148.347821,False
20.2,5,148.352821,True
19.96,4,148.355839,True
-10.6,10,148.36481,False
-11.38,13,148.375331,False
-12.02,2,148.377348,False
21.64,11,148.386389,True
20.68,7,148.391718,True
-11.78,3,148.395744,False
22.38,12,148.40524,True
20.42,8,148.412122,True
-11.78,3,148.41412,False
-10.84,9,148.422651,False
-11.3,5,148.426411,False
-11.77,2,148.428415,False
-11.53,3,148.430415,False
20.68,7,148.436933,True
21.43,7,148.44317,True
21.42,8,148.449696,True
-11.78,3,148.451696,False
-11.77,2,148.453691,False
20.2,5,148.459508,True
20.44,6,148.464509,True
-10.79,4,148.468014,False
20.68,7,148.474528,True
20.44,6,148.479601,True
-11.56,6,148.484236,False
20.68,7,148.490767,True
-11.78,3,148.493767,False
20.43,7,148.500319,True
21.67,8,148.506534,True
-11.54,3,148.509504,False
-11.3,5,148.513513,False
-12.02,2,148.5153,False
21.43,7,148.52184,True
-11.53,3,148.523839,False
20.41,9,148.531709,True
-10.37,12,148.541955,False
-12.02,2,148.54395,False
-11.54,4,148.547946,False
21.42,8,148.555448,True
-10.55,5,148.559691,False
22.65,10,148.568604,True
-10.62,11,148.577324,False
-11.54,4,148.581851,False
22.37,13,148.594275,True
-11.55,5,148.598289,False
21.42,8,148.606333,True
22.62,13,148.617249,True
-11.31,6,148.623244,False
20.43,7,148.629022,True
-11.3,5,148.633021,False
-10.58,8,148.63955,False
20.2,5,148.643782,True
-11.78,3,148.646782,False
21.43,7,148.65282,True
22.4,10,148.661139,True
-11.8,5,148.665139,False
20.44,6,148.670663,True
20.43,7,148.675902,True
21.13,12,148.686688,True
22.32,18,148.701737,True
-11.56,6,148.706767,False
-11.8,5,148.711829,False
21.18,7,148.71784,True
-11.79,4,148.721349,False
-11.56,6,148.726654,False
22.5,25,148.748001,True
21.42,8,148.754508,True
-11.34,9,148.762811,False
22.39,11,148.772318,True
22.57,18,148.787064,True
-11.79,4,148.790576,False
-10.32,7,148.796576,False
21.43,7,148.802156,True
20.44,6,148.80816,True
-11.78,3,148.811159,False
20.2,5,148.814686,True
22.65,10,148.823196,True
22.1,15,148.835622,True
22.62,13,148.847225,True
20.42,8,148.853225,True
-11.39,14,148.864998,False
-11.32,7,148.870525,False
-11.56,6,148.87589,False
20.19,6,148.881413,True
-10.55,5,148.885414,False
-10.58,8,148.892233,False
19.95,5,148.896766,True
21.16,9,148.904286,True
-10.34,9,148.91212,False
21.18,7,148.918646,True
21.18,7,148.924981,True
-10.36,11,148.934495,False
20.44,6,148.93984,True
20.44,6,148.944155,True
20.41,8,148.951683,True
21.42,8,148.958454,True
-11.33,8,148.964486,False
20.44,6,148.969995,True
22.4,10,148.979279,True
-11.78,3,148.981794,False
21.43,7,148.987793,True
21.41,9,148.995703,True
-10.57,7,149.001748,False
19.96,4,149.004259,True
20.2,5,149.009268,True
-11.55,5,149.013787,False
21.41,9,149.021295,True
-11.79,4,149.024316,False
-11.55,5,149.029304,False
-10.34,9,149.035836,False
20.68,7,149.424363,True
22.38,12,149.435884,True
-12.02,2,149.436883,False
22.64,11,149.448882,True
20.2,5,149.454386,True
-10.81,6,149.461517,False
20.67,8,149.471022,True
-11.53,3,149.474507,False
-10.56,6,149.481044,False
-9.63,13,149.494038,False
-10.32,7,149.501554,False
20.43,7,149.511284,True
22.35,15,149.527844,True
-11.56,6,149.534356,False
-11.56,6,149.541356,False
20.43,7,149.548875,True
20.44,6,149.555382,True
20.44,6,149.562349,True
-11.77,2,149.564853,False
-12.02,2,149.567853,False
21.4,10,149.579233,True
22.12,13,149.594133,True
-11.33,8,149.604145,False
20.19,6,149.609695,True
21.39,11,149.621289,True
-10.59,9,149.629451,False
20.44,6,149.635451,True
-11.58,8,149.642462,False
21.18,7,149.648986,True
20.67,8,149.65651,True
-10.79,4,149.65981,False
21.43,7,149.665815,True
-10.33,8,149.671854,False
20.44,6,149.678102,True
-10.56,6,149.683149,False
21.18,7,149.688148,True
21.4,10,149.696901,True
-10.61,11,149.706829,False
20.68,7,149.712643,True
-10.57,7,149.718642,False
22.51,24,149.738457,True
-11.56,6,149.743703,False
20.68,7,149.74923,True
-10.34,9,149.756743,False
22.63,12,149.76703,True
-11.79,4,149.770043,False
21.42,8,149.777267,True
-11.32,7,149.78284,False
-10.83,8,149.789366,False
21.43,7,149.795605,True
-11.54,4,149.798631,False
20.2,5,149.802645,True
-11.58,8,149.809397,False
20.2,5,149.81392,True
22.38,12,149.824447,True
-11.78,3,149.826675,False
20.44,6,149.832199,True
20.44,6,149.837198,True
-12.02,2,149.838198,False
21.66,9,149.845932,True
-11.56,6,149.851466,False
21.43,7,149.857465,True
22.37,12,149.867229,True
-11.79,4,149.87074,False
20.19,6,149.876662,True
-12.02,2,149.878662,False
-11.32,7,149.883687,False
-10.56,6,149.888686,False
21.19,6,149.894724,True
22.37,13,149.904768,True
21.43,7,149.91162,True
-11.54,4,149.915718,False
-10.56,6,149.920719,False
20.44,6,149.925305,True
21.66,9,149.9333,True
-12.02,2,149.934822,False
21.18,7,149.941233,True
20.44,6,149.945784,True
-11.54,4,149.949784,False
20.67,8,149.956308,True
-11.79,4,149.960168,False
20.42,8,149.966709,True
21.43,7,149.97271,True
20.2,5,149.977518,True
21.67,8,149.983574,True
20.43,7,149.990091,True
-10.33,8,149.996955,False
-11.77,2,149.997466,False
21.16,8,150.005012,True
22.37,13,150.015827,True
-11.53,3,150.019913,False
-10.61,11,150.028719,False
20.18,7,150.035729,True
20.44,6,150.041258,True
-11.78,3,150.043293,False
22.4,10,150.052372,True
-11.54,4,150.057372,False
-10.79,4,150.061426,False
-10.58,8,150.068426,False
20.4,10,150.078099,True
22.17,8,150.08414,True
21.43,7,150.090139,True
-10.32,7,150.097431,False
21.91,9,150.104692,True
-11.53,3,150.108171,False
-12.02,2,150.109169,False
-10.34,9,150.11732,False
22.36,14,150.129225,True
-10.34,9,150.136753,False
-10.79,4,150.139753,False
-12.03,3,150.143064,False
21.18,7,150.149485,True
-10.57,7,150.155008,False
-10.56,6,150.160884,False
20.44,6,150.165421,True
-10.55,5,150.169421,False
21.19,6,150.175402,True
-11.81,6,150.180401,False
20.44,6,150.184971,True
-11.57,7,150.191374,False
22.63,12,150.20094,True
22.36,14,150.213229,True
20.66,8,150.219768,True
22.4,10,150.228034,True
-11.31,6,150.233034,False
-10.56,6,150.238313,False
21.19,6,150.243538,True
20.42,8,150.250059,True
19.96,4,150.25306,True
20.44,6,150.258301,True
21.66,9,150.265819,True
-10.61,11,150.274594,False
20.44,6,150.280651,True
21.4,9,150.288682,True
22.37,13,150.298572,True
21.41,9,150.306125,True
21.18,7,150.312454,True
20.44,6,150.318454,True
20.44,6,150.322979,True
-11.56,6,150.32828,False
20.94,6,150.333804,True
-11.78,3,150.335803,False
21.66,9,150.343577,True
21.41,9,150.733697,True
-11.8,5,150.738202,False
21.43,7,150.746737,True
22.39,11,150.759823,True
-10.31,6,150.766346,False
20.43,7,150.777056,True
-11.56,6,150.786078,False
22.41,9,150.795163,True
-10.33,8,150.803665,False
20.42,8,150.813334,True
22.17,8,150.822867,True
-11.78,3,150.826543,False
21.66,9,150.83605,True
-10.59,9,150.845484,False
22.34,15,150.862319,True
-11.31,6,150.868839,False
20.43,7,150.877409,True
22.62,13,150.891908,True
-11.57,7,150.900412,False
-11.78,3,150.903916,False
21.42,8,150.912021,True
-10.55,5,150.918525,False
-11.56,5,150.924444,False
-11.78,3,150.927949,False
20.2,5,150.932956,True
20.68,7,150.93948,True
20.19,6,150.945859,True
-11.32,7,150.952381,False
20.2,5,150.956382,True
-11.03,3,150.959859,False
20.43,7,150.966384,True
20.67,8,150.973907,True
20.43,7,150.97969,True
22.35,15,150.992528,True
20.43,7,150.999053,True
-11.78,3,151.000574,False
-10.57,7,151.007095,False
-10.35,9,151.015416,False
22.61,14,151.027417,True
20.43,7,151.032938,True
-11.78,3,151.034939,False
-10.56,6,151.039932,False
20.44,6,151.04522,True
22.39,11,151.054742,True
20.2,5,151.058982,True
20.44,6,151.063504,True
22.37,12,151.073558,True
22.6,15,151.08631,True
-10.34,9,151.09437,False
21.42,8,151.101365,True
20.43,7,151.107187,True
21.17,8,151.114732,True
-11.54,4,151.118731,False
22.61,14,151.129777,True
-11.79,4,151.132777,False
-11.54,4,151.137303,False
-10.34,9,151.144814,False
-11.55,5,151.148828,False
20.44,6,151.153827,True
22.4,10,151.162647,True
-10.32,7,151.167707,False
22.35,15,151.181181,True
-10.58,8,151.187762,False
-12.02,2,151.189762,False
20.43,7,151.195061,True
-12.02,2,151.196572,False
22.35,15,151.210465,True
21.41,9,151.2175,True
22.65,10,151.226361,True
21.93,7,151.23204,True
21.18,7,151.236881,True
-10.84,9,151.245654,False
21.42,8,151.252177,True
22.62,13,151.262945,True
22.57,18,151.27775,True
20.43,7,151.283272,True
21.42,8,151.29031,True
20.43,7,151.295532,True
22.39,10,151.304459,True
-10.58,8,151.310723,False
-11.56,6,151.316728,False
-10.33,8,151.32325,False
-11.32,7,151.329484,False
22.39,11,151.338012,True
22.63,12,151.348757,True
20.68,7,151.355269,True
-10.36,11,151.364091,False
-11.53,3,151.36662,False
22.39,10,151.375448,True
-11.29,4,151.378448,False
-11.78,3,151.381448,False
-11.79,4,151.384469,False
-11.54,4,151.38798,False
20.94,6,151.393715,True
-11.78,3,151.396721,False
22.41,9,151.40374,True
22.65,10,151.413101,True
20.44,6,151.417365,True
-12.03,3,151.42036,False
20.44,6,151.425817,True
-11.78,3,151.427819,False
22.41,9,151.435325,True
20.68,7,151.441677,True
-10.81,6,151.446347,False
22.33,17,151.461318,True
-11.54,4,151.464315,False
-11.32,7,151.469985,False
20.43,7,151.476272,True
22.39,11,151.485471,True
22.38,11,151.494781,True
20.67,8,151.501307,True
21.43,7,151.507571,True
20.44,6,151.511708,True
22.64,11,151.521236,True
-11.32,7,151.527465,False
22.15,10,151.53598,True
-11.56,6,151.540503,False
22.37,13,151.552274,True
22.56,19,151.567568,True
-11.78,3,151.570084,False
20.44,6,151.575697,True
-11.31,6,151.58022,False
22.41,9,151.588224,True
-11.54,4,151.591512,False
-11.86,11,151.601009,False
20.44,6,151.606072,True
22.17,8,151.612843,True
21.43,7,151.618589,True
-11.32,7,151.625854,False
20.43,7,151.63191,True
22.4,10,151.640897,True
-11.81,6,151.645919,False
20.44,6,151.651444,True
-10.32,7,152.031947,False
22.63,12,152.043888,True
20.44,6,152.050393,True
20.44,6,152.057392,True
22.5,25,152.084885,True
-10.82,7,152.091398,False
20.43,7,152.09948,True
-11.78,3,152.102985,False
21.42,8,152.112385,True
20.67,8,152.121396,True
22.41,9,152.132472,True
-10.59,9,152.142557,False
-11.79,4,152.146557,False
-11.54,4,152.149557,False
-11.31,6,152.156064,False
-12.02,2,152.158919,False
-11.78,3,152.162419,False
-11.78,3,152.166421,False
-11.56,6,152.17343,False
22.12,13,152.185954,True
22.27,23,152.212554,True
22.41,9,152.223476,True
20.43,7,152.231499,True
-12.05,5,152.235648,False
22.4,10,152.245491,True
-11.78,3,152.248504,False
-11.77,2,152.250511,False
20.19,6,152.254504,True
20.43,7,152.261266,True
20.43,7,152.266769,True
20.44,6,152.272281,True
22.5,24,152.292845,True
20.2,5,152.295849,True
22.62,12,152.306895,True
-10.56,6,152.311446,False
-11.79,4,152.315459,False
20.67,8,152.321981,True
21.18,7,152.327236,True
20.19,6,152.333757,True
20.41,9,152.341555,True
-10.58,8,152.348295,False
20.43,7,152.353808,True
-11.57,7,152.361144,False
21.41,9,152.367813,True
20.67,8,152.374461,True
-11.53,3,152.377465,False
20.44,6,152.382044,True
-11.31,6,152.386794,False
-11.53,3,152.389797,False
22.37,13,152.400659,True
-11.81,6,152.405696,False
21.41,9,152.413461,True
22.39,11,152.42199,True
-11.54,4,152.426744,False
20.44,6,152.431742,True
22.38,12,152.441496,True
20.44,6,152.446019,True
-10.55,5,152.998765,False
20.2,5,153.002289,True
20.44,6,153.007552,True
21.17,8,153.015602,True
-10.34,9,153.023144,False
21.18,7,153.031244,True
20.68,7,153.036249,True
20.2,5,153.041242,True
22.39,11,153.050573,True
-11.31,6,153.055096,False
22.63,12,153.065619,True
-11.55,5,153.069619,False
20.19,6,153.079713,True
-11.32,7,153.092809,False
-11.8,5,153.098837,False
20.2,5,153.103917,True
21.42,8,153.111374,True
20.44,6,153.116456,True
22.4,10,153.12475,True
22.4,10,153.133272,True
-10.36,11,153.143404,False
20.43,7,153.148915,True
-10.33,8,153.155929,False
20.68,7,153.161698,True
20.2,5,153.165697,True
21.4,10,153.174352,True
22.14,11,153.183778,True
21.19,6,153.18931,True
20.44,6,153.194554,True
-12.02,2,153.196072,False
20.44,6,153.201329,True
-10.79,4,153.204334,False
-10.58,8,153.211102,False
20.94,6,153.217325,True
22.39,11,153.226818,True
22.41,9,153.234079,True
-10.8,5,153.238079,False
21.42,8,153.245607,True
22.41,9,153.253123,True
-11.78,3,153.255127,False
21.17,8,153.262128,True
20.68,7,153.268651,True
-10.6,10,153.277059,False
-10.35,10,153.285569,False
-11.56,6,153.291039,False
22.62,12,153.300392,True
20.2,5,153.304912,True
-11.3,5,153.308861,False
20.44,6,153.314898,True
-10.57,7,153.320911,False
-12.02,2,153.322661,False
-11.55,4,153.325409,False
22.4,10,153.334423,True
-11.3,5,153.337948,False
21.16,9,153.346185,True
22.38,12,153.355707,True
20.68,7,153.361933,True
-11.79,4,153.364932,False
-11.78,3,153.367451,False
21.42,8,153.374732,True
-10.55,5,153.378274,False
20.44,6,153.383273,True
20.44,6,153.388478,True
-10.33,8,153.39622,False
-11.3,5,153.399741,False
-11.34,9,153.408,False
22.17,8,153.414037,True
20.44,6,153.42018,True
21.18,7,153.425456,True
-11.56,6,153.430978,False
-10.6,10,153.438978,False
22.37,13,153.450213,True
-10.34,8,153.456736,False
20.2,5,153.460475,True
-11.78,3,153.46349,False
-11.31,6,153.468489,False
20.42,8,153.475776,True
21.43,7,153.481466,True
-10.34,9,153.487987,False
20.44,6,153.493241,True
22.37,13,153.504286,True
-11.78,3,153.506286,False
-10.35,10,153.515409,False
-11.56,6,153.896464,False
22.17,8,153.904685,True
-10.81,6,153.912121,False
-11.31,6,153.918708,False
-11.33,8,153.92778,False
20.19,6,153.935286,True
20.2,5,153.941164,True
21.19,6,153.948169,True
21.18,7,153.955672,True
-11.32,7,153.962996,False
22.63,11,153.975137,True
-11.34,9,153.984833,False
-10.57,7,153.993939,False
-11.57,7,154.002443,False
21.18,7,154.010339,True
-11.77,2,154.012446,False
-10.32,7,154.019958,False
22.16,9,154.029528,True
20.2,5,154.035025,True
21.18,7,154.042476,True
-10.81,6,154.049981,False
-12.02,2,154.051981,False
-10.36,11,154.064945,False
-10.59,9,154.075904,False
20.2,5,154.08141,True
-11.79,4,154.08541,False
21.42,8,154.093076,True
21.43,7,154.100119,True
21.43,7,154.106873,True
20.43,7,154.112783,True
-10.36,11,154.123079,False
20.43,7,154.129925,True
-11.77,2,154.131924,False
-10.34,9,154.14045,False
-11.34,9,154.147839,False
22.4,10,154.156367,True
-10.58,8,154.163217,False
21.19,6,154.168213,True
22.17,8,154.175532,True
-11.57,7,154.181574,False
-10.56,6,154.186702,False
22.62,13,154.197517,True
-10.56,6,154.203034,False
22.05,20,154.219966,True
20.68,7,154.22626,True
-12.03,3,154.229048,False
20.2,5,154.233054,True
-10.34,9,154.241122,False
20.2,5,154.245182,True
20.67,8,154.251693,True
21.18,7,154.258062,True
21.41,9,154.265662,True
20.66,9,154.273175,True
20.66,9,154.28269,True
22.12,13,154.294012,True
20.41,9,154.302052,True
20.43,7,154.308832,True
20.41,9,154.316349,True
-11.32,7,154.321349,False
20.2,5,154.326935,True
22.35,15,154.339616,True
20.2,5,154.344375,True
-10.81,6,154.349451,False
-11.77,2,154.351456,False
-11.31,6,154.356044,False
-11.54,4,154.360642,False
20.43,7,154.365642,True
-11.8,5,154.370155,False
-10.55,5,154.374565,False
-11.54,4,154.378118,False
-11.77,2,154.380116,False
-11.57,7,154.386116,False
-11.32,7,154.392267,False
-11.56,6,154.397785,False
21.19,6,154.403017,True
-10.6,10,154.411348,False
-11.56,6,154.416561,False
-11.77,2,154.419067,False
-10.35,10,154.427468,False
-11.55,5,154.432132,False
21.67,8,154.438129,True
21.42,8,154.445099,True
21.66,9,154.452532,True
20.43,7,154.458898,True
-10.35,10,154.467491,False
20.44,6,154.473003,True
-10.79,4,154.476374,False
20.44,6,154.481802,True
-11.8,5,154.484809,False
-11.78,3,154.488321,False
-10.58,8,154.494813,False
-10.55,5,154.499813,False
22.4,10,154.506836,True
20.67,8,154.514325,True
20.43,7,154.520332,True
-10.55,5,154.525466,False
21.42,8,154.532472,True
21.43,7,154.537984,True
-10.57,7,154.544968,False
20.19,6,154.549968,True
-12.02,2,154.551968,False
20.44,6,154.556788,True
20.2,5,154.560796,True
22.39,11,154.57032,True
-11.3,5,154.574553,False
20.44,6,154.579072,True
-11.56,6,154.58408,False
22.15,10,154.593409,True
21.43,7,154.598921,True
21.15,9,154.606431,True
-10.33,8,154.613629,False
-12.02,2,154.615134,False
20.42,8,154.622776,True
-11.79,4,154.625206,False
20.44,6,154.630733,True
20.43,7,154.637234,True
-10.57,7,154.643684,False
21.4,9,154.651203,True
22.15,10,154.659337,True
20.44,6,154.664985,True
-10.57,7,154.671497,False
22.37,13,154.682337,True
-10.55,5,154.686863,False
21.15,10,154.695692,True
20.68,7,154.700924,True
-11.56,6,154.706437,False
-11.78,3,154.709239,False
-11.32,7,154.71498,False
22.38,12,154.726319,True
-9.56,6,154.732017,False
-11.33,8,154.739011,False
20.44,6,154.743836,True
21.37,13,154.754358,True
20.68,7,154.761077,True
-10.55,5,154.765083,False
20.41,9,154.772596,True
21.42,8,154.779871,True
20.19,6,154.784383,True
-11.78,3,154.787383,False
-11.8,5,154.79057,False
-11.78,3,154.794387,False
20.2,5,154.798388,True
21.43,7,154.804899,True
-10.34,9,154.814043,False
-11.78,3,154.816043,False
-11.55,5,154.821218,False
-12.02,2,154.823224,False
21.91,9,155.208993,True
20.68,7,155.21701,True
-10.61,11,155.22843,False
-11.8,5,155.23444,False
-10.55,5,155.24044,False
-11.78,3,155.243404,False
-10.58,8,155.252909,False
22.41,9,155.262764,True
21.19,6,155.269765,True
-10.32,7,155.277828,False
-11.77,2,155.280828,False
20.44,6,155.287332,True
-11.78,3,155.291217,False
20.43,7,155.299777,True
20.44,6,155.307096,True
-11.57,7,155.314839,False
-10.79,4,155.317928,False
21.4,10,155.330788,True
-11.77,2,155.33279,False
-11.56,6,155.339887,False
21.42,8,155.347454,True
-11.55,5,155.352454,False
22.14,11,155.362959,True
22.62,13,155.374465,True
20.43,7,155.38097,True
-11.8,5,155.386473,False
21.43,7,155.393319,True
-11.55,5,155.397823,False
-10.6,10,155.409231,False
-11.32,7,155.416557,False
21.4,9,155.424975,True
-11.78,3,155.427974,False
-11.32,7,155.433495,False
22.36,14,155.446255,True
-11.78,3,155.44876,False
21.19,6,155.453768,True
22.4,10,155.461566,True
-11.56,6,155.46756,False
-10.83,8,155.474331,False
-11.56,6,155.478326,False
-11.55,5,155.482852,False
21.65,10,155.491601,True
-11.32,7,155.497597,False
22.35,15,155.51041,True
22.17,8,155.516464,True
-10.33,8,155.523028,False
22.32,18,155.538364,True
-11.53,3,155.540367,False
21.19,6,155.546148,True
21.14,11,155.555673,True
-11.78,3,155.557909,False
21.42,8,155.564428,True
-11.57,7,155.570424,False
22.28,22,155.589219,True
-12.02,2,155.59073,False
19.96,4,155.594489,True
-10.56,6,155.598493,False
20.44,6,155.604493,True
-11.55,5,155.608249,False
-11.3,5,155.612772,False
21.41,9,155.620289,True
-11.32,7,155.626599,False
20.43,7,155.632597,True
-10.35,10,155.640121,False
-11.54,4,155.64388,False
-10.58,8,155.651399,False
-12.02,2,155.653397,False
-11.56,6,155.659327,False
-10.56,6,155.664606,False
-10.06,6,155.669131,False
-10.64,14,155.681084,False
-10.37,12,155.692001,False
22.38,12,155.701525,True
20.2,5,155.705551,True
22.4,10,155.714093,True
20.2,5,155.719093,True
21.43,7,155.724634,True
20.68,7,155.730898,True
20.19,6,155.735905,True
22.4,10,155.745222,True
20.19,6,155.749222,True
21.42,8,155.757067,True
-11.56,6,155.762616,False
-11.32,7,155.767615,False
20.44,6,155.773139,True
21.19,6,155.778397,True
-10.56,6,155.782923,False
-10.82,7,155.788919,False
-11.79,4,155.792939,False
-11.78,3,155.79595,False
22.4,10,155.804471,True
20.2,5,155.809286,True
-11.78,3,155.811285,False
21.41,9,155.819124,True
20.44,6,155.823659,True
-10.8,5,155.828907,False
-11.33,8,155.835428,False
-11.55,5,155.839427,False
-10.34,9,155.847845,False
-11.56,6,155.85284,False
21.43,7,155.859279,True
21.18,7,155.864803,True
-10.34,8,155.87231,False
-11.78,3,155.875866,False
20.44,6,155.879867,True
21.43,7,155.886378,True
-10.57,7,155.89289,False
-11.78,3,155.895891,False
-10.32,7,155.901396,False
-10.35,10,155.910423,False
-12.04,4,155.913935,False
-10.59,9,155.922447,False
-11.8,4,155.92582,False
20.44,6,155.931819,True
-11.77,2,155.934323,False
-11.78,3,155.937329,False
21.66,9,155.946993,True
20.44,6,155.952994,True
20.44,6,155.958953,True
21.43,7,155.965474,True
-11.79,4,155.968477,False
21.42,8,155.976398,True
-11.55,5,155.981397,False
-12.03,3,155.98439,False
-11.54,4,155.987915,False
-11.33,8,155.994768,False
22.32,18,156.012399,True
22.18,7,156.018924,True
20.2,5,156.02362,True
-10.57,7,156.02978,False
-10.59,9,156.036466,False
22.17,8,156.044429,True
-10.56,6,156.048948,False
-11.54,4,156.052952,False
-11.82,7,156.058725,False
-11.78,3,156.061739,False
20.68,7,156.06674,True
22.14,11,156.0765,True
21.41,9,156.084025,True
21.66,9,156.091904,True
-12.03,3,156.094418,False
-10.34,9,156.10195,False
22.64,11,156.11118,True
-10.79,4,156.114705,False
-12.06,6,156.119705,False
22.35,15,156.132447,True
-10.58,8,156.138802,False
22.35,15,156.535941,True
20.19,6,156.543014,True
20.2,5,156.548012,True
-11.78,3,156.550012,False
-11.55,5,156.555517,False
22.55,20,156.57809,True
-11.77,2,156.58109,False
21.19,6,156.587595,True
-10.36,10,156.600182,False
22.15,10,156.610126,True
21.17,7,156.616631,True
22.39,11,156.627188,True
20.65,9,156.635689,True
22.63,12,156.649741,True
21.67,8,156.659268,True
21.4,10,156.670962,True
-11.55,5,156.675434,False
-10.32,7,156.68194,False
-10.58,8,156.691484,False
20.2,5,156.69699,True
-10.6,10,156.709034,False
-11.78,3,156.713037,False
21.42,8,156.722551,True
20.44,6,156.727509,True
22.38,12,156.73918,True
20.44,6,156.745145,True
20.42,7,156.751648,True
22.22,27,156.77536,True
-11.32,7,156.78136,False
22.39,10,156.789883,True
-11.78,3,156.79366,False
-11.78,3,156.796203,False
22.35,15,156.807961,True
-11.78,3,156.810483,False
20.42,8,156.817005,True
-11.78,3,156.820529,False
20.2,5,156.824802,True
20.44,6,156.829816,True
-11.77,2,156.831817,False
20.44,6,156.836334,True
-11.78,3,156.839334,False
21.43,7,156.845078,True
22.57,18,156.860411,True
-10.63,12,156.870933,False
-10.58,8,156.877946,False
-10.33,8,156.884945,False
-11.78,3,156.887466,False
20.44,6,156.892792,True
-10.59,9,156.900843,False
21.18,7,156.905843,True
-11.79,4,156.910222,False
19.95,5,156.914729,True
22.41,9,156.922243,True
-11.31,6,156.928019,False
21.42,8,156.935229,True
22.39,11,156.9446,True
20.68,7,156.950648,True
19.93,7,156.956635,True
20.44,6,156.962157,True
-10.33,8,156.968161,False
20.43,7,156.976177,True
20.44,6,156.981705,True
21.15,10,156.989699,True
-10.33,8,156.996493,False
-11.54,4,157.000493,False
20.44,6,157.005582,True
-11.54,4,157.009353,False
21.66,9,157.016892,True
-11.77,2,157.018892,False
21.42,8,157.025317,True
20.19,6,157.031331,True
21.43,7,157.036849,True
20.44,6,157.042419,True
22.41,9,157.049945,True
20.43,7,157.05547,True
-10.56,6,157.060813,False
22.39,11,157.069335,True
20.44,6,157.075095,True
-11.31,6,157.080109,False
22.37,13,157.090865,True
21.41,9,157.097916,True
20.2,5,157.101916,True
20.2,5,157.106427,True
22.17,8,157.113725,True
20.43,7,157.119258,True
-11.56,6,157.124498,False
21.42,8,157.131032,True
-11.32,7,157.137544,False
20.41,9,157.145334,True
-11.79,4,157.14886,False
22.38,11,157.156859,True
-10.81,6,157.162609,False
-11.78,3,157.165608,False
20.19,6,157.171135,True
22.38,12,157.18089,True
-11.55,5,157.184896,False
20.44,6,157.189896,True
20.43,7,157.196658,True
-10.6,9,157.204183,False
-11.77,2,157.205183,False
-10.58,8,157.212481,False
-11.56,6,157.217477,False
20.2,5,157.22199,True
-10.32,7,157.228598,False
22.15,10,157.237134,True
-11.56,6,157.242442,False
20.43,7,157.248441,True
-11.8,5,157.251952,False
21.41,9,157.260223,True
21.42,8,157.266734,True
21.16,9,157.274574,True
22.41,9,157.281658,True
22.39,11,157.291378,True
20.2,5,157.295896,True
-11.53,3,157.298417,False
20.2,5,157.302781,True
22.14,11,157.312075,True
-10.55,5,157.315601,False
-11.54,4,157.319615,False
-10.32,7,157.325873,False
-10.35,10,157.334395,False
20.42,8,157.341164,True
20.68,7,157.347218,True
-11.32,7,157.353217,False
21.41,9,157.360994,True
-11.31,6,157.364993,False
-11.54,4,157.369081,False
-12.03,3,157.371081,False
20.68,7,157.377846,True
21.42,8,157.383845,True
-10.34,9,157.391591,False
-11.56,5,157.396116,False
20.44,6,157.400672,True
-10.34,8,157.408193,False
21.4,10,157.416229,True
21.42,8,157.422754,True
21.17,7,157.429082,True
-9.83,8,157.435097,False
21.42,8,157.441886,True
20.44,6,157.446881,True
-11.54,4,157.828276,False
21.4,10,157.83861,True
21.66,9,157.846582,True
-11.32,7,157.854677,False
20.43,7,157.863063,True
-11.54,4,157.867475,False
-11.32,7,157.876503,False
-11.57,7,157.884501,False
22.59,16,157.901729,True
-10.33,8,157.910294,False
-10.58,8,157.9209,False
21.89,11,157.933362,True
-11.31,6,157.940357,False
20.42,8,157.949607,True
20.44,6,157.955606,True
-11.77,2,157.958085,False
22.38,12,157.972094,True
-10.58,8,157.981117,False
-10.58,8,157.990618,False
22.37,13,158.00628,True
20.68,7,158.014175,True
-11.77,2,158.016173,False
20.42,8,158.024325,True
-11.77,2,158.026331,False
20.19,6,158.032367,True
21.42,8,158.040048,True
20.66,8,158.047588,True
20.43,7,158.054116,True
20.2,5,158.059116,True
-11.56,6,158.06464,False
20.44,6,158.06964,True
-10.57,7,158.075285,False
20.44,6,158.080284,True
22.34,16,158.094251,True
21.43,7,158.100275,True
22.55,20,158.116915,True
21.17,8,158.124343,True
-11.56,6,158.129405,False
20.43,7,158.1351,True
20.44,6,158.14009,True
-11.77,2,158.142416,False
22.41,9,158.150409,True
-10.58,8,158.157337,False
-10.33,8,158.163861,False
-10.56,6,158.168861,False
-10.35,10,158.177773,False
20.43,7,158.183278,True
20.44,6,158.188285,True
22.6,14,158.200749,True
20.68,7,158.20627,True
22.41,9,158.214267,True
22.59,15,158.227087,True
21.18,7,158.232616,True
20.44,6,158.238131,True
22.15,10,158.246469,True
-11.77,2,158.248468,False
-10.59,9,158.255979,False
22.37,13,158.266897,True
21.43,7,158.273895,True
21.39,11,158.284807,True
21.42,8,158.291064,True
19.96,4,158.294784,True
21.66,9,158.30238,True
-10.36,11,158.311919,False
-11.32,7,158.318459,False
-10.6,10,158.327251,False
-11.56,6,158.332301,False
20.19,6,158.338018,True
21.65,10,158.34603,True
-11.55,5,158.350271,False
22.39,11,158.360038,True
20.2,5,158.364052,True
21.42,8,158.370553,True
-10.34,9,158.378885,False
21.18,7,158.384399,True
20.19,6,158.389399,True
-10.32,7,158.395657,False
22.59,16,158.40958,True
-11.78,3,158.411589,False
-10.56,6,158.417629,False
22.36,14,158.42898,True
20.2,5,158.432517,True
20.67,8,158.440038,True
20.2,5,158.44443,True
-11.78,3,158.446441,False
20.44,6,158.45144,True
-11.32,7,158.458226,False
20.43,7,158.463221,True
-11.78,3,158.466746,False
-11.54,4,158.469746,False
-11.57,7,158.476507,False
-10.32,7,158.481504,False
22.16,9,158.48903,True
22.14,11,158.498785,True
20.2,5,158.502309,True
21.43,7,158.508838,True
22.16,9,158.515504,True
20.2,5,158.520558,True
20.68,7,158.527277,True
-11.55,5,158.531814,False
-10.55,5,158.536809,False
-11.82,7,158.542628,False
-10.82,7,158.54915,False
-11.57,7,158.555149,False
-11.32,7,158.56068,False
-11.54,4,158.56468,False
20.44,6,158.569186,True
-10.33,8,158.576443,False
20.43,7,158.581966,True
21.66,9,158.590363,True
21.66,9,158.597379,True
-11.78,3,158.600906,False
21.18,7,158.607301,True
-11.55,5,158.611853,False
20.43,7,158.618076,True
22.4,10,158.625981,True
-11.32,7,158.631516,False
22.53,22,158.649979,True
-11.32,7,158.656493,False
20.44,6,158.661809,True
20.44,6,158.666048,True
20.44,6,158.671586,True
-10.57,7,158.677478,False
-11.56,6,158.682492,False
21.43,7,158.688135,True
21.42,8,158.695411,True
-11.56,6,158.700934,False
20.41,8,158.707698,True
20.68,7,158.713223,True
21.41,9,158.72127,True
-10.57,7,158.728106,False
-11.78,3,158.730631,False
-11.78,3,158.733153,False
22.15,10,158.741974,True
20.44,6,158.746973,True
20.44,6,158.751498,True
22.64,11,159.141485,True
20.19,6,159.147652,True
-11.78,3,159.150662,False
21.41,9,159.159115,True
22.4,10,159.170627,True
22.54,21,159.19152,True
-11.77,2,159.194518,False
22.37,12,159.208016,True
21.18,7,159.216618,True
-11.32,7,159.224488,False
-10.79,4,159.228576,False
-10.57,7,159.23759,False
-10.57,7,159.246083,False
20.68,7,159.252587,True
22.39,11,159.26447,True
21.66,9,159.274271,True
20.94,6,159.281271,True
-11.77,2,159.283776,False
21.19,6,159.291188,True
22.14,11,159.3042,True
-10.55,5,159.310133,False
-11.78,3,159.313131,False
20.68,7,159.318719,True
-10.59,9,159.32823,False
21.43,7,159.334857,True
22.38,12,159.346217,True
21.43,7,159.353228,True
22.17,8,159.360279,True
-12.02,2,159.362279,False
-12.02,2,159.364279,False
-11.54,4,159.367808,False
-11.78,3,159.370807,False
22.6,15,159.383604,True
-11.57,7,159.390502,False
22.37,13,159.401029,True
-10.57,7,159.408004,False
22.38,11,159.416523,True
21.18,7,159.422573,True
20.43,7,159.428566,True
20.44,6,159.433626,True
20.44,6,159.438626,True
20.42,7,159.444748,True
20.44,6,159.45027,True
-11.54,4,159.980484,False
22.41,9,159.987997,True
-11.54,4,159.992268,False
21.43,7,159.999268,True
-11.57,7,160.005782,False
21.42,8,160.012453,True
-11.53,3,160.015453,False
-11.78,3,160.017972,False
-10.55,5,160.023027,False
22.63,12,160.033738,True
-11.54,4,160.037249,False
-10.33,8,160.04376,False
-9.87,12,160.053808,False
20.44,6,160.059807,True
-10.57,7,160.065333,False
-10.33,8,160.073179,False
20.41,9,160.080197,True
22.17,8,160.087363,True
-11.78,3,160.089671,False
-11.78,3,160.092679,False
20.68,7,160.098202,True
20.2,5,160.104198,True
-10.35,10,160.112585,False
20.44,6,160.1196,True
-10.81,6,160.125117,False
20.67,8,160.131641,True
-10.55,5,160.136158,False
20.2,5,160.140173,True
-11.54,4,160.143173,False
-11.53,3,160.145173,False
20.43,7,160.151698,True
20.44,6,160.157584,True
-10.37,11,160.167591,False
-11.78,3,160.170103,False
-11.54,4,160.173526,False
-12.02,2,160.175623,False
-10.63,12,160.186208,False
-9.65,15,160.198706,False
-10.8,5,160.202712,False
-10.82,7,160.209556,False
20.44,6,160.214562,True
22.38,12,160.225651,True
21.16,9,160.232692,True
22.34,15,160.245412,True
22.62,13,160.256823,True
22.57,18,160.271363,True
20.44,6,160.27633,True
20.44,6,160.28133,True
-12.02,2,160.282843,False
-10.58,8,160.291265,False
22.08,17,160.305646,True
22.55,20,160.322956,True
-10.57,7,160.329514,False
-11.78,3,160.33251,False
-10.34,9,160.339534,False
20.44,6,160.345417,True
20.68,7,160.351417,True
20.19,6,160.356256,True
20.44,6,160.361821,True
-10.79,4,160.365819,False
21.15,10,160.373476,True
22.34,16,160.387081,True
22.15,10,160.395465,True
-10.58,8,160.402141,False
20.19,6,160.407584,True
22.42,8,160.415359,True
22.31,19,160.430731,True
-11.78,3,160.432731,False
20.44,6,160.437252,True
21.17,8,160.445025,True
-12.05,5,160.449543,False
22.4,10,160.458308,True
22.31,18,160.472351,True
-10.33,8,160.478697,False
22.39,10,160.487221,True
21.18,7,160.493997,True
22.38,12,160.503521,True
21.65,10,160.511798,True
-10.55,5,160.515928,False
20.19,6,160.521434,True
22.39,10,160.530214,True
-11.8,5,160.533762,False
20.44,6,160.539278,True
20.19,6,160.544039,True
-10.83,8,160.551039,False
-10.55,5,160.555554,False
-11.55,5,160.559815,False
-11.54,4,160.562857,False
-11.32,7,160.568871,False
19.96,4,160.571871,True
-11.54,4,160.575637,False
-10.34,9,160.58364,False
-11.78,3,160.586163,False
-11.79,4,160.589163,False
-11.56,6,160.593912,False
20.2,5,160.96944,True
21.41,9,160.980415,True
-11.56,6,160.98792,False
-10.34,9,160.998067,False
22.17,8,161.007021,True
-10.34,9,161.018049,False
22.14,11,161.030427,True
-11.78,3,161.034437,False
-11.81,6,161.041529,False
22.4,35,161.077507,True
19.95,5,161.083506,True
22.58,17,161.102475,True
21.43,7,161.109526,True
-11.32,7,161.118537,False
-10.57,7,161.12606,False
20.41,9,161.136567,True
-11.58,8,161.145696,False
-11.32,7,161.154201,False
20.2,5,161.159744,True
21.42,8,161.168827,True
21.65,10,161.177993,True
21.9,10,161.187517,True
-11.3,5,161.19204,False
20.67,8,161.200039,True
20.67,8,161.206563,True
-10.6,10,161.216763,False
20.43,7,161.222524,True
-11.54,4,161.226614,False
20.2,5,161.229709,True
21.18,7,161.236069,True
-11.53,3,161.239067,False
22.38,12,161.250015,True
-10.33,8,161.256019,False
22.28,22,161.274337,True
22.6,15,161.286874,True
-10.35,10,161.295276,False
-11.78,3,161.298276,False
20.2,5,161.30267,True
22.57,18,161.318429,True
-10.35,9,161.326233,False
21.17,8,161.332246,True
-10.32,7,161.338769,False
20.2,5,161.34261,True
21.41,9,161.351021,True
-11.55,5,161.354531,False
-11.83,8,161.36177,False
-11.32,7,161.36877,False
-11.53,3,161.37077,False
22.61,14,161.382842,True
22.6,15,161.395883,True
-11.33,8,161.402407,False
-10.56,6,161.407822,False
-11.77,2,161.409835,False
22.17,8,161.417348,True
21.41,9,161.425679,True
20.2,5,161.430199,True
22.15,10,161.43824,True
22.36,13,161.448703,True
-10.58,8,161.455738,False
22.39,11,161.465385,True
22.4,10,161.473905,True
-11.57,7,161.478799,False
-11.54,4,161.482799,False
-11.78,3,161.484799,False
20.44,6,161.490659,True
-11.78,3,161.492659,False
22.33,17,161.507503,True
20.2,5,161.511516,True
-10.61,11,161.520555,False
-12.02,2,161.522919,False
20.2,5,161.527188,True
-11.57,7,161.533233,False
20.44,6,161.538235,True
20.2,5,161.542605,True
-11.3,5,161.546605,False
-11.77,2,161.548605,False
-10.34,9,161.556124,False
-10.33,8,161.562549,False
-10.8,5,161.567549,False
20.43,7,161.573068,True
20.68,7,161.578443,True
-12.02,2,161.579952,False
-9.8,5,161.584965,False
-10.32,7,161.59078,False
22.4,10,161.598803,True
-10.58,8,161.606321,False
-11.54,4,161.609713,False
20.2,5,161.614235,True
22.4,10,161.622275,True
21.42,8,161.629072,True
21.19,6,161.634593,True
22.41,9,161.642256,True
-10.81,6,161.647269,False
22.48,26,161.668993,True
20.44,6,161.673827,True
20.2,5,161.677842,True
-12.03,3,161.680841,False
20.19,6,161.685361,True
-10.81,6,161.690742,False
-11.53,3,161.694269,False
20.41,9,161.701282,True
20.44,6,161.707301,True
22.62,13,161.717821,True
-12.02,2,161.719822,False
-10.33,8,161.726879,False
20.19,6,161.7314,True
21.42,8,161.739446,True
20.18,7,161.745486,True
-11.54,4,161.749008,False
22.37,13,161.760254,True
-10.34,9,161.767298,False
-10.55,5,161.771809,False
-11.54,4,161.776063,False
-11.79,4,161.779063,False
-11.59,9,161.786583,False
-11.31,6,161.790967,False
20.43,7,161.797491,True
-11.56,6,161.803002,False
-11.52,2,161.804015,False
22.38,12,161.814935,True
-11.54,4,161.817936,False
21.43,7,161.823846,True
21.42,8,161.830374,True
-12.03,3,161.833379,False
-10.8,5,161.836899,False
22.3,20,161.853815,True
20.2,5,161.85776,True
-11.32,7,161.863759,False
-12.02,2,161.866275,False
20.2,5,161.87028,True
21.16,9,161.878237,True
22.63,12,161.88776,True
21.41,9,162.278292,True
-10.82,7,162.286352,False
20.42,8,162.292886,True
20.43,7,162.300394,True
22.52,23,162.323917,True
20.44,6,162.330437,True
-11.57,7,162.337452,False
22.59,16,162.352428,True
22.16,9,162.360929,True
21.38,12,162.373432,True
-10.36,10,162.384371,False
20.42,8,162.393445,True
-12.03,3,162.397444,False
22.38,12,162.41203,True
-11.33,8,162.421803,False
20.43,7,162.429885,True
-11.35,9,162.438896,False
-11.56,6,162.444891,False
-12.02,2,162.447893,False
20.43,7,162.455398,True
-11.56,6,162.463465,False
22.36,14,162.47857,True
21.43,7,162.485234,True
-11.31,6,162.490615,False
-11.56,6,162.496363,False
-11.56,6,162.501875,False
22.59,16,162.514701,True
-11.53,3,162.517212,False
-11.57,7,162.522771,False
20.44,6,162.528065,True
-11.31,6,162.533594,False
20.44,6,162.538112,True
20.68,7,162.543835,True
22.33,17,162.558813,True
20.19,6,162.563826,True
20.2,5,162.567826,True
-10.58,8,162.574737,False
20.68,7,162.581259,True
22.16,9,162.588259,True
-10.34,9,162.596076,False
-11.31,6,162.601598,False
21.39,10,162.608831,True
20.43,7,162.615356,True
20.43,7,162.62188,True
-10.57,7,162.627627,False
20.2,5,162.631138,True
22.62,13,162.642993,True
-10.61,11,162.652028,False
-11.54,4,162.655041,False
20.65,9,162.662894,True
22.1,15,162.675767,True
-11.53,3,162.677767,False
-10.86,11,162.687426,False
-11.77,2,162.689421,False
-10.35,10,162.698222,False
-11.78,3,162.700222,False
20.44,6,162.705471,True
22.37,12,162.715237,True
21.42,8,162.723235,True
-10.6,10,162.731717,False
-11.78,3,162.734236,False
22.14,10,162.743039,True
21.39,11,162.753555,True
-11.56,6,162.758938,False
22.6,15,162.771112,True
22.35,15,162.784629,True
-10.33,8,162.791774,False
-10.34,9,162.799286,False
20.44,6,162.804286,True
22.38,11,162.814075,True
20.44,6,162.818583,True
-10.59,9,162.826346,False
20.43,7,162.832881,True
20.43,7,162.838393,True
21.42,8,162.844809,True
-11.53,3,162.8485,False
21.17,8,162.855159,True
-11.57,7,162.860987,False
22.41,9,162.869002,True
20.19,6,162.873793,True
21.13,12,162.883311,True
-11.54,4,162.887311,False
21.67,8,162.894141,True
-10.35,10,162.902649,False
-10.58,7,162.908914,False
20.44,6,162.913914,True
22.08,16,162.926844,True
21.19,6,162.931858,True
-11.3,5,162.936898,False
22.39,11,162.945157,True
-10.32,7,162.952219,False
22.4,10,162.96048,True
20.44,6,162.96548,True
-10.79,4,162.969006,False
21.4,10,162.977239,True
20.44,6,162.981762,True
-10.79,4,162.985762,False
22.36,13,162.9965,True
-11.77,2,162.997501,False
-10.56,6,163.004025,False
21.41,9,163.010805,True
20.2,5,163.016013,True
-9.8,5,163.01954,False
20.43,7,163.025789,True
-9.38,13,163.038356,False
20.42,8,163.046212,True
-10.62,12,163.056253,False
22.53,22,163.074992,True
21.4,10,163.083514,True
-10.34,9,163.09182,False
-11.31,6,163.097344,False
-10.55,5,163.101336,False
20.43,7,163.107188,True
-10.35,10,163.115706,False
-10.58,8,163.122706,False
-11.54,4,163.125982,False
-10.6,9,163.133504,False
-11.8,5,163.137558,False
-11.56,6,163.143924,False
21.43,7,163.149465,True
-11.78,3,163.15199,False
20.2,5,163.15599,True
-10.6,10,163.165267,False
20.68,7,163.170791,True
20.19,6,163.17502,True
22.63,12,163.185545,True
21.66,9,163.1933,True
22.12,13,163.579986,True
22.13,12,163.593845,True
21.39,11,163.606476,True
22.4,10,163.617996,True
-11.82,7,163.626475,False
21.42,8,163.634491,True
22.64,11,163.645416,True
-10.88,12,163.659931,False
-11.54,4,163.66393,False
-11.31,6,163.671263,False
-11.77,2,163.673748,False
20.2,5,163.679264,True
20.43,7,163.688266,True
-10.63,13,163.701564,False
21.66,9,163.711584,True
20.44,6,163.718584,True
-11.77,2,163.721662,False
22.55,20,163.744654,True
-10.57,7,163.753185,False
21.19,6,163.759737,True
-10.61,11,163.771258,False
20.68,7,163.778166,True
-10.33,8,163.785297,False
20.44,6,163.791607,True
21.43,7,163.797864,True
-11.54,4,163.801864,False
22.38,12,163.81173,True
-12.03,3,163.813729,False
20.2,5,163.819016,True
21.18,7,163.825879,True
20.43,7,163.831931,True
-10.56,6,163.836456,False
-11.32,7,163.843501,False
20.41,9,163.850543,True
21.39,11,163.859928,True
20.94,6,163.864927,True
-11.78,3,163.867446,False
21.18,7,163.874227,True
-10.6,9,163.881733,False
-11.31,6,163.886733,False
22.39,11,163.896517,True
-11.58,8,163.904029,False
-11.53,3,163.90603,False
20.2,5,163.910304,True
-11.78,3,163.913304,False
22.14,11,163.92183,True
-11.78,3,163.925062,False
21.43,7,163.930626,True
22.61,14,163.942382,True
20.2,5,163.946381,True
20.2,5,163.950951,True
22.39,11,163.960989,True
-11.32,7,163.966995,False
-12.03,3,163.969506,False
20.44,6,163.974207,True
-10.79,4,163.978206,False
20.2,5,163.98173,True
-11.55,5,163.98673,False
20.2,5,163.991553,True
-11.32,7,163.99756,False
22.14,11,164.008025,True
-10.81,6,164.012546,False
-11.78,3,164.015546,False
-11.55,5,164.020139,False
20.43,7,164.027048,True
-10.83,8,164.033625,False
-11.54,4,164.036621,False
22.37,13,164.048513,True
20.2,5,164.053307,True
22.38,12,164.063704,True
-11.33,8,164.070699,False
-11.81,6,164.075532,False
20.42,8,164.082538,True
22.52,23,164.101835,True
-12.02,2,164.102835,False
-10.57,7,164.109662,False
-11.31,6,164.115181,False
-11.55,5,164.119185,False
-11.53,3,164.122185,False
22.15,10,164.130476,True
20.68,7,164.135981,True
20.18,7,164.142303,True
22.39,11,164.151575,True
-11.79,4,164.155097,False
20.44,6,164.160352,True
-10.57,7,164.16635,False
21.18,7,164.171873,True
-11.56,6,164.176611,False
-11.79,4,164.180626,False
20.44,6,164.185626,True
-11.77,2,164.187137,False
22.4,10,164.195571,True
-10.59,9,164.203102,False
-11.79,4,164.206103,False
-11.79,4,164.210371,False
-11.77,2,164.21137,False
22.61,14,164.22289,True
20.44,6,164.228305,True
-12.02,2,164.230827,False
-12.02,2,164.231827,False
22.32,17,164.247219,True
20.68,7,164.252951,True
19.96,4,164.255965,True
21.41,9,164.263722,True
-11.78,3,164.265722,False
-11.57,7,164.27223,False
22.39,10,164.281019,True
22.39,11,164.290033,True
21.41,9,164.297791,True
22.37,13,164.308465,True
-10.33,8,164.315452,False
22.37,13,164.326301,True
21.66,9,164.334819,True
22.41,9,164.341573,True
-11.55,5,164.346849,False
22.36,13,164.357311,True
20.44,6,164.362895,True
-10.79,4,164.366419,False
-11.79,4,164.369419,False
-11.32,7,164.375917,False
-12.02,2,164.377943,False
22.39,11,164.387455,True
-10.55,5,164.391447,False
20.95,5,164.395449,True
22.4,10,164.403982,True
-11.54,4,164.40772,False
-11.53,3,164.410733,False
19.95,5,164.414734,True
22.35,15,164.426666,True
-11.53,3,164.429184,False
-11.31,6,164.434189,False
22.61,14,164.446466,True
-11.31,6,164.450815,False
20.44,6,164.455909,True
-11.55,5,164.460728,False
-10.81,5,164.464733,False
21.19,6,164.469732,True
-11.35,10,164.479124,False
22.38,12,164.489953,True
21.41,9,164.497502,True
22.14,11,164.880151,True
22.38,12,164.894304,True
22.58,17,164.913311,True
-11.32,7,164.920316,False
-10.79,4,164.92483,False
-10.58,8,164.934342,False
-10.33,8,164.943865,False
-11.54,4,164.948867,False
20.65,10,164.96009,True
-10.57,7,164.967607,False
20.44,6,164.972608,True
21.19,6,164.979175,True
-11.56,6,164.984687,False
-11.32,7,164.992057,False
20.44,6,164.997579,True
-11.33,8,165.007496,False
20.44,6,165.013496,True
-11.54,4,165.017002,False
-10.33,8,165.026898,False
22.36,14,165.043995,True
20.44,6,165.050617,True
-10.34,9,165.060644,False
-11.55,5,165.066772,False
20.2,5,165.072775,True
21.42,8,165.080573,True
20.2,5,165.084569,True
-11.8,5,165.090341,False
-10.82,7,165.09634,False
22.51,24,165.11723,True
20.67,8,165.125508,True
21.4,9,165.133009,True
-12.03,3,165.135009,False
20.19,6,165.140967,True
20.43,7,165.146489,True
21.42,8,165.153014,True
20.43,7,165.15906,True
-12.02,2,165.160577,False
-10.33,8,165.167581,False
22.47,28,165.191538,True
20.2,5,165.195635,True
20.68,7,165.201636,True
20.67,8,165.20911,True
22.41,9,165.216563,True
20.44,6,165.222576,True
-10.55,5,165.226996,False
-10.57,7,165.233003,False
-11.58,8,165.240027,False
-11.78,3,165.24212,False
20.44,6,165.247463,True
20.44,6,165.253226,True
21.19,6,165.258905,True
-11.54,4,165.261906,False
-11.78,3,165.263905,False
-11.34,8,165.273011,False
-11.31,6,165.278072,False
-12.02,2,165.280072,False
-11.56,6,165.285072,False
22.16,9,165.292387,True
-11.77,2,165.294384,False
-10.56,6,165.300056,False
22.26,23,165.318729,True
-12.03,3,165.321737,False
20.43,7,165.327431,True
-10.56,6,165.333941,False
-11.34,9,165.341091,False
20.19,6,165.34662,True
-11.56,6,165.352133,False
21.42,8,165.3592,True
-11.79,4,165.362719,False
22.13,12,165.372231,True
20.43,7,165.379081,True
-10.33,8,165.386679,False
22.4,10,165.395593,True
20.43,7,165.400599,True
22.64,11,165.411502,True
21.19,6,165.417031,True
-11.77,2,165.418546,False
-11.32,7,165.425095,False
-10.82,7,165.432095,False
21.43,7,165.437685,True
22.1,15,165.450655,True
-10.62,12,165.461796,False
-11.77,2,165.462796,False
20.68,7,165.468988,True
-11.53,3,165.470989,False
21.41,9,165.479195,True
22.39,11,165.489629,True
21.18,7,165.495114,True
20.44,6,165.500625,True
21.19,6,165.505626,True
-11.56,6,165.511248,False
-10.36,11,165.520773,False
22.37,13,165.531405,True
-10.55,5,165.535405,False
-10.32,7,165.542173,False
20.44,6,165.547699,True
22.39,11,165.555734,True
22.41,9,165.563308,True
20.2,5,165.568308,True
-12.02,2,165.569308,False
20.43,7,165.576258,True
20.95,5,165.580251,True
20.43,7,165.586763,True
21.41,9,165.59403,True
22.6,15,165.607161,True
22.12,13,165.617741,True
20.44,6,165.623247,True
21.18,7,165.628561,True
-11.79,4,165.632561,False
22.39,11,165.641483,True
22.3,20,165.65908,True
-11.79,4,165.66208,False
-11.32,7,165.668591,False
20.44,6,165.673829,True
20.44,6,165.678212,True
20.2,5,165.682212,True
20.2,5,165.686733,True
-11.55,5,165.691142,False
21.41,9,165.698663,True
22.62,13,165.710101,True
-10.34,9,165.716625,False
-11.79,4,165.720624,False
-10.6,10,165.729433,False
21.18,7,165.734955,True
22.4,10,165.743407,True
21.43,7,165.749065,True
-10.79,4,165.752071,False
-11.6,10,165.762058,False
22.38,12,165.771244,True
21.18,7,165.777524,True
22.64,11,165.787032,True
-11.82,7,165.793497,False
21.43,7,165.799005,True
20.44,6,165.804004,True
20.44,6,166.1975,True
21.19,6,166.203504,True
22.14,10,166.21447,True
20.43,7,166.222466,True
22.38,12,166.233956,True
20.44,6,166.240434,True
-11.54,4,166.245939,False
-10.34,9,166.255577,False
-11.32,7,166.264544,False
-12.02,2,166.266725,False
20.44,6,166.273727,True
-10.79,4,166.278715,False
-10.32,7,166.285718,False
-10.33,8,166.294633,False
21.16,9,166.30402,True
20.66,9,166.314984,True
22.36,13,166.330345,True
-11.57,7,166.338345,False
-10.34,9,166.348373,False
20.2,5,166.353901,True
22.4,10,166.36502,True
-11.56,6,166.372526,False
-11.54,4,166.377035,False
20.44,6,166.382539,True
20.44,6,166.388539,True
-10.59,8,166.397152,False
20.44,6,166.402748,True
22.35,15,166.906295,True
20.2,5,166.911309,True
-11.56,6,166.916846,False
-11.34,8,166.923358,False
-11.54,4,166.927901,False
-11.55,5,166.931906,False
-12.02,2,166.933905,False
22.33,16,166.947095,True
-10.33,8,166.953747,False
-10.31,6,166.959711,False
-11.78,3,166.962223,False
-11.33,8,166.968735,False
20.43,7,166.975549,True
-12.02,2,166.976547,False
-11.78,3,166.980079,False
-10.59,9,166.987079,False
-11.8,5,166.992068,False
-11.77,2,166.994068,False
21.41,9,167.00158,True
21.42,8,167.009672,True
21.41,9,167.016686,True
22.41,9,167.025216,True
22.5,25,167.046226,True
20.2,5,167.051195,True
-11.77,2,167.053223,False
20.44,6,167.057628,True
21.42,8,167.064671,True
-11.78,3,167.067397,False
-10.79,4,167.071396,False
-11.78,3,167.074169,False
20.68,7,167.079158,True
22.34,16,167.093539,True
21.19,6,167.098549,True
-11.55,5,167.102549,False
22.39,11,167.112437,True
20.43,7,167.11887,True
22.41,9,167.126231,True
-11.78,3,167.128825,False
22.54,21,167.146636,True
-11.56,6,167.151149,False
22.63,12,167.162162,True
21.42,8,167.168077,True
21.17,8,167.175404,True
22.3,20,167.192185,True
-10.34,9,167.199696,False
-10.58,8,167.206201,False
-10.81,6,167.211456,False
-10.58,8,167.218982,False
-10.34,9,167.226694,False
21.19,6,167.2317,True
21.42,8,167.238211,True
22.6,15,167.250867,True
-11.81,6,167.256378,False
20.44,6,167.260998,True
21.18,7,167.26752,True
20.44,6,167.272027,True
21.41,9,167.280465,True
-10.35,10,167.289048,False
-11.77,2,167.290494,False
21.42,8,167.297034,True
20.41,9,167.30503,True
22.4,10,167.314364,True
-11.54,4,167.317067,False
21.4,10,167.32605,True
22.36,13,167.336728,True
20.44,6,167.341161,True
20.44,6,167.346416,True
20.43,7,167.352924,True
22.52,23,167.371941,True
-12.02,2,167.374201,False
22.17,8,167.380848,True
-11.3,5,167.384374,False
20.19,6,167.389374,True
-11.78,3,167.392615,False
-11.53,3,167.395134,False
-11.57,7,167.401135,False
-11.31,6,167.405647,False
22.49,26,167.427937,True
20.43,7,167.432935,True
-11.31,6,167.43861,False
20.44,6,167.443934,True
-10.8,5,167.4476,False
20.44,6,167.453603,True
22.31,18,167.46792,True
-10.59,9,167.475371,False
20.2,5,167.479385,True
22.36,14,167.491145,True
-11.78,3,167.494144,False
-12.03,3,167.496657,False
22.39,11,167.506251,True
-11.78,3,167.508477,False
20.44,6,167.513476,True
-11.78,3,167.516476,False
21.39,11,167.525777,True
-11.54,4,167.529299,False
20.44,6,167.535941,True
22.31,18,167.551824,True
-10.79,4,167.555342,False
20.43,7,167.560861,True
-12.02,2,167.563381,False
-10.55,5,167.567386,False
22.39,11,167.576907,True
20.43,7,167.582432,True
-10.33,8,167.589739,False
21.17,8,167.596752,True
21.19,6,167.601282,True
-10.59,9,167.608531,False
21.41,9,167.978663,True
-11.54,4,167.98317,False
20.43,7,167.991065,True
-11.56,6,167.998572,False
20.2,5,168.004572,True
21.41,9,168.014631,True
20.68,7,168.022616,True
22.41,9,168.031151,True
-11.77,2,168.034151,False
-10.58,8,168.04214,False
-10.57,7,168.049647,False
-11.78,3,168.053655,False
20.67,8,168.062256,True
-11.78,3,168.065873,False
-11.3,5,168.071895,False
-11.57,7,168.07789,False
20.41,9,168.088401,True
20.2,5,168.092601,True
22.37,13,168.108106,True
22.4,10,168.117611,True
-10.33,8,168.125093,False
-11.3,5,168.131092,False
-11.79,4,168.135597,False
22.36,14,168.151649,True
22.38,12,168.165117,True
21.18,7,168.173612,True
20.68,7,168.180146,True
-10.33,8,168.187205,False
21.41,9,168.195186,True
21.41,9,168.202712,True
-10.81,6,168.209019,False
-11.54,4,168.212018,False
-11.78,3,168.215018,False
-10.79,4,168.218542,False
-11.78,3,168.221543,False
-11.77,2,168.222543,False
-11.31,6,168.228287,False
20.19,6,168.233287,True
-11.78,3,168.236114,False
20.43,7,168.242002,True
-11.33,8,168.248592,False
-10.83,8,168.255592,False
21.66,9,168.262555,True
-12.04,4,168.266552,False
-10.82,7,168.272988,False
-10.57,7,168.278028,False
20.44,6,168.28362,True
-11.32,7,168.291566,False
-10.79,4,168.294304,False
-11.55,5,168.299304,False
21.41,9,168.30717,True
-11.56,6,168.311869,False
22.36,14,168.324066,True
22.33,17,168.338588,True
-11.54,4,168.341944,False
-11.57,7,168.348471,False
22.4,10,168.355984,True
20.44,6,168.361238,True
21.66,9,168.368289,True
20.43,7,168.37454,True
21.19,6,168.379539,True
-11.54,4,168.382539,False
-10.58,8,168.389585,False
-10.34,9,168.397369,False
20.44,6,168.402369,True
21.43,7,168.40914,True
-11.77,2,168.410139,False
-10.55,5,168.414137,False
22.37,13,168.425883,True
20.68,7,168.430895,True
22.6,14,168.443473,True
22.63,12,168.45301,True
20.44,6,168.457852,True
20.2,5,168.462851,True
21.43,7,168.468376,True
-10.58,8,168.47567,False
-12.03,3,168.478171,False
20.44,6,168.483177,True
21.42,8,168.490225,True
20.43,7,168.495467,True
22.61,14,168.507219,True
-10.36,10,168.515745,False
20.43,7,168.52127,True
-10.35,10,168.529873,False
22.65,10,168.537883,True
21.43,7,168.54412,True
-10.33,8,168.551646,False
20.44,6,168.555645,True
20.68,7,168.562421,True
22.39,10,168.570934,True
20.43,7,168.576843,True
-11.81,6,168.582512,False
-11.56,6,168.587185,False
22.32,18,168.603386,True
21.15,10,168.611791,True
22.62,13,168.623386,True
-10.55,5,168.628736,False
20.43,7,168.634735,True
22.13,12,168.645319,True
-11.77,2,168.647318,False
-10.33,8,168.653985,False
20.43,7,168.660073,True
-9.82,7,168.66598,False
22.6,15,168.678332,True
-11.54,4,168.681857,False
-11.77,2,168.683857,False
-11.3,5,168.688394,False
22.4,10,168.696816,True
22.37,13,168.708601,True
20.2,5,168.712127,True
22.65,10,168.720126,True
-10.6,10,168.729396,False
20.44,6,168.733922,True
20.68,7,168.740177,True
22.38,12,168.750694,True
-10.81,6,168.756207,False
20.68,7,168.762504,True
-11.55,5,168.767024,False
22.64,11,168.775814,True
-11.78,3,168.778335,False
21.42,8,168.785329,True
-11.56,6,168.789877,False
-11.55,5,168.795139,False
21.42,8,168.801791,True
21.66,9,168.809324,True
-10.57,7,168.815315,False
21.43,7,168.820846,True
-11.31,6,168.827105,False
-10.61,10,168.835617,False
-12.02,2,168.8377,False
20.2,5,168.841594,True
20.2,5,168.845592,True
-11.32,7,168.852051,False
20.68,7,168.857404,True
-11.8,5,168.861919,False
21.41,9,168.86892,True
20.19,6,168.874227,True
-10.81,6,168.87874,False
20.44,6,168.884264,True
22.18,7,168.890957,True
21.43,7,168.896963,True
21.42,8,169.288887,True
21.42,8,169.297312,True
21.4,10,169.307466,True
21.18,7,169.314972,True
20.43,7,169.321984,True
-11.57,7,169.329034,False
-12.02,2,169.332031,False
20.67,8,169.339535,True
22.6,15,169.353541,True
-11.53,3,169.355541,False
20.2,5,169.361528,True
20.68,7,169.368032,True
22.15,10,169.37948,True
20.44,6,169.385479,True
22.37,13,169.399359,True
22.16,9,169.410357,True
20.67,8,169.418355,True
20.2,5,169.425585,True
-11.53,3,169.429245,False
21.42,8,169.43675,True
-10.6,10,169.446628,False
21.92,8,169.456548,True
20.44,6,169.462067,True
22.4,10,169.473995,True
20.44,6,169.481501,True
22.38,12,169.492893,True
-10.34,9,169.501419,False
22.4,10,169.510219,True
21.43,7,169.516744,True
-10.33,8,169.524112,False
22.38,12,169.53516,True
-11.33,8,169.541656,False
-10.57,7,169.548169,False
22.41,9,169.555675,True
21.41,9,169.563046,True
-11.78,3,169.566054,False
-11.77,2,169.567719,False
21.65,10,169.576261,True
-10.6,10,169.584948,False
21.42,8,169.591879,True
20.43,7,169.598405,True
20.44,6,169.603397,True
-10.58,8,169.609992,False
20.43,7,169.615514,True
-11.32,7,169.621514,False
-11.57,7,169.627629,False
20.2,5,169.631629,True
22.37,13,169.643064,True
21.18,7,169.648079,True
-11.78,3,169.652072,False
20.44,6,169.658075,True
-11.79,4,169.661076,False
-11.76,1,169.662076,False
22.17,8,169.669588,True
-11.54,4,169.672588,False
22.37,13,169.683725,True
20.68,7,169.690314,True
22.4,10,169.699594,True
22.36,14,169.711559,True
-10.56,6,169.716549,False
21.18,7,169.722213,True
-12.02,2,169.724656,False
-10.58,8,169.732243,False
-11.55,5,169.736757,False
-11.54,4,169.740291,False
-10.59,9,169.747727,False
-11.78,3,169.750733,False
22.65,10,169.75982,True
-12.02,2,169.76082,False
21.39,11,169.770332,True
19.96,4,169.773859,True
-10.63,13,169.78529,False
-11.3,5,169.78829,False
-11.53,3,169.792413,False
-10.36,11,169.802083,False
-11.33,8,169.808604,False
20.44,6,169.813531,True
20.44,6,169.819045,True
21.4,10,169.828011,True
22.37,12,169.837517,True
22.31,19,169.853441,True
-11.78,3,169.856435,False
-11.77,2,169.858415,False
20.43,7,169.86443,True
20.2,5,169.867429,True
-11.55,5,169.872952,False
20.44,6,169.877385,True
20.67,8,169.884897,True
20.44,6,169.890206,True
-10.58,8,169.896421,False
22.4,35,169.925749,True
-10.83,8,169.932256,False
20.44,6,169.937262,True
22.39,11,169.946212,True
20.18,7,169.95272,True
21.43,7,169.959111,True
-11.78,3,169.961111,False
22.4,10,169.969622,True
22.39,11,169.978732,True
21.42,8,169.986083,True
20.2,5,169.990394,True
21.67,8,169.996904,True
19.96,4,169.999904,True
-10.57,7,170.005422,False
21.41,9,170.012707,True
-12.02,2,170.015213,False
-11.58,8,170.021219,False
-11.53,3,170.02469,False
20.68,7,170.030283,True
20.68,7,170.036286,True
-11.78,3,170.038963,False
-11.78,3,170.040885,False
21.43,7,170.047266,True
22.63,12,170.057995,True
22.14,11,170.067521,True
20.44,6,170.072045,True
-10.79,4,170.076385,False
-10.61,10,170.084918,False
-11.53,3,170.086919,False
20.41,9,170.095492,True
21.37,12,170.106017,True
20.44,6,170.111447,True
20.44,6,170.115959,True
20.68,7,170.121958,True
20.44,6,170.127197,True
22.39,11,170.137347,True
22.41,9,170.144763,True
22.59,16,170.158271,True
21.41,9,170.165782,True
20.43,7,170.171792,True
20.43,7,170.177674,True
20.44,6,170.185184,True
20.43,7,170.191394,True
-12.03,3,170.194403,False
21.43,7,170.200403,True
21.41,9,170.207916,True
20.43,7,170.625863,True
22.38,11,170.63837,True
22.4,10,170.649363,True
20.43,7,170.658432,True
-11.31,6,170.664936,False
21.42,8,170.673967,True
20.44,6,170.681177,True
-11.54,4,170.686339,False
20.67,8,170.693209,True
22.37,12,170.707319,True
-11.32,7,170.715823,False
20.2,5,170.721823,True
21.18,7,170.730036,True
20.19,6,170.737543,True
21.43,7,170.746047,True
-11.78,3,170.749046,False
21.66,9,170.758551,True
20.2,5,170.764551,True
20.44,6,170.771055,True
21.66,9,170.782023,True
20.42,8,170.791464,True
22.37,13,170.806387,True
21.16,8,170.814931,True
22.58,17,170.831331,True
-11.78,3,170.83433,False
-11.57,7,170.841656,False
20.43,7,170.847656,True
-11.8,5,170.853172,False
20.44,6,170.858439,True
-10.83,8,170.866229,False
20.68,7,170.871905,True
21.63,12,170.882049,True
20.2,5,170.886639,True
-11.79,4,170.890016,False
-11.78,3,170.892163,False
22.32,18,170.907269,True
22.28,22,170.925965,True
-10.57,7,170.932481,False
-11.57,7,170.938485,False
20.19,6,170.94342,True
-12.02,2,170.945419,False
22.41,9,170.952929,True
-12.02,2,170.953848,False
20.2,5,170.959411,True
-11.55,5,170.962412,False
22.57,18,170.977726,True
-11.56,6,170.982656,False
21.41,9,170.991413,True
-11.77,2,170.992419,False
20.2,5,170.996946,True
20.2,5,171.001462,True
20.44,6,171.005467,True
-10.57,7,171.011743,False
-10.33,8,171.018265,False
-11.8,5,171.023261,False
20.2,5,171.028057,True
-10.58,8,171.034056,False
20.43,7,171.0409,True
-10.82,7,171.04746,False
21.43,7,171.053468,True
-11.56,6,171.058403,False
-10.59,9,171.066401,False
22.15,10,171.074401,True
20.41,9,171.081923,True
-10.57,7,171.087447,False
21.41,9,171.095195,True
21.16,9,171.103136,True
20.44,6,171.108376,True
-11.78,3,171.110902,False
20.2,5,171.114901,True
21.65,10,171.125103,True
20.67,8,171.13163,True
21.18,7,171.137629,True
20.43,7,171.143261,True
22.63,12,171.152787,True
-11.77,2,171.154787,False
-11.78,3,171.157196,False
-11.3,5,171.161216,False
22.4,10,171.170343,True
-11.31,6,171.174642,False
21.64,11,171.184319,True
-11.79,4,171.187839,False
22.16,9,171.195517,True
21.43,7,171.201516,True
-10.34,9,171.209365,False
20.43,7,171.214889,True
22.38,12,171.224638,True
-11.55,5,171.229215,False
22.62,13,171.240367,True
-11.31,6,171.246389,False
-10.35,10,171.254389,False
20.44,6,171.260389,True
21.43,7,171.265901,True
20.2,5,171.270901,True
20.43,7,171.27658,True
-10.57,7,171.283171,False
-11.78,3,171.285682,False
-11.79,4,171.288697,False
20.43,7,171.295204,True
22.41,9,171.30322,True
22.4,10,171.311543,True
20.44,6,171.317055,True
22.15,10,171.32605,True
-11.55,5,171.330052,False
-11.3,5,171.334489,False
22.6,15,171.34735,True
21.64,11,171.356689,True
20.43,7,171.362705,True
22.16,9,171.370223,True
-12.02,2,171.372223,False
20.2,5,171.375977,True
-11.53,3,171.37899,False
-11.78,3,171.380992,False
-11.81,6,171.386652,False
22.41,9,171.39404,True
-10.56,6,171.399559,False
-11.81,6,171.404559,False
20.94,6,171.410052,True
22.17,8,171.416057,True
-11.78,3,171.418713,False
22.37,13,171.429662,True
-11.78,3,171.432662,False
20.2,5,171.436662,True
20.42,8,171.443454,True
20.43,7,171.44898,True
-12.02,2,171.45098,False
21.19,6,171.455976,True
22.38,12,171.466279,True
22.16,9,171.474138,True
20.93,7,171.479659,True
21.42,8,171.486169,True
22.38,12,171.49642,True
-10.83,8,171.503455,False
20.43,7,171.509701,True
21.19,6,171.514223,True
-11.31,6,171.520224,False
-12.02,2,171.521746,False
20.44,6,171.527038,True
-11.34,9,171.533574,False
20.44,6,171.538575,True
-10.58,8,171.546322,False
-11.53,3,171.548323,False
21.42,8,171.942963,True
20.68,7,171.951468,True
21.42,8,171.960483,True
-10.58,8,171.967486,False
-11.56,6,171.974037,False
20.2,5,171.979037,True
22.64,11,171.989564,True
-12.02,2,171.990579,False
-12.02,2,171.993085,False
-11.56,6,171.998085,False
-11.31,6,172.005096,False
-11.55,5,172.009451,False
-11.57,7,172.015957,False
22.34,16,172.034347,True
-10.6,10,172.04535,False
22.34,15,172.059235,True
-10.56,6,172.065235,False
21.41,9,172.075376,True
-10.58,8,172.082453,False
21.42,8,172.091046,True
-11.53,3,172.094046,False
-11.34,9,172.103566,False
-11.77,2,172.105566,False
22.41,9,172.114235,True
-11.54,4,172.118634,False
-11.79,4,172.123634,False
-11.32,7,172.12979,False
22.41,9,172.139789,True
-11.32,7,172.145824,False
-11.8,5,172.151337,False
22.38,12,172.163281,True
-11.54,4,172.167281,False
-10.59,9,172.17513,False
-11.78,3,172.17913,False
21.66,9,172.186726,True
21.18,7,172.192831,True
-10.33,8,172.199831,False
-10.57,7,172.204853,False
20.94,6,172.211377,True
-10.58,8,172.218055,False
21.43,7,172.224144,True
20.94,6,172.229655,True
-10.55,5,172.233161,False
22.19,31,172.25924,True
-11.78,3,172.26224,False
20.44,6,172.266763,True
22.14,11,172.276715,True
-11.8,5,172.280715,False
-10.33,8,172.288227,False
20.2,5,172.292601,True
21.18,7,172.298269,True
20.44,6,172.304366,True
20.44,6,172.309952,True
20.43,7,172.314952,True
22.4,10,172.32348,True
-10.58,8,172.331008,False
-11.55,5,172.335006,False
20.2,5,172.339527,True
-10.33,8,172.346527,False
21.19,6,172.352039,True
22.63,12,172.362293,True
20.43,7,172.367408,True
22.16,9,172.376335,True
-11.56,6,172.380844,False
20.2,5,172.385843,True
22.36,14,172.398145,True
21.42,8,172.404669,True
20.44,6,172.409585,True
-10.33,8,172.416112,False
-10.59,9,172.424162,False
21.42,8,172.430866,True
20.44,6,172.436388,True
-10.32,7,172.441763,False
20.43,7,172.448291,True
-10.32,7,172.453793,False
-9.83,8,172.461094,False
-11.05,5,172.465618,False
-12.02,2,172.466618,False
21.43,7,172.472934,True
21.43,7,172.47848,True
22.16,9,172.486003,True
-12.02,2,172.488003,False
20.94,6,172.492757,True
22.38,11,172.501808,True
20.67,8,172.508563,True
-11.77,2,172.510562,False
-11.79,4,172.514089,False
21.18,7,172.519614,True
21.42,8,172.526346,True
20.2,5,172.530884,True
-11.54,4,172.533884,False
20.2,5,172.538406,True
-11.77,2,172.540635,False
-10.35,10,172.548671,False
-10.59,9,172.556231,False
21.39,11,172.566174,True
-11.56,6,172.570702,False
-11.79,4,172.57395,False
20.2,5,172.578446,True
-11.78,3,172.581453,False
-10.8,5,172.585457,False
-10.33,8,172.592732,False
21.42,8,172.599254,True
20.44,6,172.604259,True
-11.54,4,172.607519,False
20.2,5,172.612064,True
20.43,7,172.618064,True
-11.54,4,172.621589,False
-11.53,3,172.623826,False
20.43,7,172.629822,True
20.44,6,172.634345,True
20.68,7,172.640583,True
21.4,9,172.647597,True
21.4,10,172.656122,True
-11.78,3,172.658356,False
22.36,14,172.670796,True
21.18,7,172.677084,True
-11.56,6,172.682614,False
20.44,6,172.68725,True
-11.55,5,172.691548,False
-11.78,3,172.694069,False
-10.34,9,172.702069,False
20.19,6,172.706844,True
-10.35,10,172.715366,False
-10.58,8,172.721887,False
22.63,12,172.731787,True
21.43,7,172.738311,True
20.68,7,172.744518,True
-11.55,5,172.74804,False
-11.32,7,172.75404,False
-10.83,8,172.761111,False
-10.32,7,172.76663,False
-11.53,3,172.768635,False
20.2,5,172.773871,True
-11.78,3,172.776373,False
22.15,9,172.784387,True
-10.58,8,172.791152,False
-11.53,3,172.793677,False
22.65,10,172.802208,True
-11.32,7,172.807954,False
22.63,12,172.818007,True
-11.56,6,172.823021,False
21.4,10,172.831533,True
21.19,6,172.837072,True
20.68,7,172.842969,True
20.44,6,172.848654,True
22.6,15,173.24485,True
22.59,16,173.266371,True
-9.58,8,173.275333,False
-10.55,5,173.281837,False
21.42,8,173.290446,True
22.4,10,173.302615,True
-11.55,5,173.3083,False
21.42,8,173.840108,True
21.42,8,173.8468,True
-11.56,6,173.852721,False
-11.78,3,173.856575,False
20.2,5,173.861595,True
22.41,9,173.869126,True
-11.54,4,173.873126,False
22.34,16,173.886705,True
21.18,7,173.893169,True
21.42,8,173.900225,True
22.34,16,173.914734,True
22.4,10,173.923779,True
-10.59,9,173.931292,False
22.16,9,173.939181,True
-10.84,9,173.946201,False
21.18,7,173.952725,True
21.42,8,173.959498,True
-12.03,3,173.962514,False
-11.57,7,173.968513,False
22.41,9,173.975352,True
20.19,6,173.98087,True
22.38,12,173.991115,True
20.43,7,173.99713,True
-11.55,5,174.001652,False
-10.33,8,174.008417,False
-11.54,4,174.010416,False
21.17,8,174.017466,True
-11.53,3,174.020468,False
22.64,11,174.029757,True
22.34,16,174.042998,True
21.39,11,174.052482,True
20.44,6,174.058268,True
22.39,11,174.068793,True
-11.78,3,174.071782,False
20.19,6,174.077065,True
-10.34,9,174.084576,False
20.19,6,174.090286,True
-10.56,6,174.094795,False
-10.34,9,174.102336,False
-11.31,6,174.107934,False
-10.79,4,174.110934,False
20.68,7,174.117052,True
21.42,8,174.12381,True
20.2,5,174.128349,True
22.07,18,174.143112,True
20.43,7,174.149257,True
21.43,7,174.155256,True
22.33,17,174.169117,True
21.18,7,174.175477,True
22.32,18,174.190993,True
21.18,7,174.196986,True
22.11,14,174.208346,True
21.18,7,174.213871,True
22.61,13,174.225347,True
21.43,7,174.231784,True
21.18,7,174.238776,True
21.18,7,174.244165,True
-11.32,7,174.250165,False
-11.55,5,174.254692,False
22.36,13,174.265611,True
-10.8,5,174.270607,False
-11.78,3,174.273928,False
-11.57,7,174.279923,False
-10.56,6,174.285438,False
-11.78,3,174.287437,False
-10.63,13,174.298884,False
21.42,8,174.305732,True
22.34,15,174.318076,True
21.4,10,174.326835,True
-10.79,4,174.330829,False
20.44,6,174.335354,True
-10.61,10,174.34359,False
22.39,11,174.353115,True
-10.32,7,174.359802,False
22.36,14,174.371233,True
-10.33,8,174.377984,False
21.42,8,174.384907,True
-11.57,7,174.390828,False
20.19,6,174.395817,True
22.39,11,174.405333,True
20.44,6,174.411314,True
21.42,8,174.417314,True
21.43,7,174.423258,True
-10.79,4,174.427336,False
-11.32,7,174.433849,False
20.2,5,174.437849,True
21.17,8,174.445202,True
-11.33,8,174.451713,False
-11.79,4,174.456079,False
21.42,8,174.462643,True
19.95,5,174.466643,True
-10.58,7,174.473645,False
-11.78,3,174.476639,False
-11.78,3,174.479144,False
20.44,6,174.484151,True
20.2,5,174.488162,True
-10.59,9,174.495683,False
22.17,8,174.503196,True
-12.02,2,174.505213,False
22.32,18,174.520654,True
20.19,6,174.525563,True
22.46,28,174.548168,True
20.19,6,174.554674,True
21.18,7,174.561194,True
-11.58,8,174.567795,False
20.44,6,174.571794,True
20.2,5,174.576553,True
20.43,7,174.582557,True
21.41,9,174.590306,True
20.44,6,174.595827,True
20.44,6,174.600345,True
-11.33,8,174.607098,False
20.44,6,174.612095,True
21.43,7,174.618621,True
20.43,7,174.623869,True
-12.02,2,174.625385,False
-10.57,7,174.631389,False
-11.53,3,174.634389,False
-11.79,4,174.637911,False
-10.36,11,174.647626,False
20.44,6,174.653451,True
22.39,11,174.662462,True
20.19,6,175.04741,True
-11.77,2,175.049409,False
-10.34,9,175.059826,False
21.39,11,175.072838,True
22.41,9,175.086361,True
22.35,15,175.104408,True
-10.57,7,175.112501,False
21.43,7,175.120007,True
22.04,21,175.143031,True
-11.78,3,175.146031,False
-11.56,6,175.152564,False
-10.57,7,175.161107,False
21.18,7,175.169338,True
21.42,8,175.178385,True
-11.78,3,175.181385,False
20.42,8,175.188889,True
22.41,9,175.198937,True
-11.3,5,175.204708,False
22.4,10,175.216875,True
-11.55,5,175.222826,False
-11.77,2,175.225347,False
-11.57,7,175.232853,False
20.43,7,175.239864,True
20.68,7,175.247422,True
-11.32,7,175.253422,False
-11.31,6,175.26037,False
20.19,6,175.266376,True
20.44,6,175.2719,True
20.44,6,175.277955,True
22.37,13,175.290108,True
22.62,12,175.299653,True
20.67,8,175.30697,True
-10.56,6,175.311491,False
20.43,7,175.318491,True
21.66,9,175.325846,True
20.41,9,175.333382,True
21.18,7,175.33969,True
20.18,7,175.345712,True
-10.34,9,175.352903,False
-11.78,3,175.356205,False
20.41,9,175.363747,True
-12.02,2,175.365751,False
-10.34,9,175.373603,False
-11.77,2,175.374595,False
20.19,6,175.379596,True
-11.77,2,175.382123,False
22.65,10,175.389599,True
20.44,6,175.395136,True
20.19,6,175.400141,True
22.49,26,175.420815,True
22.31,19,175.437105,True
20.44,6,175.442522,True
22.61,14,175.453047,True
22.36,13,175.4655,True
-12.02,2,175.466505,False
20.44,6,175.471505,True
21.42,8,175.479625,True
-11.54,4,175.483625,False
-11.78,3,175.486137,False
20.43,7,175.492143,True
-10.61,10,175.501656,False
21.42,8,175.507683,True
20.43,7,175.513687,True
-10.32,7,175.519732,False
22.64,11,175.528604,True
-10.57,7,175.535246,False
-10.33,8,175.54201,False
20.68,7,175.547009,True
22.33,17,175.562304,True
20.44,6,175.567313,True
-12.02,2,175.568305,False
22.39,11,175.578069,True
-11.79,4,175.581102,False
20.2,5,175.585099,True
21.67,8,175.591862,True
-11.54,4,175.595861,False
-12.02,2,175.596861,False
22.38,12,175.607161,True
-10.79,4,175.61015,False
22.62,13,175.622186,True
20.43,7,175.627946,True
-11.78,3,175.630942,False
21.18,7,175.636455,True
-11.31,6,175.641739,False
-11.78,3,175.644267,False
21.42,8,175.651266,True
-11.59,9,175.659008,False
20.18,7,175.665542,True
22.34,16,175.67831,True
-11.54,4,175.681837,False
21.18,7,175.687377,True
-11.56,6,175.692625,False
20.42,8,175.699147,True
-10.59,9,175.707402,False
-10.57,7,175.713408,False
-11.55,5,175.71795,False
-11.78,3,175.719949,False
-11.32,7,175.726779,False
21.42,8,175.732779,True
-10.56,6,175.739292,False
-10.79,4,175.742559,False
-11.81,6,175.748083,False
-10.59,9,175.755083,False
-12.02,2,175.757326,False
-11.77,2,175.758343,False
-10.33,8,175.76534,False
21.42,8,175.772864,True
-10.57,7,175.778609,False
22.41,9,175.785623,True
-11.77,2,175.787613,False
-10.59,9,175.795367,False
22.63,12,175.805893,True
-10.59,9,175.812943,False
22.15,10,175.821466,True
-10.59,8,175.828229,False
-11.31,6,175.833342,False
20.44,6,175.838352,True
20.68,7,175.84485,True
-10.35,10,175.853853,False
-11.78,3,175.856301,False
20.44,6,175.861309,True
-11.32,7,175.867832,False
22.4,10,175.875666,True
21.42,8,175.882659,True
21.43,7,175.888186,True
-10.56,6,175.893494,False
-11.56,6,175.899021,False
-10.35,9,175.907267,False
20.19,6,175.912278,True
20.2,5,175.916784,True
21.42,8,175.92358,True
-11.32,7,175.930095,False
-11.77,2,175.931095,False
22.3,20,175.948385,True
20.67,8,175.954384,True
-11.33,8,175.962141,False
-11.55,5,175.96614,False
-11.32,7,175.971666,False
20.19,6,176.381334,True
-10.58,8,176.391301,False
20.19,6,176.397806,True
21.67,8,176.407809,True
20.44,6,176.414807,True
-11.56,6,176.420813,False
-10.34,9,176.430783,False
21.19,6,176.437432,True
-10.56,6,176.444839,False
-11.56,6,176.452343,False
-11.54,4,176.45775,False
-11.79,4,176.462276,False
20.67,8,176.4718,True
-11.54,4,176.476327,False
21.19,6,176.482836,True
22.41,9,176.493412,True
-10.57,7,176.500916,False
22.4,10,176.512955,True
21.65,10,176.524104,True
22.36,14,176.541307,True
21.42,8,176.55081,True
20.44,6,176.557314,True
22.12,13,176.572819,True
20.93,7,176.580331,True
22.11,14,176.592655,True
-10.59,9,176.601371,False
-10.82,7,176.606503,False
20.43,7,176.612636,True
21.19,6,176.61788,True
20.43,7,176.62419,True
21.18,7,176.629719,True
-10.34,9,176.637772,False
-10.35,10,176.645073,False
21.18,7,176.651601,True
-10.81,6,176.657002,False
-11.78,3,176.660018,False
-10.36,11,176.668548,False
-10.34,9,176.676946,False
20.44,6,176.68199,True
-11.79,4,176.685531,False
-10.6,9,176.69313,False
20.43,7,176.698644,True
-12.02,2,176.700659,False
20.2,5,176.704659,True
-9.82,7,176.711486,False
-11.06,6,176.715997,False
21.17,8,176.722542,True
-11.56,6,176.728802,False
-11.54,4,176.731834,False
-10.57,7,176.737851,False
21.66,9,176.745266,True
-10.57,7,176.751794,False
-11.78,3,176.753795,False
-11.78,3,176.757188,False
-10.59,9,176.76471,False
20.44,6,176.769712,True
21.16,8,176.776698,True
22.37,13,176.787227,True
-10.83,8,176.794148,False
22.38,11,176.804675,True
22.17,8,176.811037,True
20.42,8,176.818094,True
21.18,7,176.823683,True
20.68,7,176.829699,True
22.58,17,176.843126,True
21.42,8,176.850654,True
22.36,14,176.862465,True
22.18,32,176.888392,True
22.58,16,176.902583,True
21.43,7,176.908721,True
20.68,7,176.914719,True
20.19,6,176.919247,True
-11.78,3,176.922247,False
-11.79,4,176.925522,False
21.42,8,176.932047,True
-10.58,8,176.93943,False
-11.79,4,176.943454,False
-10.59,9,176.950978,False
22.41,9,176.957381,True
-10.57,7,176.963908,False
-10.58,8,176.971437,False
20.2,5,176.975833,True
-11.57,7,176.981359,False
20.19,6,176.986357,True
21.41,9,176.994276,True
21.15,10,177.003805,True
22.41,9,177.011199,True
-11.56,6,177.015726,False
20.19,6,177.021766,True
21.42,8,177.028322,True
21.19,6,177.033374,True
20.44,6,177.038373,True
-10.64,14,177.054517,False
20.68,7,177.061812,True
22.17,8,177.07035,True
20.19,6,177.077769,True
22.41,9,177.087304,True
-11.79,4,177.092303,False
-10.55,5,177.097829,False
-11.59,9,177.108374,False
-10.56,6,177.114373,False
20.44,6,177.122458,True
-11.31,6,177.128338,False
22.35,15,177.145741,True
22.4,10,177.158648,True
20.2,5,177.164649,True
21.16,9,177.175567,True
20.43,7,177.184103,True
-11.54,4,177.189418,False
22.36,14,177.206516,True
22.14,11,177.219619,True
21.41,9,177.228203,True
21.42,8,177.23475,True
20.43,7,177.241406,True
-11.77,2,177.243423,False
-12.02,2,177.244423,False
20.44,6,177.249423,True
20.42,8,177.257364,True
22.37,13,177.267886,True
-10.59,8,177.274298,False
20.43,7,177.280294,True
21.43,7,177.286814,True
-11.57,7,177.292225,False
21.15,10,177.301755,True
-11.56,6,177.306746,False
22.41,9,177.313743,True
22.31,19,177.330014,True
-10.82,7,177.336545,False
-11.32,7,177.341117,False
-10.79,4,177.345647,False
22.41,9,177.353172,True
21.67,8,177.741653,True
-10.36,10,177.752664,False
-10.33,8,177.760679,False
-10.35,10,177.771184,False
20.44,6,177.778149,True
-10.57,7,177.786654,False
-11.31,6,177.793159,False
22.36,14,177.809629,True
20.43,7,177.818135,True
21.16,9,177.826087,True
-11.77,2,177.828594,False
-11.3,5,177.835095,False
22.4,10,177.846651,True
21.66,9,177.857358,True
-10.35,10,177.867863,False
-11.78,3,177.870365,False
21.43,7,177.876849,True
20.44,6,177.882355,True
-10.81,6,177.888355,False
20.44,6,177.894923,True
-10.58,8,177.903428,False
-10.34,9,177.914348,False
-11.81,6,177.920348,False
21.42,8,177.928358,True
22.62,13,177.941686,True
-10.33,8,177.950216,False
-11.79,4,177.953729,False
22.41,9,177.96114,True
20.43,7,177.967651,True
21.43,7,177.974216,True
-12.02,2,177.975885,False
22.16,9,177.982888,True
21.42,8,177.990779,True
-12.03,3,177.993777,False
20.2,5,177.997302,True
21.41,9,178.005297,True
20.2,5,178.009592,True
-9.8,5,178.013592,False
20.43,7,178.020103,True
20.2,5,178.024026,True
-12.02,2,178.026016,False
20.2,5,178.030546,True
-11.33,8,178.037542,False
-11.78,3,178.039933,False
-10.56,6,178.045464,False
22.39,11,178.054976,True
-10.56,6,178.059494,False
-12.02,2,178.06149,False
22.65,10,178.069928,True
-11.81,6,178.075528,False
22.36,14,178.086981,True
20.19,6,178.092358,True
-11.56,6,178.097551,False
22.41,9,178.104551,True
-10.59,9,178.113422,False
22.65,10,178.120933,True
20.66,8,178.12921,True
-11.53,3,178.131215,False
20.68,7,178.137728,True
-11.79,4,178.141196,False
20.2,5,178.145195,True
22.1,14,178.157707,True
20.43,7,178.163218,True
-11.56,6,178.168218,False
-11.78,3,178.170729,False
20.43,7,178.177728,True
-10.6,10,178.186928,False
-11.56,6,178.192853,False
21.42,8,178.198853,True
-10.83,8,178.205961,False
-10.58,8,178.213489,False
20.67,8,178.219489,True
22.37,13,178.231628,True
-10.57,7,178.236971,False
-12.02,2,178.239436,False
22.39,11,178.248476,True
20.68,7,178.253988,True
-12.02,2,178.256424,False
22.63,12,178.265952,True
20.44,6,178.272027,True
-10.57,7,178.278417,False
-12.02,2,178.280328,False
-11.78,3,178.282328,False
22.17,8,178.290545,True
-12.03,3,178.292552,False
-11.34,8,178.300628,False
20.43,7,178.307022,True
-11.78,3,178.309019,False
21.42,8,178.316885,True
-11.31,6,178.321884,False
20.19,6,178.326051,True
21.17,8,178.33305,True
20.43,7,178.339448,True
-11.78,3,178.342463,False
-11.31,6,178.347976,False
20.44,6,178.352976,True
-10.58,8,178.359837,False
21.42,8,178.366837,True
22.39,11,178.375765,True
21.17,8,178.383279,True
-11.54,4,178.386279,False
20.44,6,178.392231,True
-11.54,4,178.395309,False
21.43,7,178.400899,True
-11.8,5,178.406322,False
-12.02,2,178.408339,False
20.2,5,178.411851,True
-10.79,4,178.415851,False
-11.32,7,178.421363,False
-10.58,8,178.428874,False
19.96,4,178.432393,True
21.43,7,178.437393,True
-11.77,2,178.439841,False
21.17,8,178.446364,True
-11.32,7,178.452388,False
22.39,11,178.462361,True
22.39,11,178.470355,True
-11.79,4,178.475321,False
22.06,19,178.49029,True
-10.32,7,178.496803,False
20.44,6,178.501802,True
21.42,8,178.508744,True
-11.54,4,178.511744,False
21.43,7,178.518256,True
-11.34,8,178.52527,False
22.38,12,178.535335,True
-11.54,4,178.538335,False
-11.81,6,178.543089,False
20.44,6,178.549599,True
19.96,4,178.553606,True
21.18,7,178.558726,True
22.13,12,178.569253,True
20.44,6,178.573811,True
-11.57,7,178.580329,False
-11.56,6,178.584208,False
21.42,8,178.592233,True
20.44,6,178.596733,True
22.34,16,178.610665,True
-11.78,3,178.613666,False
-11.59,9,178.621193,False
20.67,8,178.627633,True
20.43,7,178.633636,True
-12.03,3,178.636644,False
22.41,9,178.645008,True
20.2,5,178.648513,True
-10.84,9,178.656904,False
22.39,11,178.667429,True
-10.33,8,179.064995,False
-12.03,3,179.0695,False
21.41,9,179.077464,True
-10.59,9,179.087971,False
21.65,10,179.099129,True
20.67,8,179.106712,True
22.34,16,179.124251,True
-11.78,3,179.127757,False
21.19,6,179.134262,True
20.44,6,179.140796,True
22.61,13,179.155334,True
20.68,7,179.163357,True
20.43,7,179.17186,True
22.41,9,179.181518,True
20.2,5,179.188023,True
-10.59,9,179.19861,False
20.2,5,179.203112,True
-11.54,4,179.208115,False
22.15,10,179.219619,True
21.42,8,179.228768,True
20.44,6,179.236805,True
20.44,6,179.24317,True
-10.58,8,179.253179,False
21.65,10,179.263561,True
20.43,7,179.270083,True
-11.81,5,179.274475,False
21.43,7,179.281,True
20.44,6,179.286512,True
-10.56,6,179.292875,False
-11.8,5,179.297392,False
21.41,9,179.306542,True
20.2,5,179.31092,True
21.41,9,179.318969,True
20.18,7,179.325698,True
-12.02,2,179.327215,False
21.16,9,179.334739,True
-11.57,7,179.340774,False
-11.78,3,179.343773,False
20.44,6,179.348488,True
22.56,19,179.3649,True
22.41,9,179.372425,True
-11.54,4,179.37572,False
-10.34,9,179.38324,False
20.44,6,179.38824,True
20.2,5,179.394002,True
-10.59,9,179.401507,False
-10.33,8,179.408936,False
-11.78,3,179.410935,False
-11.8,5,179.415459,False
20.43,7,179.421458,True
21.19,6,179.426831,True
20.2,5,179.429865,True
21.42,8,179.437055,True
22.15,10,179.445894,True
22.41,9,179.452418,True
-11.55,5,179.458228,False
22.41,9,179.464746,True
-12.03,3,179.46776,False
20.44,6,179.472761,True
-10.57,7,179.478526,False
20.43,7,179.485527,True
20.68,7,179.491317,True
-10.81,6,179.49682,False
21.67,8,179.503497,True
22.41,9,179.51136,True
20.44,6,179.516354,True
21.65,10,179.52477,True
-11.54,4,179.528296,False
-12.02,2,179.529295,False
-10.81,6,179.536052,False
21.66,9,179.542917,True
20.44,6,179.54891,True
21.65,10,179.557736,True
20.44,6,179.562251,True
-11.54,4,179.566266,False
22.4,10,179.574011,True
20.44,6,179.579011,True
-10.34,9,179.586533,False
21.17,8,179.594391,True
-11.35,10,179.602387,False
-11.78,3,179.604913,False
20.2,5,179.61023,True
-11.8,5,179.614741,False
-10.59,9,179.622747,False
20.44,6,179.627624,True
-10.35,10,179.635662,False
-10.58,8,179.642859,False
20.43,7,179.648866,True
-11.32,7,179.653876,False
21.18,7,179.660143,True
-10.83,8,179.666666,False
21.16,9,179.674484,True
21.18,7,179.680157,True
-11.05,5,179.685193,False
22.15,10,179.693127,True
22.41,9,179.701127,True
20.44,6,179.706927,True
-10.58,8,179.713427,False
22.4,10,179.722749,True
-11.57,7,179.728312,False
20.43,7,179.734834,True
-10.36,11,179.743003,False
20.43,7,179.749528,True
-11.81,6,179.755039,False
22.41,9,179.76306,True
-11.31,6,179.76858,False
-11.77,2,179.76958,False
22.64,11,179.779351,True
22.16,9,179.786871,True
-11.78,3,179.788875,False
-11.32,7,179.795115,False
21.19,6,179.800637,True
20.19,6,179.805637,True
-11.57,7,179.812427,False
-11.31,6,179.816427,False
-11.82,7,179.823192,False
21.4,10,179.831712,True
21.18,7,179.837711,True
-9.85,10,179.84646,False
-11.31,6,179.851486,False
21.42,8,179.859422,True
21.17,8,179.866438,True
-10.59,9,179.874326,False
21.17,8,179.880843,True
21.42,8,179.887847,True
-10.34,9,179.895694,False
-11.81,6,179.899694,False
-11.56,6,179.905213,False
20.44,6,179.910452,True
-12.02,2,179.912976,False
-11.78,3,179.914975,False
-9.6,10,179.923734,False
20.67,8,179.930253,True
-11.77,2,179.932252,False
22.14,11,179.941017,True
22.4,10,179.950067,True
20.44,6,180.484403,True
21.18,7,180.490239,True
20.43,7,180.497259,True
22.4,10,180.506332,True
-10.56,6,180.512462,False
-11.53,3,180.515458,False
21.67,8,180.521981,True
20.44,6,180.912522,True
22.14,11,180.92348,True
21.67,8,180.931001,True
-11.8,5,180.935506,False
21.66,9,180.943584,True
21.41,9,180.953089,True
20.44,6,180.959045,True
-10.31,6,180.966558,False
22.32,18,180.987106,True
20.44,6,180.994167,True
22.37,13,181.009207,True
-12.02,2,181.011207,False
21.18,7,181.017711,True
-11.56,6,181.023617,False
-10.35,9,181.034638,False
-10.55,5,181.040069,False
-10.58,8,181.047588,False
21.65,10,181.05805,True
20.68,7,181.066559,True
20.2,5,181.071555,True
-11.55,5,181.076531,False
-11.55,5,181.08153,False
22.34,15,181.097992,True
22.65,10,181.109645,True
-11.58,8,181.117476,False
-10.81,6,181.123517,False
-11.78,3,181.126516,False
20.67,8,181.133563,True
20.2,5,181.138072,True
-10.6,9,181.146884,False
19.94,6,181.152408,True
20.44,6,181.158662,True
20.67,8,181.166357,True
-10.36,11,181.175569,False
-11.56,6,181.180165,False
21.18,7,181.186246,True
21.42,8,181.193446,True
-10.58,8,181.199446,False
20.2,5,181.203969,True
22.39,11,181.213886,True
20.43,7,181.219886,True
-11.78,3,181.222402,False
-11.56,6,181.227771,False
21.43,7,181.233834,True
-10.33,8,181.240212,False
20.44,6,181.245064,True
20.68,7,181.251064,True
-12.02,2,181.253064,False
20.92,8,181.259969,True
22.39,11,181.269488,True
-11.77,2,181.271488,False
-10.6,10,181.280435,False
-11.56,6,181.284944,False
21.18,7,181.291364,True
20.2,5,181.295364,True
21.18,7,181.300884,True
20.43,7,181.309181,True
22.16,9,181.31618,True
-11.54,4,181.319704,False
-11.3,5,181.324704,False
-11.8,5,181.329227,False
-11.54,4,181.332227,False
-10.82,7,181.339265,False
20.44,6,181.344269,True
-10.55,5,181.348783,False
-10.57,7,181.355695,False
22.14,11,181.365246,True
20.19,6,181.370761,True
21.42,8,181.37711,True
20.2,5,181.381632,True
22.62,13,181.392127,True
-10.32,7,181.398127,False
20.18,7,181.405952,True
20.2,5,181.409959,True
-11.33,8,181.417479,False
20.43,7,181.423367,True
21.18,7,181.42838,True
22.38,12,181.438491,True
22.13,12,181.449415,True
22.53,22,181.467292,True
20.44,6,181.472665,True
22.36,14,181.484197,True
-10.32,7,181.490099,False
21.4,10,181.498621,True
20.2,5,181.502621,True
-10.6,10,181.511015,False
-11.77,2,181.513015,False
21.42,8,181.519537,True
22.6,15,181.53243,True
22.4,10,181.540054,True
20.44,6,181.545078,True
21.66,9,181.552119,True
22.35,15,181.565026,True
21.18,7,181.570548,True
22.36,14,181.582634,True
20.67,8,181.588998,True
21.18,7,181.595534,True
22.38,12,181.605413,True
20.2,5,181.609431,True
-11.54,4,181.612951,False
-11.78,3,181.614951,False
-10.6,9,181.622826,False
-11.56,6,181.62784,False
22.51,24,181.647734,True
22.37,12,181.658444,True
20.44,6,181.663444,True
21.66,9,181.670964,True
20.44,6,181.676087,True
21.19,6,181.680086,True
-11.77,2,181.683087,False
-10.32,7,181.689098,False
-11.54,4,181.692142,False
-11.78,3,181.695142,False
-11.31,6,181.699661,False
22.39,11,181.709554,True
-10.32,7,181.715554,False
20.44,6,181.720076,True
21.42,8,181.727338,True
-10.56,6,181.731857,False
22.4,10,181.740208,True
-11.03,3,181.743208,False
21.67,8,181.749727,True
22.32,18,181.765164,True
-11.78,3,181.767164,False
22.17,8,181.774074,True
21.41,9,181.781596,True
-10.56,6,181.786596,False
-11.33,8,181.793438,False
21.18,7,181.799438,True
22.18,7,181.804966,True
20.2,5,181.810202,True
22.14,11,181.818724,True
21.42,8,181.825969,True
-11.8,5,182.236938,False
20.67,8,182.246593,True
22.38,12,182.258839,True
21.42,8,182.26735,True
-11.55,5,182.27395,False
20.44,6,182.281455,True
20.68,7,182.289377,True
-11.55,5,182.295395,False
20.43,7,182.301404,True
-10.33,8,182.310245,False
20.19,6,182.315402,True
20.44,6,182.321909,True
20.19,6,182.32879,True
20.44,6,182.335794,True
-10.33,8,182.345157,False
20.19,6,182.352337,True
20.2,5,182.358204,True
22.37,13,182.372982,True
21.17,8,182.380962,True
-10.79,4,182.384963,False
-11.79,4,182.389963,False
21.42,8,182.39947,True
22.33,17,182.418478,True
-11.32,7,182.426587,False
22.37,13,182.440774,True
20.44,6,182.446313,True
22.29,21,182.466219,True
21.43,7,182.472219,True
22.63,12,182.482986,True
-11.81,6,182.488508,False
21.42,8,182.496349,True
22.36,14,182.508134,True
19.94,6,182.513133,True
22.41,9,182.519716,True
22.39,11,182.529466,True
21.18,7,182.535466,True
22.4,10,182.54393,True
-11.78,3,182.545929,False
21.38,12,182.556322,True
-10.81,6,182.561866,False
22.41,9,182.569568,True
20.67,8,182.575819,True
20.17,8,182.582342,True
-11.77,2,182.584342,False
-11.55,5,182.589343,False
21.41,9,182.596573,True
-10.55,5,182.601096,False
21.43,7,182.607386,True
-11.81,6,182.611907,False
-11.57,7,182.617907,False
-11.56,6,182.623698,False
22.17,8,182.629686,True
-10.32,7,182.63621,False
19.95,5,182.640461,True
20.41,8,182.646518,True
-10.58,8,182.654018,False
-10.56,6,182.659899,False
20.43,7,182.664903,True
20.42,8,182.672429,True
-10.82,7,182.678219,False
-10.58,8,182.685746,False
21.42,8,182.692056,True
-11.56,6,182.697576,False
-10.6,10,182.70558,False
20.44,6,182.711348,True
-12.02,2,182.713345,False
-10.57,7,182.718871,False
-10.34,9,182.726119,False
22.4,10,182.734643,True
22.38,12,182.744412,True
21.42,8,182.751925,True
20.44,6,182.757201,True
-10.82,7,182.762705,False
20.43,7,182.768211,True
21.18,7,182.775079,True
-10.56,6,182.780078,False
-11.78,3,182.782739,False
-11.33,8,182.788742,False
19.95,5,182.793662,True
-11.56,6,182.798589,False
-10.56,6,182.804102,False
-11.78,3,182.807447,False
-11.54,4,182.810445,False
20.43,7,182.816111,True
-11.32,7,182.822641,False
-11.54,4,182.825895,False
-11.31,6,182.830895,False
-10.36,11,182.840003,False
21.4,10,182.84904,True
20.43,7,182.854566,True
20.2,5,182.858807,True
-10.35,10,182.86733,False
22.63,12,182.877934,True
-10.79,4,182.880933,False
20.44,6,182.886339,True
20.2,5,182.890615,True
-10.31,6,182.896138,False
20.43,7,182.903134,True
-11.78,3,182.906064,False
-11.77,2,182.908077,False
20.44,6,182.91308,True
20.44,6,182.918591,True
20.68,7,182.924593,True
-11.78,3,182.927097,False
22.41,9,182.935104,True
22.14,36,182.965438,True
-12.02,2,182.967439,False
21.42,8,182.974217,True
22.17,8,182.980743,True
21.43,7,182.986743,True
21.18,7,182.992491,True
22.36,14,183.005,True
20.44,6,183.010351,True
-11.78,3,183.01235,False
20.2,5,183.016935,True
22.39,11,183.026484,True
-12.03,3,183.029007,False
-11.58,8,183.035007,False
20.43,7,183.041791,True
20.44,6,183.046317,True
-11.78,3,183.048838,False
-10.55,5,183.053838,False
-10.81,6,183.058682,False
20.2,5,183.062681,True
20.2,5,183.067205,True
-11.54,4,183.070729,False
22.64,11,183.079489,True
21.17,8,183.08649,True
-11.54,4,183.089,False
-12.03,3,183.092224,False
-10.79,4,183.095224,False
-10.33,8,183.102746,False
22.12,12,183.112511,True
-10.59,9,183.120022,False
-12.02,2,183.121553,False
21.41,9,183.128796,True
-11.32,7,183.13532,False
-10.59,8,183.142625,False
20.19,6,183.147162,True
-11.55,4,183.151162,False
21.4,10,183.159458,True
-11.78,3,183.161975,False
22.15,10,183.546144,True
22.4,9,183.556104,True
-11.34,9,183.566627,False
-10.32,7,183.574551,False
-11.55,5,183.580056,False
-11.53,3,183.583056,False
20.18,7,183.5904,True
-10.79,4,183.595401,False
22.04,46,183.638615,True
-12.02,2,183.640155,False
-11.78,3,183.643662,False
-11.56,6,183.649168,False
20.43,7,183.656768,True
21.16,9,183.665274,True
-10.82,7,183.672865,False
-10.58,8,183.68088,False
22.17,8,183.690773,True
21.65,10,183.701279,True
22.4,10,183.710079,True
22.16,9,183.720583,True
22.39,11,183.732532,True
21.42,8,183.741414,True
20.44,6,183.747022,True
-11.54,4,183.750944,False
22.39,11,183.761015,True
22.63,11,183.771547,True
20.2,5,183.775923,True
-10.61,11,183.785446,False
21.41,9,183.793372,True
21.64,11,183.801884,True
20.2,5,183.80632,True
-12.02,2,183.808845,False
20.42,8,183.814851,True
-11.78,3,183.817852,False
20.19,6,183.82374,True
-11.54,4,183.826744,False
20.42,8,183.833194,True
-12.03,3,183.836193,False
-11.53,3,183.838194,False
-10.33,8,183.845001,False
-10.58,8,183.852051,False
20.2,5,183.857172,True
20.67,8,183.863171,True
22.39,11,183.873125,True
-10.35,10,183.881655,False
-11.56,6,183.887177,False
-11.57,7,183.893435,False
-11.31,6,183.898961,False
-10.56,6,183.90397,False
22.55,20,183.920239,True
22.16,9,183.928002,True
22.38,11,183.937511,True
22.65,10,183.945764,True
-11.57,7,183.951796,False
-10.58,8,183.958581,False
22.17,8,183.96658,True
-11.79,4,183.969127,False
-11.54,4,183.973508,False
20.44,6,183.979017,True
20.42,8,183.986029,True
21.66,9,183.994539,True
-11.79,4,183.998541,False
-11.78,3,184.001048,False
22.39,11,184.01057,True
21.43,7,184.016586,True
-10.79,4,184.019585,False
20.2,5,184.024462,True
20.43,7,184.030468,True
20.68,7,184.036555,True
-12.02,2,184.037556,False
21.42,8,184.045213,True
22.17,8,184.051733,True
-10.33,8,184.059055,False
20.19,6,184.063571,True
-11.78,3,184.066576,False
-11.29,4,184.069576,False
-11.57,7,184.076387,False
21.42,8,184.082387,True
21.19,6,184.087912,True
20.43,7,184.093139,True
-10.35,10,184.101661,False
22.61,14,184.113429,True
-10.57,7,184.119952,False
20.44,6,184.124185,True
21.42,8,184.131711,True
21.16,9,184.139478,True
21.42,8,184.145475,True
21.43,7,184.152096,True
22.35,15,184.163845,True
-12.03,3,184.167364,False
-10.57,7,184.172369,False
-11.57,7,184.178122,False
-10.59,9,184.186121,False
20.44,6,184.190876,True
20.19,6,184.196877,True
21.42,8,184.203398,True
21.18,7,184.209166,True
-10.79,4,184.212167,False
21.42,8,184.218676,True
-11.3,5,184.223929,False
-10.59,8,184.230634,False
-10.87,12,184.240891,False
20.44,6,184.245946,True
-11.78,3,184.24854,False
-11.55,5,184.253206,False
-11.54,4,184.256444,False
22.64,11,184.2657,True
22.39,11,184.275447,True
21.42,8,184.280958,True
-11.31,6,184.285972,False
20.43,7,184.292833,True
-10.56,6,184.297833,False
22.39,11,184.307836,True
21.66,9,184.315496,True
-11.78,3,184.317674,False
-10.79,4,184.322179,False
21.41,9,184.329486,True
20.44,6,184.335007,True
-10.81,6,184.340321,False
22.16,9,184.346841,True
21.43,7,184.353492,True
20.44,6,184.358815,True
-10.34,9,184.366323,False
-11.77,2,184.368329,False
-10.55,5,184.372327,False
22.39,11,184.382092,True
22.17,8,184.388617,True
21.42,8,184.395918,True
21.66,9,184.403439,True
22.41,9,184.411217,True
22.63,12,184.420742,True
21.16,9,184.428509,True
-11.53,3,184.431524,False
20.43,7,184.437052,True
-12.03,3,184.439075,False
-11.54,4,184.443331,False
22.41,9,184.450393,True
21.43,7,184.846432,True
-10.35,9,184.855623,False
-11.55,5,184.860675,False
-10.57,7,184.868778,False
22.37,13,184.883725,True
-10.57,7,184.891616,False
-11.55,5,184.898121,False
20.44,6,184.90512,True
-11.3,5,184.911695,False
22.07,18,184.929116,True
20.44,6,184.936119,True
-12.02,2,184.939119,False
-12.02,2,184.941718,False
21.65,10,184.950727,True
22.4,10,184.960423,True
21.15,10,184.972932,True
22.57,18,184.99143,True
21.18,7,184.999562,True
21.17,8,185.009664,True
-12.02,2,185.012166,False
-10.33,8,185.021168,False
-11.53,3,185.024263,False
20.19,6,185.031263,True
-11.54,4,185.036768,False
20.67,8,185.04728,True
20.18,7,185.054826,True
-10.57,7,185.060826,False
20.44,6,185.06635,True
-11.59,8,185.074685,False
-11.78,3,185.077695,False
20.44,6,185.083411,True
21.67,8,185.089814,True
-11.77,2,185.091836,False
-12.02,2,185.093836,False
22.39,11,185.10336,True
-10.55,5,185.107129,False
-10.58,8,185.114127,False
21.18,7,185.120652,True
-12.02,2,185.121652,False
-11.77,2,185.12393,False
-11.56,6,185.129451,False
-10.58,8,185.135455,False
20.43,7,185.142225,True
-12.02,2,185.144224,False
20.43,7,185.14975,True
20.2,5,185.154272,True
-10.79,4,185.158031,False
20.2,5,185.162036,True
-11.06,6,185.167681,False
21.18,7,185.173482,True
20.2,5,185.177989,True
20.2,5,185.181996,True
-11.31,6,185.186996,False
-11.8,5,185.191969,False
20.19,6,185.197965,True
22.39,10,185.20612,True
-11.77,2,185.208217,False
-11.55,5,185.212664,False
20.43,7,185.217664,True
21.41,9,185.226177,True
20.43,7,185.231714,True
21.42,8,185.238714,True
-10.56,6,185.24349,False
-10.59,9,185.251,False
-10.35,10,185.259866,False
20.2,5,185.263392,True
22.34,15,185.276628,True
-11.55,5,185.280628,False
21.16,9,185.288145,True
-11.78,3,185.291496,False
21.65,10,185.30001,True
20.2,5,185.304114,True
-11.31,6,185.309878,False
-11.78,3,185.312532,False
21.65,10,185.320249,True
21.16,9,185.329104,True
20.44,6,185.334104,True
-11.78,3,185.337005,False
20.44,6,185.342279,True
22.37,13,185.353332,True
-10.57,7,185.358613,False
-11.56,6,185.363612,False
21.42,8,185.370886,True
20.17,8,185.378005,True
21.42,8,185.38501,True
-11.56,6,185.389785,False
22.35,15,185.403299,True
22.17,8,185.410152,True
20.2,5,185.414152,True
-11.32,7,185.419669,False
21.18,7,185.425921,True
-12.03,3,185.427921,False
22.63,12,185.437958,True
-11.56,6,185.444232,False
22.38,12,185.453269,True
20.43,7,185.460194,True
20.43,7,185.465711,True
-11.78,3,185.46871,False
20.44,6,185.473975,True
-11.54,4,185.477301,False
21.42,8,185.484301,True
22.38,11,185.493057,True
-11.78,3,185.496583,False
-11.77,2,185.497583,False
21.19,6,185.502583,True
20.44,6,185.508328,True
-10.59,9,185.515846,False
21.66,9,185.523314,True
-10.35,10,185.53286,False
22.6,15,185.544889,True
20.19,6,185.550411,True
22.55,20,185.566557,True
20.4,10,185.576084,True
20.68,7,185.58161,True
22.17,8,185.58761,True
19.96,4,185.592136,True
21.42,8,185.598135,True
22.35,15,185.611418,True
20.44,6,185.617418,True
21.19,6,185.622725,True
-11.77,2,185.623745,False
20.44,6,185.629257,True
-11.55,5,185.63326,False
-10.33,8,185.640016,False
22.39,11,185.649538,True
22.41,9,185.656306,True
20.44,6,185.661831,True
-11.78,3,185.664485,False
-11.78,3,185.666485,False
22.15,10,185.676249,True
-10.59,9,185.683777,False
22.4,10,185.692076,True
21.42,8,185.699077,True
22.34,16,185.712368,True
20.44,6,185.717368,True
20.2,5,185.720892,True
20.44,6,185.72612,True
21.42,8,185.732641,True
-11.54,4,185.73664,False
21.17,8,185.743384,True
-11.54,4,185.746383,False
22.39,11,185.75619,True
22.34,16,185.769425,True
-11.55,5,185.774245,False
-10.33,8,186.149084,False
20.2,5,186.153589,True
-11.57,7,186.161004,False
-11.55,5,186.166005,False
-11.53,3,186.168536,False
-11.54,4,186.17251,False
21.41,9,186.181522,True
20.43,7,186.189554,True
20.67,8,186.198074,True
22.35,15,186.212158,True
20.44,6,186.219213,True
22.38,12,186.230778,True
21.43,7,186.238283,True
-11.32,7,186.246362,False
20.2,5,186.252362,True
-11.54,4,186.256917,False
20.44,6,186.264464,True
20.41,9,186.274523,True
22.4,10,186.284027,True
-10.8,5,186.289014,False
22.65,10,186.30053,True
-11.57,7,186.308071,False
20.19,6,186.314936,True
-11.55,5,186.319441,False
-11.56,6,186.324965,False
22.61,14,186.33847,True
22.12,13,186.351025,True
-10.56,6,186.356876,False
22.29,21,186.377229,True
-11.81,6,186.382762,False
21.43,7,186.390151,True
22.62,13,186.40318,True
-12.02,2,186.405624,False
21.66,9,186.414184,True
-10.58,8,186.422197,False
-10.58,8,186.429645,False
-10.79,4,186.433644,False
21.13,12,186.445169,True
21.78,22,186.463583,True
22.15,10,186.472205,True
21.19,6,186.477232,True
-10.56,6,186.482732,False
-11.56,6,186.487732,False
20.43,7,186.49451,True
-10.31,6,186.49951,False
-11.55,5,186.504036,False
20.42,8,186.511359,True
22.12,13,186.522266,True
20.2,5,186.527282,True
22.36,14,186.539219,True
-11.31,6,186.544746,False
-11.79,4,186.548253,False
-11.54,4,186.551265,False
-12.02,2,186.55377,False
-11.54,4,186.556913,False
22.1,15,186.569194,True
20.2,5,186.57481,True
22.09,16,186.587332,True
21.42,8,186.594801,True
20.43,7,186.600313,True
20.43,7,186.607422,True
-11.56,6,186.613423,False
-10.58,8,186.620937,False
-10.58,8,186.627462,False
20.68,7,186.633461,True
-11.56,6,186.637987,False
-11.55,5,186.641986,False
20.68,7,186.647496,True
20.2,5,186.65151,True
-10.61,11,186.661047,False
22.4,10,186.670217,True
20.44,6,186.675448,True
22.15,9,186.68296,True
21.43,7,186.689358,True
21.42,8,186.695896,True
-11.53,3,186.697896,False
20.43,7,186.704424,True
20.2,5,186.708665,True
-11.33,8,186.715186,False
22.65,10,186.723962,True
21.42,8,186.729961,True
20.44,6,186.735493,True
-11.8,5,186.739748,False
20.44,6,186.744273,True
-10.33,8,186.751785,False
20.68,7,186.757545,True
21.42,8,186.76378,True
-11.78,3,186.76678,False
22.38,12,186.777016,True
-11.77,2,186.779002,False
-11.32,7,186.784526,False
22.35,15,186.797323,True
20.18,7,186.802319,True
22.39,11,186.81309,True
-11.77,2,186.814596,False
22.59,16,186.827631,True
20.44,6,186.832633,True
22.37,13,186.843539,True
-11.56,6,186.849052,False
20.2,5,186.854052,True
-12.02,2,186.855948,False
-10.57,7,186.861716,False
22.35,14,186.873082,True
21.18,7,186.878629,True
20.2,5,186.883628,True
20.44,6,186.88856,True
21.19,6,186.893581,True
-10.55,5,186.89811,False
21.66,9,186.905527,True
-11.79,4,186.909071,False
-10.55,5,186.914071,False
-11.54,4,186.917071,False
-11.8,4,186.920598,False
20.44,6,187.466139,True
-11.77,2,187.467652,False
21.43,7,187.473944,True
-11.55,5,187.478442,False
-11.54,4,187.482441,False
21.41,9,187.491091,True
22.4,10,187.500271,True
-11.78,3,187.502363,False
-11.8,5,187.506828,False
20.67,8,187.514269,True
21.39,11,187.523791,True
-11.78,3,187.525793,False
-11.8,5,187.53079,False
20.44,6,187.535313,True
22.17,8,187.542982,True
21.43,7,187.548982,True
22.63,12,187.558918,True
22.62,13,187.569254,True
-12.02,2,187.571259,False
-11.57,7,187.57817,False
21.4,10,187.585453,True
20.44,6,187.590807,True
-12.02,2,187.593317,False
-11.78,3,187.595331,False
20.43,7,187.601331,True
20.44,6,187.606157,True
20.2,5,187.610153,True
-10.79,4,187.995611,False
-11.78,3,187.99961,False
-10.56,6,188.006585,False
-10.57,7,188.01509,False
21.18,7,188.023615,True
20.44,6,188.030605,True
-11.33,8,188.039114,False
20.4,10,188.056926,True
-11.54,4,188.061926,False
-11.55,5,188.067932,False
20.2,5,188.073199,True
-11.57,7,188.081707,False
22.64,11,188.093633,True
-11.8,5,188.100139,False
22.37,13,188.114181,True
-11.78,3,188.117687,False
-11.77,2,188.120687,False
22.63,12,188.133842,True
20.2,5,188.13992,True
22.39,11,188.152425,True
21.42,8,188.161521,True
-10.34,9,188.170116,False
21.42,8,188.177783,True
20.68,7,188.185295,True
22.65,10,188.196049,True
-11.78,3,188.199551,False
22.39,11,188.210124,True
21.66,9,188.217647,True
20.44,6,188.224169,True
-10.58,8,188.231932,False
20.43,7,188.237932,True
21.19,6,188.243446,True
20.2,5,188.248442,True
-10.55,5,188.251948,False
22.39,11,188.262362,True
-11.54,4,188.264973,False
20.44,6,188.269971,True
21.42,8,188.27746,True
21.19,6,188.281458,True
20.44,6,188.286983,True
-11.32,7,188.293732,False
21.43,7,188.300833,True
20.43,7,188.307451,True
22.41,9,188.315009,True
21.67,8,188.321505,True
-10.32,7,188.327785,False
-10.33,8,188.334307,False
21.42,8,188.341936,True
22.34,16,188.354456,True
21.67,8,188.361253,True
-11.54,4,188.364775,False
21.67,8,188.371892,True
20.67,8,188.378141,True
21.17,8,188.385665,True
21.41,9,188.39245,True
22.36,14,188.404986,True
22.41,9,188.412735,True
-10.34,9,188.419739,False
-10.34,9,188.427984,False
20.19,6,188.433483,True
22.34,15,188.446954,True
22.35,15,188.45891,True
22.4,10,188.466964,True
-11.78,3,188.469964,False
21.18,7,188.475779,True
-10.57,7,188.482313,False
20.44,6,188.48745,True
-10.82,7,188.493685,False
22.63,12,188.503214,True
-12.02,2,188.505213,False
21.42,8,188.511984,True
22.58,17,188.5265,True
-12.02,2,188.528012,False
-11.32,7,188.533025,False
20.68,7,188.538535,True
20.18,7,188.546103,True
-11.55,5,188.549623,False
22.16,9,188.557883,True
-11.54,4,188.561411,False
-10.31,6,188.565936,False
20.19,6,188.571458,True
22.41,9,188.579232,True
21.67,8,188.585756,True
21.66,9,188.59354,True
20.19,6,188.59854,True
21.18,7,188.605061,True
-11.79,4,188.60837,False
21.41,9,188.615892,True
-12.02,2,188.617893,False
20.2,5,188.621893,True
20.44,6,188.627135,True
20.44,6,188.632135,True
22.4,10,188.640931,True
-10.34,9,188.648436,False
22.15,10,188.657859,True
21.4,10,188.665887,True
21.18,7,188.671952,True
-11.78,3,188.674254,False
20.44,6,188.679253,True
-11.32,7,188.68578,False
-11.78,3,188.688662,False
20.67,8,188.694733,True
20.44,6,188.699733,True
21.18,7,188.705255,True
20.2,5,188.709486,True
-11.55,5,188.714008,False
21.42,8,188.721008,True
20.2,5,188.725781,True
-11.55,5,188.731775,False
20.44,6,188.737287,True
21.43,7,188.743269,True
22.5,25,188.764464,True
20.2,5,188.768985,True
20.43,7,188.774979,True
-10.55,5,188.779655,False
21.43,7,188.785241,True
-11.77,2,188.787335,False
-10.82,7,188.793562,False
22.16,9,188.801074,True
22.15,10,188.809518,True
21.42,8,188.815522,True
22.61,14,188.827537,True
-12.02,2,188.829202,False
21.42,8,188.835202,True
20.67,8,188.842169,True
-11.31,6,188.8481,False
-11.56,6,188.852623,False
-10.58,8,188.859391,False
-10.34,9,188.866908,False
21.39,11,188.876662,True
-11.32,7,188.883211,False
-11.53,3,188.885214,False
-10.85,10,188.894954,False
-11.78,3,188.896955,False
22.4,10,188.906752,True
-11.56,6,188.911259,False
-11.77,2,188.913275,False
20.2,5,188.91728,True
20.43,7,188.923035,True
20.44,6,188.92803,True
-11.78,3,188.93103,False
-10.57,7,189.304821,False
21.41,9,189.314329,True
20.2,5,189.319329,True
-11.77,2,189.320833,False
-11.78,3,189.323344,False
22.16,9,189.331848,True
21.16,9,189.340304,True
-10.56,6,189.346342,False
21.42,8,189.353847,True
21.42,8,189.361802,True
20.42,8,189.369303,True
-11.55,5,189.374268,False
-10.57,7,189.381268,False
22.41,9,189.38931,True
-11.3,5,189.393833,False
20.2,5,189.398833,True
20.2,5,189.403336,True
22.11,13,189.418275,True
-11.54,4,189.422912,False
20.68,7,189.430927,True
20.44,6,189.437431,True
22.38,12,189.452062,True
20.43,7,189.460404,True
-11.32,7,189.468909,False
-10.58,8,189.478586,False
-11.81,6,189.485586,False
21.41,9,189.496174,True
-12.02,2,189.497684,False
21.66,9,189.506101,True
21.43,7,189.512623,True
20.44,6,189.518623,True
21.18,7,189.524603,True
-11.78,3,189.527603,False
-11.54,4,189.532127,False
20.44,6,189.537127,True
-11.58,8,189.544377,False
21.18,7,189.549894,True
20.41,9,189.557679,True
-10.55,5,189.562287,False
-11.78,3,189.565287,False
20.43,7,189.570799,True
19.96,4,189.575088,True
22.39,11,189.583613,True
22.38,12,189.593894,True
22.37,13,189.604415,True
-11.78,3,189.607646,False
22.37,13,189.618231,True
20.2,5,189.623066,True
-11.77,2,189.625081,False
-12.02,2,189.627086,False
-10.57,7,189.633086,False
20.19,6,189.637609,True
20.41,9,189.64547,True
22.63,12,189.65619,True
22.41,9,189.66319,True
22.38,11,189.672559,True
-11.55,5,189.67655,False
21.42,8,189.683068,True
-11.78,3,189.686069,False
20.44,6,189.691406,True
21.42,8,189.698101,True
-11.54,4,189.701621,False
22.14,11,189.709987,True
-11.52,2,189.712513,False
-11.79,4,189.715512,False
-11.77,2,189.717509,False
21.18,7,189.724283,True
20.68,7,189.729282,True
-11.54,4,189.732789,False
-11.77,2,189.734797,False
-11.77,2,189.736797,False
20.44,6,189.741551,True
21.37,13,189.752624,True
22.39,10,189.760375,True
21.67,8,189.767894,True
20.44,6,189.772594,True
-11.54,4,189.777121,False
22.61,14,189.788646,True
20.44,6,189.793499,True
-11.54,4,189.797018,False
21.18,7,189.803023,True
22.37,13,189.814017,True
22.23,27,189.837059,True
-11.33,8,189.843574,False
22.39,11,189.853104,True
20.67,8,189.859869,True
20.44,6,189.864868,True
21.42,8,189.870911,True
-11.78,3,189.874161,False
20.2,5,189.878665,True
21.19,6,189.884193,True
21.43,7,189.890062,True
22.16,9,189.897053,True
-11.57,7,189.903165,False
22.37,13,189.914969,True
22.13,11,189.923723,True
20.68,7,189.928722,True
-11.78,3,189.932248,False
21.42,8,189.938247,True
20.43,7,189.945,True
19.96,4,189.948,True
-11.58,8,189.954524,False
20.66,9,189.962273,True
-11.78,3,189.965277,False
20.43,7,189.970788,True
-10.57,7,189.976564,False
-11.78,3,189.979808,False
-10.58,8,189.986307,False
-10.33,8,189.993106,False
21.42,8,190.00012,True
20.44,6,190.005893,True
-11.77,2,190.006888,False
20.2,5,190.010888,True
22.39,11,190.0204,True
-11.54,4,190.024169,False
-11.32,7,190.030183,False
-10.32,7,190.036708,False
20.44,6,190.041933,True
20.67,8,190.048458,True
22.16,9,190.056702,True
20.68,7,190.062697,True
-12.03,3,190.064697,False
-11.77,2,190.066216,False
20.68,7,190.071737,True
20.41,8,190.079482,True
22.62,13,190.089778,True
21.41,9,190.097286,True
22.59,16,190.111056,True
21.42,8,190.117567,True
20.2,5,190.121581,True
-12.03,3,190.12381,False
-10.83,8,190.130329,False
22.4,10,190.13973,True
21.43,7,190.145174,True
-11.78,3,190.147174,False
-10.33,8,190.154696,False
20.44,6,190.160517,True
22.41,9,190.167517,True
-11.54,4,190.170038,False
-10.34,9,190.178803,False
-10.55,5,190.183319,False
-11.54,4,190.186319,False
-11.78,3,190.189566,False
21.41,9,190.19662,True
22.41,9,190.204146,True
-9.84,9,190.616706,False
20.19,6,190.622762,True
-11.56,6,190.630267,False
-11.79,4,190.635267,False
-11.33,8,190.644251,False
-11.55,5,190.650777,False
20.68,7,190.657091,True
20.44,6,190.663597,True
-11.57,7,190.669597,False
22.15,10,190.680993,True
21.41,9,190.691362,True
20.43,7,190.699373,True
20.2,5,190.703878,True
-11.78,3,190.707322,False
21.19,6,190.712823,True
21.65,10,190.723705,True
-10.32,7,190.731704,False
20.68,7,190.739529,True
22.61,14,190.754944,True
-10.57,7,190.762954,False
22.34,16,190.780623,True
20.43,7,190.788669,True
-10.55,5,190.794686,False
20.19,6,190.802191,True
21.18,7,190.808263,True
-11.31,6,190.814264,False
-11.79,4,190.817939,False
22.41,9,190.82638,True
-10.32,7,190.833128,False
20.43,7,190.839035,True
-10.58,7,190.846055,False
20.2,5,190.850577,True
22.39,11,190.861509,True
-11.56,6,190.867509,False
-11.55,5,190.872034,False
22.08,17,190.887721,True
22.17,8,190.894252,True
-10.82,7,190.901293,False
-9.8,5,190.90531,False
-11.53,3,190.908571,False
-12.02,2,190.90957,False
-11.56,6,190.915096,False
-10.58,8,190.922073,False
20.68,7,190.928094,True
21.42,8,190.93461,True
21.4,10,190.943392,True
20.19,6,190.948392,True
-11.55,5,190.952902,False
22.29,21,190.969678,True
-11.79,4,190.973436,False
-11.56,6,190.977983,False
22.35,15,190.991772,True
-10.55,5,190.996292,False
22.31,19,191.012143,True
20.43,7,191.017666,True
21.42,8,191.024072,True
21.42,8,191.031598,True
-11.32,7,191.037125,False
20.43,7,191.043369,True
21.18,7,191.049841,True
22.6,14,191.061828,True
-11.77,2,191.063828,False
22.6,14,191.075289,True
20.44,6,191.079812,True
20.68,7,191.085816,True
21.42,8,191.092666,True
20.2,5,191.097666,True
-10.64,14,191.108977,False
20.19,6,191.114014,True
21.65,10,191.122536,True
20.44,6,191.127805,True
-10.57,7,191.133325,False
20.2,5,191.138329,True
-11.54,4,191.141563,False
-11.32,7,191.147089,False
22.41,9,191.154598,True
-10.61,11,191.163861,False
22.4,10,191.172377,True
22.41,9,191.18068,True
-11.31,6,191.185684,False
20.2,5,191.18921,True
-11.33,8,191.196488,False
20.2,5,191.200495,True
-11.78,3,191.203495,False
21.43,7,191.209302,True
-10.33,8,191.216813,False
20.44,6,191.221828,True
20.2,5,191.226067,True
-11.3,5,191.230145,False
21.41,9,191.237655,True
-11.32,7,191.242904,False
22.36,39,191.274948,True
-11.78,3,191.277471,False
21.42,8,191.28399,True
20.2,5,191.28799,True
21.43,7,191.294779,True
22.4,10,191.302804,True
-11.78,3,191.306177,False
20.44,6,191.310591,True
-11.54,4,191.31479,False
20.2,5,191.318898,True
20.44,6,191.324329,True
-11.78,3,191.326925,False
21.43,7,191.331999,True
20.43,7,191.338453,True
22.39,11,191.34722,True
20.44,6,191.353227,True
20.44,6,191.35799,True
-10.81,6,191.362994,False
-11.56,6,191.368761,False
19.95,5,191.373575,True
22.17,8,191.379619,True
21.19,6,191.385619,True
21.66,9,191.394041,True
22.32,18,191.408582,True
-10.57,7,191.415109,False
21.42,8,191.422639,True
22.14,10,191.43115,True
-11.31,6,191.436163,False
-9.56,6,191.442121,False
22.37,13,191.453328,True
22.4,10,191.462189,True
20.2,5,191.466199,True
21.64,11,191.475049,True
22.6,15,191.48954,True
22.13,12,191.499053,True
22.4,10,191.507597,True
-11.32,7,191.514098,False
-11.56,6,191.519617,False
-11.8,5,191.524239,False
21.4,10,191.532498,True
22.35,15,191.918626,True
-11.54,4,191.923131,False
21.42,8,191.93364,True
21.41,9,191.941642,True
-11.55,5,191.947148,False
20.43,7,191.953147,True
20.43,7,191.960092,True
20.43,7,191.966595,True
-11.78,3,191.969595,False
20.42,8,191.977526,True
22.38,12,191.989066,True
22.39,11,192.001612,True
20.2,5,192.005692,True
22.39,11,192.017217,True
22.41,9,192.024824,True
-11.32,7,192.03333,False
-11.57,7,192.041196,False
-11.54,4,192.045196,False
20.2,5,192.049702,True
19.96,4,192.053702,True
20.19,6,192.059639,True
22.35,15,192.073678,True
20.44,6,192.079678,True
-10.55,5,192.084154,False
-11.8,5,192.089556,False
22.55,20,192.108629,True
-11.78,3,192.113157,False
-10.57,7,192.120158,False
20.44,6,192.125063,True
-10.6,10,192.134585,False
20.67,8,192.140806,True
22.17,8,192.14833,True
-10.83,8,192.154862,False
-10.62,12,192.165627,False
22.37,13,192.176472,True
-10.33,8,192.182992,False
22.57,18,192.197922,True
20.2,5,192.202928,True
22.15,10,192.211188,True
22.29,21,192.228204,True
-11.56,6,192.233204,False
-10.33,8,192.240053,False
-11.55,5,192.244053,False
22.39,11,192.253575,True
21.42,8,192.259853,True
-10.33,8,192.265853,False
21.42,8,192.273595,True
-11.56,6,192.279115,False
20.19,6,192.283789,True
-11.31,6,192.289636,False
-11.32,7,192.295643,False
21.43,7,192.300696,True
20.44,6,192.305953,True
-11.53,3,192.308461,False
20.67,8,192.315474,True
21.42,8,192.321997,True
20.43,7,192.32824,True
-11.79,4,192.331762,False
-10.35,10,192.339995,False
22.39,11,192.349008,True
22.38,12,192.359898,True
20.2,5,192.363421,True
-11.54,4,192.367415,False
-11.31,6,192.373086,False
-10.57,7,192.379109,False
-11.77,2,192.380613,False
20.43,7,192.386813,True
-12.02,2,192.387812,False
22.16,9,192.395931,True
21.66,9,192.403452,True
22.17,8,192.409894,True
20.44,6,192.415108,True
-11.57,7,192.421113,False
20.19,6,192.426641,True
22.42,8,192.433637,True
-10.8,5,192.437149,False
20.2,5,192.4421,True
20.44,6,192.449278,True
20.44,6,192.454784,True
-10.33,8,192.461488,False
21.42,8,192.468013,True
-11.55,5,192.472013,False
-10.58,8,192.479532,False
20.68,7,192.485046,True
22.4,10,192.494565,True
22.36,14,192.507379,True
-10.8,5,192.511685,False
-11.54,4,192.514684,False
20.44,6,192.520207,True
22.12,13,192.531466,True
20.44,6,192.536466,True
-11.78,3,192.538857,False
22.49,26,192.560836,True
22.16,9,192.567835,True
20.19,6,192.574031,True
20.43,7,192.57903,True
22.64,11,192.589156,True
20.19,6,192.592691,True
21.15,9,192.601717,True
20.41,9,192.609081,True
21.41,9,192.617605,True
21.42,8,192.624612,True
-11.32,7,192.63061,False
22.39,11,192.639543,True
21.42,8,192.646089,True
21.43,7,192.652088,True
-11.55,5,192.657012,False
22.37,13,192.668055,True
-11.77,2,192.670055,False
-10.35,10,192.679016,False
20.19,6,192.684036,True
21.66,9,192.690576,True
20.19,6,192.696883,True
21.41,9,192.704415,True
-11.79,4,192.708026,False
20.43,7,192.714026,True
22.4,10,192.72305,True
20.43,7,192.729235,True
-12.02,2,192.731242,False
-11.78,3,192.733234,False
22.38,12,192.743389,True
-10.81,6,192.748902,False
20.66,9,192.757075,True
-10.57,7,192.763173,False
-10.59,9,192.770842,False
20.67,8,192.777947,True
-10.57,7,192.783485,False
22.4,10,192.791741,True
20.43,7,192.798256,True
20.68,7,192.804023,True
21.19,6,192.809281,True
-10.34,9,192.816804,False
21.64,11,192.825594,True
21.4,10,193.231123,True
-10.58,8,193.240739,False
21.42,8,193.249246,True
-10.6,9,193.259316,False
-12.06,6,193.26632,False
-10.59,9,193.276465,False
-11.77,2,193.279465,False
-11.8,5,193.285478,False
20.19,6,193.292581,True
22.62,13,193.307007,True
-10.58,7,193.315518,False
21.42,8,193.323424,True
-11.32,7,193.332423,False
20.68,7,193.34033,True
-11.55,5,193.345836,False
-10.33,8,193.355785,False
20.68,7,193.363785,True
21.42,8,193.372916,True
-11.56,6,193.379939,False
20.44,6,193.385984,True
22.39,11,193.395997,True
22.37,13,193.411211,True
21.18,7,193.419719,True
21.16,9,193.427614,True
22.13,12,193.439455,True
20.2,5,193.443958,True
-11.32,7,193.450015,False
-10.33,8,193.456283,False
-10.56,6,193.461804,False
20.2,5,193.465804,True
22.34,16,193.479196,True
21.41,9,193.486717,True
20.44,6,193.493963,True
-10.58,8,193.500981,False
21.17,8,193.507985,True
-10.59,8,193.514516,False
-11.56,6,193.519516,False
21.41,9,193.527613,True
-11.55,5,193.532139,False
-11.54,4,193.536138,False
20.2,5,193.539581,True
20.19,6,193.545094,True
-11.55,5,193.549635,False
-10.8,5,193.553155,False
-10.58,8,193.560611,False
22.17,8,193.567346,True
-11.57,7,193.573754,False
-11.77,2,193.574754,False
22.39,11,193.583272,True
21.18,7,193.590193,True
22.15,10,193.598714,True
-11.79,4,193.601715,False
22.17,8,193.6085,True
21.92,8,193.615546,True
22.41,9,193.622806,True
21.93,7,193.628332,True
21.42,8,193.635832,True
21.41,9,193.644146,True
21.42,8,193.651223,True
-10.58,8,193.658211,False
20.19,6,193.663211,True
21.18,7,193.669719,True
-10.32,7,193.675159,False
20.19,6,193.680687,True
22.17,8,193.687214,True
-10.34,9,193.695672,False
20.2,5,193.69974,True
-10.83,8,193.706512,False
21.43,7,193.712039,True
-10.81,6,193.717039,False
-11.78,3,193.719563,False
20.19,6,193.724931,True
21.42,8,193.731454,True
-12.02,2,193.733454,False
-11.56,6,193.738454,False
21.16,9,193.74627,True
-10.57,7,193.752285,False
21.93,7,193.758837,True
-11.53,3,193.761434,False
20.44,6,193.766511,True
-11.8,5,193.769508,False
21.42,8,193.777489,True
-10.57,7,193.783013,False
-10.32,7,193.788974,False
21.42,8,193.795519,True
-12.02,2,193.798029,False
21.19,6,193.802544,True
22.59,16,193.815452,True
22.41,9,193.824209,True
20.44,6,193.828208,True
20.43,7,193.834733,True
-12.02,2,193.836732,False
22.16,9,193.843952,True
22.37,13,193.854991,True
20.67,8,193.861229,True
-11.78,3,193.864735,False
-10.58,8,193.871738,False
22.15,10,193.880541,True
20.44,6,193.885541,True
22.59,16,193.898857,True
21.86,14,194.402633,True
21.19,6,194.408397,True
21.42,8,194.415562,True
-11.57,7,194.422451,False
-10.79,4,194.426492,False
-11.55,5,194.430891,False
-12.03,3,194.433877,False
21.41,9,194.441029,True
22.17,8,194.44867,True
-10.55,5,194.452674,False
20.2,5,194.456675,True
21.42,8,194.463188,True
22.61,14,194.475715,True
20.43,7,194.481233,True
20.43,7,194.487234,True
20.43,7,194.494037,True
-11.78,3,194.496037,False
-11.53,3,194.499037,False
22.4,10,194.508019,True
-10.61,11,194.516548,False
19.96,4,194.520069,True
21.16,9,194.528085,True
20.44,6,194.533607,True
20.44,6,194.538945,True
20.44,6,194.543491,True
20.2,5,194.548017,True
-11.54,4,194.551031,False
-11.53,3,194.55303,False
-10.56,6,194.559979,False
-10.33,8,194.566503,False
20.44,6,194.571504,True
20.44,6,194.57603,True
21.43,7,194.582029,True
20.68,7,194.587555,True
21.17,8,194.595079,True
-10.58,8,194.601601,False
-10.32,7,194.607514,False
21.43,7,194.614025,True
21.42,8,194.620571,True
20.44,6,194.624953,True
-11.78,3,194.628478,False
20.68,7,194.634478,True
-11.79,4,194.638005,False
-10.33,8,195.026887,False
20.2,5,195.031887,True
-10.57,7,195.039029,False
22.38,12,195.053552,True
20.44,6,195.060014,True
22.36,13,195.072884,True
-9.6,10,195.08539,False
-11.77,2,195.087394,False
22.38,12,195.099374,True
22.34,16,195.117882,True
21.39,11,195.13089,True
21.43,7,195.138307,True
-11.78,3,195.142827,False
21.65,10,195.153331,True
20.2,5,195.158625,True
-9.85,10,195.167731,False
22.62,13,195.180293,True
21.39,11,195.19385,True
-10.6,10,195.205908,False
22.41,9,195.216403,True
-11.53,3,195.218403,False
-11.78,3,195.221946,False
21.19,6,195.227994,True
22.41,9,195.236517,True
22.65,10,195.246003,True
-11.57,7,195.251998,False
21.67,8,195.258804,True
22.38,12,195.26933,True
22.15,10,195.277155,True
21.67,8,195.284159,True
21.41,9,195.292444,True
21.42,8,195.298958,True
21.66,9,195.306448,True
21.42,8,195.313479,True
-11.56,6,195.318492,False
-11.78,3,195.321022,False
-10.33,8,195.327715,False
-10.32,7,195.333389,False
-11.32,7,195.339851,False
-10.58,8,195.346958,False
20.43,7,195.354054,True
20.44,6,195.358371,True
21.42,8,195.365038,True
20.43,7,195.37156,True
-10.85,10,195.379822,False
20.44,6,195.385333,True
-10.59,9,195.393391,False
22.2,30,195.41925,True
20.2,5,195.423546,True
-10.33,8,195.430374,False
20.68,7,195.435892,True
21.66,9,195.444274,True
-12.02,2,195.44629,False
-10.86,11,195.456145,False
-12.03,3,195.458275,False
20.2,5,195.463197,True
-11.78,3,195.465703,False
20.2,5,195.46971,True
21.16,9,195.478056,True
20.19,6,195.484057,True
-11.55,5,195.488568,False
21.66,9,195.495752,True
21.18,7,195.501424,True
-11.54,4,195.505082,False
-11.58,8,195.511745,False
21.38,12,195.52227,True
22.34,16,195.53603,True
21.42,8,195.542761,True
20.19,6,195.548267,True
-11.57,7,195.553786,False
20.44,6,195.559796,True
-11.78,3,195.561891,False
20.19,6,195.566883,True
22.41,9,195.574842,True
20.42,8,195.581508,True
-11.57,7,195.587443,False
-11.78,3,195.589659,False
22.39,36,195.620475,True
-11.57,7,195.627341,False
22.41,9,195.634929,True
-10.57,7,195.640852,False
-11.54,4,195.644598,False
20.67,8,195.651596,True
20.43,7,195.657197,True
22.17,8,195.663707,True
20.44,6,195.668722,True
-10.81,6,195.674475,False
22.16,9,195.68248,True
20.44,6,195.687002,True
20.2,5,195.691229,True
20.44,6,195.695771,True
-11.78,3,195.698914,False
-11.79,4,195.702921,False
21.66,9,195.710335,True
20.44,6,195.715264,True
20.44,6,195.719788,True
22.4,10,195.72853,True
20.44,6,195.73353,True
21.18,7,195.739266,True
-11.79,4,195.743267,False
20.44,6,195.747787,True
20.2,5,195.752787,True
20.44,6,195.757528,True
19.95,5,195.761528,True
20.19,6,195.767038,True
-11.77,2,195.768053,False
22.24,26,195.790535,True
-10.33,8,195.797054,False
22.39,11,195.806782,True
22.16,9,195.814299,True
20.43,7,195.819347,True
20.44,6,195.825609,True
-11.79,4,195.82861,False
20.43,7,195.834133,True
20.44,6,195.839362,True
-11.58,8,195.846376,False
-10.33,8,195.852904,False
-11.79,4,195.856122,False
-12.02,2,195.858119,False
22.4,10,195.865641,True
21.19,6,195.871143,True
20.68,7,195.877414,True
22.14,11,195.885942,True
21.19,6,195.891684,True
20.19,6,195.896211,True
20.44,6,195.901723,True
22.15,10,195.910466,True
-11.78,3,195.913663,False
-11.56,6,195.918667,False
-10.32,7,195.925174,False
22.39,11,195.934704,True
-11.76,1,195.935703,False
-10.58,8,195.941953,False
22.61,14,196.325161,True
-11.54,4,196.330161,False
22.35,15,196.347685,True
21.41,9,196.358468,True
-11.78,3,196.361469,False
21.43,7,196.369975,True
-11.79,4,196.37379,False
-10.55,5,196.378789,False
22.65,10,196.38869,True
20.44,6,196.395712,True
20.2,5,196.401714,True
-11.79,4,196.406764,False
21.66,9,196.416776,True
-12.02,2,196.419776,False
-11.54,4,196.424342,False
20.2,5,196.429848,True
-12.02,2,196.433046,False
20.68,7,196.43907,True
-10.79,4,196.443084,False
22.41,9,196.453061,True
22.64,11,196.46618,True
22.63,12,196.479758,True
-11.55,5,196.485758,False
20.43,7,196.494217,True
21.42,8,196.502239,True
-10.35,10,196.513245,False
21.16,9,196.52313,True
-10.35,10,196.532418,False
22.16,9,196.541427,True
-11.79,4,196.545423,False
-11.55,5,196.550953,False
20.42,8,196.559409,True
21.16,9,196.5681,True
-12.03,3,196.5701,False
22.17,8,196.579031,True
20.2,5,196.58255,True
22.4,10,196.590856,True
20.2,5,196.595381,True
-11.32,7,196.601897,False
20.68,7,196.607602,True
21.18,7,196.61412,True
-11.78,3,196.617125,False
-11.55,5,196.621125,False
-10.33,8,196.627916,False
22.39,11,196.637519,True
20.44,6,196.643033,True
-11.78,3,196.645701,False
21.41,9,196.653626,True
20.43,7,196.659574,True
20.68,7,196.665572,True
-11.55,5,196.67016,False
22.65,10,196.678344,True
20.2,5,196.683266,True
-11.32,7,196.689894,False
22.16,9,196.698402,True
20.68,7,196.703941,True
22.33,17,196.718469,True
-11.78,3,196.720476,False
-10.79,4,196.724476,False
22.38,12,196.734988,True
20.43,7,196.741594,True
-11.79,4,196.744631,False
-11.35,10,196.753067,False
21.18,7,196.759608,True
20.44,6,196.766056,True
21.67,8,196.772877,True
-12.03,3,196.7749,False
21.41,9,196.783408,True
20.2,5,196.787407,True
20.68,7,196.793331,True
-10.79,4,196.797837,False
21.43,7,196.803356,True
21.43,7,196.809856,True
22.1,15,196.820827,True
21.41,9,196.829569,True
20.43,7,196.83508,True
-11.77,2,196.837081,False
20.44,6,196.842395,True
22.63,11,196.851921,True
20.2,5,196.85585,True
21.66,9,196.862849,True
22.36,14,196.875387,True
20.2,5,196.879401,True
21.42,8,196.885914,True
20.68,7,196.892466,True
20.2,5,196.896466,True
21.65,10,196.905394,True
22.31,19,196.920855,True
-11.79,4,196.925267,False
22.41,9,196.932786,True
-12.02,2,196.933785,False
-12.02,2,196.935786,False
21.42,8,196.943182,True
20.43,7,196.949183,True
22.38,12,196.958039,True
20.19,6,196.96356,True
-11.56,6,196.96856,False
-11.56,6,196.974487,False
22.14,11,196.983994,True
22.41,9,196.992122,True
21.17,8,196.998564,True
22.41,9,197.006454,True
-9.56,6,197.011949,False
21.42,8,197.018461,True
22.38,12,197.028539,True
-10.55,5,197.031539,False
22.41,9,197.040517,True
20.44,6,197.045028,True
20.18,7,197.051028,True
-11.58,8,197.058345,False
-11.78,3,197.06135,False
22.57,18,197.075886,True
20.43,7,197.081885,True
-10.6,10,197.090694,False
-11.78,3,197.093694,False
-11.57,7,197.099309,False
22.13,12,197.109134,True
20.19,6,197.11466,True
-10.33,8,197.121631,False
22.53,21,197.139147,True
21.41,9,197.146136,True
20.44,6,197.151658,True
-11.78,3,197.153658,False
20.67,8,197.160633,True
-10.57,7,197.167629,False
-10.57,7,197.173617,False
22.4,10,197.181143,True
-10.33,8,197.188583,False
22.15,10,197.197709,True
22.4,10,197.205244,True
21.43,7,197.212008,True
-11.56,6,197.217009,False
20.44,6,197.222565,True
22.41,9,197.23122,True
-11.31,6,197.236227,False
20.44,6,197.241816,True
20.43,7,197.247897,True
22.41,9,197.255425,True
20.44,6,197.643892,True
-12.02,2,197.646892,False
-12.02,2,197.648892,False
20.43,7,197.655345,True
-10.82,7,197.661867,False
-10.57,7,197.668866,False
-10.32,7,197.674804,False
-10.33,8,197.68331,False
-10.6,10,197.695363,False
20.44,6,197.701374,True
-10.79,4,197.704878,False
20.19,6,197.710332,True
22.15,10,197.722342,True
20.68,7,197.72983,True
20.44,6,197.736334,True
21.42,8,197.743382,True
21.18,7,197.751889,True
20.17,8,197.762175,True
-10.81,6,197.768701,False
20.42,8,197.777953,True
22.63,12,197.792458,True
20.43,7,197.798963,True
21.42,8,197.807395,True
22.62,13,197.822382,True
22.17,8,197.831886,True
20.44,6,197.838968,True
20.2,5,197.843991,True
-11.79,4,197.846992,False
21.43,7,197.852521,True
20.42,8,197.859994,True
20.44,6,197.865237,True
22.39,11,197.875106,True
20.2,5,197.878101,True
22.4,10,197.887701,True
-11.33,8,197.894068,False
20.19,6,197.899068,True
22.13,12,197.90992,True
-11.8,5,197.913441,False
20.44,6,197.919441,True
-11.31,6,197.924951,False
22.39,11,197.933619,True
21.41,9,197.941111,True
-11.78,3,197.943721,False
20.44,6,197.949716,True
20.18,7,197.955671,True
20.67,8,197.962691,True
22.35,15,197.975156,True
-10.34,9,197.983155,False
21.42,8,197.989222,True
20.44,6,197.994214,True
-11.57,7,198.001248,False
22.41,9,198.008925,True
22.39,11,198.018381,True
-10.79,4,198.021794,False
-11.82,7,198.027333,False
-10.55,5,198.032341,False
21.41,9,198.039284,True
-11.77,2,198.041284,False
-11.56,6,198.046283,False
21.41,9,198.0538,True
20.2,5,198.058228,True
21.18,7,198.064446,True
20.43,7,198.069969,True
-10.39,12,198.080796,False
22.59,16,198.094611,True
22.37,13,198.106178,True
20.44,6,198.110683,True
22.4,10,198.119202,True
20.2,5,198.124228,True
-11.34,9,198.131747,False
-10.57,7,198.137755,False
-11.78,3,198.14024,False
21.42,8,198.146765,True
-11.55,5,198.150765,False
20.2,5,198.154805,True
-10.59,9,198.162812,False
21.42,8,198.169324,True
21.43,7,198.175491,True
-11.78,3,198.17849,False
21.18,7,198.183999,True
22.17,8,198.191009,True
-11.55,5,198.195675,False
-10.79,4,198.199307,False
21.17,8,198.205771,True
-11.79,4,198.209886,False
-11.8,5,198.213887,False
22.51,24,198.233325,True
22.15,10,198.242375,True
22.12,13,198.253958,True
20.43,7,198.259595,True
20.2,5,198.264518,True
22.41,9,198.272561,True
22.64,11,198.283092,True
22.4,10,198.291562,True
-10.57,7,198.298324,False
21.41,9,198.306496,True
21.17,8,198.313359,True
21.41,9,198.32073,True
-12.03,3,198.324189,False
20.19,6,198.329615,True
21.18,7,198.335622,True
20.2,5,198.340685,True
-11.56,6,198.345686,False
-10.33,8,198.352204,False
20.43,7,198.358607,True
22.12,13,198.369118,True
-10.35,10,198.378935,False
22.61,13,198.389962,True
20.44,6,198.394474,True
21.42,8,198.401474,True
-11.79,4,198.404786,False
21.42,8,198.411145,True
20.44,6,198.417209,True
-12.02,2,198.419204,False
-10.55,5,198.423664,False
20.18,7,198.429188,True
22.4,10,198.438013,True
-10.79,4,198.441046,False
22.39,11,198.450964,True
-10.57,7,198.457483,False
21.42,8,198.463411,True
-11.31,6,198.469734,False
-11.56,6,198.4744,False
-10.56,6,198.479914,False
-11.77,2,198.481919,False
22.38,12,198.492342,True
-10.58,8,198.498785,False
22.41,9,198.505706,True
21.43,7,198.512233,True
20.19,6,198.516233,True
20.68,7,198.522679,True
-12.02,2,198.524694,False
-12.03,3,198.527204,False
22.63,12,198.537729,True
-10.56,6,198.543189,False
21.18,7,198.549627,True
22.4,10,198.558048,True
-11.77,2,198.559558,False
-10.55,5,198.563572,False
20.44,6,198.947836,True
21.43,7,198.95623,True
22.6,14,198.972279,True
-10.58,8,198.981802,False
20.44,6,198.989042,True
-10.63,13,199.003558,False
-10.6,10,199.012719,False
20.2,5,199.019222,True
20.44,6,199.026292,True
22.41,9,199.036799,True
-12.03,3,199.039737,False
-11.03,3,199.043741,False
21.17,8,199.053245,True
-11.32,7,199.061385,False
-10.34,9,199.069385,False
-11.54,4,199.073358,False
-10.35,10,199.084887,False
-10.56,6,199.09293,False
19.96,4,199.09693,True
-11.54,4,199.100936,False
20.43,7,199.108611,True
-10.34,9,199.119618,False
21.16,9,199.130208,True
22.41,9,199.140257,True
20.44,6,199.146771,True
21.65,10,199.156099,True
-11.31,6,199.162098,False
-10.34,9,199.170617,False
22.36,14,199.182402,True
22.38,12,199.19218,True
20.43,7,199.198704,True
21.18,7,199.203704,True
-10.58,8,199.210969,False
22.4,10,199.219493,True
22.4,10,199.227793,True
22.59,16,199.241204,True
-10.55,5,199.245204,False
22.38,12,199.25563,True
22.15,10,199.264151,True
-11.56,6,199.269152,False
22.35,14,199.280421,True
20.2,5,199.285418,True
22.41,9,199.292159,True
-10.33,8,199.299152,False
-10.57,7,199.305963,False
21.19,6,199.311007,True
22.58,16,199.323816,True
22.37,13,199.336339,True
21.66,9,199.344291,True
-10.34,9,199.351291,False
-11.56,6,199.356817,False
-11.54,4,199.359813,False
-11.32,7,199.366325,False
-10.34,9,199.373995,False
-11.53,3,199.377008,False
21.66,9,199.384513,True
20.43,7,199.390873,True
20.68,7,199.397063,True
22.4,10,199.406258,True
21.42,8,199.412268,True
-11.56,6,199.417791,False
-11.78,3,199.41979,False
21.66,9,199.427715,True
-11.31,6,199.432239,False
22.15,10,199.441184,True
-11.56,6,199.445183,False
21.4,10,199.454792,True
-10.57,7,199.460737,False
-10.62,12,199.471026,False
21.67,8,199.476574,True
-11.54,4,199.481255,False
21.42,8,199.488679,True
20.2,5,199.492987,True
22.38,12,199.503314,True
-10.33,8,199.509971,False
22.39,11,199.519971,True
21.17,8,199.526657,True
20.43,7,199.533168,True
20.44,6,199.538471,True
-11.31,6,199.543777,False
20.2,5,199.548702,True
21.65,10,199.556741,True
21.41,9,199.565253,True
-10.81,6,199.570331,False
-11.33,8,199.577776,False
-10.81,6,199.582294,False
-11.55,5,199.586299,False
-11.54,4,199.590676,False
22.13,12,199.602148,True
20.19,6,199.607776,True
22.41,9,199.614285,True
-11.78,3,199.617299,False
22.35,15,199.630143,True
22.38,12,199.6398,True
21.13,12,199.64991,True
22.63,12,199.660006,True
22.61,14,199.672098,True
-11.56,6,199.67764,False
20.2,5,199.681645,True
21.41,9,199.688659,True
21.18,7,199.695074,True
20.68,7,199.700604,True
-10.35,10,199.709249,False
22.63,12,199.719802,True
-12.02,2,199.722184,False
21.42,8,199.729243,True
-10.58,8,199.735256,False
22.36,14,199.748387,True
-12.03,3,199.750899,False
22.4,10,199.759392,True
21.66,9,199.766916,True
-10.33,8,199.774009,False
20.42,8,199.78151,True
-10.34,8,199.787516,False
20.43,7,199.794233,True
21.43,7,199.800226,True
20.67,8,199.806289,True
-11.77,2,199.808808,False
20.43,7,199.815315,True
20.44,6,199.819827,True
20.44,6,199.824946,True
-11.54,4,199.828944,False
21.42,8,199.835542,True
21.42,8,199.841909,True
21.42,8,199.849435,True
21.42,8,199.856183,True
-11.76,1,199.857173,False
22.37,13,199.868686,True
22.38,11,200.260187,True
-10.79,4,200.264693,False
21.43,7,200.270692,True
21.18,7,200.2783,True
22.64,11,200.2883,True
-10.58,8,200.296817,False
-11.31,6,200.302817,False
22.36,14,200.317198,True
-10.56,6,200.324853,False
-11.55,5,200.330852,False
-11.56,6,200.33771,False
20.44,6,200.345225,True
20.44,6,200.351228,True
21.4,9,200.362445,True
20.19,6,200.36795,True
-12.02,2,200.36995,False
22.32,18,200.391023,True
21.66,9,200.401529,True
20.2,5,200.406529,True
-11.31,6,200.414036,False
-11.31,6,200.420541,False
-11.8,5,200.427541,False
20.19,6,200.433047,True
-12.03,3,200.436047,False
20.44,6,200.442906,True
19.95,5,200.449408,True
-11.57,7,200.456153,False
21.19,6,200.461664,True
20.44,6,200.46754,True
21.43,7,200.474452,True
21.41,9,200.482974,True
21.17,8,200.489367,True
20.44,6,200.494891,True
-10.57,7,200.501402,False
-11.77,2,200.503416,False
-12.02,2,200.504765,False
-10.33,8,200.511824,False
20.19,6,200.517351,True
21.43,7,200.522451,True
21.41,9,200.530473,True
21.43,7,200.535993,True
20.68,7,200.54253,True
22.4,10,200.551046,True
22.59,15,200.562697,True
20.19,6,200.56921,True
22.36,14,200.581199,True
20.44,6,200.585704,True
-11.56,6,200.59218,False
-10.33,8,200.598703,False
-11.78,3,200.600703,False
-10.57,7,200.60722,False
20.42,8,200.613744,True
-10.6,10,200.62267,False
-11.77,2,200.624666,False
20.44,6,200.62919,True
-11.54,4,200.632714,False
20.43,7,200.639121,True
-11.78,3,200.642112,False
-11.53,3,200.645112,False
20.43,7,200.650635,True
-11.78,3,200.653631,False
22.36,14,200.665626,True
-11.32,7,200.671587,False
-11.78,3,200.674615,False
-11.31,6,200.679615,False
-11.78,3,200.68214,False
22.65,10,200.690148,True
22.38,12,200.701697,True
20.2,5,200.705894,True
-11.79,4,200.708916,False
-10.33,8,200.715937,False
20.19,6,200.719937,True
-11.31,6,200.726417,False
-11.54,4,200.729416,False
-12.02,2,200.730426,False
21.42,8,200.737952,True
-11.53,3,200.740497,False
20.43,7,200.74602,True
21.18,7,200.752019,True
22.17,8,200.759037,True
21.42,8,200.765546,True
21.42,8,200.773003,True
21.42,8,200.779514,True
-11.79,4,200.783515,False
-10.83,8,200.789783,False
-10.55,5,200.795208,False
-10.57,7,200.801214,False
-10.33,8,200.807825,False
22.4,10,200.815843,True
20.44,6,200.821479,True
20.44,6,200.826088,True
20.2,5,200.831184,True
-10.58,8,201.314352,False
-12.03,3,201.316856,False
22.37,13,201.329888,True
22.64,11,201.339072,True
20.2,5,201.343068,True
20.43,7,201.349594,True
21.42,8,201.356595,True
-11.55,5,201.361108,False
-10.57,7,201.367108,False
-11.77,2,201.36862,False
-10.33,8,201.376467,False
-10.59,9,201.384087,False
21.41,9,201.391561,True
21.42,8,201.398568,True
21.4,10,201.407334,True
20.2,5,201.411864,True
21.18,7,201.41739,True
20.19,6,201.423156,True
-11.56,6,201.427677,False
-10.55,5,201.432216,False
22.36,14,201.442988,True
20.66,9,201.452493,True
-10.58,8,201.459517,False
20.43,7,201.466029,True
21.18,7,201.472029,True
-10.54,4,201.475487,False
20.44,6,201.480684,True
22.41,9,201.488217,True
20.44,6,201.493216,True
20.43,7,201.49973,True
21.43,7,201.505892,True
21.41,9,201.513575,True
-12.03,3,201.51625,False
21.65,10,201.524769,True
-11.33,8,201.531249,False
21.67,8,201.5382,True
20.44,6,201.543231,True
21.42,8,201.549743,True
22.38,12,201.560325,True
-11.77,2,201.562325,False
20.19,6,201.567831,True
-11.77,2,201.568838,False
20.44,6,201.5743,True
-12.02,2,201.576299,False
-10.55,5,201.580811,False
-11.78,3,201.583811,False
21.42,8,201.590749,True
22.41,9,201.597744,True
22.41,9,201.605553,True
-10.58,8,201.612064,False
22.41,9,201.620099,True
21.67,8,201.626652,True
21.18,7,201.633174,True
21.18,7,201.639599,True
-11.59,9,201.647126,False
22.16,9,201.654647,True
-11.56,6,201.66011,False
-11.78,3,201.662629,False
20.43,7,202.062935,True
-11.77,2,202.064934,False
-10.31,6,202.071989,False
20.43,7,202.08001,True
-11.54,4,202.084515,False
21.41,9,202.093306,True
-11.78,3,202.096305,False
22.23,27,202.125504,True
-11.77,2,202.128504,False
22.65,10,202.139442,True
-11.78,3,202.143441,False
-12.02,2,202.145947,False
20.43,7,202.154452,True
20.44,6,202.160002,True
-11.78,3,202.163002,False
-11.77,2,202.164505,False
-10.79,4,202.168509,False
-11.78,3,202.171508,False
-11.56,6,202.177658,False
22.38,11,202.188163,True
-11.78,3,202.190614,False
-10.55,5,202.196117,False
21.41,9,202.204121,True
-11.32,7,202.210575,False
-10.35,10,202.222025,False
-11.57,7,202.230038,False
20.17,8,202.239527,True
-10.34,9,202.249033,False
-11.54,4,202.252035,False
-10.34,9,202.26103,False
-11.53,3,202.264032,False
20.18,7,202.27056,True
21.66,9,202.278834,True
-11.78,3,202.282505,False
-11.78,3,202.285434,False
22.39,11,202.295277,True
21.41,9,202.303801,True
-10.59,9,202.31186,False
21.43,7,202.318657,True
21.17,8,202.325172,True
-11.54,4,202.329172,False
-11.54,4,202.332795,False
-10.57,7,202.339035,False
21.41,9,202.346605,True
20.2,5,202.350604,True
-11.31,6,202.356539,False
-11.55,5,202.360539,False
-11.77,2,202.362539,False
-11.32,7,202.368065,False
-12.02,2,202.370064,False
-11.77,2,202.372458,False
20.2,5,202.375988,True
-11.54,4,202.379988,False
22.41,9,202.387516,True
20.44,6,202.392784,True
20.44,6,202.39831,True
20.19,6,202.40331,True
-11.31,6,202.408599,False
20.44,6,202.413598,True
-11.56,6,202.418645,False
22.4,10,202.427565,True
-11.78,3,202.430075,False
-11.57,7,202.436605,False
-11.79,4,202.440029,False
20.44,6,202.445026,True
20.44,6,202.449551,True
20.19,6,202.455497,True
-10.56,6,202.46002,False
-10.31,6,202.46502,False
22.65,10,202.473969,True
20.2,5,202.477968,True
22.17,8,202.485153,True
20.44,6,202.490579,True
-11.56,6,202.495578,False
20.68,7,202.504959,True
22.4,10,202.514515,True
20.43,7,202.520042,True
20.68,7,202.526772,True
21.62,13,202.537296,True
-11.54,4,202.541296,False
-11.55,5,202.545821,False
-10.58,8,202.552339,False
-10.34,8,202.559427,False
20.44,6,202.564952,True
-11.55,5,202.568609,False
-11.56,6,202.574016,False
21.43,7,202.580543,True
-10.79,4,202.583543,False
22.36,14,202.595974,True
20.2,5,202.59999,True
21.42,8,202.607403,True
-10.58,7,202.613402,False
-11.79,4,202.616916,False
21.91,9,202.624871,True
-10.58,8,202.6314,False
22.41,9,202.639245,True
22.65,10,202.647253,True
-10.58,8,202.655112,False
20.44,6,202.659659,True
20.2,5,202.664664,True
21.19,6,202.669663,True
21.43,7,202.675626,True
22.61,14,202.687128,True
22.17,8,202.694056,True
-11.56,6,202.699056,False
-11.55,5,202.703583,False
22.36,14,202.714973,True
-11.32,7,202.721885,False
20.2,5,202.725427,True
21.41,9,202.733955,True
-11.78,3,202.735955,False
22.11,13,202.747753,True
-11.77,2,202.749754,False
-11.56,6,202.754627,False
22.07,18,202.770178,True
20.19,6,202.774968,True
20.68,7,202.780974,True
20.19,6,202.785492,True
21.42,8,202.792762,True
21.19,6,202.79829,True
21.66,9,202.80529,True
-11.76,1,202.806569,False
-11.78,3,202.809585,False
20.19,6,202.814585,True
-10.58,8,202.821929,False
-11.53,3,202.823926,False
20.19,6,202.829458,True
22.42,8,202.834986,True
20.67,8,202.843125,True
20.68,7,202.848644,True
20.2,5,202.852648,True
-11.54,4,202.85604,False
19.94,6,202.861567,True
-11.81,6,202.866566,False
21.18,7,202.873492,True
-10.59,9,202.881013,False
-10.34,9,202.888013,False
-10.57,7,202.894827,False
20.68,7,202.900339,True
20.67,8,202.907747,True
20.41,9,202.915272,True
20.18,7,202.921655,True
22.4,10,202.930207,True
19.96,4,202.933735,True
-10.35,9,202.941125,False
20.43,7,202.94765,True
21.18,7,202.954176,True
21.64,10,202.961457,True
21.42,8,202.969985,True
21.18,7,202.975324,True
22.41,9,202.983832,True
22.4,10,203.374897,True
20.66,9,203.385402,True
20.44,6,203.392262,True
-10.57,7,203.400262,False
20.43,7,203.408118,True
22.41,9,203.417622,True
-11.78,3,203.421127,False
-11.54,4,203.425033,False
20.44,6,203.430033,True
-10.58,8,203.439055,False
-11.33,8,203.449067,False
21.41,9,203.459613,True
21.43,7,203.467124,True
20.44,6,203.473681,True
21.18,7,203.482185,True
21.43,7,203.490103,True
20.44,6,203.497607,True
20.43,7,203.504398,True
20.44,6,203.512203,True
-11.57,7,203.521103,False
21.42,8,203.53065,True
21.18,7,203.538606,True
21.19,6,203.545149,True
20.19,6,203.55267,True
-11.31,6,203.559201,False
20.44,6,203.567199,True
22.62,13,203.579905,True
21.18,7,203.586908,True
22.3,20,203.605953,True
22.39,11,203.614475,True
-10.56,6,203.619475,False
-10.33,8,203.627326,False
-12.03,3,203.629326,False
20.44,6,203.634373,True
-10.57,7,203.640917,False
20.2,5,203.644442,True
20.68,7,203.650441,True
-11.54,4,203.654485,False
22.16,9,203.662512,True
20.18,7,203.668776,True
20.43,7,203.675005,True
20.2,5,203.679004,True
20.68,7,203.684515,True
-10.82,7,203.690843,False
-11.56,6,203.696366,False
-10.57,7,203.702366,False
21.16,8,203.708973,True
22.39,11,203.718199,True
20.67,8,203.724952,True
-10.32,7,203.731478,False
20.2,5,203.735478,True
22.38,12,203.744768,True
21.66,9,203.752291,True
22.14,11,203.762244,True
22.41,9,203.769766,True
21.43,7,203.775139,True
22.41,9,203.782663,True
-11.55,5,203.786664,False
20.68,7,203.793075,True
-10.32,7,203.799593,False
-11.58,8,203.807056,False
-11.78,3,203.809054,False
22.36,14,203.822438,True
-11.56,6,203.828476,False
22.39,11,203.836519,True
20.44,6,203.84229,True
20.44,6,203.84729,True
20.19,6,203.852802,True
-10.83,8,203.859246,False
-11.56,6,203.864905,False
20.68,7,203.870906,True
20.4,10,203.878772,True
20.44,6,203.884296,True
20.19,6,203.889638,True
-11.54,4,203.893147,False
-11.77,2,203.894162,False
-11.78,3,203.897161,False
21.42,8,203.903671,True
21.43,7,203.909912,True
22.46,29,203.933223,True
22.4,10,203.94298,True
-9.82,7,203.948371,False
-10.56,6,203.954371,False
-10.58,8,203.960904,False
20.44,6,203.966411,True
-11.59,9,203.973868,False
-11.56,6,203.978393,False
-10.58,8,203.985393,False
22.41,9,203.993306,True
20.44,6,203.998683,True
-10.56,6,204.003689,False
20.43,7,204.009567,True
20.44,6,204.014568,True
22.14,11,204.023856,True
-10.07,7,204.03038,False
22.39,11,204.039389,True
-11.78,3,204.041647,False
22.64,11,204.051166,True
21.18,7,204.057648,True
20.2,5,204.061168,True
-10.59,9,204.069167,False
20.43,7,204.07498,True
21.42,8,204.081498,True
21.41,9,204.089816,True
20.67,8,204.096342,True
22.41,9,204.104223,True
-11.57,7,204.111249,False
22.65,10,204.118773,True
-11.57,7,204.125211,False
20.2,5,204.129209,True
-11.54,4,204.132209,False
-10.59,9,204.140735,False
-10.33,8,204.147784,False
-11.76,1,204.148783,False
20.44,6,204.153784,True
-12.02,2,204.155067,False
21.18,7,204.161081,True
-10.32,7,204.167608,False
21.39,11,204.176373,True
20.43,7,204.182377,True
-11.54,4,204.186878,False
22.16,9,204.194288,True
-10.56,6,204.199816,False
20.68,7,204.204815,True
20.44,6,204.210587,True
21.41,9,204.217377,True
21.42,8,204.224679,True
-10.55,5,204.229403,False
20.44,6,204.23441,True
20.2,5,204.238937,True
-10.81,6,204.243461,False
-10.6,10,204.251985,False
-10.36,11,204.261832,False
20.43,7,204.267832,True
-10.33,8,204.274678,False
20.68,7,204.280196,True
20.91,9,204.2882,True
-11.54,4,204.291058,False
-10.56,6,204.297053,False
20.44,6,204.301565,True
-10.35,10,204.691512,False
-10.84,9,204.702648,False
21.19,6,204.7102,True
21.42,8,204.719694,True
21.65,10,204.728657,True
20.43,7,204.737162,True
20.43,7,204.74479,True
-11.54,4,204.749781,False
22.6,15,204.767316,True
-11.56,6,204.7746,False
-11.57,7,204.783026,False
21.43,7,204.789591,True
-11.8,5,204.795095,False
19.96,4,204.800095,True
22.4,10,204.812116,True
22.16,9,204.822167,True
-10.33,8,204.831212,False
-9.56,6,204.83833,False
-11.32,7,204.846849,False
20.42,8,204.855343,True
-10.57,7,204.861862,False
20.41,9,204.870365,True
-10.32,7,204.878334,False
21.18,7,204.885344,True
22.42,8,204.893739,True
-11.77,2,204.895739,False
22.16,9,204.904253,True
-10.34,9,204.91206,False
22.4,10,204.921861,True
21.42,8,204.928627,True
21.19,6,204.934221,True
-9.84,9,204.942333,False
20.44,6,204.947002,True
20.2,5,204.952334,True
19.95,5,204.956706,True
22.17,8,204.963222,True
-11.03,3,204.966223,False
-10.37,12,204.976112,False
21.43,7,204.981107,True
22.35,15,204.994622,True
21.18,7,205.000617,True
-10.59,9,205.008556,False
-10.63,13,205.019086,False
20.68,7,205.026006,True
-11.56,6,205.03102,False
22.36,14,205.04309,True
-12.02,2,205.045086,False
20.19,6,205.049597,True
22.4,10,205.058718,True
-11.81,6,205.063716,False
-9.56,6,205.068242,False
20.19,6,205.073752,True
22.38,12,205.084257,True
-10.33,8,205.091328,False
20.2,5,205.095333,True
-11.32,7,205.100858,False
20.19,6,205.106183,True
21.42,8,205.113677,True
20.68,7,205.119202,True
20.43,7,205.124637,True
20.44,6,205.130685,True
-10.55,5,205.134686,False
-12.03,3,205.136686,False
21.66,9,205.145543,True
21.43,7,205.151599,True
-11.32,7,205.157989,False
21.66,9,205.165529,True
21.19,6,205.171037,True
20.2,5,205.175042,True
20.67,8,205.181559,True
-11.57,7,205.18857,False
20.43,7,205.194082,True
-11.55,5,205.198081,False
20.44,6,205.204063,True
-10.57,7,205.210144,False
-11.78,3,205.213143,False
21.18,7,205.218738,True
20.68,7,205.224599,True
20.43,7,205.230657,True
-10.58,8,205.236849,False
19.96,4,205.241255,True
-10.55,5,205.245297,False
22.14,11,205.254807,True
20.94,6,205.260198,True
-9.61,11,205.268705,False
20.44,6,205.274117,True
22.41,9,205.281638,True
-10.32,7,205.287533,False
19.96,4,205.291562,True
20.44,6,205.296557,True
-10.81,6,205.301069,False
20.67,8,205.308592,True
-11.56,6,205.313596,False
21.19,6,205.319131,True
20.44,6,205.323815,True
22.4,10,205.333117,True
21.43,7,205.339165,True
20.19,6,205.344192,True
22.35,15,205.357251,True
-11.57,7,205.362932,False
-10.81,6,205.368927,False
22.4,10,205.37694,True
22.37,13,205.387454,True
21.42,8,205.394566,True
-10.58,8,205.401136,False
21.41,9,205.409708,True
-11.79,4,205.412233,False
22.41,9,205.420233,True
-11.78,3,205.423154,False
22.15,10,205.430683,True
-11.32,7,205.437207,False
21.16,9,205.444008,True
22.17,8,205.451041,True
21.19,6,205.456109,True
20.19,6,205.461112,True
-11.31,6,205.466634,False
-10.34,9,205.474532,False
-11.33,8,205.480531,False
-10.56,6,205.486056,False
22.39,11,205.494963,True
21.41,9,205.502968,True
22.4,10,205.511287,True
20.2,5,205.515792,True
-11.33,8,205.521798,False
22.39,11,205.531859,True
20.2,5,205.536379,True
-11.35,10,205.544435,False
20.44,6,205.548959,True
-11.58,8,205.55551,False
22.39,11,205.565039,True
-11.32,7,205.571048,False
-11.55,5,205.575067,False
20.2,5,205.579604,True
-11.8,5,205.583603,False
22.39,11,205.59306,True
-11.32,7,205.599563,False
-11.54,4,205.602578,False
22.65,10,205.611358,True
-11.77,2,205.613365,False
21.43,7,206.003468,True
-11.79,4,206.007298,False
20.2,5,206.011301,True
21.42,8,206.020806,True
-11.78,3,206.024333,False
22.38,12,206.038374,True
20.68,7,206.045892,True
-12.03,3,206.049394,False
-11.31,6,206.056077,False
-11.33,8,206.064582,False
20.43,7,206.071584,True
20.95,5,206.076598,True
21.42,8,206.086102,True
21.42,8,206.095245,True
21.42,8,206.1043,True
-11.78,3,206.108312,False
21.42,8,206.117817,True
20.68,7,206.125483,True
-10.33,8,206.133489,False
20.44,6,206.139922,True
-10.58,8,206.14893,False
-11.32,7,206.157452,False
-11.57,7,206.165957,False
-10.57,7,206.174939,False
-10.79,4,206.178945,False
22.39,11,206.191829,True
20.67,8,206.199408,True
21.41,9,206.208092,True
-11.78,3,206.212091,False
22.63,12,206.222939,True
-10.55,5,206.227981,False
21.42,8,206.235118,True
-11.55,5,206.23963,False
-11.78,3,206.243153,False
20.68,7,206.248682,True
-10.55,5,206.253679,False
-10.58,8,206.260205,False
21.42,8,206.26742,True
-10.58,8,206.274558,False
-10.34,9,206.282081,False
20.17,8,206.28898,True
21.41,9,206.296994,True
22.4,10,206.305387,True
-10.6,10,206.314964,False
21.41,9,206.322518,True
22.38,12,206.332532,True
-11.79,4,206.336532,False
-11.54,4,206.340027,False
-10.59,9,206.347692,False
20.67,8,206.35437,True
22.4,10,206.36292,True
-11.29,4,206.36592,False
21.41,9,206.374506,True
20.44,6,206.379516,True
-10.56,6,206.384042,False
20.44,6,206.389429,True
21.41,9,206.396936,True
20.68,7,206.402936,True
20.43,7,206.408885,True
22.35,15,206.422059,True
-10.58,7,206.427577,False
-11.53,3,206.430577,False
-11.56,6,206.438048,False
22.59,16,206.452354,True
20.43,7,206.45804,True
-11.54,4,206.46204,False
21.42,8,206.469562,True
-11.34,8,206.476544,False
-11.78,3,206.478559,False
22.53,21,206.497437,True
-11.54,4,206.500961,False
22.62,12,206.5109,True
-11.54,4,206.5139,False
20.19,6,206.518949,True
21.16,9,206.526321,True
20.44,6,206.532104,True
-12.02,2,206.533116,False
22.58,17,206.547418,True
-11.56,6,206.552957,False
-11.32,7,206.559018,False
-10.56,6,206.564546,False
20.18,7,206.569543,True
-11.55,5,206.574735,False
-12.02,2,206.576736,False
-11.78,3,206.578738,False
22.38,12,206.588843,True
21.17,8,206.595385,True
21.18,7,206.601384,True
-10.57,7,206.607419,False
21.41,9,206.614928,True
-10.31,6,206.621507,False
22.17,8,206.629046,True
-11.32,7,206.636075,False
22.16,9,206.645057,True
-10.34,9,206.654367,False
-11.32,7,206.661271,False
20.19,6,206.666774,True
21.42,8,206.675236,True
-10.57,7,206.6813,False
21.42,8,206.688154,True
22.01,23,206.708222,True
-10.34,9,206.716443,False
-10.33,8,206.723795,False
20.18,7,206.730305,True
-11.8,5,206.734818,False
20.44,6,206.739684,True
20.67,8,206.746207,True
22.39,11,206.756219,True
-11.54,4,206.760228,False
-10.57,7,206.766228,False
22.65,10,206.774728,True
-12.02,2,206.776734,False
22.6,15,206.789773,True
20.44,6,206.794786,True
20.42,8,206.80231,True
22.4,10,206.810785,True
-10.58,8,206.81731,False
-11.77,2,206.819304,False
20.44,6,206.823979,True
22.38,12,206.834355,True
-10.79,4,206.837362,False
20.43,7,206.843443,True
22.64,11,206.852943,True
20.2,5,206.856913,True
21.42,8,206.864415,True
21.42,8,206.870822,True
20.44,6,206.876359,True
21.41,9,206.88387,True
20.2,5,206.887884,True
22.14,10,206.896041,True
20.67,8,206.903035,True
-11.54,4,206.907197,False
20.2,5,206.911204,True
22.41,9,206.91873,True
-11.81,6,206.924165,False
-12.02,2,206.925683,False
-10.58,8,206.932687,False
-11.79,4,206.93572,False
21.41,9,207.33173,True
-10.34,9,207.342451,False
-11.31,6,207.348956,False
-11.78,3,207.351956,False
-11.58,8,207.359935,False
20.67,8,207.368945,True
20.68,7,207.376991,True
20.68,7,207.384991,True
21.18,7,207.392943,True
-11.56,6,207.398448,False
20.68,7,207.405003,True
-10.57,7,207.41253,False
20.43,7,207.419039,True
22.64,11,207.431179,True
-11.54,4,207.435694,False
20.44,6,207.441877,True
-10.32,7,207.447877,False
-10.59,9,207.458226,False
21.65,10,207.470234,True
21.65,10,207.48133,True
20.43,7,207.488855,True
21.41,9,207.498382,True
20.2,5,207.504245,True
21.41,9,207.514767,True
-11.32,7,207.523818,False
-11.31,6,207.529827,False
22.11,13,207.542758,True
-11.53,3,207.546271,False
22.16,9,207.554719,True
-11.56,6,207.561257,False
-11.55,5,207.56629,False
-10.32,7,207.573303,False
22.5,25,207.59633,True
20.68,7,207.602855,True
-10.57,7,207.610293,False
20.19,6,207.615815,True
-11.53,3,207.618816,False
20.44,6,207.62413,True
20.68,7,207.63013,True
20.68,7,207.635654,True
-11.77,2,207.637545,False
-11.31,6,207.643095,False
21.42,8,207.649092,True
-11.79,4,207.652605,False
-11.55,5,207.657004,False
-11.54,4,207.661003,False
20.19,6,207.665528,True
-11.3,5,207.669528,False
-10.56,6,207.675297,False
20.44,6,207.680295,True
20.68,7,207.68582,True
20.44,6,207.691257,True
22.39,11,207.699779,True
-10.6,10,207.708066,False
22.34,16,207.723208,True
20.43,7,207.728728,True
22.36,13,207.739878,True
22.38,12,207.749937,True
20.2,5,207.754476,True
20.19,6,207.759022,True
-11.56,6,207.765021,False
22.39,11,207.774996,True
21.18,7,207.781531,True
22.61,14,207.792918,True
-11.78,3,207.795919,False
-11.3,5,207.800439,False
22.62,13,208.299468,True
22.64,11,208.310684,True
20.2,5,208.31421,True
22.4,10,208.324712,True
-10.38,11,208.334248,False
-11.77,2,208.336245,False
20.2,5,208.340292,True
20.67,8,208.347799,True
20.2,5,208.351799,True
22.41,9,208.359202,True
21.18,7,208.364742,True
-10.57,7,208.370743,False
20.2,5,208.376263,True
21.18,7,208.382268,True
-10.56,6,208.386793,False
21.43,7,208.392794,True
-11.78,3,208.395305,False
21.19,6,208.400318,True
22.39,11,208.409667,True
-11.3,5,208.414667,False
-10.59,9,208.422434,False
-11.3,5,208.42643,False
-11.53,3,208.428955,False
-11.03,3,208.430954,False
-11.32,7,208.437472,False
-10.36,11,208.447217,False
20.2,5,208.45074,True
22.62,13,208.462082,True
21.17,8,208.4686,True
-10.36,11,208.478375,False
22.15,10,208.486389,True
20.2,5,208.491359,True
22.4,10,208.499377,True
-11.54,4,208.502384,False
22.6,15,208.515463,True
22.39,11,208.524373,True
-10.79,4,208.528373,False
20.43,7,208.533898,True
21.41,9,208.54217,True
-10.33,8,208.549169,False
21.42,8,208.556348,True
21.16,9,208.563097,True
21.43,7,208.570095,True
21.65,10,208.577684,True
21.18,7,208.584185,True
22.65,10,208.592612,True
20.42,8,208.599138,True
20.93,7,208.604991,True
20.67,8,208.612015,True
21.43,7,208.618546,True
-10.56,6,208.623983,False
20.41,8,208.630498,True
-10.82,7,208.636498,False
-10.58,8,208.64357,False
-11.55,5,208.648569,False
20.43,7,208.654079,True
-11.77,2,208.656521,False
20.44,6,208.661512,True
-12.03,3,208.666037,False
-11.54,4,208.669026,False
20.17,8,208.675763,True
20.2,5,208.680762,True
-10.82,7,208.685892,False
-10.8,5,208.691197,False
-10.57,7,208.696713,False
-10.56,6,208.70172,False
-11.32,7,208.708117,False
21.42,8,208.713643,True
-11.55,5,208.718167,False
20.2,5,208.723755,True
-11.54,4,208.727278,False
-11.56,6,208.732278,False
20.92,8,208.739131,True
20.2,5,208.743121,True
-11.56,6,208.748696,False
-11.79,4,208.751696,False
-11.58,8,209.13833,False
-11.79,4,209.143347,False
21.43,7,209.151852,True
21.42,8,209.160462,True
21.42,8,209.168468,True
-11.54,4,209.172023,False
-11.55,5,209.177525,False
-10.32,7,209.186525,False
21.42,8,209.197006,True
-11.8,5,209.20101,False
20.44,6,209.207485,True
22.29,21,209.227423,True
-11.77,2,209.23043,False
20.19,6,209.237303,True
-10.35,10,209.248331,False
22.62,13,209.26228,True
-10.34,9,209.272849,False
-11.78,3,209.275849,False
-10.35,9,209.286354,False
20.44,6,209.293396,True
-10.32,7,209.301899,False
21.37,12,209.31658,True
22.65,10,209.326924,True
20.44,6,209.333714,True
-11.56,6,209.339155,False
20.19,6,209.344342,True
20.43,7,209.351887,True
-10.32,7,209.357708,False
-10.56,6,209.364225,False
20.19,6,209.36923,True
-11.31,6,209.37447,False
-11.56,6,209.37947,False
21.43,7,209.385981,True
20.19,6,209.390358,True
-10.79,4,209.395789,False
-11.56,6,209.400789,False
-10.58,8,209.408852,False
21.66,9,209.416602,True
-11.31,6,209.421601,False
-10.55,5,209.426194,False
-11.32,7,209.432274,False
20.44,6,209.436941,True
20.42,8,209.443864,True
-11.54,4,209.447377,False
-12.02,2,209.449377,False
22.15,10,209.458794,True
20.19,6,209.463794,True
22.64,11,209.472448,True
22.28,22,209.490804,True
21.43,7,209.495802,True
21.42,8,209.503326,True
22.39,11,209.512055,True
22.16,9,209.519563,True
-10.59,9,209.527312,False
21.41,9,209.53483,True
21.43,7,209.54106,True
20.43,7,209.547089,True
-10.34,9,209.554622,False
20.44,6,209.558967,True
-10.58,8,209.566155,False
-12.03,3,209.569153,False
-11.3,5,209.573401,False
20.44,6,209.578922,True
-11.55,5,209.582926,False
-11.77,2,209.58543,False
20.44,6,209.58983,True
20.44,6,209.59583,True
-11.8,5,209.599353,False
-11.53,3,209.602353,False
-11.53,3,209.604353,False
-11.76,1,209.60614,False
20.2,5,209.610153,True
21.42,8,209.616661,True
20.44,6,209.621936,True
20.44,6,209.627452,True
-10.56,6,209.632456,False
21.43,7,209.638707,True
22.61,13,209.649724,True
21.42,8,209.657051,True
22.41,9,209.663572,True
-10.33,8,209.670614,False
-10.55,5,209.674849,False
-10.57,7,209.680903,False
22.38,12,209.690728,True
22.14,11,209.699732,True
-11.57,7,209.705718,False
-10.61,11,209.715234,False
22.37,12,209.725225,True
20.19,6,209.730225,True
-10.59,9,209.737747,False
-10.32,7,209.744017,False
21.66,9,209.75255,True
20.43,7,209.757907,True
21.43,7,209.763955,True
22.63,12,209.773962,True
20.44,6,209.778967,True
22.4,10,209.787799,True
-10.59,9,209.795331,False
22.41,9,209.803331,True
-10.35,10,209.812056,False
20.43,7,209.817569,True
-11.56,6,209.822798,False
22.39,11,209.831996,True
-11.03,3,209.834995,False
21.43,7,209.840749,True
-12.03,3,209.843745,False
22.37,12,209.853761,True
21.14,11,209.863531,True
-10.33,8,209.870049,False
-10.55,5,209.87436,False
22.33,17,209.888305,True
22.41,9,209.896313,True
-11.8,5,209.900579,False
20.43,7,209.906873,True
20.19,6,209.911379,True
20.2,5,209.91538,True
20.67,8,209.924254,True
21.42,8,209.930771,True
-11.82,7,209.936771,False
21.66,9,209.944305,True
-11.78,3,209.947305,False
-11.78,3,209.949817,False
-10.79,4,209.953328,False
20.68,7,209.959584,True
-10.58,8,209.966644,False
20.68,7,209.972892,True
22.53,22,209.991765,True
21.43,7,209.997423,True
22.17,8,210.004088,True
20.68,7,210.010382,True
-10.35,10,210.019051,False
22.36,14,210.030875,True
-11.31,6,210.035405,False
-11.79,4,210.039623,False
20.2,5,210.04363,True
-11.33,8,210.049681,False
-11.56,6,210.055205,False
-10.55,5,210.059209,False
-11.54,4,210.461907,False
20.44,6,210.468951,True
22.41,9,210.478452,True
20.19,6,210.483955,True
-10.57,7,210.491964,False
21.42,8,210.499485,True
-10.57,7,210.507445,False
-11.79,4,210.512445,False
-11.32,7,210.51995,False
20.2,5,210.524509,True
22.4,10,210.534017,True
20.2,5,210.539922,True
21.18,7,210.548428,True
20.18,7,210.55535,True
-12.02,2,210.557854,False
22.15,10,210.56838,True
-10.58,8,210.57739,False
21.17,8,210.587118,True
21.41,9,210.59766,True
22.4,10,210.609364,True
20.19,6,210.616367,True
21.43,7,210.623357,True
22.39,11,210.635858,True
-10.81,6,210.642868,False
-11.54,4,210.646872,False
-10.58,8,210.654372,False
22.39,10,210.663494,True
20.44,6,210.669012,True
20.68,7,210.676588,True
21.66,9,210.684681,True
21.67,8,210.691622,True
21.19,6,210.697892,True
-11.31,6,210.703403,False
21.16,8,210.709721,True
-11.31,6,210.715241,False
-11.83,8,210.722627,False
-10.79,4,210.726156,False
21.42,8,210.733157,True
-12.02,2,210.734668,False
21.18,7,210.741162,True
20.68,7,210.746684,True
22.38,12,210.757724,True
-11.79,4,210.760724,False
-10.6,10,210.769655,False
20.2,5,210.774105,True
-11.3,5,210.778632,False
22.41,9,210.785639,True
20.43,7,210.792494,True
-10.32,7,210.799019,False
20.44,6,210.804018,True
-11.56,6,210.808972,False
21.17,8,210.81598,True
20.44,6,210.820886,True
21.43,7,210.826907,True
22.4,10,210.835431,True
21.42,8,210.84242,True
-10.81,6,210.84842,False
20.44,6,210.853447,True
21.14,11,210.862441,True
-10.58,8,210.869441,False
-11.56,6,210.875388,False
22.39,11,210.884137,True
21.43,7,210.89044,True
-11.78,3,210.893954,False
-10.35,10,210.902461,False
21.43,7,210.90991,True
20.44,6,210.914439,True
-11.8,5,210.91944,False
-11.77,2,210.921435,False
21.19,6,210.926337,True
22.17,8,210.932336,True
-12.02,2,210.934861,False
22.34,15,210.94773,True
20.44,6,210.952235,True
22.15,10,210.961428,True
20.68,7,210.966761,True
20.2,5,210.971098,True
22.3,20,210.989595,True
22.64,11,210.999101,True
22.36,14,211.010533,True
-11.59,9,211.019283,False
21.64,11,211.027714,True
22.4,9,211.035728,True
21.18,7,211.042722,True
-11.33,8,211.049246,False
-10.61,11,211.059016,False
22.39,11,211.068538,True
22.36,14,211.079824,True
20.44,6,211.084831,True
-11.77,2,211.086831,False
-10.58,8,211.093935,False
-11.31,6,211.098863,False
21.18,7,211.104389,True
20.44,6,211.109628,True
22.36,14,211.121149,True
-11.78,3,211.124391,False
21.42,8,211.130386,True
22.17,8,211.136909,True
20.42,8,211.144646,True
-11.78,3,211.146658,False
-11.56,5,211.150651,False
-11.79,4,211.154175,False
21.4,10,211.162959,True
20.67,8,211.169,True
21.18,7,211.175373,True
20.43,7,211.180895,True
-10.34,9,211.189302,False
20.44,6,211.194291,True
-11.32,7,211.199814,False
-10.84,9,211.207048,False
21.66,9,211.215562,True
-10.35,10,211.223335,False
-10.33,8,211.229913,False
22.37,13,211.241292,True
22.39,11,211.250797,True
21.39,10,211.258669,True
21.41,9,211.266191,True
22.38,12,211.276444,True
-10.35,10,211.284491,False
21.67,8,211.291727,True
-11.53,3,211.294249,False
21.18,7,211.299249,True
-11.55,5,211.303772,False
20.44,6,211.309411,True
22.64,11,211.318932,True
20.43,7,211.324841,True
20.68,7,211.330833,True
20.43,7,211.336366,True
21.42,8,211.343622,True
20.67,8,211.350136,True
22.38,12,211.360441,True
-11.57,7,211.365946,False
22.41,9,211.373764,True
20.44,6,211.379289,True
-11.32,7,211.752517,False
20.44,6,211.758412,True
20.2,5,211.762913,True
20.19,6,211.768918,True
22.39,11,211.782377,True
19.96,4,211.786528,True
20.68,7,211.793716,True
-11.78,3,211.796727,False
22.58,17,211.811694,True
22.17,8,211.821204,True
22.17,8,211.829142,True
22.37,13,211.84422,True
20.2,5,211.850641,True
20.2,5,211.855189,True
21.67,8,211.863222,True
20.43,7,211.87173,True
21.18,7,211.879234,True
20.43,7,211.886233,True
22.38,12,211.896348,True
-11.31,6,211.902852,False
21.18,7,211.910053,True
21.42,8,211.917052,True
21.43,7,211.925055,True
20.44,6,211.931573,True
-11.33,7,211.93946,False
-11.78,3,211.942463,False
22.39,10,211.952976,True
20.44,6,211.958779,True
20.43,7,211.965304,True
21.42,8,211.973218,True
20.68,7,211.979745,True
20.43,7,211.985269,True
22.17,8,211.992186,True
20.44,6,211.997193,True
-11.78,3,212.000211,False
22.28,22,212.019485,True
22.39,11,212.027934,True
22.4,10,212.036442,True
20.44,6,212.041905,True
22.17,8,212.049436,True
22.41,9,212.056576,True
20.2,5,212.061587,True
20.44,6,212.066099,True
21.42,8,212.073488,True
21.17,8,212.080076,True
20.19,6,212.085669,True
21.17,8,212.092667,True
-11.78,3,212.095671,False
22.39,11,212.103764,True
20.43,7,212.110523,True
21.17,8,212.117028,True
-11.31,6,212.122674,False
22.39,11,212.131127,True
-10.56,6,212.136127,False
-12.03,3,212.139073,False
20.44,6,212.144063,True
20.44,6,212.148583,True
22.16,9,212.157085,True
21.18,7,212.162977,True
-10.31,6,212.167977,False
-10.57,7,212.173726,False
-10.55,5,212.177726,False
-10.58,8,212.184251,False
-12.02,2,212.186252,False
22.38,12,212.197007,True
-11.82,7,212.203431,False
-11.8,4,212.207919,False
21.42,8,212.214452,True
-11.3,5,212.218452,False
20.44,6,212.223589,True
-11.78,3,212.226099,False
20.2,5,212.230113,True
-12.02,2,212.232113,False
20.2,5,212.236305,True
22.63,12,212.245295,True
-11.78,3,212.248297,False
21.19,6,212.253295,True
-11.55,5,212.257834,False
-10.82,7,212.264359,False
22.35,15,212.276327,True
21.43,7,212.282893,True
-10.34,9,212.289872,False
-10.33,8,212.297392,False
20.44,6,212.302392,True
21.41,9,212.310125,True
21.42,8,212.317222,True
22.15,10,212.325597,True
21.43,7,212.331822,True
20.44,6,212.336823,True
20.44,6,212.341711,True
20.67,8,212.348963,True
-10.82,7,212.354405,False
21.19,6,212.360112,True
-10.59,9,212.367618,False
20.44,6,212.372159,True
22.6,15,212.385286,True
22.41,9,212.392817,True
22.17,8,212.399336,True
22.34,16,212.412229,True
20.44,6,212.417236,True
-11.59,9,212.42507,False
20.93,7,212.431593,True
22.41,9,212.439137,True
-11.31,6,212.44465,False
22.37,13,212.454608,True
21.42,8,212.461843,True
-11.78,3,212.464842,False
-11.81,6,212.470417,False
21.4,10,212.478302,True
20.68,7,212.484824,True
-11.31,6,212.490075,False
22.41,9,212.496598,True
-10.33,8,212.503612,False
-11.79,4,212.507075,False
20.44,6,212.512074,True
20.44,6,212.517117,True
-11.32,7,212.523888,False
22.41,9,212.530916,True
20.44,6,212.536437,True
21.93,7,212.541679,True
-11.32,7,212.548204,False
20.44,6,212.553204,True
20.19,6,212.558127,True
20.68,7,212.563652,True
-10.33,8,212.57123,False
22.38,12,212.582162,True
21.18,7,212.588179,True
21.42,8,212.595218,True
22.37,13,212.605745,True
-9.82,7,212.613102,False
-11.54,4,212.616102,False
-10.59,9,212.62363,False
-11.32,7,212.629152,False
21.43,7,212.635152,True
20.44,6,212.640663,True
21.43,7,212.64667,True
21.42,8,212.653196,True
20.44,6,212.658602,True
-12.02,2,212.660115,False
-11.78,3,212.663129,False
21.66,9,213.056299,True
-12.03,3,213.060302,False
-11.31,6,213.066848,False
22.61,14,213.081827,True
-11.54,4,213.085827,False
22.6,13,213.098868,True
20.44,6,213.106416,True
22.41,9,213.11597,True
22.17,8,213.124161,True
-10.59,9,213.135666,False
22.62,13,213.149171,True
-11.57,7,213.158676,False
20.2,5,213.164685,True
-10.33,8,213.174304,False
22.41,9,213.187809,True
-11.78,3,213.191286,False
-11.55,5,213.19779,False
-10.32,7,213.2058,False
22.37,13,213.221309,True
22.4,10,213.232762,True
20.2,5,213.238773,True
21.16,9,213.248268,True
20.44,6,213.253276,True
20.2,5,213.258645,True
-11.32,7,213.265166,False
21.18,7,213.27101,True
21.18,7,213.277573,True
-11.32,7,213.283565,False
22.4,10,213.291443,True
-9.82,7,213.297947,False
20.67,8,213.304286,True
21.43,7,213.310849,True
22.4,10,213.319355,True
22.4,10,213.327838,True
-10.34,9,213.335351,False
21.42,8,213.342515,True
20.44,6,213.347519,True
-10.57,7,213.353196,False
20.44,6,213.358547,True
-11.56,6,213.363646,False
-11.32,7,213.369652,False
21.43,7,213.376163,True
-11.54,4,213.379786,False
21.19,6,213.384459,True
22.1,15,213.397489,True
-11.32,7,213.403011,False
-10.57,7,213.409415,False
21.18,7,213.414927,True
20.2,5,213.418927,True
20.44,6,213.425174,True
20.44,6,213.430172,True
21.41,9,213.437843,True
-11.32,7,213.443682,False
-11.78,3,213.446688,False
20.44,6,213.451688,True
22.35,15,213.464559,True
20.43,7,213.470566,True
-10.56,6,213.475562,False
-12.02,2,213.47756,False
-11.77,2,213.479561,False
21.19,6,213.484557,True
20.2,5,213.488674,True
-10.33,8,213.496174,False
21.42,8,213.503186,True
20.44,6,213.509009,True
21.67,8,213.515514,True
20.19,6,213.520521,True
21.42,8,213.527344,True
-11.57,7,213.533344,False
21.42,8,213.54013,True
20.44,6,213.54513,True
-11.78,3,213.547656,False
-11.77,2,213.549651,False
20.44,6,213.555097,True
22.64,11,213.563652,True
22.4,10,213.57317,True
20.68,7,213.578692,True
20.44,6,213.583698,True
-10.32,7,213.590017,False
-11.8,5,213.594016,False
20.2,5,213.598012,True
21.42,8,213.604963,True
20.44,6,213.609995,True
22.4,10,213.618587,True
-11.54,4,213.622646,False
-10.59,8,213.629572,False
-11.79,4,213.633082,False
-10.58,8,213.639564,False
22.39,11,213.650095,True
20.44,6,213.655338,True
-10.79,4,213.65942,False
22.59,16,213.672635,True
-10.33,8,213.679236,False
21.4,10,213.687758,True
-11.53,3,213.690758,False
20.44,6,213.695876,True
20.44,6,213.700876,True
20.43,7,213.706767,True
22.4,10,213.715231,True
-10.8,5,213.719231,False
-11.32,7,213.725688,False
-10.33,8,213.731703,False
20.68,7,213.738611,True
21.42,8,213.744682,True
21.42,8,213.752215,True
-11.8,5,213.756478,False
21.16,9,213.763475,True
22.4,10,213.771824,True
22.62,13,213.783346,True
-11.35,10,213.791257,False
-11.79,4,213.794256,False
21.17,8,213.801778,True
22.63,12,213.811546,True
21.43,7,213.818055,True
-12.02,2,213.820062,False
21.42,8,213.826717,True
20.44,6,213.832245,True
21.4,10,213.840895,True
-10.33,8,213.847895,False
21.41,9,213.854945,True
20.44,6,213.860486,True
-10.82,7,213.866001,False
22.4,10,213.874437,True
20.44,6,213.879447,True
22.24,26,213.900734,True
-10.55,5,213.905595,False
20.44,6,213.910593,True
-10.31,6,213.916111,False
-11.54,4,213.919111,False
21.42,8,213.926047,True
-10.55,5,213.931047,False
21.42,8,213.937865,True
-10.58,8,213.944957,False
21.43,7,213.950626,True
20.19,6,213.955887,True
22.41,9,213.963414,True
-11.32,7,213.968929,False
20.68,7,213.975267,True
21.41,9,214.364685,True
20.19,6,214.370194,True
21.18,7,214.376877,True
21.42,8,214.386383,True
-9.56,6,214.39389,False
20.68,7,214.401397,True
-10.36,10,214.413458,False
20.44,6,214.418965,True
21.42,8,214.427967,True
22.41,9,214.437952,True
20.2,5,214.444004,True
19.96,4,214.448509,True
-11.79,4,214.452509,False
20.44,6,214.459584,True
20.68,7,214.468591,True
20.19,6,214.475435,True
-10.57,7,214.481942,False
-11.55,5,214.48794,False
-11.78,3,214.491549,False
-11.78,3,214.495549,False
-11.78,3,214.498549,False
-11.32,7,214.506531,False
21.42,8,214.516047,True
-11.77,2,214.519047,False
20.44,6,214.525602,True
22.16,9,214.536114,True
-11.55,5,214.542139,False
-11.79,4,214.546147,False
20.19,6,214.552685,True
20.44,6,214.560179,True
20.44,6,214.565953,True
22.36,14,214.578356,True
-11.54,4,214.582054,False
20.44,6,214.587578,True
21.41,9,214.596358,True
20.2,5,214.601352,True
20.43,7,214.607594,True
21.42,8,214.61459,True
-11.56,6,214.620102,False
22.36,14,214.631245,True
22.15,10,214.640179,True
20.44,6,214.644171,True
20.43,7,214.651696,True
21.18,7,214.658054,True
-11.54,4,214.66152,False
22.16,9,214.66953,True
22.62,12,214.680116,True
-10.56,6,214.684116,False
20.2,5,214.688816,True
-10.55,5,214.693826,False
20.43,7,214.700339,True
-11.54,4,214.703339,False
22.17,8,214.710864,True
22.12,12,214.721393,True
-11.3,5,214.72539,False
21.43,7,214.731433,True
22.37,13,215.234434,True
20.2,5,215.238434,True
20.44,6,215.244941,True
20.44,6,215.24994,True
22.16,9,215.25897,True
21.43,7,215.264483,True
20.41,9,215.272995,True
-10.79,4,215.276995,False
20.43,7,215.2825,True
-10.79,4,215.286312,False
-10.81,6,215.291319,False
-11.32,7,215.297994,False
-11.78,3,215.29999,False
-11.77,2,215.301995,False
20.44,6,215.306837,True
22.4,10,215.317058,True
-11.8,5,215.321013,False
20.67,8,215.327794,True
-10.6,10,215.337183,False
20.44,6,215.341905,True
-10.33,8,215.348538,False
20.2,5,215.352504,True
-10.31,6,215.358576,False
20.68,7,215.364579,True
-11.56,6,215.369705,False
-10.57,7,215.375742,False
22.35,15,215.38901,True
-11.54,4,215.392,False
21.42,8,215.399528,True
22.41,9,215.407264,True
-11.32,7,215.41327,False
20.43,7,215.418791,True
22.4,10,215.42752,True
22.6,15,215.43926,True
-11.56,6,215.444255,False
-11.77,2,215.446255,False
21.17,8,215.452779,True
-10.35,10,215.461135,False
20.44,6,215.46615,True
-11.54,4,215.469668,False
-10.34,9,215.477154,False
-11.8,5,215.481679,False
20.43,7,215.487918,True
-11.55,5,215.492419,False
21.42,8,215.498419,True
-10.55,5,215.503005,False
-11.54,4,215.506335,False
-11.57,7,215.513007,False
21.18,7,215.518682,True
-12.02,2,215.520299,False
-11.78,3,215.522604,False
-11.31,6,215.527534,False
21.41,9,215.536056,True
-11.31,6,215.540306,False
21.18,7,215.546828,True
-10.34,9,215.553348,False
20.44,6,215.558555,True
-11.82,7,215.564608,False
22.54,20,215.581386,True
22.62,13,215.591827,True
21.4,10,215.600352,True
20.2,5,215.604351,True
20.44,6,215.609573,True
22.61,14,215.621088,True
20.44,6,215.626822,True
-11.53,3,215.629564,False
-11.32,7,215.635615,False
-11.53,3,215.63763,False
22.4,10,215.646372,True
-11.79,4,215.650378,False
-10.34,9,215.657424,False
20.19,6,215.663424,True
20.2,5,215.666936,True
20.44,6,215.672342,True
22.39,11,215.681057,True
20.2,5,215.686056,True
-11.53,3,215.687989,False
20.2,5,215.693009,True
20.2,5,215.697097,True
21.41,9,215.704609,True
-11.56,6,215.710375,False
-11.31,6,215.715375,False
-10.06,6,215.719886,False
-10.32,7,215.727129,False
-11.54,4,215.73064,False
20.44,6,215.73564,True
20.68,7,215.741416,True
-11.79,4,215.744417,False
22.61,13,215.757188,True
21.66,9,215.764699,True
20.2,5,215.768699,True
22.6,15,215.781238,True
-11.56,6,215.787034,False
22.39,11,216.171384,True
20.67,8,216.180409,True
20.2,5,216.185412,True
20.41,9,216.196552,True
22.42,8,216.205535,True
-11.54,4,216.210534,False
20.44,6,216.217039,True
-10.79,4,216.222482,False
22.6,15,216.239627,True
-10.81,6,216.246147,False
-10.6,10,216.257139,False
22.16,9,216.267645,True
21.42,8,216.277304,True
20.68,7,216.285495,True
20.44,6,216.292012,True
22.17,8,216.299519,True
20.91,8,216.309022,True
20.2,5,216.313022,True
20.44,6,216.319526,True
-10.79,4,216.325028,False
21.42,8,216.33403,True
-11.58,8,216.343085,False
21.66,9,216.35159,True
-11.78,3,216.355046,False
22.42,8,216.361595,True
20.42,8,216.369121,True
21.42,8,216.377459,True
-11.77,2,216.379472,False
20.2,5,216.38414,True
22.16,9,216.391875,True
-11.77,2,216.393876,False
-11.78,3,216.395872,False
20.44,6,216.401384,True
21.43,7,216.407638,True
22.65,10,216.415159,True
-11.53,3,216.418166,False
-11.56,6,216.423911,False
22.34,16,216.436437,True
-10.57,7,216.443184,False
21.43,7,216.449184,True
20.43,7,216.454938,True
22.61,14,216.466534,True
22.4,10,216.47479,True
-12.02,2,216.476791,False
20.44,6,216.481838,True
-11.78,3,216.483838,False
20.44,6,216.489716,True
22.15,10,216.498229,True
-11.32,7,216.503741,False
-11.56,6,216.509105,False
20.43,7,216.514776,True
21.19,6,216.519773,True
21.18,7,216.525645,True
22.4,10,216.534102,True
-11.78,3,216.537102,False
22.17,8,216.543841,True
-11.53,3,216.545845,False
20.43,7,216.552845,True
20.68,7,216.558279,True
20.19,6,216.563795,True
21.18,7,216.569852,True
-11.77,2,216.571206,False
-10.58,8,216.578275,False
-11.58,8,216.585475,False
-12.02,2,216.58648,False
-11.56,6,216.59192,False
22.35,15,216.604446,True
20.68,7,216.610193,True
22.39,11,216.622012,True
-11.77,2,216.624007,False
22.41,9,216.631522,True
20.43,7,216.637824,True
-11.55,5,216.642053,False
22.6,15,216.654815,True
-10.55,5,216.657833,False
22.15,10,216.667358,True
-11.56,6,216.672202,False
21.42,8,216.678726,True
20.68,7,216.685251,True
20.42,8,216.692477,True
20.19,6,216.697476,True
20.2,5,216.701994,True
20.2,5,216.706385,True
21.42,8,216.713048,True
20.67,8,216.720051,True
-11.32,7,216.726349,False
-11.31,6,216.732356,False
20.67,8,216.739873,True
-11.78,3,216.742879,False
20.43,7,216.749085,True
21.17,8,216.756824,True
-10.83,8,216.764876,False
22.16,9,216.772431,True
21.41,9,216.780474,True
-10.79,4,216.783473,False
-11.76,1,216.784986,False
-10.56,6,216.790258,False
20.43,7,216.796764,True
22.4,10,216.805128,True
-11.56,6,216.811144,False
20.44,6,216.816653,True
22.39,11,216.825316,True
22.14,11,216.835841,True
20.44,6,216.840368,True
-10.79,4,216.844368,False
22.64,11,216.853884,True
21.43,7,216.859398,True
21.67,8,216.866394,True
-11.32,7,216.872557,False
20.44,6,216.877557,True
20.68,7,216.884066,True
-11.8,5,216.888546,False
20.44,6,216.893721,True
22.37,13,216.904731,True
21.43,7,216.910263,True
20.43,7,216.916491,True
20.68,7,216.922258,True
20.44,6,216.927253,True
22.34,16,216.940004,True
-10.55,5,216.944531,False
21.42,8,216.951576,True
21.18,7,216.957586,True
20.43,7,216.96311,True
-11.77,2,216.96511,False
20.19,6,216.970109,True
-11.78,3,216.972879,False
22.22,28,216.995413,True
22.41,9,217.003405,True
-11.54,4,217.00762,False
22.49,26,217.030508,True
22.14,11,217.039263,True
21.43,7,217.045261,True
20.2,5,217.04979,True
22.4,10,217.05776,True
20.44,6,217.063764,True
22.33,17,217.078051,True
-11.77,2,217.079582,False
22.39,11,217.089302,True
22.38,12,217.465809,True
-10.8,5,217.472306,False
22.38,12,217.483319,True
21.67,8,217.490381,True
20.2,5,217.494371,True
-11.57,7,217.502549,False
22.4,10,217.514432,True
20.44,6,217.521484,True
-11.55,5,217.527484,False
20.44,6,217.53399,True
-11.78,3,217.536989,False
-11.77,2,217.539451,False
-12.02,2,217.541451,False
-10.55,5,217.546451,False
-10.34,9,217.556146,False
21.4,10,217.567659,True
21.42,8,217.57753,True
20.44,6,217.584038,True
22.41,9,217.595101,True
20.44,6,217.601197,True
-11.53,3,217.60459,False
-11.31,6,217.610603,False
20.44,6,217.617719,True
-11.56,6,217.624264,False
21.42,8,217.633759,True
-11.53,3,217.63676,False
20.44,6,217.643741,True
22.14,11,217.653783,True
22.17,8,217.661505,True
21.42,8,217.66903,True
20.2,5,217.674126,True
20.44,6,217.679127,True
-11.3,5,217.683651,False
20.44,6,217.689086,True
-11.53,3,217.691097,False
20.44,6,217.696618,True
20.2,5,217.700618,True
-11.54,4,217.704467,False
-12.02,2,217.706482,False
22.27,23,217.725904,True
22.39,11,217.734433,True
20.44,6,217.739464,True
21.4,10,217.747511,True
20.43,7,217.754472,True
-10.63,13,217.765032,False
-10.56,6,217.770558,False
21.42,8,217.776809,True
22.15,10,217.78558,True
22.34,16,217.798851,True
-11.79,4,217.801865,False
-11.55,5,217.806104,False
20.43,7,217.812626,True
20.44,6,217.817626,True
-10.58,8,217.824563,False
22.37,13,217.835594,True
22.39,10,217.843494,True
21.43,7,217.849176,True
-10.55,5,217.853702,False
20.67,8,217.861449,True
22.13,11,217.870456,True
-10.59,9,217.878688,False
20.94,6,217.88422,True
-10.56,6,217.889733,False
20.2,5,217.894268,True
20.42,7,217.901275,True
21.18,7,217.907798,True
20.2,5,217.912797,True
-11.57,7,217.918323,False
-10.34,9,217.926537,False
20.43,7,217.932537,True
-11.78,3,217.935055,False
-10.6,10,217.943538,False
21.43,7,217.950213,True
22.4,10,217.958635,True
22.38,12,217.968158,True
21.37,13,217.979058,True
20.44,6,217.984582,True
20.44,6,217.989092,True
-12.02,2,217.991091,False
22.55,20,218.00751,True
22.38,12,218.018776,True
20.43,7,218.024235,True
-11.78,3,218.027235,False
21.43,7,218.032758,True
-11.57,7,218.039512,False
20.44,6,218.045023,True
-11.6,10,218.052781,False
22.36,14,218.064622,True
21.19,6,218.069622,True
20.2,5,218.074011,True
-10.55,5,218.07801,False
20.68,7,218.084072,True
22.41,9,218.0913,True
-11.56,6,218.096459,False
22.64,11,218.10625,True
20.44,6,218.111249,True
-10.57,7,218.116766,False
-10.81,6,218.122141,False
-10.8,5,218.126668,False
22.63,12,218.137193,True
20.68,7,218.142436,True
-11.79,4,218.145961,False
22.15,10,218.15396,True
-11.77,2,218.156201,False
22.63,12,218.166726,True
20.44,6,218.17196,True
21.16,9,218.179482,True
-10.36,10,218.187529,False
20.44,6,218.192518,True
21.41,9,218.200042,True
-12.02,2,218.202042,False
21.18,7,218.207795,True
-11.32,7,218.213799,False
20.2,5,218.218307,True
-10.57,7,218.224532,False
20.43,7,218.230098,True
20.44,6,218.235097,True
20.68,7,218.240441,True
22.63,12,218.250964,True
-12.03,3,218.252964,False
22.39,11,218.262817,True
-11.32,7,218.267817,False
22.38,12,218.278188,True
-11.78,3,218.280707,False
-10.59,9,218.289276,False
20.2,5,218.292798,True
-11.79,4,218.295798,False
22.16,9,218.304317,True
-11.78,3,218.307356,False
21.43,7,218.313423,True
20.44,6,218.31916,True
20.19,6,218.323956,True
21.41,9,218.33196,True
20.16,9,218.339776,True
22.5,25,218.359891,True
-11.77,2,218.361891,False
20.68,7,218.367416,True
-10.56,6,218.37318,False
20.43,7,218.75937,True
21.42,8,218.768769,True
22.3,20,218.788257,True
-10.57,7,218.794775,False
-11.78,3,218.798769,False
-11.56,6,218.805806,False
-11.32,7,218.813799,False
22.36,14,218.830687,True
22.38,12,218.843043,True
-11.78,3,218.847046,False
20.19,6,218.853892,True
-10.61,10,218.864412,False
21.43,7,218.870981,True
20.44,6,218.876503,True
21.42,8,218.884503,True
20.2,5,218.889433,True
21.42,8,218.897938,True
-11.78,3,218.902442,False
20.44,6,218.907551,True
21.41,9,218.917054,True
-10.83,8,218.924626,False
22.35,15,218.938681,True
20.68,7,218.946676,True
20.2,5,218.95318,True
-10.58,8,218.961702,False
20.44,6,218.966702,True
-12.02,2,218.969219,False
20.67,8,218.976224,True
22.35,15,218.991178,True
-11.77,2,218.993177,False
20.2,5,218.997179,True
21.41,9,219.005613,True
-10.33,8,219.012136,False
-11.53,3,219.015136,False
20.44,6,219.020136,True
20.19,6,219.025576,True
-10.59,9,219.033822,False
21.43,7,219.03928,True
20.42,8,219.046327,True
-11.55,5,219.050327,False
-10.62,12,219.061118,False
21.42,8,219.067643,True
-10.34,9,219.0754,False
20.19,6,219.080399,True
-10.33,8,219.086965,False
-11.33,8,219.093504,False
20.44,6,219.098518,True
22.61,14,219.110879,True
20.43,7,219.116392,True
22.63,12,219.126216,True
20.44,6,219.131214,True
20.44,6,219.136737,True
-11.57,7,219.141974,False
-9.8,5,219.146496,False
20.2,5,219.150496,True
-10.58,8,219.158244,False
22.59,16,219.170768,True
20.18,7,219.177508,True
21.66,9,219.184512,True
21.19,6,219.189759,True
21.41,9,219.196759,True
-11.54,4,219.200284,False
-11.82,7,219.206573,False
21.43,7,219.21272,True
22.17,8,219.219226,True
-11.78,3,219.222764,False
20.68,7,219.228372,True
-11.55,5,219.232893,False
-10.57,7,219.238518,False
-11.32,7,219.244882,False
20.2,5,219.248883,True
21.18,7,219.254758,True
-11.58,8,219.261301,False
-11.77,2,219.2633,False
-11.53,3,219.266301,False
20.66,9,219.274072,True
20.43,7,219.279072,True
-11.54,4,219.283591,False
20.19,6,219.28797,True
21.42,8,219.294513,True
20.19,6,219.300508,True
20.43,7,219.305513,True
-11.54,4,219.310039,False
-11.56,6,219.314555,False
20.44,6,219.319554,True
20.44,6,219.325434,True
-11.32,7,219.331434,False
22.39,11,219.340204,True
-10.56,6,219.34573,False
22.38,12,219.355985,True
-11.81,6,219.360983,False
20.68,7,219.366508,True
-11.57,7,219.372767,False
22.51,24,219.393343,True
22.41,9,219.400866,True
-11.53,3,219.403388,False
22.38,12,219.413163,True
-11.31,6,219.41869,False
21.17,8,219.425938,True
22.36,14,219.43645,True
20.44,6,219.442405,True
-10.56,6,219.447406,False
19.94,6,219.452077,True
20.44,6,219.457521,True
19.95,5,219.461045,True
22.41,9,219.46966,True
20.68,7,219.476128,True
-11.78,3,219.478128,False
20.43,7,219.484641,True
22.39,11,219.493695,True
22.41,9,219.500695,True
20.43,7,219.507006,True
20.44,6,219.51253,True
22.34,16,219.525533,True
-10.59,9,219.533051,False
-10.34,9,219.541493,False
22.61,14,219.553016,True
22.62,13,219.563429,True
22.6,14,219.575371,True
22.65,10,219.584061,True
22.15,10,219.592514,True
20.2,5,219.596792,True
20.42,8,219.60379,True
-11.78,3,219.606321,False
21.66,9,219.613321,True
21.4,10,219.622077,True
21.18,7,219.627603,True
-12.02,2,219.629603,False
20.41,9,219.637128,True
20.42,8,219.643383,True
20.44,6,219.648905,True
20.2,5,219.652905,True
21.18,7,219.658647,True
22.64,11,219.667157,True
21.67,8,220.045843,True
21.42,8,220.054781,True
-10.55,5,220.060781,False
-10.55,5,220.066285,False
21.19,6,220.071762,True
22.29,21,220.095294,True
22.37,13,220.107295,True
-10.83,8,220.1168,False
21.42,8,220.125206,True
-11.77,2,220.127712,False
21.43,7,220.134711,True
22.37,13,220.146702,True
-11.79,4,220.150207,False
20.44,6,220.155864,True
20.18,7,220.164389,True
21.42,8,220.172562,True
22.38,12,220.186068,True
20.19,6,220.193535,True
-11.35,10,220.2046,False
20.44,6,220.21012,True
21.41,9,220.219633,True
21.42,8,220.226711,True
22.6,15,220.242936,True
20.42,8,220.250935,True
20.44,6,220.256131,True
21.43,7,220.262644,True
22.4,10,220.272501,True
-12.02,2,220.274516,False
20.44,6,220.279516,True
21.67,8,220.287353,True
-10.58,8,220.29441,False
-10.55,5,220.29941,False
-11.78,3,220.301657,False
22.41,9,220.309344,True
-11.31,6,220.315432,False
22.41,9,220.322704,True
-10.55,5,220.327228,False
22.41,9,220.33473,True
22.36,14,220.346715,True
20.2,5,220.350714,True
-12.02,2,220.352714,False
22.15,10,220.361493,True
-11.82,7,220.368005,False
21.43,7,220.374247,True
-11.31,6,220.379759,False
20.2,5,220.383759,True
21.43,7,220.389623,True
21.43,7,220.395135,True
20.43,7,220.401646,True
22.56,18,220.416458,True
20.44,6,220.422447,True
20.44,6,220.426445,True
20.68,7,220.432967,True
20.43,7,220.438987,True
20.43,7,220.444,True
-11.52,2,220.446001,False
20.67,8,220.452525,True
-10.32,7,220.457906,False
22.4,10,220.466591,True
21.41,9,220.47471,True
20.44,6,220.47971,True
21.65,10,220.48838,True
21.41,9,220.495421,True
22.59,16,220.509885,True
21.19,6,220.515409,True
22.39,10,220.523218,True
20.2,5,220.528219,True
-11.78,3,220.531212,False
21.17,8,220.538196,True
22.41,9,220.545702,True
20.2,5,220.549702,True
-10.81,6,220.555212,False
-10.37,11,220.564736,False
20.44,6,220.570482,True
21.42,8,220.576987,True
-10.33,8,220.583988,False
-10.79,4,220.588142,False
20.44,6,220.593306,True
-11.55,5,220.596817,False
20.2,5,220.601818,True
-10.58,8,220.608594,False
-10.55,5,220.612593,False
20.44,6,220.618268,True
20.44,6,220.623747,True
-11.79,4,220.627376,False
21.42,8,220.633445,True
-10.58,8,220.640877,False
-10.34,9,220.648382,False
22.63,12,220.658528,True
22.4,10,220.666614,True
20.43,7,220.67261,True
-10.56,6,220.677609,False
21.64,11,220.68708,True
21.42,8,220.693136,True
-11.78,3,220.696141,False
21.42,8,220.702647,True
-10.79,4,220.70627,False
-11.78,3,220.709268,False
20.42,8,220.715309,True
20.44,6,220.721703,True
-10.83,8,220.728717,False
-10.32,7,220.734244,False
20.68,7,220.740226,True
-10.83,8,220.746751,False
22.63,12,220.756678,True
-10.58,8,220.763678,False
22.61,14,220.774883,True
22.36,14,220.786842,True
-11.53,3,220.788885,False
-11.78,3,220.791885,False
-10.56,6,220.796927,False
-11.55,5,220.800926,False
22.16,9,220.808406,True
20.43,7,220.814402,True
22.3,20,220.832181,True
-11.54,4,220.835182,False
20.44,6,220.840214,True
21.66,9,220.848649,True
20.68,7,220.855154,True
-11.54,4,220.858681,False
22.38,11,220.866674,True
22.4,10,220.876428,True
20.44,6,220.880952,True
20.44,6,220.885952,True
22.17,8,220.893317,True
20.44,6,220.898331,True
-10.6,10,220.90726,False
21.41,9,220.914277,True
-11.55,5,220.919284,False
21.19,6,220.924905,True
21.43,7,220.929904,True
20.18,7,220.93609,True
22.51,24,220.956273,True
20.19,6,220.961856,True
20.68,7,221.351275,True
20.68,7,221.357718,True
-10.57,7,221.364223,False
22.53,22,221.38579,True
-11.57,7,221.39241,False
20.19,6,221.397916,True
20.2,5,221.40342,True
-10.56,6,221.409943,False
20.44,6,221.41595,True
-11.78,3,221.418952,False
20.44,6,221.424532,True
-10.35,10,221.434037,False
-11.78,3,221.437507,False
-11.78,3,221.44252,False
-12.02,2,221.446025,False
22.39,11,221.459251,True
-10.34,9,221.468045,False
22.41,9,221.479283,True
-11.78,3,221.482283,False
22.37,13,221.497397,True
21.19,6,221.503718,True
-11.31,6,221.509744,False
-10.33,8,221.518249,False
-10.55,5,221.523651,False
-11.3,5,221.530157,False
-11.78,3,221.534156,False
20.44,6,221.5406,True
-12.02,2,221.542599,False
-11.54,4,221.545601,False
22.42,8,221.554498,True
22.65,10,221.563015,True
-10.34,9,221.570902,False
-11.31,6,221.575999,False
20.19,6,221.581679,True
21.65,10,221.589847,True
-10.41,16,221.603892,False
21.17,8,222.065203,True
-10.57,7,222.071456,False
21.41,9,222.080469,True
22.4,10,222.088598,True
20.2,5,222.094107,True
-11.29,4,222.097112,False
20.43,7,222.103146,True
22.62,12,222.112738,True
-10.36,11,222.122317,False
-10.57,7,222.128826,False
20.44,6,222.13383,True
-10.58,8,222.141351,False
-11.59,9,222.148876,False
-11.78,3,222.150876,False
-10.32,7,222.157402,False
22.37,13,222.167923,True
22.4,10,222.175394,True
21.42,8,222.18292,True
-10.33,8,222.189827,False
20.42,8,222.196826,True
22.15,10,222.204352,True
20.43,7,222.210126,True
-11.55,5,222.214649,False
-10.57,7,222.220171,False
20.44,6,222.22562,True
-11.55,5,222.229657,False
-11.79,3,222.232661,False
-11.54,4,222.236365,False
22.61,14,222.247133,True
-9.8,5,222.251655,False
21.42,8,222.258904,True
20.44,6,222.263427,True
21.17,8,222.270943,True
-11.31,6,222.275218,False
-11.54,4,222.279218,False
-11.55,5,222.283742,False
22.13,12,222.293535,True
20.68,7,222.300048,True
-11.79,4,222.302558,False
-10.32,7,222.308941,False
21.42,8,222.31548,True
20.43,7,222.321935,True
20.44,6,222.327452,True
-10.58,8,222.333452,False
-11.77,2,222.334975,False
-10.59,9,222.342232,False
22.65,10,222.350757,True
-11.31,6,222.355534,False
-11.79,4,222.359533,False
-10.6,10,222.367056,False
-10.59,9,222.375829,False
-11.53,3,222.377828,False
21.41,9,222.385338,True
-11.54,4,222.389767,False
-11.8,5,222.393766,False
-11.78,3,222.396284,False
-12.02,2,222.397289,False
-10.59,9,222.40629,False
22.62,13,222.415333,True
21.42,8,222.423336,True
-10.57,7,222.428857,False
21.43,7,222.433856,True
-10.81,6,222.439125,False
20.19,6,222.444124,True
-10.8,5,222.448635,False
20.44,6,222.453648,True
-11.76,1,222.454878,False
-10.33,8,222.461399,False
-11.54,4,222.464909,False
-11.31,6,222.470194,False
20.44,6,222.475219,True
-11.55,5,222.479729,False
-10.58,8,222.486743,False
21.43,7,222.492717,True
20.43,7,222.497717,True
-11.32,7,222.504603,False
22.17,8,222.511129,True
21.65,10,222.519142,True
22.39,11,222.527566,True
-11.54,4,222.532085,False
-11.55,5,222.5361,False
21.18,7,222.542353,True
20.44,6,222.547875,True
20.43,7,222.553756,True
22.38,12,222.563296,True
20.19,6,222.56831,True
21.42,8,222.575309,True
-11.54,4,222.579308,False
-11.79,4,222.582308,False
-10.33,8,222.589279,False
20.44,6,222.593279,True
22.4,10,222.602315,True
-10.34,9,222.610353,False
20.2,5,222.614352,True
21.18,7,222.620397,True
22.38,12,222.630195,True
21.43,7,222.636704,True
21.42,8,222.644152,True
20.43,7,222.649666,True
22.14,11,222.660182,True
20.2,5,222.664181,True
21.19,6,222.669703,True
22.35,15,222.682225,True
-11.3,5,222.686756,False
-10.58,8,222.692746,False
21.43,7,222.698746,True
-11.54,4,222.702271,False
22.38,12,222.712766,True
-10.83,8,223.079255,False
20.43,7,223.087255,True
22.39,11,223.100788,True
-10.82,7,223.107412,False
21.18,7,223.114423,True
-10.57,7,223.122023,False
-11.55,5,223.127016,False
20.68,7,223.139047,True
20.2,5,223.14405,True
20.67,8,223.151556,True
-11.54,4,223.15605,False
-11.78,3,223.15905,False
20.19,6,223.166554,True
-11.56,6,223.174009,False
21.43,7,223.182148,True
22.39,11,223.194646,True
20.67,8,223.20215,True
-12.02,2,223.204655,False
-10.86,11,223.218159,False
21.42,8,223.227272,True
21.41,9,223.237744,True
21.15,10,223.249261,True
-10.33,8,223.258321,False
22.39,11,223.268825,True
-11.58,8,223.276935,False
-11.8,5,223.281935,False
20.2,5,223.286787,True
-11.78,3,223.289803,False
-11.78,3,223.292802,False
-10.34,9,223.301327,False
21.42,8,223.308669,True
20.44,6,223.313775,True
21.41,9,223.322033,True
-10.33,8,223.328576,False
21.17,8,223.334572,True
21.42,8,223.341304,True
21.43,7,223.347305,True
20.42,8,223.353829,True
-10.8,5,223.359037,False
21.43,7,223.364561,True
-11.32,7,223.370078,False
22.16,9,223.378289,True
-11.56,6,223.382815,False
21.41,9,223.390553,True
20.19,6,223.395557,True
20.68,7,223.401583,True
20.43,7,223.407805,True
-10.35,10,223.416846,False
-10.34,9,223.423608,False
22.17,8,223.430601,True
20.2,5,223.435126,True
20.44,6,223.440378,True
20.44,6,223.444891,True
21.42,8,223.451891,True
21.14,11,223.461131,True
20.44,6,223.466661,True
20.19,6,223.471424,True
22.34,15,223.484085,True
21.42,8,223.490848,True
20.44,6,223.496367,True
22.63,12,223.506701,True
20.44,6,223.511706,True
20.68,7,223.517229,True
20.19,6,223.52246,True
-11.78,3,223.525452,False
-11.77,2,223.526978,False
20.19,6,223.531992,True
-11.78,3,223.534992,False
-10.55,5,223.538728,False
22.41,9,223.546715,True
20.43,7,223.553199,True
20.2,5,223.557482,True
-10.57,7,223.563005,False
21.42,8,223.569347,True
-10.57,7,223.576203,False
22.17,8,223.582711,True
-11.55,5,223.586711,False
20.43,7,223.592804,True
20.68,7,223.598803,True
20.2,5,223.603831,True
20.18,7,223.60915,True
-9.86,11,223.618499,False
22.63,11,223.628234,True
20.2,5,223.632234,True
-11.77,2,223.633754,False
20.2,5,223.637979,True
20.42,8,223.644501,True
-11.54,4,223.6485,False
20.2,5,223.6525,True
-10.79,4,223.656314,False
20.44,6,223.661313,True
21.18,7,223.666839,True
-11.35,10,223.675575,False
20.67,8,223.68258,True
-11.78,3,223.684579,False
-11.54,4,223.689318,False
-10.79,4,223.692893,False
22.62,13,223.705279,True
20.19,6,223.71027,True
-12.02,2,223.71127,False
20.43,7,223.717803,True
21.65,10,223.726333,True
22.41,9,223.734374,True
20.43,7,223.740132,True
-11.79,4,223.742863,False
22.14,11,223.752649,True
20.44,6,223.758173,True
-10.6,10,223.766696,False
-10.8,5,223.770994,False
-11.8,5,223.775494,False
22.17,8,223.782508,True
21.65,10,223.790265,True
22.64,11,223.7998,True
22.41,9,223.807564,True
22.31,19,223.823611,True
20.68,7,223.829152,True
-11.78,3,223.83215,False
20.2,5,223.836151,True
-10.59,9,223.844384,False
20.67,8,223.850895,True
20.44,6,223.856105,True
20.19,6,223.861642,True
20.44,6,223.86564,True
-11.31,6,223.871382,False
22.39,11,223.880888,True
-11.78,3,223.883887,False
-11.53,3,223.885887,False
-11.32,7,223.89187,False
22.41,9,223.898873,True
-10.59,9,223.906924,False
-11.78,3,223.909917,False
-11.34,9,223.917249,False
-10.35,9,223.925508,False
22.17,8,223.932025,True
-11.78,3,223.934039,False
21.39,10,223.942784,True
20.44,6,223.947788,True
-11.57,7,223.954516,False
-10.55,5,223.958512,False
-11.55,5,223.963024,False
20.44,6,223.968033,True
22.56,19,223.983877,True
-10.57,7,223.989631,False
20.44,6,223.995157,True
21.42,8,224.388953,True
-11.32,7,224.396457,False
-10.32,7,224.402457,False
-10.82,7,224.411393,False
-10.34,9,224.421452,False
22.63,12,224.434968,True
22.42,8,224.444524,True
-11.56,6,224.452039,False
22.39,11,224.462134,True
-10.33,8,224.471232,False
22.12,13,224.486522,True
-12.02,2,224.488461,False
-12.02,2,224.491461,False
22.41,9,224.501965,True
21.67,8,224.510299,True
20.2,5,224.516299,True
-10.82,7,224.522271,False
21.4,10,224.534285,True
20.19,6,224.540315,True
20.68,7,224.547315,True
-10.57,7,224.555274,False
-12.02,2,224.557273,False
20.44,6,224.563778,True
21.43,7,224.571718,True
22.4,10,224.58546,True
20.67,8,224.593409,True
20.2,5,224.598409,True
21.18,7,224.605279,True
22.4,10,224.614322,True
20.19,6,224.620322,True
20.44,6,224.62521,True
-11.78,3,224.62821,False
-10.33,8,224.634751,False
20.2,5,224.63898,True
22.4,10,224.647508,True
20.43,7,224.652508,True
20.44,6,224.657796,True
21.19,6,224.662796,True
20.41,9,224.670325,True
-11.78,3,224.673542,False
22.4,10,224.681065,True
21.18,7,224.687141,True
-11.33,7,224.693413,False
-11.78,3,224.696413,False
-12.03,3,224.698936,False
21.42,8,224.70517,True
-11.81,6,224.710219,False
21.43,7,224.716219,True
21.41,9,224.724142,True
20.2,5,224.728188,True
20.43,7,224.735186,True
-11.33,8,224.742779,False
20.43,7,224.748794,True
-11.32,7,224.754315,False
22.38,12,224.764505,True
22.65,10,224.772271,True
20.43,7,224.77827,True
-10.61,11,224.788791,False
20.44,6,224.794309,True
20.44,6,224.799309,True
20.44,6,224.804837,True
22.4,10,224.813858,True
20.2,5,224.817858,True
20.2,5,224.822261,True
-11.77,2,224.824266,False
-11.32,7,224.830259,False
22.4,10,224.839029,True
20.68,7,224.845559,True
-11.55,5,224.84956,False
20.44,6,224.854374,True
-11.78,3,224.857372,False
22.65,10,224.864893,True
20.44,6,224.869892,True
-11.32,7,224.87666,False
22.17,8,224.88266,True
-10.36,11,224.892416,False
22.6,15,224.904767,True
-11.77,2,224.906781,False
21.43,7,224.912305,True
-10.59,9,224.919841,False
21.43,7,224.925702,True
-11.79,4,224.928715,False
20.43,7,224.93524,True
-11.77,2,224.937451,False
21.66,9,224.94445,True
-11.78,3,224.946968,False
-10.83,8,224.954288,False
20.43,7,224.95984,True
-11.04,4,224.96384,False
20.19,6,224.968372,True
-10.58,8,224.975588,False
-10.35,10,224.984104,False
20.68,7,224.989952,True
-10.59,9,224.996952,False
20.44,6,225.002477,True
-11.79,4,225.006738,False
-10.57,7,225.012265,False
21.43,7,225.018265,True
22.36,14,225.030066,True
20.44,6,225.03508,True
21.19,6,225.040331,True
22.38,12,225.050927,True
22.62,13,225.061892,True
-10.57,7,225.067888,False
21.18,7,225.073698,True
22.4,10,225.082217,True
22.39,11,225.091955,True
21.42,8,225.09897,True
20.68,7,225.104743,True
-10.32,7,225.110267,False
21.43,7,225.115791,True
-11.54,4,225.119791,False
-10.33,8,225.126588,False
21.67,8,225.133104,True
-10.79,4,225.136118,False
22.39,11,225.145877,True
22.32,18,225.160149,True
20.44,6,225.165671,True
22.34,16,225.178419,True
-10.84,9,225.186205,False
-11.34,9,225.193471,False
22.57,18,225.208822,True
22.62,13,225.219556,True
-11.32,7,225.225022,False
21.17,8,225.232701,True
-10.35,10,225.240677,False
21.16,9,225.249009,True
21.18,7,225.255479,True
21.19,6,225.259996,True
20.2,5,225.263991,True
20.19,6,225.269933,True
-11.79,4,225.273039,False
22.13,12,225.283558,True
20.44,6,225.288021,True
-10.81,6,225.293805,False
20.68,7,225.300308,True
-11.77,2,225.302398,False
20.44,6,225.307915,True
-10.56,6,225.687043,False
-10.81,6,225.694068,False
22.39,11,225.706982,True
22.37,13,225.722548,True
-10.57,7,225.730561,False
22.13,12,225.744135,True
20.44,6,225.750643,True
-11.54,4,225.755807,False
20.43,7,225.763313,True
21.42,8,225.773494,True
21.17,8,225.782939,True
-11.31,6,225.789407,False
20.44,6,225.796913,True
-12.02,2,225.798913,False
22.61,14,225.814439,True
-11.32,7,225.823023,False
21.19,6,225.830023,True
22.61,14,225.846543,True
20.44,6,225.853543,True
21.41,9,225.863847,True
-11.78,3,225.867351,False
20.44,6,225.873351,True
20.44,6,225.879856,True
-11.79,4,225.885358,False
-10.32,7,225.891773,False
22.15,10,225.901304,True
20.68,7,225.907647,True
21.19,6,225.912897,True
-11.79,4,225.916151,False
-11.77,2,225.918239,False
-11.3,5,225.921753,False
21.42,8,225.92894,True
20.2,5,225.933027,True
21.17,8,225.94039,True
21.41,9,225.947906,True
22.39,11,225.956348,True
20.2,5,225.960872,True
22.17,8,225.966872,True
-10.58,8,225.974867,False
22.64,11,225.983386,True
-11.55,5,225.987992,False
-10.57,7,225.993543,False
-10.33,8,226.000053,False
21.41,9,226.00766,True
20.2,5,226.01318,True
-10.34,9,226.020269,False
-11.31,6,226.025323,False
-11.54,4,226.029323,False
20.19,6,226.033847,True
21.66,9,226.041171,True
20.43,7,226.047701,True
22.4,10,226.055842,True
20.43,7,226.061842,True
20.19,6,226.067362,True
20.44,6,226.072751,True
20.2,5,226.077273,True
-12.03,3,226.079273,False
22.16,9,226.087173,True
21.42,8,226.094186,True
-11.54,4,226.097706,False
20.43,7,226.103706,True
20.2,5,226.107535,True
20.44,6,226.112535,True
-10.79,4,226.116054,False
22.4,10,226.124958,True
21.19,6,226.12948,True
-10.33,8,226.137003,False
21.18,7,226.143525,True
-10.79,4,226.146524,False
22.33,17,226.16121,True
-11.79,4,226.16421,False
20.42,8,226.17129,True
21.18,7,226.17729,True
-11.77,2,226.1788,False
21.17,8,226.185814,True
-11.78,3,226.189194,False
21.42,8,226.195715,True
-10.56,6,226.201236,False
20.43,7,226.206492,True
21.15,10,226.215537,True
21.66,9,226.22279,True
21.43,7,226.229373,True
-11.78,3,226.231572,False
20.44,6,226.236933,True
20.19,6,226.242472,True
22.37,13,226.253365,True
22.39,11,226.262379,True
22.57,18,226.277806,True
-11.56,6,226.281806,False
-10.8,5,226.286693,False
22.36,14,226.298238,True
-11.78,3,226.301238,False
22.53,22,226.319473,True
20.66,9,226.327415,True
-11.32,7,226.333415,False
-11.77,2,226.33544,False
21.43,7,226.341882,True
22.38,12,226.351403,True
-11.78,3,226.353875,False
-11.52,2,226.354897,False
21.18,7,226.362421,True
-11.32,7,226.368944,False
20.44,6,226.373944,True
22.38,11,226.383468,True
-10.57,7,226.389991,False
20.43,7,226.394991,True
22.4,10,226.403938,True
20.43,7,226.409481,True
20.65,10,226.41801,True
-10.58,8,226.424869,False
-10.82,7,226.43139,False
-11.79,4,226.43439,False
-11.54,4,226.437722,False
-10.34,9,226.44526,False
-11.78,3,226.44826,False
20.2,5,226.452784,True
-11.79,4,226.456167,False
21.41,9,226.463687,True
-11.55,5,226.467687,False
-10.34,9,226.475571,False
-10.55,5,226.479572,False
22.55,20,226.49689,True
-11.31,6,226.501889,False
-10.33,8,226.508754,False
-11.77,2,226.510754,False
20.44,6,226.516293,True
22.34,16,226.529192,True
22.41,9,226.536715,True
21.43,7,226.542546,True
-11.79,4,226.546069,False
-10.33,8,226.553069,False
-10.55,5,226.557855,False
21.42,8,226.564856,True
22.1,15,226.578517,True
-11.55,5,226.582516,False
22.37,13,226.593799,True
-10.57,7,226.599311,False
22.4,10,226.608281,True
22.39,11,227.006272,True
-10.57,7,227.014271,False
-10.33,8,227.023851,False
-11.78,3,227.027355,False
20.2,5,227.033355,True
22.16,9,227.043699,True
-10.56,6,227.050878,False
22.59,16,227.069106,True
-11.32,7,227.075494,False
20.2,5,227.080998,True
22.41,9,227.091129,True
-11.32,7,227.099625,False
21.42,8,227.108715,True
-11.56,6,227.116718,False
-11.57,7,227.124419,False
-10.36,11,227.136427,False
-10.6,10,227.146308,False
-11.77,2,227.148308,False
20.42,7,227.155297,True
-10.6,10,227.166828,False
20.44,6,227.173371,True
21.4,10,227.183413,True
-11.33,8,227.190933,False
21.42,8,227.198438,True
22.34,16,227.214125,True
22.56,19,227.231082,True
22.36,14,227.244007,True
22.64,11,227.254531,True
21.43,7,227.259989,True
-10.56,6,227.265491,False
-11.34,9,227.272894,False
20.43,7,227.27842,True
22.4,10,227.286947,True
22.37,12,227.297682,True
22.39,11,227.306698,True
20.44,6,227.312272,True
-11.79,4,227.31544,False
21.18,7,227.321765,True
20.44,6,227.326321,True
-11.54,4,227.329844,False
21.39,11,227.339341,True
20.44,6,227.344343,True
-11.78,3,227.347341,False
-10.56,6,227.351859,False
-11.78,3,227.35527,False
-10.55,5,227.359539,False
21.42,8,227.366075,True
20.68,7,227.371826,True
21.43,7,227.377582,True
20.18,7,227.384104,True
-11.55,5,227.38834,False
-11.57,7,227.393865,False
20.43,7,227.400376,True
-10.57,7,227.405617,False
20.44,6,227.411655,True
-11.32,7,227.417654,False
-12.02,2,227.418654,False
21.66,9,227.427436,True
-11.79,4,227.430437,False
20.2,5,227.434962,True
22.41,9,227.443462,True
22.17,8,227.449469,True
-11.53,3,227.451468,False
20.68,7,227.458994,True
21.66,9,227.465518,True
-11.78,3,227.468518,False
-11.31,6,227.473955,False
21.43,7,227.479766,True
-11.57,7,227.486292,False
20.44,6,227.491676,True
-11.78,3,227.493675,False
20.43,7,227.499198,True
20.2,5,227.504241,True
-11.58,8,227.511284,False
-10.82,7,227.517355,False
-11.77,2,227.518372,False
20.2,5,227.523422,True
20.18,7,227.528944,True
22.4,10,227.537504,True
21.18,7,227.54351,True
20.2,5,227.548023,True
-11.81,6,227.553023,False
22.16,9,227.561196,True
20.44,6,227.566201,True
-10.59,9,227.573441,False
22.59,16,227.587171,True
20.43,7,227.592809,True
20.44,6,227.59781,True
21.16,9,227.605982,True
-10.82,7,227.612575,False
21.42,8,227.618578,True
22.41,9,227.626642,True
20.19,6,227.63116,True
22.34,16,227.644679,True
-10.56,6,227.649679,False
-11.79,4,227.653202,False
-10.34,9,227.660424,False
-11.58,8,227.667948,False
20.92,8,227.674708,True
20.44,6,227.679708,True
22.17,8,227.686229,True
21.42,8,227.693006,True
21.42,8,227.69902,True
20.2,5,227.703883,True
-11.53,3,227.705903,False
22.12,12,227.716425,True
22.38,11,227.725239,True
-11.32,7,227.731238,False
-10.57,7,227.737149,False
21.42,8,227.744217,True
-11.78,3,227.746759,False
22.14,11,227.756706,True
20.2,5,227.760705,True
-11.57,7,227.766219,False
-11.79,4,227.770233,False
20.44,6,227.775454,True
20.43,7,227.780976,True
-11.78,3,227.783976,False
20.2,5,227.788291,True
21.18,7,227.79429,True
21.43,7,227.799813,True
20.2,5,227.803814,True
20.2,5,227.808574,True
20.44,6,227.813991,True
-11.54,4,227.816991,False
-11.78,3,227.819513,False
21.19,6,227.825282,True
21.43,7,227.830364,True
20.43,7,227.836964,True
20.43,7,227.842462,True
20.19,6,227.847461,True
22.4,10,227.856238,True
-11.55,5,227.860761,False
20.43,7,227.865761,True
-10.55,5,227.870278,False
20.2,5,227.874505,True
-10.61,11,227.88403,False
-10.55,5,227.888306,False
21.4,10,227.896836,True
22.63,12,227.906612,True
20.43,7,227.913137,True
22.41,9,227.920482,True
22.39,11,228.305005,True
20.43,7,228.313521,True
21.43,7,228.32165,True
-11.77,2,228.324154,False
22.59,15,228.341725,True
20.44,6,228.349234,True
20.44,6,228.355677,True
-11.55,5,228.361181,False
-11.32,7,228.368181,False
-11.55,5,228.372656,False
-11.54,4,228.377651,False
-11.55,5,228.384156,False
20.44,6,228.391171,True
-11.54,4,228.396184,False
-10.59,9,228.406249,False
-11.78,3,228.410248,False
-11.77,2,228.41275,False
22.41,9,228.421391,True
22.17,8,228.429909,True
-11.78,3,228.431909,False
21.17,8,228.441928,True
-11.54,4,228.446934,False
20.19,6,228.453453,True
22.38,12,228.950564,True
20.44,6,228.956087,True
22.64,11,228.965599,True
21.43,7,228.972331,True
21.41,9,228.979854,True
20.44,6,228.984854,True
-10.58,8,228.991371,False
21.38,12,229.001858,True
20.44,6,229.00738,True
20.44,6,229.012383,True
20.19,6,229.023733,True
-11.32,7,229.03275,False
-10.58,8,229.04131,False
20.19,6,229.047261,True
-12.02,2,229.049774,False
20.44,6,229.054778,True
-10.35,10,229.063305,False
22.39,11,229.073443,True
-11.31,6,229.078439,False
21.42,8,229.085953,True
21.42,8,229.093896,True
21.41,9,229.099901,True
20.67,8,229.107749,True
20.43,7,229.113263,True
-10.56,6,229.118262,False
22.38,12,229.128656,True
22.63,12,229.139259,True
22.39,11,229.147293,True
-10.34,8,229.155594,False
-11.32,7,229.160594,False
20.43,7,229.167118,True
20.43,7,229.172719,True
22.4,10,229.181245,True
-11.54,4,229.185777,False
20.44,6,229.190159,True
21.42,8,229.197682,True
-11.78,3,229.199682,False
-11.79,4,229.203681,False
22.41,9,229.210749,True
21.42,8,229.217283,True
22.39,11,229.226704,True
-12.02,2,229.228718,False
19.96,4,229.232334,True
21.43,7,229.23815,True
20.44,6,229.242671,True
-10.32,7,229.249198,False
21.66,9,229.256622,True
21.19,6,229.261145,True
22.41,9,229.268661,True
20.68,7,229.275059,True
20.44,6,229.279588,True
20.44,6,229.284588,True
-11.77,2,229.286985,False
20.44,6,229.29154,True
20.2,5,229.29654,True
-11.31,6,229.301062,False
-11.36,11,229.311364,False
-9.56,6,229.316324,False
-10.34,9,229.323721,False
-11.78,3,229.327246,False
-10.32,7,229.332754,False
22.64,11,229.341872,True
-11.78,3,229.344871,False
-10.32,7,229.350386,False
-10.31,6,229.356019,False
-10.57,7,229.362012,False
20.2,5,229.366534,True
21.41,9,229.374424,True
21.43,7,229.380424,True
20.44,6,229.384937,True
20.43,7,229.391351,True
21.65,10,229.398878,True
22.37,13,229.410173,True
-10.56,6,229.415222,False
20.43,7,229.421608,True
22.59,16,229.435161,True
-10.55,5,229.439463,False
-10.57,7,229.443986,False
-10.83,8,229.451511,False
22.6,15,229.464452,True
20.44,6,229.468974,True
-10.36,11,229.478442,False
-11.53,3,229.481437,False
20.44,6,229.486442,True
-11.55,5,229.49076,False
-10.56,6,229.496762,False
20.43,7,229.502287,True
21.42,8,229.509194,True
20.44,6,229.514199,True
20.68,7,229.519716,True
22.14,11,229.529307,True
-11.31,6,229.53383,False
-11.54,4,229.537663,False
20.44,6,229.543187,True
-10.56,6,229.548193,False
-11.78,3,229.550712,False
-10.79,4,229.554585,False
-11.55,5,229.55958,False
21.42,8,229.566103,True
20.19,6,229.571623,True
21.42,8,229.578172,True
20.2,5,229.582697,True
-10.59,8,229.590154,False
-10.32,7,229.595672,False
-11.29,4,229.598672,False
-11.56,6,229.603974,False
-11.79,4,229.608253,False
20.2,5,229.61126,True
-10.79,4,229.615785,False
-11.54,4,229.618785,False
22.38,12,229.62917,True
-11.56,6,229.634684,False
21.42,8,229.64095,True
-10.59,9,229.648997,False
-11.76,1,229.648997,False
22.4,10,229.657806,True
20.2,5,229.661806,True
-11.57,7,229.667331,False
20.68,7,229.673689,True
-10.36,10,229.680745,False
22.08,17,229.694613,True
-11.56,6,229.701139,False
20.44,6,229.705381,True
21.66,9,229.712905,True
-10.57,7,230.098336,False
22.16,9,230.108841,True
20.44,6,230.114841,True
20.68,7,230.121783,True
21.43,7,230.129795,True
21.42,8,230.137704,True
-11.78,3,230.140716,False
-10.57,7,230.147725,False
-11.53,3,230.150726,False
20.44,6,230.158596,True
21.42,8,230.167098,True
-10.35,10,230.179018,False
-10.35,10,230.190937,False
21.41,9,230.201442,True
-11.79,4,230.205922,False
22.39,11,230.217964,True
-10.33,8,230.227777,False
22.38,12,230.240278,True
21.64,11,230.252288,True
20.19,6,230.259715,True
20.2,5,230.265219,True
-11.53,3,230.269219,False
-11.31,6,230.275758,False
22.35,15,230.292386,True
-11.79,4,230.296402,False
22.41,9,230.304296,True
-11.55,5,230.309802,False
20.44,6,230.314669,True
20.68,7,230.320964,True
20.67,8,230.327996,True
-11.58,8,230.334173,False
20.43,7,230.341513,True
21.18,7,230.347532,True
22.41,9,230.355432,True
20.43,7,230.360451,True
20.44,6,230.365958,True
21.42,8,230.373191,True
20.19,6,230.377714,True
-10.55,5,230.382713,False
-10.58,8,230.389932,False
22.15,10,230.397444,True
21.18,7,230.404733,True
-11.78,3,230.407795,False
21.41,9,230.415384,True
22.41,9,230.423389,True
20.43,7,230.428835,True
22.64,11,230.438638,True
-11.57,7,230.444187,False
21.42,8,230.451715,True
22.41,9,230.458948,True
20.19,6,230.464466,True
20.2,5,230.468467,True
22.59,16,230.482315,True
20.44,6,230.487582,True
21.18,7,230.4941,True
22.41,9,230.501613,True
-11.55,5,230.50587,False
22.6,15,230.517888,True
-10.59,9,230.526735,False
-11.78,3,230.528735,False
-10.33,8,230.536265,False
22.41,9,230.544023,True
20.2,5,230.548789,True
-11.55,5,230.553788,False
-11.31,6,230.55862,False
22.35,15,230.572425,True
21.41,9,230.579962,True
-12.03,3,230.581963,False
22.42,8,230.589375,True
20.44,6,230.594387,True
-11.78,3,230.59638,False
20.68,7,230.602051,True
22.62,13,230.615067,True
-12.02,2,230.616994,False
-11.32,7,230.623523,False
-11.54,4,230.627519,False
21.4,10,230.635545,True
-10.79,4,230.639545,False
20.44,6,230.644057,True
21.42,8,230.651075,True
22.41,9,230.659407,True
20.43,7,230.665075,True
22.17,8,230.671806,True
-11.56,6,230.676821,False
21.41,9,230.684341,True
-10.59,9,230.692855,False
21.19,6,230.697352,True
-11.77,2,230.699362,False
-10.33,8,230.706676,False
21.19,6,230.711677,True
-10.62,12,230.722535,False
20.44,6,230.727062,True
-11.78,3,230.730058,False
20.43,7,230.73608,True
22.4,10,230.744845,True
-11.78,3,230.747396,False
22.38,12,230.757704,True
22.16,9,230.7647,True
-10.58,8,230.772488,False
22.16,9,230.779998,True
-11.57,7,230.785998,False
-10.35,9,230.79324,False
22.39,11,230.802751,True
-10.79,4,230.805994,False
21.66,9,230.814507,True
21.43,7,230.820019,True
-10.35,10,230.828772,False
22.39,11,230.8385,True
-11.31,6,230.843012,False
20.44,6,230.849021,True
22.39,11,230.858095,True
-11.33,8,230.865762,False
-11.31,6,230.871076,False
20.68,7,230.877033,True
20.44,6,230.882032,True
21.42,8,230.888922,True
-10.58,8,230.895448,False
20.44,6,230.901443,True
20.44,6,230.906211,True
20.2,5,230.910209,True
20.44,6,230.915591,True
-11.78,3,230.918591,False
-11.55,5,230.92286,False
21.65,10,230.930386,True
20.19,6,230.936417,True
21.43,7,230.942658,True
20.2,5,230.946704,True
21.18,7,230.952699,True
20.2,5,230.957501,True
21.43,7,230.962497,True
-10.34,9,230.970006,False
-11.57,7,230.976914,False
-10.37,12,230.98642,False
20.19,6,230.991736,True
-11.54,4,230.995663,False
20.44,6,231.001174,True
20.44,6,231.005497,True
22.38,12,231.016175,True
-11.31,6,231.021123,False
-11.79,4,231.025125,False
20.2,5,231.414973,True
-11.78,3,231.418976,False
-11.57,7,231.427027,False
-10.57,7,231.436037,False
-11.31,6,231.441421,False
-11.78,3,231.443923,False
-11.57,7,231.45143,False
20.44,6,231.456964,True
-11.79,4,231.460469,False
-11.31,6,231.467479,False
20.43,7,231.475564,True
22.55,20,231.498404,True
22.4,10,231.508835,True
-11.78,3,231.511341,False
20.18,7,231.51834,True
20.67,8,231.52547,True
20.44,6,231.532974,True
21.65,10,231.54264,True
20.2,5,231.54864,True
21.87,13,231.562798,True
22.15,10,231.572323,True
20.44,6,231.578829,True
-11.78,3,231.582843,False
20.19,6,231.589454,True
20.67,8,231.600959,True
-11.78,3,231.605493,False
22.41,9,231.61502,True
22.38,12,231.626893,True
20.44,6,231.631893,True
-11.79,4,231.634398,False
21.42,8,231.642354,True
20.68,7,231.648028,True
20.43,7,231.655414,True
20.66,9,231.663017,True
19.95,5,231.667522,True
-10.55,5,231.671526,False
-11.78,3,231.674526,False
20.43,7,231.681037,True
21.38,12,231.690548,True
-11.32,7,231.696549,False
21.42,8,231.703061,True
-10.58,8,231.710282,False
-11.56,6,231.716206,False
-11.55,5,231.72129,False
-11.6,10,231.729288,False
-11.78,3,231.731725,False
-11.33,8,231.739798,False
21.41,9,231.746394,True
20.19,6,231.752417,True
-10.35,10,231.76158,False
22.16,9,231.768672,True
21.42,8,231.776257,True
20.44,6,231.780257,True
20.44,6,231.785769,True
-10.61,11,231.795934,False
20.2,5,231.799939,True
20.68,7,231.805947,True
22.63,12,231.815401,True
-11.8,5,231.819401,False
-11.77,2,231.821768,False
22.17,8,231.828293,True
20.44,6,231.833805,True
-10.57,7,231.839662,False
21.4,9,231.847175,True
-11.78,3,231.849681,False
-11.53,3,231.853118,False
22.15,10,231.861671,True
21.42,8,231.869184,True
22.4,10,231.877176,True
-10.59,9,231.884256,False
-11.78,3,231.887259,False
20.44,6,231.893353,True
20.43,7,231.899026,True
21.41,9,231.90551,True
-10.32,7,231.912035,False
20.44,6,231.917537,True
-10.33,8,231.923887,False
-10.59,9,231.93141,False
20.2,5,231.937351,True
-10.57,7,231.94341,False
-11.53,3,231.94541,False
22.61,14,231.957732,True
22.57,18,231.973233,True
-11.58,8,231.979232,False
20.67,8,231.986748,True
20.44,6,231.991617,True
-11.78,3,231.994616,False
-12.02,2,231.995616,False
20.43,7,232.002143,True
21.41,9,232.009472,True
22.64,11,232.018759,True
21.42,8,232.025608,True
-11.78,3,232.027609,False
-11.31,6,232.033126,False
-11.03,3,232.035131,False
21.42,8,232.042742,True
20.44,6,232.047752,True
20.2,5,232.051752,True
21.19,6,232.057627,True
22.64,11,232.067081,True
-11.54,4,232.070426,False
-10.79,4,232.074109,False
19.95,5,232.0782,True
20.43,7,232.083129,True
20.2,5,232.089023,True
-11.54,4,232.092018,False
-11.78,3,232.095523,False
-11.78,3,232.097529,False
20.44,6,232.102529,True
22.17,8,232.110735,True
21.42,8,232.116246,True
-11.31,6,232.122609,False
21.41,9,232.12913,True
-11.78,3,232.13213,False
20.44,6,232.13713,True
-11.79,4,232.140917,False
22.4,10,232.148442,True
22.62,13,232.159449,True
22.64,11,232.168479,True
-11.31,6,232.173959,False
21.18,7,232.179486,True
-11.81,6,232.185479,False
22.39,11,232.195369,True
-11.79,4,232.199369,False
21.42,8,232.205879,True
22.39,11,232.215408,True
-11.32,7,232.221916,False
-10.58,8,232.228432,False
20.2,5,232.233601,True
20.44,6,232.239399,True
-10.82,7,232.24491,False
-11.54,4,232.248918,False
-10.6,10,232.257356,False
22.56,19,232.272693,True
-12.03,3,232.27571,False
22.38,12,232.285756,True
22.4,10,232.29429,True
21.65,10,232.302364,True
21.43,7,232.308326,True
22.41,9,232.316501,True
21.17,8,232.323794,True
-10.58,8,232.330066,False
20.44,6,232.335585,True
20.2,5,232.339383,True
22.4,10,232.719328,True
20.2,5,232.724348,True
-11.78,3,232.727348,False
-11.79,4,232.731348,False
-10.79,4,232.736853,False
20.44,6,232.742357,True
-10.8,5,232.747861,False
-11.82,7,232.756999,False
-11.79,4,232.761513,False
-11.79,4,232.766012,False
-12.02,2,232.769012,False
21.43,7,232.776968,True
-10.57,7,232.78547,False
21.19,6,232.792055,True
20.44,6,232.799554,True
21.19,6,232.806575,True
21.41,9,232.815578,True
-11.78,3,232.820081,False
-10.82,7,232.828021,False
21.65,10,232.840083,True
20.2,5,232.845328,True
20.44,6,232.852365,True
-11.55,5,232.858887,False
20.43,7,232.866399,True
22.58,16,232.882106,True
-11.79,4,232.886106,False
20.67,8,232.894024,True
20.44,6,232.899024,True
20.43,7,232.906914,True
-10.8,5,232.91144,False
-11.34,9,232.920445,False
-11.77,2,232.92243,False
22.38,12,232.932955,True
22.57,18,232.949524,True
-12.03,3,232.953363,False
21.18,7,232.959381,True
21.18,7,232.966416,True
22.63,12,232.976326,True
20.68,7,232.982325,True
22.37,13,232.993236,True
20.42,8,232.999761,True
-10.82,7,233.006158,False
20.2,5,233.010157,True
-11.78,3,233.013156,False
20.44,6,233.018687,True
21.18,7,233.024081,True
-11.78,3,233.026599,False
21.42,8,233.033603,True
-11.78,3,233.036597,False
-11.78,3,233.03965,False
21.66,9,233.047181,True
-12.03,3,233.049704,False
22.62,13,233.061002,True
-11.79,4,233.063835,False
-11.56,6,233.069137,False
21.63,12,233.079019,True
-11.78,3,233.082023,False
-11.78,3,233.085023,False
-11.78,3,233.087327,False
-12.02,2,233.088864,False
-10.55,5,233.093308,False
22.4,10,233.101831,True
20.44,6,233.107082,True
22.16,9,233.114615,True
22.63,11,233.124576,True
21.66,9,233.132098,True
-10.31,6,233.137092,False
-10.34,9,233.144299,False
21.18,7,233.150299,True
22.4,10,233.15917,True
-10.56,6,233.164198,False
20.44,6,233.169721,True
22.17,8,233.177325,True
-11.77,2,233.179333,False
20.44,6,233.184917,True
20.19,6,233.190265,True
21.41,9,233.197787,True
20.44,6,233.20278,True
-12.03,3,233.205036,False
20.67,8,233.212036,True
21.43,7,233.217558,True
-10.57,7,233.222797,False
-11.54,4,233.226833,False
20.42,8,233.233537,True
22.61,14,233.245003,True
20.44,6,233.250524,True
-10.82,7,233.257036,False
20.44,6,233.262051,True
20.44,6,233.266569,True
-10.57,7,233.272569,False
21.66,9,233.28108,True
20.2,5,233.285081,True
21.43,7,233.291591,True
21.64,11,233.301127,True
19.95,5,233.304702,True
-11.78,3,233.307721,False
-11.54,4,233.312079,False
21.66,9,233.319656,True
22.63,12,233.330231,True
21.41,9,233.337548,True
21.67,8,233.343993,True
21.42,8,233.350514,True
-11.55,5,233.355059,False
-10.57,7,233.361581,False
-11.54,4,233.364581,False
20.2,5,233.368674,True
20.44,6,233.374748,True
21.42,8,233.381268,True
20.44,6,233.386272,True
-11.78,3,233.388661,False
20.42,8,233.39518,True
20.2,5,233.40018,True
20.44,6,233.405145,True
21.17,8,233.412145,True
-10.83,8,233.41867,False
20.19,6,233.423428,True
-10.57,7,233.429427,False
20.44,6,233.434952,True
22.16,9,233.442871,True
20.44,6,233.447395,True
22.32,18,233.462685,True
20.44,6,233.468209,True
-10.79,4,233.47153,False
-10.34,9,233.479211,False
-11.53,3,233.481228,False
-10.33,8,233.488046,False
-10.57,7,233.494042,False
21.17,8,233.501566,True
-10.59,9,233.508502,False
20.68,7,233.514502,True
21.18,7,233.52055,True
20.44,6,233.52495,True
22.37,13,233.535474,True
21.42,8,233.542447,True
20.44,6,233.547977,True
-11.54,4,233.550982,False
-11.78,3,233.553976,False
-11.82,6,233.558507,False
-11.79,4,233.562513,False
-10.81,6,233.567512,False
-11.31,6,233.572441,False
-10.8,5,233.577441,False
21.17,8,233.584505,True
-11.58,7,233.590421,False
21.18,7,233.596421,True
21.18,7,233.601946,True
21.43,7,233.60818,True
-10.34,9,233.615699,False
20.19,6,233.620584,True
-11.77,2,233.6226,False
22.38,12,233.633125,True
22.4,10,234.029962,True
-11.78,3,234.032961,False
-11.56,6,234.039416,False
21.42,8,234.047919,True
22.63,12,234.061413,True
21.41,9,234.07269,True
-10.31,6,234.078689,False
20.43,7,234.086194,True
-10.6,10,234.096252,False
22.15,10,234.108258,True
20.19,6,234.115762,True
20.19,6,234.121127,True
21.42,8,234.130631,True
22.37,13,234.144908,True
22.41,9,234.153775,True
22.15,10,234.165294,True
-11.77,2,234.167294,False
20.68,7,234.174284,True
20.2,5,234.179287,True
-11.57,7,234.187101,False
20.44,6,234.192101,True
-11.78,3,234.195602,False
22.15,10,234.20527,True
-12.02,2,234.207273,False
22.36,14,234.221201,True
20.44,6,234.227723,True
20.19,6,234.233325,True
-11.79,4,234.237586,False
-11.78,3,234.240584,False
22.14,11,234.250636,True
20.43,7,234.257935,True
22.17,8,234.264949,True
-11.32,7,234.27171,False
20.43,7,234.278226,True
-11.57,7,234.284435,False
20.2,5,234.288583,True
-10.79,4,234.292684,False
21.18,7,234.298262,True
-10.59,9,234.305852,False
21.42,8,234.313039,True
-11.77,2,234.315039,False
-11.32,7,234.321169,False
-11.33,8,234.328223,False
21.43,7,234.333747,True
-11.78,3,234.336747,False
-11.78,3,234.338748,False
-10.81,6,234.345788,False
22.39,11,234.35463,True
22.4,10,234.363058,True
-11.34,9,234.371705,False
21.18,7,234.377363,True
-11.56,6,234.382876,False
20.44,6,234.388475,True
20.44,6,234.393071,True
19.96,4,234.396146,True
20.44,6,234.401144,True
-11.79,4,234.405128,False
-10.55,5,234.40913,False
19.95,5,234.413134,True
22.37,13,234.4236,True
21.65,10,234.431614,True
20.19,6,234.437372,True
-11.79,4,234.440369,False
21.41,9,234.447911,True
21.42,8,234.454837,True
20.2,5,234.458852,True
22.6,15,234.472028,True
21.41,9,234.479072,True
22.36,14,234.491771,True
21.41,9,234.499285,True
20.68,7,234.505674,True
22.38,12,234.515201,True
21.18,7,234.521971,True
21.41,9,234.529338,True
22.4,10,234.537576,True
22.34,16,234.551107,True
21.18,7,234.557484,True
-11.54,4,234.561013,False
-11.53,3,234.56301,False
21.42,8,234.57076,True
-10.36,11,234.579773,False
22.35,14,234.59158,True
20.2,5,234.596001,True
-11.55,5,234.600511,False
22.38,12,234.609756,True
21.43,7,234.616279,True
21.18,7,234.621505,True
21.42,8,234.628519,True
-10.57,7,234.635044,False
-11.56,6,234.64028,False
20.68,7,234.6448,True
-10.57,7,234.651324,False
21.18,7,234.658164,True
21.18,7,234.662674,True
-10.37,12,234.674189,False
-12.02,2,234.676189,False
-10.33,8,234.682189,False
20.19,6,234.686987,True
22.41,9,234.694751,True
22.4,10,234.703756,True
20.44,6,234.70801,True
-11.58,8,234.715521,False
-11.54,4,234.719535,False
-10.58,8,234.726319,False
22.64,11,234.735324,True
-10.33,8,234.741711,False
20.19,6,234.747229,True
-11.55,5,234.751234,False
-10.61,11,234.760786,False
-11.78,3,234.762786,False
-10.58,8,234.770308,False
21.18,7,234.775695,True
-11.54,4,234.77922,False
-10.62,12,234.78942,False
22.41,9,234.797415,True
-11.32,7,234.803288,False
-11.79,4,234.807308,False
20.43,7,234.813832,True
-11.57,7,234.818832,False
21.19,6,234.824155,True
20.44,6,234.829155,True
-10.58,8,234.836679,False
21.41,9,234.844434,True
22.38,12,234.855061,True
22.41,9,234.862588,True
-11.78,3,234.864587,False
-10.59,9,234.873285,False
-11.55,5,234.87829,False
-11.82,7,234.883814,False
21.18,7,234.889815,True
22.38,12,234.900333,True
-10.34,8,234.907704,False
21.19,6,234.911704,True
-11.54,4,234.915228,False
-11.56,6,234.920763,False
20.2,5,234.9253,True
-11.54,4,234.9283,False
-10.58,8,234.935712,False
21.43,7,234.942258,True
-11.54,4,234.945772,False
22.62,13,235.332231,True
20.44,6,235.339711,True
20.44,6,235.870493,True
22.41,9,235.879928,True
22.11,14,235.893048,True
21.19,6,235.898558,True
-12.03,3,235.900558,False
21.41,9,235.910373,True
21.42,8,235.917364,True
-10.32,7,235.923877,False
22.61,14,235.93656,True
22.38,12,235.948079,True
-11.79,4,235.952595,False
-10.57,7,235.960058,False
20.2,5,235.964066,True
21.42,8,235.972546,True
-11.8,5,235.977545,False
-11.54,4,235.981085,False
21.63,11,235.991591,True
-10.34,9,235.999598,False
21.43,7,236.005488,True
21.41,9,236.013491,True
20.19,6,236.019005,True
20.2,5,236.023587,True
20.43,7,236.03059,True
20.2,5,236.035102,True
-10.56,6,236.040547,False
-10.55,5,236.045041,False
22.4,10,236.054566,True
-11.78,3,236.058117,False
-10.32,7,236.065117,False
-12.02,2,236.067116,False
-10.34,9,236.075548,False
21.18,7,236.081692,True
-11.57,7,236.088092,False
21.67,8,236.09612,True
-11.78,3,236.099619,False
20.19,6,236.105499,True
-10.79,4,236.108499,False
22.36,13,236.121175,True
22.4,10,236.130685,True
22.41,9,236.138248,True
-11.77,2,236.14076,False
-11.55,5,236.145092,False
-11.77,2,236.147093,False
-11.53,3,236.149098,False
20.67,8,236.15642,True
20.43,7,236.162467,True
20.43,7,236.168466,True
21.42,8,236.175323,True
22.35,15,236.188699,True
-11.31,6,236.193227,False
20.2,5,236.197225,True
-11.58,8,236.205034,False
-11.53,3,236.207034,False
21.41,9,236.214555,True
21.43,7,236.220956,True
22.63,12,236.230536,True
20.2,5,236.234824,True
22.16,9,236.243194,True
-11.78,3,236.245715,False
22.34,16,236.260128,True
21.41,9,236.267649,True
21.18,7,236.273538,True
21.42,8,236.280073,True
22.61,13,236.291382,True
-10.35,10,236.299902,False
20.44,6,236.305209,True
20.42,8,236.312786,True
-11.79,4,236.316357,False
22.64,11,236.325865,True
22.33,17,236.339731,True
22.63,12,236.350254,True
22.38,12,236.36069,True
20.2,5,236.36469,True
-10.32,7,236.370578,False
20.68,7,236.37648,True
-11.31,6,236.382,False
20.43,7,236.387892,True
22.61,13,236.399442,True
-11.35,10,236.407357,False
20.19,6,236.412877,True
-10.35,10,236.421639,False
-10.32,7,236.427651,False
20.43,7,236.433175,True
-11.31,6,236.439581,False
20.19,6,236.445097,True
-10.35,10,236.453613,False
20.43,7,236.459133,True
-11.32,7,236.465662,False
-11.32,7,236.472662,False
20.43,7,236.477706,True
21.42,8,236.484741,True
20.2,5,236.489156,True
22.4,10,236.498677,True
20.44,6,236.503676,True
20.43,7,236.509497,True
-11.78,3,236.512497,False
22.15,10,236.520919,True
-11.56,6,236.524919,False
21.43,7,236.532442,True
21.41,9,236.540727,True
-10.58,8,236.547239,False
20.41,9,236.555508,True
-10.59,9,236.563047,False
-10.57,7,236.569572,False
-11.54,4,236.572886,False
-10.35,10,236.581409,False
-10.57,7,236.588003,False
20.43,7,236.593524,True
-10.79,4,236.597578,False
21.18,7,236.603464,True
20.68,7,236.609478,True
20.44,6,236.613998,True
22.4,10,236.622291,True
21.42,8,236.629291,True
-11.54,4,236.632814,False
22.62,13,236.643703,True
22.62,13,236.654593,True
21.18,7,236.660109,True
-9.56,6,236.665634,False
21.18,7,236.670943,True
21.42,8,236.678467,True
21.19,6,236.683504,True
21.66,9,236.692214,True
22.17,8,236.699734,True
20.19,6,236.705088,True
20.43,7,236.711088,True
21.42,8,236.717612,True
-11.31,6,236.722988,False
21.42,8,236.729509,True
20.44,6,236.735509,True
-11.55,5,236.739313,False
-10.57,7,236.745823,False
22.4,10,236.754238,True
21.41,9,236.761808,True
20.2,5,237.161467,True
-11.31,6,237.168479,False
21.18,7,237.177346,True
20.43,7,237.185353,True
-11.57,7,237.193893,False
-11.79,4,237.198415,False
21.43,7,237.206342,True
-11.77,2,237.209346,False
-11.56,6,237.215345,False
22.65,10,237.227293,True
20.2,5,237.233295,True
-10.34,9,237.243927,False
-11.56,6,237.250435,False
20.19,6,237.257912,True
22.4,10,237.269453,True
20.2,5,237.275489,True
21.18,7,237.283018,True
22.35,15,237.296829,True
-10.55,5,237.30287,False
22.17,8,237.312392,True
20.44,6,237.319391,True
21.42,8,237.328597,True
-11.31,6,237.334102,False
20.43,7,237.34075,True
22.17,8,237.349855,True
20.42,8,237.358541,True
-10.32,7,237.365435,False
20.67,8,237.372953,True
21.43,7,237.378978,True
20.43,7,237.384637,True
20.2,5,237.389986,True
-10.81,6,237.394904,False
21.42,8,237.401429,True
22.16,9,237.409401,True
21.41,9,237.416402,True
19.95,5,237.421178,True
20.44,6,237.426173,True
-11.33,8,237.433697,False
21.42,8,237.440549,True
-10.32,7,237.446553,False
22.65,10,237.45433,True
-10.34,9,237.461849,False
-11.79,4,237.465373,False
20.2,5,237.469374,True
22.24,26,237.492464,True
-11.54,4,237.495976,False
-11.78,3,237.498976,False
21.43,7,237.505027,True
21.16,9,237.513041,True
-10.6,10,237.521568,False
-10.79,4,237.524567,False
-12.02,2,237.527095,False
-10.79,4,237.530094,False
21.66,9,237.537846,True
-11.32,7,237.543842,False
-10.35,10,237.552013,False
20.19,6,237.557233,True
-11.54,4,237.560755,False
22.39,10,237.568803,True
-10.33,8,237.575542,False
-11.77,2,237.57758,False
-11.55,5,237.582079,False
-11.55,5,237.586594,False
22.17,8,237.593365,True
-10.35,9,237.600873,False
-11.32,7,237.607209,False
20.44,6,237.611736,True
22.4,10,237.619735,True
-9.82,7,237.627016,False
21.18,7,237.632528,True
20.66,9,237.639874,True
-11.31,6,237.645402,False
21.41,9,237.652921,True
20.43,7,237.661156,True
20.2,5,237.666227,True
20.44,6,237.6715,True
-10.33,7,237.677026,False
-11.8,5,237.681026,False
20.19,6,237.686551,True
-10.35,10,237.69531,False
-11.32,7,237.701309,False
22.4,10,237.709539,True
20.44,6,237.714539,True
-11.55,5,237.718547,False
20.44,6,237.725036,True
20.67,8,237.73156,True
20.44,6,237.737451,True
-11.78,3,237.739449,False
22.36,13,237.750063,True
-10.63,13,237.761507,False
21.42,8,237.768549,True
22.59,15,237.781322,True
-11.8,5,237.785322,False
-10.58,8,237.792564,False
21.42,8,237.799084,True
-11.54,4,237.802084,False
-11.78,3,237.805328,False
20.44,6,237.809862,True
22.58,17,237.824603,True
-11.54,4,237.827603,False
-10.58,8,237.83463,False
-11.32,7,237.840383,False
20.44,6,237.846185,True
21.42,8,237.852697,True
20.43,7,237.857938,True
-11.57,7,237.864952,False
21.66,9,237.87174,True
-11.78,3,237.874746,False
22.41,9,237.882263,True
-10.57,7,237.888487,False
-11.54,4,237.891998,False
-10.59,9,237.899682,False
20.41,9,237.907213,True
20.2,5,237.911213,True
20.42,8,237.917732,True
20.2,5,237.921977,True
-10.58,8,237.929502,False
-11.53,3,237.931502,False
21.39,11,237.941254,True
-10.79,4,237.945253,False
22.36,14,237.95727,True
-11.31,6,237.962278,False
-11.56,6,237.96781,False
-11.55,5,237.972092,False
20.68,7,237.977612,True
-11.31,6,237.983135,False
20.43,7,237.989581,True
-10.34,9,237.997576,False
-11.56,6,238.002104,False
22.38,12,238.012871,True
-10.57,7,238.020791,False
-11.79,4,238.02378,False
-11.54,4,238.02678,False
-10.55,5,238.031307,False
-10.59,9,238.0393,False
-10.8,5,238.043823,False
-11.56,6,238.049829,False
22.65,10,238.057355,True
20.44,6,238.062881,True
20.44,6,238.067411,True
-11.78,3,238.07065,False
21.38,12,238.081167,True
-10.36,11,238.461926,False
20.68,7,238.469432,True
21.41,9,238.477358,True
21.19,6,238.483375,True
22.41,9,238.493962,True
22.38,12,238.507804,True
-11.55,5,238.514309,False
-11.31,6,238.520785,False
21.18,7,238.527313,True
20.2,5,238.532312,True
21.19,6,238.5396,True
-11.77,2,238.5416,False
20.44,6,238.547106,True
-11.82,7,238.554534,False
-10.34,9,238.563537,False
20.2,5,238.569546,True
22.17,8,238.57905,True
22.59,16,238.594267,True
-10.56,6,238.601774,False
-11.79,4,238.605181,False
22.64,11,238.617187,True
-11.56,6,238.623755,False
-10.56,6,238.630279,False
-11.79,4,238.635279,False
-10.56,6,238.642329,False
21.66,9,238.651834,True
-10.32,7,238.659336,False
-10.55,5,238.663848,False
20.68,7,238.671295,True
21.42,8,238.678295,True
21.43,7,238.685343,True
21.43,7,238.69194,True
21.18,7,238.69794,True
20.44,6,238.703947,True
-11.81,6,238.708943,False
22.4,10,238.717465,True
20.2,5,238.722546,True
-12.02,2,238.723562,False
21.42,8,238.730561,True
-11.54,4,238.734086,False
21.42,8,238.741568,True
22.64,11,238.75009,True
20.43,7,238.756102,True
-10.34,9,238.763623,False
-10.8,5,238.767657,False
-11.55,5,238.772104,False
21.42,8,238.778625,True
21.41,9,238.786529,True
20.19,6,238.792069,True
-11.78,3,238.794083,False
20.19,6,238.799606,True
21.41,9,238.807231,True
20.67,8,238.814705,True
22.62,13,238.824754,True
22.38,12,238.835271,True
20.68,7,238.840871,True
-11.53,3,238.843871,False
20.2,5,238.848373,True
21.43,7,238.854844,True
-11.77,2,238.855991,False
19.96,4,238.859507,True
-11.54,4,238.863593,False
22.41,9,238.870879,True
-9.56,6,238.876327,False
22.37,13,238.88699,True
-10.81,6,238.891693,False
-11.78,3,238.894693,False
20.2,5,238.899018,True
-11.82,7,238.904904,False
20.44,6,238.910826,True
21.41,9,238.918414,True
-10.58,8,238.926388,False
-11.55,5,238.931378,False
21.42,8,238.938629,True
20.44,6,238.94313,True
20.19,6,238.948137,True
20.68,7,238.954212,True
20.44,6,238.959314,True
-12.02,2,238.961322,False
-11.54,4,238.964908,False
-11.53,3,238.96698,False
20.2,5,238.97176,True
20.44,6,238.976394,True
-11.78,3,238.978395,False
-11.56,6,238.983906,False
-11.55,5,238.989054,False
-11.06,6,238.994058,False
21.43,7,238.999731,True
22.17,8,239.007244,True
-10.33,8,239.014243,False
22.63,12,239.024026,True
-11.55,5,239.028551,False
22.56,19,239.044366,True
22.36,14,239.056212,True
20.19,6,239.061738,True
20.4,10,239.071132,True
-10.81,6,239.076126,False
21.14,11,239.085641,True
21.17,8,239.092989,True
21.19,6,239.097988,True
22.16,9,239.106122,True
-10.32,7,239.112633,False
-11.32,7,239.118633,False
20.2,5,239.122158,True
22.6,15,239.134684,True
21.18,7,239.14092,True
20.2,5,239.146111,True
21.41,9,239.152635,True
-10.8,5,239.157928,False
20.44,6,239.163448,True
-10.79,4,239.166448,False
-10.57,7,239.172917,False
21.18,7,239.178916,True
20.19,6,239.183434,True
-11.32,7,239.190847,False
20.43,7,239.196359,True
22.16,9,239.204971,True
-11.77,2,239.207013,False
-10.34,9,239.213634,False
20.44,6,239.219684,True
22.25,25,239.240069,True
-10.32,7,239.246582,False
-10.64,14,239.259002,False
-11.78,3,239.261998,False
-11.8,5,239.266509,False
20.44,6,239.27195,True
-11.77,2,239.273947,False
-10.83,8,239.28048,False
-11.55,5,239.285471,False
-11.54,4,239.288886,False
-10.57,7,239.294407,False
20.2,5,239.298918,True
-10.36,11,239.307814,False
22.63,12,239.317927,True
-11.78,3,239.321344,False
-11.35,10,239.329385,False
21.4,10,239.337269,True
21.41,9,239.345817,True
21.42,8,239.352344,True
-11.77,2,239.353909,False
-10.81,6,239.358642,False
20.43,7,239.365163,True
-11.32,7,239.37092,False
20.18,7,239.37693,True
22.4,10,239.384955,True
-11.78,3,239.388511,False
22.13,12,239.772768,True
22.65,10,239.784283,True
20.2,5,239.790093,True
21.18,7,239.797622,True
-10.81,6,239.804594,False
-11.78,3,239.80859,False
21.42,8,239.817621,True
22.15,10,239.829508,True
22.14,11,239.842093,True
-11.8,5,239.8481,False
21.4,10,239.859275,True
-11.56,6,239.86678,False
-11.31,6,239.873868,False
20.93,7,239.881868,True
22.64,11,239.893743,True
-10.57,7,239.899868,False
-11.55,5,239.905042,False
22.34,15,239.922092,True
-11.54,4,239.927598,False
20.44,6,239.934597,True
22.37,13,239.948826,True
22.35,15,239.964857,True
20.2,5,239.969704,True
21.42,8,239.977758,True
22.4,10,239.986242,True
-10.57,7,239.993579,False
22.4,10,240.00328,True
-10.56,6,240.009293,False
20.68,7,240.015813,True
22.35,15,240.028224,True
21.41,9,240.035733,True
20.43,7,240.04183,True
21.4,10,240.049828,True
-11.31,6,240.054787,False
-11.57,7,240.061782,False
-10.82,7,240.067307,False
-11.55,5,240.072145,False
-11.53,3,240.07469,False
22.53,22,240.094394,True
20.44,6,240.099385,True
-11.78,3,240.101384,False
-12.03,3,240.104532,False
-11.78,3,240.106557,False
-11.57,7,240.112557,False
-11.53,3,240.115084,False
21.42,8,240.122329,True
20.2,5,240.126844,True
21.42,8,240.133843,True
20.2,5,240.138855,True
20.2,5,240.14386,True
20.19,6,240.148386,True
22.38,12,240.158916,True
20.2,5,240.162914,True
-12.03,3,240.164913,False
22.15,10,240.173438,True
21.18,7,240.179483,True
20.2,5,240.182483,True
-9.82,7,240.189085,False
22.4,10,240.196606,True
-11.55,5,240.201123,False
20.44,6,240.206462,True
-11.54,4,240.209987,False
20.2,5,240.213987,True
-10.56,6,240.219847,False
21.19,6,240.224869,True
-11.8,5,240.229475,False
-11.57,7,240.235485,False
22.4,10,240.242518,True
-11.77,2,240.245522,False
22.37,12,240.255358,True
21.42,8,240.261868,True
20.44,6,240.266874,True
21.42,8,240.273694,True
-11.78,3,240.276705,False
22.33,17,240.290545,True
-10.56,6,240.29707,False
20.44,6,240.30107,True
20.44,6,240.306861,True
20.44,6,240.311861,True
-11.78,3,240.314384,False
22.62,13,240.325332,True
22.39,11,240.333849,True
20.44,6,240.33914,True
21.18,7,240.345663,True
-10.57,7,240.351195,False
20.2,5,240.356151,True
-9.8,5,240.36015,False
-11.76,1,240.36115,False
22.34,16,240.374418,True
20.43,7,240.380443,True
22.37,12,240.390253,True
-11.79,4,240.393254,False
20.2,5,240.397781,True
22.41,9,240.405147,True
-11.32,7,240.411661,False
20.68,7,240.417167,True
20.43,7,240.422724,True
21.4,10,240.431246,True
-10.57,7,240.437729,False
22.17,8,240.444253,True
-11.82,6,240.448765,False
19.95,5,240.453251,True
22.39,11,240.461792,True
-12.02,2,240.463791,False
-10.56,6,240.468791,False
-10.58,8,240.475735,False
-11.56,6,240.48126,False
20.43,7,240.486777,True
20.67,8,240.492735,True
20.44,6,240.497735,True
21.66,9,240.504741,True
20.2,5,240.50874,True
-11.78,3,240.51174,False
-11.54,4,240.514917,False
20.68,7,240.520355,True
-11.53,3,240.522903,False
22.17,8,240.529904,True
21.66,9,240.537898,True
20.68,7,240.543401,True
20.2,5,240.547409,True
20.68,7,240.553926,True
-11.8,5,240.558244,False
-11.55,5,240.562245,False
21.42,8,240.568768,True
20.2,5,240.573029,True
20.44,6,240.578555,True
-11.56,6,240.583555,False
22.38,12,240.593407,True
-11.53,3,240.595927,False
19.96,4,240.598931,True
20.19,6,240.60432,True
-12.03,3,240.606839,False
20.19,6,240.611847,True
22.4,10,240.620623,True
21.65,10,240.629143,True
-11.78,3,240.631142,False
-10.8,5,240.635142,False
-11.56,6,240.640449,False
-11.78,3,240.643448,False
-10.35,10,240.651963,False
-12.02,2,240.653327,False
21.42,8,240.659866,True
-11.53,3,240.662866,False
20.44,6,240.667866,True
20.68,7,240.675203,True
20.44,6,240.679732,True
20.43,7,240.685955,True
22.4,10,241.066422,True
21.42,8,241.075501,True
22.17,8,241.085,True
-10.81,6,241.092059,False
-11.56,6,241.09956,False
-9.82,7,241.108103,False
-11.55,5,241.113607,False
20.2,5,241.118607,True
-11.54,4,241.122676,False
22.17,8,241.131177,True
-11.32,7,241.139615,False
20.44,6,241.146119,True
22.17,8,241.155161,True
-11.55,5,241.161153,False
-11.77,2,241.163657,False
22.35,15,241.180185,True
-10.57,7,241.187196,False
-11.54,4,241.192209,False
22.63,12,241.206148,True
20.44,6,241.213148,True
21.42,8,241.222653,True
-11.31,6,241.230181,False
-10.84,9,241.240254,False
20.2,5,241.245254,True
22.38,12,241.257782,True
22.39,11,241.268307,True
-10.58,8,241.275606,False
-11.55,5,241.280663,False
20.44,6,241.285991,True
-11.78,3,241.28953,False
20.44,6,241.295053,True
-10.34,9,241.302577,False
-12.02,2,241.304969,False
21.15,10,241.313372,True
21.41,9,241.320736,True
-10.33,8,241.327734,False
-11.77,2,241.329735,False
-11.33,8,241.336248,False
20.19,6,241.340993,True
-10.61,10,241.349997,False
-10.82,7,241.355916,False
-11.79,4,241.358916,False
21.19,6,241.364442,True
-10.56,6,241.369442,False
20.44,6,241.37421,True
-11.79,4,241.377721,False
21.43,7,241.38426,True
22.37,13,241.39456,True
21.4,10,241.403377,True
20.44,6,241.408384,True
22.41,9,241.416905,True
22.16,9,241.42493,True
22.4,10,241.432929,True
-11.31,6,241.43793,False
22.31,19,241.453453,True
-11.78,3,241.455448,False
21.42,8,241.462462,True
20.42,8,241.468988,True
22.4,10,241.478272,True
22.41,9,241.484797,True
22.56,18,241.500171,True
-10.33,8,241.507051,False
20.2,5,241.511066,True
22.6,15,241.523212,True
-11.53,3,241.52622,False
-11.57,7,241.531745,False
20.44,6,241.537183,True
-11.32,7,241.54322,False
22.11,14,241.554993,True
-11.54,4,241.557993,False
22.4,10,241.566524,True
20.43,7,241.572792,True
20.2,5,241.577119,True
20.43,7,241.583164,True
22.16,9,241.590104,True
20.19,6,241.595649,True
-11.56,6,241.601151,False
20.68,7,241.606516,True
-11.54,4,241.609516,False
22.6,15,241.622794,True
21.41,9,241.630792,True
21.13,12,241.640556,True
21.42,8,241.647074,True
20.19,6,241.653079,True
20.67,8,241.659385,True
-10.59,9,241.667479,False
20.43,7,241.672884,True
20.44,6,241.67741,True
20.43,7,241.684445,True
-11.32,7,241.690816,False
20.2,5,241.694817,True
21.43,7,241.700834,True
-11.77,2,241.701841,False
20.2,5,241.706566,True
20.43,7,241.712563,True
-12.02,2,241.714563,False
-11.57,7,241.720085,False
-10.79,4,241.723771,False
21.93,7,241.730304,True
-11.54,4,241.733304,False
20.67,8,241.739783,True
21.18,7,241.745301,True
20.2,5,241.749818,True
-11.77,2,241.751825,False
20.19,6,241.757862,True
21.17,8,241.763943,True
-11.78,3,241.766943,False
20.68,7,241.773097,True
20.42,8,241.779143,True
20.44,6,241.78416,True
20.2,5,241.788905,True
-10.32,7,241.794445,False
22.6,15,241.807199,True
20.67,8,241.813725,True
20.44,6,241.818721,True
22.58,16,241.832216,True
-11.54,4,241.835216,False
20.2,5,241.839454,True
22.63,12,241.849981,True
20.44,6,241.854897,True
22.4,10,241.863425,True
-11.77,2,241.865424,False
20.66,9,241.872378,True
-11.57,7,241.878392,False
-11.77,2,241.880915,False
21.42,8,241.888017,True
-10.59,9,242.393503,False
21.18,7,242.399016,True
22.37,13,242.412861,True
-9.84,9,242.421067,False
-11.55,5,242.425579,False
21.19,6,242.430578,True
20.68,7,242.43709,True
22.39,11,242.446618,True
22.12,12,242.457142,True
21.18,7,242.463141,True
-11.32,7,242.469903,False
21.42,8,242.476448,True
21.18,7,242.482966,True
20.68,7,242.873671,True
-10.35,10,242.884697,False
-11.54,4,242.88928,False
-10.57,7,242.895791,False
22.39,11,242.907316,True
20.44,6,242.914316,True
-10.34,9,242.924451,False
-11.56,6,242.930974,False
22.41,9,242.939224,True
-11.32,7,242.945224,False
22.16,9,242.955274,True
21.43,7,242.961793,True
22.12,13,242.974253,True
21.41,9,242.983772,True
-11.77,2,242.98495,False
22.64,11,242.995647,True
22.35,15,243.010727,True
20.43,7,243.019083,True
20.44,6,243.025109,True
22.5,25,243.052647,True
20.19,6,243.059661,True
20.44,6,243.067177,True
21.43,7,243.074032,True
22.62,13,243.086397,True
-11.8,5,243.09042,False
22.39,11,243.101927,True
-11.54,4,243.105785,False
22.37,13,243.118304,True
22.15,10,243.126209,True
22.38,12,243.13711,True
20.68,7,243.143104,True
20.44,6,243.14763,True
-11.54,4,243.15063,False
22.59,16,243.164524,True
-10.81,6,243.169045,False
20.44,6,243.175262,True
20.68,7,243.180774,True
-11.8,5,243.185287,False
-12.02,2,243.186287,False
22.38,12,243.196874,True
21.18,7,243.202316,True
20.44,6,243.208278,True
22.63,12,243.217291,True
22.6,15,243.230114,True
-11.78,3,243.232781,False
22.14,11,243.242791,True
-10.33,8,243.249928,False
-11.77,2,243.252329,False
-11.54,4,243.255769,False
-10.34,9,243.263294,False
20.43,7,243.269597,True
20.2,5,243.273633,True
22.15,10,243.282141,True
-10.34,9,243.289907,False
20.44,6,243.294437,True
22.38,12,243.304849,True
21.43,7,243.312365,True
-10.55,5,243.317369,False
20.44,6,243.322804,True
-10.58,8,243.33024,False
-10.6,10,243.338628,False
20.44,6,243.344296,True
22.61,14,243.35589,True
22.62,13,243.366538,True
20.18,7,243.37352,True
22.63,12,243.383083,True
20.43,7,243.390106,True
20.68,7,243.395106,True
20.44,6,243.400619,True
20.44,6,243.405928,True
20.19,6,243.410433,True
22.61,14,243.422737,True
20.44,6,243.427736,True
-11.32,7,243.434249,False
20.2,5,243.438249,True
-10.59,9,243.446711,False
20.43,7,243.452519,True
-10.57,7,243.458539,False
-11.77,2,243.460539,False
20.2,5,243.464062,True
20.44,6,243.469062,True
-11.53,3,243.471434,False
21.19,6,243.476961,True
20.2,5,243.481965,True
-11.57,7,243.487622,False
21.42,8,243.494539,True
-11.55,5,243.499302,False
20.44,6,243.504376,True
20.2,5,243.508047,True
-10.57,7,243.514473,False
-11.31,6,243.51948,False
20.19,6,243.525451,True
-11.77,2,243.526525,False
21.42,8,243.533451,True
-12.02,2,243.536277,False
-10.58,8,243.542368,False
20.68,7,243.547804,True
20.44,6,243.552804,True
19.96,4,243.556857,True
22.63,12,243.567295,True
20.43,7,243.572673,True
22.17,8,243.579107,True
20.68,7,243.585106,True
-10.61,11,243.594956,False
22.4,10,243.603848,True
21.66,9,243.611282,True
-11.53,3,243.613282,False
20.43,7,243.620117,True
20.44,6,243.625101,True
-11.78,3,243.627101,False
-10.33,8,243.634613,False
-11.54,4,243.637882,False
19.96,4,243.641409,True
-10.32,7,243.647409,False
21.18,7,243.652928,True
-11.34,9,243.660752,False
-10.55,5,243.664756,False
20.2,5,243.668752,True
-10.6,10,243.678083,False
-11.32,7,243.683608,False
-11.56,6,243.688909,False
-10.34,8,243.695431,False
-11.57,7,243.701126,False
-11.79,4,243.704932,False
20.2,5,243.709001,True
21.39,10,243.717618,True
-10.39,14,243.729657,False
21.43,7,243.736088,True
20.43,7,243.742383,True
22.4,10,243.751894,True
21.19,6,243.757101,True
21.41,9,243.763794,True
20.67,8,243.770999,True
22.36,14,243.783174,True
22.39,11,244.173015,True
20.19,6,244.180521,True
20.2,5,244.186528,True
20.44,6,244.194054,True
20.19,6,244.201148,True
20.44,6,244.208194,True
21.67,8,244.217698,True
22.41,9,244.226315,True
-10.33,8,244.23437,False
20.43,7,244.241996,True
21.19,6,244.249501,True
22.52,23,244.275731,True
-11.78,3,244.279836,False
20.2,5,244.284836,True
-10.56,6,244.29146,False
20.18,7,244.298029,True
20.2,5,244.303006,True
22.41,9,244.311524,True
22.24,26,244.34183,True
21.43,7,244.349334,True
21.42,8,244.357323,True
-11.3,5,244.363827,False
20.67,8,244.372208,True
-10.55,5,244.377275,False
-12.02,2,244.379275,False
20.2,5,244.383786,True
20.2,5,244.387801,True
20.42,8,244.395852,True
-11.57,7,244.401852,False
20.43,7,244.408063,True
22.15,10,244.416584,True
22.39,10,244.425686,True
-11.56,6,244.430692,False
20.44,6,244.436224,True
20.68,7,244.44145,True
20.2,5,244.445962,True
20.43,7,244.451977,True
-11.8,5,244.45687,False
22.38,12,244.466876,True
20.2,5,244.470713,True
22.14,10,244.479234,True
-10.58,8,244.486234,False
20.43,7,244.492507,True
22.57,18,244.507324,True
-11.78,3,244.50985,False
20.43,7,244.515849,True
20.41,9,244.523649,True
-10.33,8,244.530168,False
21.43,7,244.536172,True
-10.61,11,244.545247,False
21.92,8,244.551773,True
-10.83,8,244.559558,False
21.92,8,244.566099,True
20.43,7,244.571477,True
22.57,18,244.587485,True
20.44,6,244.59249,True
22.61,14,244.604901,True
22.16,9,244.612406,True
20.68,7,244.617935,True
-10.55,5,244.622403,False
20.2,5,244.626928,True
22.57,18,244.641797,True
20.44,6,244.647319,True
20.2,5,244.651319,True
20.44,6,244.656394,True
20.44,6,244.662316,True
20.18,7,244.667902,True
20.2,5,244.67228,True
20.43,7,244.677957,True
21.41,9,244.685395,True
-11.77,2,244.687712,False
20.43,7,244.693234,True
21.41,9,244.700377,True
21.4,10,244.709281,True
-11.81,6,244.714284,False
-11.55,5,244.718807,False
20.43,7,244.724036,True
-10.37,12,244.734558,False
20.68,7,244.740319,True
-10.59,9,244.747318,False
22.6,15,244.760589,True
-10.32,7,244.766112,False
22.15,10,244.774042,True
22.38,12,244.784564,True
21.4,10,244.79283,True
22.4,10,244.801347,True
21.18,7,244.80717,True
22.4,10,244.815691,True
21.42,8,244.822455,True
-10.79,4,244.825453,False
21.17,8,244.831964,True
-11.79,4,244.835978,False
-10.6,9,244.843732,False
-11.31,6,244.848732,False
22.37,13,244.860088,True
20.94,6,244.864613,True
-11.82,7,244.870851,False
-11.55,5,244.875369,False
20.44,6,244.879369,True
-10.33,8,244.887116,False
-11.78,3,244.889115,False
22.38,11,244.898174,True
20.42,8,244.905486,True
22.15,10,244.914487,True
-11.77,2,244.915993,False
-10.8,5,244.921001,False
-11.55,5,244.924994,False
-10.57,7,244.93151,False
20.44,6,244.936516,True
-11.57,7,244.943041,False
22.09,16,244.956033,True
-11.79,4,244.959558,False
21.43,7,244.965784,True
22.37,13,244.976512,True
20.43,7,244.982037,True
20.19,6,244.987314,True
20.17,8,244.994964,True
-11.54,4,244.998469,False
-10.33,8,245.004955,False
19.95,5,245.009632,True
-10.58,8,245.016775,False
21.18,7,245.02277,True
22.38,11,245.032224,True
21.42,8,245.038601,True
21.18,7,245.04512,True
-10.8,5,245.04912,False
20.19,6,245.054906,True
-11.53,3,245.057582,False
-11.31,6,245.062106,False
-11.77,2,245.064106,False
-10.32,7,245.070585,False
20.41,9,245.078659,True
22.41,9,245.085182,True
20.43,7,245.091822,True
-11.54,4,245.489473,False
-10.58,8,245.497989,False
21.65,10,245.509543,True
20.44,6,245.517048,True
20.68,7,245.524694,True
-11.58,8,245.532205,False
22.64,11,245.543184,True
22.16,9,245.552184,True
21.18,7,245.559243,True
20.44,6,245.566748,True
21.42,8,245.575832,True
-11.33,8,245.585879,False
-11.53,3,245.588896,False
21.91,9,245.597906,True
-11.54,4,245.601906,False
20.44,6,245.60935,True
22.36,14,245.624424,True
22.42,33,245.661648,True
21.66,9,245.670805,True
20.44,6,245.677805,True
-11.31,6,245.684312,False
20.43,7,245.691117,True
22.39,11,245.701892,True
22.61,14,245.714666,True
22.37,13,245.725929,True
21.4,10,245.734437,True
20.17,8,245.741342,True
-10.56,6,245.746844,False
21.14,11,245.756196,True
22.38,12,245.766225,True
21.18,7,245.772345,True
22.14,11,245.781858,True
-10.58,8,245.789201,False
-10.58,8,245.795214,False
21.43,7,245.80122,True
20.44,6,245.806844,True
22.15,10,245.815385,True
20.44,6,245.820742,True
22.16,9,245.828264,True
-11.78,3,245.830264,False
22.15,10,245.840145,True
20.42,8,245.84667,True
22.38,12,245.85761,True
-11.77,2,245.858611,False
20.44,6,245.863611,True
22.15,10,245.872493,True
20.43,7,245.879017,True
21.66,9,245.886446,True
22.41,9,245.893481,True
20.2,5,245.898522,True
-11.78,3,245.901152,False
20.44,6,245.905621,True
20.44,6,245.911144,True
-10.58,8,245.918649,False
20.44,6,245.923964,True
22.38,12,245.934481,True
20.94,6,245.940026,True
-11.78,3,245.942025,False
-9.82,7,245.948526,False
22.41,9,245.956001,True
-11.54,4,245.959519,False
21.41,9,245.968524,True
20.43,7,245.974198,True
22.36,14,245.986737,True
-11.53,3,245.98873,False
-11.56,6,245.994251,False
-12.02,2,245.996785,False
20.67,8,246.003301,True
20.44,6,246.009301,True
21.18,7,246.014596,True
-10.37,12,246.025529,False
-11.78,3,246.027527,False
20.67,8,246.034051,True
22.14,11,246.043898,True
21.42,8,246.050898,True
22.6,15,246.064118,True
20.44,6,246.069118,True
20.2,5,246.073471,True
20.68,7,246.078983,True
21.43,7,246.085494,True
-12.02,2,246.086976,False
20.19,6,246.092957,True
22.4,10,246.100985,True
-11.56,6,246.106963,False
20.43,7,246.112963,True
21.41,9,246.120904,True
-10.06,6,246.125902,False
20.19,6,246.131236,True
20.2,5,246.135236,True
-11.78,3,246.137747,False
-11.54,4,246.140741,False
22.65,10,246.149266,True
22.64,11,246.158327,True
21.17,8,246.165253,True
20.19,6,246.170006,True
22.17,8,246.177003,True
-11.32,7,246.182525,False
-10.31,6,246.188508,False
21.42,8,246.194523,True
-11.81,6,246.19955,False
22.33,17,246.213456,True
21.18,7,246.219966,True
-11.78,3,246.22238,False
21.18,7,246.227904,True
21.18,7,246.23401,True
20.44,6,246.239379,True
22.4,10,246.246905,True
21.41,9,246.254791,True
20.19,6,246.259797,True
20.68,7,246.265322,True
21.67,8,246.272091,True
-11.32,7,246.278425,False
20.19,6,246.28293,True
20.68,7,246.289422,True
20.42,8,246.295933,True
-10.79,4,246.299445,False
21.65,10,246.308158,True
-10.84,9,246.315694,False
-11.53,3,246.318693,False
-11.78,3,246.321105,False
20.44,6,246.326607,True
-10.35,10,246.335112,False
22.4,10,246.343602,True
20.2,5,246.347128,True
21.66,9,246.355461,True
21.4,10,246.363973,True
22.59,16,246.377501,True
21.39,11,246.385501,True
-10.34,9,246.3944,False
20.67,8,246.400924,True
20.19,6,246.406127,True
-11.78,3,246.408654,False
22.38,12,246.803412,True
-10.57,7,246.81164,False
21.42,8,246.820636,True
-10.82,7,246.829153,False
20.44,6,246.835159,True
22.58,16,246.854115,True
20.2,5,246.860616,True
20.19,6,246.867618,True
22.14,11,246.879892,True
-10.58,8,246.888848,False
22.4,10,246.899854,True
21.42,8,246.908868,True
22.36,13,246.924525,True
22.64,11,246.93603,True
-10.56,6,246.941685,False
22.39,10,246.952694,True
21.18,7,246.96076,True
-11.35,10,246.972487,False
-10.79,4,246.976993,False
20.19,6,246.983992,True
20.43,7,246.992595,True
22.41,9,247.000643,True
-10.57,7,247.007495,False
22.41,9,247.016222,True
22.38,12,247.025987,True
21.18,7,247.032513,True
20.19,6,247.038028,True
-10.79,4,247.042046,False
21.43,7,247.047044,True
20.68,7,247.0539,True
20.2,5,247.058897,True
22.17,8,247.065421,True
-11.78,3,247.067421,False
22.56,19,247.084232,True
-11.79,4,247.087233,False
21.18,7,247.093766,True
-11.33,8,247.10082,False
-10.57,7,247.106283,False
20.2,5,247.111284,True
-11.79,4,247.113805,False
22.6,15,247.127611,True
21.42,8,247.134139,True
21.17,8,247.1404,True
-11.32,7,247.146923,False
20.42,8,247.154257,True
-10.32,7,247.160256,False
21.17,8,247.167412,True
22.4,10,247.176414,True
21.41,9,247.183914,True
21.18,7,247.191463,True
22.39,11,247.201498,True
21.18,7,247.207427,True
-11.79,4,247.212153,False
20.44,6,247.217689,True
-10.56,6,247.223116,False
-10.55,5,247.22822,False
22.33,17,247.243532,True
20.44,6,247.249038,True
-11.55,5,247.253379,False
22.38,11,247.262929,True
20.19,6,247.267454,True
-10.58,7,247.273764,False
20.44,6,247.279778,True
20.2,5,247.283778,True
20.44,6,247.288605,True
-10.57,7,247.294255,False
21.18,7,247.300778,True
-11.83,8,247.30824,False
-11.55,5,247.311761,False
20.43,7,247.317277,True
-11.57,7,247.32411,False
-10.79,4,247.32711,False
21.42,8,247.334633,True
21.4,10,247.342516,True
-11.79,4,247.346517,False
22.14,11,247.355427,True
20.44,6,247.360946,True
-11.54,4,247.36447,False
-11.57,7,247.37064,False
22.6,15,247.382414,True
-9.83,8,247.389757,False
22.36,13,247.400285,True
20.44,6,247.406049,True
-11.53,3,247.408049,False
20.67,8,247.415251,True
20.44,6,247.419912,True
20.2,5,247.424464,True
-10.6,10,247.432975,False
20.2,5,247.437242,True
-11.77,2,247.439238,False
-11.53,3,247.441238,False
20.19,6,247.446751,True
-11.3,5,247.45175,False
-11.79,4,247.455031,False
20.44,6,247.460029,True
21.18,7,247.466557,True
20.44,6,247.471973,True
21.42,8,247.478494,True
21.17,8,247.484494,True
-11.56,6,247.490435,False
-10.58,8,247.496773,False
-11.78,3,247.499786,False
20.43,7,247.506231,True
20.66,8,247.512959,True
21.66,9,247.519483,True
21.17,8,247.527234,True
20.44,6,247.532239,True
-11.54,4,247.535239,False
-10.83,7,247.541505,False
21.39,10,247.550029,True
21.42,8,247.557445,True
21.18,7,247.563941,True
-11.78,3,247.566381,False
21.18,7,247.572153,True
-10.62,12,247.582186,False
21.42,8,247.589698,True
-10.35,10,247.597953,False
21.42,8,247.6049,True
19.95,5,247.6089,True
21.19,6,247.614425,True
-11.78,3,247.616425,False
21.93,7,247.622813,True
-10.56,6,247.627813,False
21.42,8,247.635332,True
21.16,8,247.642145,True
-11.78,3,247.64415,False
20.44,6,247.650158,True
21.42,8,247.656927,True
20.2,5,247.660927,True
22.11,14,247.67268,True
-11.77,2,247.674203,False
20.2,5,247.678202,True
-11.53,3,247.681204,False
21.42,8,247.687949,True
-11.55,5,247.691949,False
-11.56,6,247.697474,False
20.68,7,247.702474,True
22.39,11,247.712849,True
21.14,11,247.721748,True
-10.6,10,247.730268,False
-11.58,8,248.141533,False
22.39,11,248.15204,True
21.43,7,248.160415,True
22.15,10,248.172435,True
-10.58,8,248.181952,False
-11.79,4,248.187948,False
-10.36,11,248.204408,False
20.19,6,248.211915,True
22.61,14,248.231037,True
20.2,5,248.237064,True
-11.55,5,248.243067,False
-10.6,10,248.257143,False
-11.78,3,248.259657,False
-10.56,6,248.265654,False
20.2,5,248.270804,True
21.18,7,248.277812,True
20.44,6,248.285333,True
-11.54,4,248.289407,False
20.68,7,248.296413,True
20.43,7,248.303434,True
-10.58,8,248.312022,False
-11.77,2,248.314716,False
22.4,10,248.325438,True
-11.82,7,248.333872,False
21.43,7,248.339916,True
22.4,10,248.349027,True
20.44,6,248.355571,True
20.43,7,248.362081,True
-10.34,9,248.370383,False
22.59,16,248.384427,True
-11.29,4,248.388675,False
20.44,6,248.393186,True
-10.33,8,248.400199,False
20.68,7,248.406546,True
22.41,9,248.414055,True
21.43,7,248.419585,True
-11.79,4,248.422892,False
20.42,8,248.429417,True
-11.81,6,248.434928,False
-11.54,4,248.438355,False
22.17,8,248.444355,True
-11.78,3,248.44788,False
22.15,10,248.45561,True
-11.32,7,248.46162,False
-10.83,8,248.469152,False
20.2,5,248.473441,True
22.34,16,248.48686,True
21.42,8,248.492874,True
21.41,9,248.500705,True
20.2,5,248.504214,True
21.67,8,248.510932,True
-10.62,12,248.521453,False
-11.8,5,248.525457,False
-10.32,7,248.531011,False
20.43,7,248.53751,True
22.37,13,248.548035,True
20.2,5,248.551561,True
20.2,5,248.556918,True
20.44,6,248.562439,True
21.66,9,248.570296,True
-10.34,9,248.57831,False
20.44,6,248.583835,True
-10.32,7,248.59023,False
20.68,7,248.596268,True
20.44,6,248.600292,True
21.41,9,248.60877,True
21.16,9,248.616281,True
22.53,21,248.635451,True
22.35,15,248.647979,True
20.43,7,248.654498,True
-10.61,11,248.664498,False
-11.53,3,248.66692,False
22.17,8,248.674295,True
20.2,5,248.678818,True
-11.53,3,248.681814,False
22.6,14,248.692668,True
20.68,7,248.699195,True
21.43,7,248.70445,True
22.38,12,248.714969,True
-11.33,8,248.72233,False
-11.57,7,248.72785,False
-11.55,5,248.732857,False
21.17,8,248.739768,True
-10.33,8,248.746764,False
-11.34,9,248.754677,False
-10.79,4,248.758677,False
22.41,9,248.765191,True
20.44,6,248.77066,True
21.42,8,248.777586,True
-11.56,6,248.783109,False
22.35,15,248.796365,True
-11.8,5,248.800364,False
-11.78,3,248.803359,False
-10.35,10,248.811381,False
-11.78,3,248.813386,False
21.66,9,248.821258,True
-10.57,7,248.827271,False
21.65,10,248.83621,True
20.43,7,248.841243,True
-10.57,7,248.847767,False
22.37,13,248.859234,True
20.2,5,248.863235,True
19.95,5,248.867758,True
-11.54,4,248.871037,False
20.2,5,248.875557,True
21.18,7,249.42191,True
20.2,5,249.426435,True
-11.78,3,249.428957,False
-10.32,7,249.435958,False
22.41,9,249.442912,True
-11.53,3,249.445921,False
20.2,5,249.450449,True
20.43,7,249.455956,True
-10.31,6,249.461475,False
20.43,7,249.467474,True
-11.32,7,249.472996,False
-10.59,9,249.481501,False
20.43,7,249.487505,True
22.58,16,249.500611,True
-10.57,7,249.506904,False
21.66,9,249.514426,True
21.42,8,249.520346,True
21.18,7,249.526361,True
-11.54,4,249.529361,False
-10.36,11,249.539858,False
20.43,7,249.545371,True
20.68,7,249.550371,True
-11.78,3,249.554355,False
-10.35,10,249.562787,False
21.42,8,249.569794,True
-11.54,4,249.572832,False
21.17,8,249.579927,True
-11.57,7,249.585587,False
20.44,6,249.590131,True
20.19,6,249.595653,True
20.43,7,249.602188,True
-12.02,2,249.603619,False
-11.78,3,249.606629,False
21.19,6,249.612142,True
20.44,6,249.996657,True
22.41,9,250.005646,True
20.43,7,250.012661,True
20.43,7,250.019047,True
20.44,6,250.025565,True
22.4,10,250.037636,True
-11.55,5,250.043141,False
-10.55,5,250.04914,False
20.19,6,250.056246,True
20.19,6,250.061246,True
20.44,6,250.067761,True
20.43,7,250.074791,True
22.17,8,250.082792,True
-10.33,8,250.089739,False
22.57,18,250.108312,True
20.42,8,250.118332,True
-11.77,2,250.119943,False
-11.55,5,250.126005,False
-11.54,4,250.13,False
20.19,6,250.137047,True
-10.34,9,250.147572,False
-10.34,9,250.15855,False
-11.78,3,250.16255,False
21.41,9,250.170488,True
-10.57,7,250.177981,False
22.41,9,250.185983,True
22.38,11,250.195979,True
22.35,15,250.209939,True
-11.78,3,250.213464,False
-11.78,3,250.216469,False
22.35,15,250.230148,True
21.19,6,250.235673,True
22.38,12,250.245837,True
21.67,8,250.252361,True
20.2,5,250.256362,True
-11.79,4,250.259356,False
-11.78,3,250.262869,False
21.4,10,250.271785,True
20.2,5,250.275789,True
-11.53,3,250.278789,False
-10.33,8,250.285851,False
-11.78,3,250.287874,False
-11.78,3,250.290874,False
21.17,7,250.296396,True
-10.33,8,250.303679,False
20.19,6,250.308674,True
21.18,7,250.315441,True
21.65,10,250.32433,True
20.44,6,250.328851,True
-11.3,5,250.333358,False
-10.57,7,250.339627,False
22.12,13,250.351146,True
21.18,7,250.357029,True
21.18,7,250.363022,True
20.43,7,250.368549,True
20.2,5,250.372831,True
-10.55,5,250.377349,False
20.67,8,250.384353,True
22.39,10,250.393133,True
-11.79,4,250.396646,False
22.61,14,250.409458,True
20.19,6,250.413975,True
-11.33,8,250.421358,False
-10.58,8,250.428864,False
-11.31,6,250.433369,False
21.18,7,250.440217,True
20.43,7,250.447888,True
22.61,14,250.459228,True
22.15,10,250.467438,True
-10.56,6,250.473756,False
-11.55,5,250.477756,False
21.16,9,250.486266,True
-11.55,5,250.489269,False
20.44,6,250.495314,True
21.18,7,250.501719,True
20.44,6,250.507044,True
21.43,7,250.512716,True
-11.55,5,250.517302,False
-10.81,6,250.52227,False
21.41,9,250.529025,True
-11.32,7,250.535542,False
-10.8,5,250.539768,False
20.42,8,250.54629,True
22.36,13,250.557551,True
-11.79,4,250.560551,False
-10.59,9,250.569087,False
21.39,11,250.578016,True
-11.53,3,250.581015,False
22.38,12,250.590776,True
21.42,8,250.597791,True
-11.8,5,250.601424,False
21.43,7,250.608218,True
20.44,6,250.613215,True
22.08,17,250.627521,True
20.43,7,250.63252,True
20.19,6,250.637766,True
22.4,10,250.645764,True
-10.59,9,250.653512,False
20.44,6,250.659545,True
-10.33,8,250.665545,False
-11.77,2,250.668064,False
-11.78,3,250.670296,False
20.19,6,250.675292,True
21.18,7,250.680818,True
-11.53,3,250.683818,False
20.68,7,250.690217,True
-11.77,2,250.692201,False
22.14,11,250.700733,True
21.43,7,250.70698,True
-10.34,9,250.715023,False
22.41,9,250.722265,True
21.41,9,250.729271,True
20.43,7,250.735339,True
22.41,9,250.74512,True
20.44,6,250.75012,True
22.59,16,250.764161,True
-10.34,9,250.772347,False
-10.81,6,250.777859,False
-11.53,3,250.779859,False
20.43,7,250.786735,True
-11.78,3,250.788733,False
20.19,6,250.793733,True
21.41,9,250.801357,True
20.44,6,250.807152,True
21.42,8,250.813151,True
20.43,7,250.819191,True
-12.01,1,250.820413,False
22.17,8,250.827468,True
-10.56,6,250.83247,False
20.44,6,250.83719,True
-10.82,7,250.843204,False
21.19,6,250.847714,True
-10.58,8,250.854936,False
21.43,7,250.860461,True
20.44,6,250.865461,True
-11.78,3,250.86746,False
21.43,7,250.87419,True
-10.59,9,250.88171,False
-10.85,10,250.890489,False
21.66,9,250.898499,True
-10.57,7,250.904301,False
20.43,7,250.9103,True
22.41,9,251.30609,True
-10.82,7,251.314852,False
20.18,7,251.323193,True
21.43,7,251.330953,True
22.63,12,251.347891,True
20.44,6,251.35392,True
-10.33,8,251.362422,False
-10.59,9,251.371036,False
20.43,7,251.37854,True
20.42,8,251.388111,True
-10.32,7,251.395617,False
-12.02,2,251.398617,False
21.42,8,251.405545,True
20.44,6,251.411545,True
20.44,6,251.416553,True
22.63,12,251.4305,True
-10.55,5,251.436037,False
22.36,13,251.45156,True
-10.63,13,251.46465,False
-11.56,6,251.470525,False
21.18,7,251.479028,True
20.2,5,251.485029,True
-10.59,8,251.492003,False
22.16,9,251.501021,True
-11.78,3,251.504429,False
22.41,9,251.512934,True
21.42,8,251.519864,True
-11.35,10,251.52938,False
22.36,14,251.542717,True
20.44,6,251.547717,True
20.68,7,251.553685,True
-11.56,6,251.558681,False
22.15,9,251.567205,True
-10.62,12,251.577678,False
22.4,10,251.585201,True
20.44,6,251.590644,True
20.43,7,251.597163,True
-10.58,8,251.60423,False
22.15,10,251.612677,True
22.28,22,251.630975,True
-11.57,7,251.636762,False
21.41,9,251.644284,True
-11.77,2,251.646284,False
20.43,7,251.652284,True
20.43,7,251.658024,True
22.12,13,251.669899,True
-10.6,10,251.678416,False
22.41,9,251.686305,True
-12.02,2,251.688332,False
22.3,20,251.704433,True
-12.02,2,251.707122,False
20.68,7,251.71212,True
20.67,8,251.719102,True
-10.6,9,251.726632,False
20.44,6,251.732183,True
20.44,6,251.737118,True
20.94,6,251.743129,True
22.12,12,251.754003,True
22.41,9,251.761519,True
22.39,11,251.770278,True
21.43,7,251.776293,True
22.37,12,251.785817,True
19.96,4,251.789607,True
-11.55,5,251.793612,False
-11.53,3,251.796607,False
20.19,6,251.802138,True
21.42,8,251.808605,True
21.18,7,251.814129,True
-11.55,5,251.818647,False
20.19,6,251.824174,True
20.44,6,251.829174,True
-11.54,4,251.832697,False
-11.55,5,251.836698,False
22.4,10,251.844732,True
21.18,7,251.850821,True
-12.02,2,251.853134,False
22.17,8,251.860123,True
20.42,8,251.867657,True
20.44,6,251.873269,True
-11.78,3,251.875488,False
20.2,5,251.880486,True
-12.03,3,251.882486,False
-10.58,8,251.889669,False
20.19,6,251.894179,True
21.18,7,251.900193,True
21.42,8,251.907321,True
22.65,10,251.914832,True
21.19,6,251.920194,True
-11.78,3,251.922287,False
20.44,6,251.927798,True
-11.31,6,251.932311,False
20.68,7,251.939129,True
21.41,9,251.945128,True
21.43,7,251.951661,True
20.68,7,251.957575,True
20.2,5,251.961572,True
20.43,7,251.96758,True
20.19,6,251.972333,True
-11.77,2,251.974332,False
22.4,10,251.982857,True
-10.58,8,251.989769,False
20.42,8,251.995768,True
-11.56,6,252.000996,False
-10.59,9,252.009342,False
-10.58,8,252.01593,False
-11.32,7,252.022028,False
-11.55,5,252.027032,False
-11.31,6,252.031615,False
20.43,7,252.037123,True
20.19,6,252.042715,True
-11.57,7,252.048714,False
20.44,6,252.053477,True
-11.78,3,252.056475,False
-10.57,7,252.06198,False
20.43,7,252.06799,True
-11.78,3,252.070289,False
-10.34,9,252.077812,False
-11.54,4,252.08181,False
-12.03,3,252.084332,False
-11.79,4,252.087633,False
21.42,8,252.09416,True
20.44,6,252.099157,True
-10.58,8,252.105896,False
21.18,7,252.111896,True
20.2,5,252.115421,True
-11.78,3,252.118421,False
22.17,8,252.124722,True
19.96,4,252.128431,True
21.18,7,252.13343,True
22.5,25,252.154138,True
-11.54,4,252.157407,False
-11.57,7,252.163404,False
22.06,19,252.179666,True
21.64,11,252.18894,True
-10.36,11,252.198463,False
20.68,7,252.204767,True
22.12,13,252.215281,True
20.19,6,252.220901,True
20.44,6,252.631942,True
-11.54,4,252.636826,False
20.44,6,252.643825,True
20.17,8,252.653763,True
-11.55,5,252.659268,False
20.44,6,252.667105,True
-10.82,7,252.674775,False
20.41,9,252.68428,True
21.42,8,252.694136,True
-10.59,9,252.704281,False
20.43,7,252.712711,True
-11.31,6,252.719628,False
20.44,6,252.727134,True
20.43,7,252.73564,True
21.42,8,252.744165,True
20.43,7,252.751669,True
-11.78,3,252.755194,False
-11.58,8,252.764699,False
-11.54,4,252.769699,False
21.41,9,252.779653,True
-11.05,5,252.786606,False
-11.58,8,252.796183,False
20.44,6,252.802423,True
20.19,6,252.809453,True
20.19,6,252.81495,True
21.17,8,252.822945,True
21.4,9,252.830955,True
21.42,8,252.838876,True
22.62,13,252.85112,True
22.39,11,252.860973,True
-11.57,7,252.868487,False
20.43,7,252.874488,True
-11.79,4,252.878584,False
22.62,13,252.89011,True
20.44,6,252.895105,True
22.34,16,252.909159,True
20.2,5,252.913157,True
-10.36,11,252.921928,False
-11.56,6,252.927961,False
21.18,7,252.932975,True
22.4,10,252.941733,True
-11.77,2,252.943733,False
20.68,7,252.948759,True
20.19,6,252.954168,True
-11.34,9,252.961688,False
-11.77,2,252.962688,False
20.44,6,252.968689,True
20.68,7,252.974081,True
22.13,12,252.984593,True
-11.78,3,252.98714,False
22.38,12,252.997804,True
22.64,11,253.006891,True
-10.58,8,253.013402,False
-10.81,6,253.01948,False
21.42,8,253.02598,True
-10.59,9,253.033503,False
21.18,7,253.038872,True
-10.34,9,253.046915,False
20.68,7,253.052776,True
-11.8,4,253.05679,False
-10.8,5,253.06079,False
21.42,8,253.067306,True
-12.02,2,253.068707,False
-11.78,3,253.071727,False
20.66,9,253.079249,True
-11.81,6,253.084249,False
21.17,8,253.091163,True
-11.78,3,253.09317,False
21.19,6,253.098696,True
-10.34,9,253.1056,False
21.41,9,253.113604,True
-10.58,8,253.119488,False
-10.34,9,253.127555,False
-11.53,3,253.129555,False
-11.57,7,253.13507,False
-10.55,5,253.139959,False
-10.37,12,253.150134,False
-11.78,3,253.15348,False
-11.31,6,253.158266,False
20.44,6,253.164266,True
21.18,7,253.169313,True
20.67,8,253.177996,True
-10.57,7,253.183086,False
21.41,9,253.191041,True
20.44,6,253.196041,True
-10.86,11,253.205867,False
21.17,8,253.212399,True
-12.03,3,253.215399,False
22.39,11,253.224795,True
21.43,7,253.230331,True
21.18,7,253.236326,True
-11.81,6,253.240854,False
-10.32,7,253.24639,False
21.43,7,253.252905,True
21.67,8,253.259315,True
21.42,8,253.265835,True
-11.55,5,253.270241,False
-10.57,7,253.275763,False
-10.34,9,253.284286,False
22.57,18,253.2992,True
19.96,4,253.303726,True
22.58,17,253.316973,True
20.44,6,253.322301,True
-11.78,3,253.324812,False
20.44,6,253.329826,True
-11.53,3,253.332345,False
22.34,16,253.345915,True
21.17,8,253.353479,True
20.19,6,253.358976,True
20.44,6,253.364025,True
-11.54,4,253.367656,False
22.37,13,253.378732,True
20.44,6,253.382732,True
21.43,7,253.390382,True
20.43,7,253.396376,True
20.68,7,253.401899,True
22.41,9,253.410425,True
22.41,9,253.417425,True
22.35,15,253.429582,True
-11.79,4,253.432597,False
20.68,7,253.439049,True
21.18,7,253.445098,True
21.42,8,253.451623,True
21.16,9,253.45906,True
-11.32,7,253.464584,False
22.38,11,253.474534,True
20.44,6,253.478534,True
-10.56,6,253.484061,False
21.41,9,253.49146,True
20.2,5,253.495983,True
22.4,10,253.504472,True
-10.58,8,253.511469,False
-12.02,2,253.513988,False
20.2,5,253.517992,True
21.64,11,253.526615,True
-10.86,10,253.536137,False
-10.62,11,253.545071,False
20.19,6,253.549593,True
-11.78,3,253.551965,False
-11.53,3,253.922572,False
-10.33,8,253.932076,False
20.2,5,253.937581,True
-10.34,9,253.948591,False
21.42,8,253.957095,True
22.31,19,253.977588,True
-10.58,8,253.985549,False
20.44,6,253.991563,True
-11.54,4,253.995066,False
20.43,7,254.002563,True
20.44,6,254.010082,True
20.19,6,254.017587,True
20.43,7,254.026198,True
-11.58,8,254.034704,False
-11.54,4,254.038707,False
20.2,5,254.045217,True
20.44,6,254.05272,True
-11.78,3,254.056149,False
20.44,6,254.063654,True
21.18,7,254.071663,True
-10.34,9,254.082169,False
20.2,5,254.087554,True
20.19,6,254.09506,True
21.43,7,254.103153,True
19.95,5,254.109152,True
21.17,8,254.118657,True
-11.32,7,254.1257,False
22.41,9,254.133759,True
22.13,12,254.143658,True
-10.56,6,254.149174,False
21.42,8,254.15749,True
-10.62,12,254.167728,False
20.43,7,254.173456,True
21.42,8,254.179461,True
-11.8,5,254.183976,False
-11.3,5,254.189373,False
22.39,11,254.197897,True
-10.36,11,254.207251,False
-12.02,2,254.209251,False
-11.78,3,254.211251,False
20.43,7,254.217779,True
-11.32,7,254.223079,False
20.2,5,254.22764,True
21.18,7,254.233349,True
20.2,5,254.237576,True
-11.34,8,254.2441,False
20.92,8,254.250624,True
21.42,8,254.257451,True
21.66,9,254.265451,True
20.44,6,254.270253,True
-11.78,3,254.272252,False
21.43,7,254.277778,True
-10.57,7,254.283778,False
22.39,11,254.292582,True
20.44,6,254.298094,True
20.44,6,254.303488,True
22.38,12,254.313074,True
-10.33,8,254.320147,False
-11.55,5,254.324994,False
21.4,10,254.333624,True
-11.58,7,254.339552,False
20.19,6,254.344566,True
21.43,7,254.350077,True
20.44,6,254.355021,True
20.44,6,254.36026,True
-12.02,2,254.362274,False
-11.81,6,254.367274,False
-11.8,5,254.370894,False
-10.81,6,254.37691,False
20.2,5,254.381414,True
20.43,7,254.386857,True
20.2,5,254.391854,True
20.43,7,254.397377,True
20.43,7,254.402692,True
20.44,6,254.408711,True
21.67,8,254.415233,True
21.42,8,254.421712,True
20.2,5,254.426237,True
-10.33,8,254.432758,False
21.4,10,254.440688,True
22.17,8,254.44775,True
-11.53,3,254.449749,False
-9.8,5,254.454617,False
-11.77,2,254.456633,False
20.2,5,254.461632,True
21.16,9,254.469156,True
-11.31,6,254.474156,False
-10.36,11,254.48268,False
22.41,9,254.490214,True
20.43,7,254.495214,True
-11.78,3,254.498741,False
-11.78,3,254.501262,False
-11.54,4,254.505265,False
-11.77,2,254.507263,False
20.44,6,254.511782,True
20.44,6,254.517815,True
22.37,12,254.527241,True
-10.33,8,254.533768,False
-10.58,8,254.54111,False
22.38,12,254.550633,True
20.19,6,254.555897,True
21.42,8,254.563422,True
21.19,6,254.567422,True
-10.55,5,254.572166,False
21.65,10,254.580166,True
20.44,6,254.584688,True
22.62,12,254.595597,True
22.16,9,254.60299,True
-10.79,4,254.60603,False
21.64,11,254.615556,True
21.9,10,254.624487,True
20.93,7,254.630181,True
22.57,18,254.644896,True
-11.32,7,254.650572,False
20.2,5,254.65464,True
-12.02,2,254.656636,False
20.44,6,254.660635,True
-11.79,4,254.664155,False
21.18,7,254.67061,True
20.43,7,254.676131,True
-9.59,8,254.682656,False
-11.31,6,254.689189,False
-10.6,9,254.696702,False
-10.57,7,254.702777,False
21.42,8,254.708937,True
20.68,7,254.714931,True
21.43,7,254.720834,True
20.43,7,254.727346,True
20.2,5,254.730858,True
-10.55,5,254.736424,False
21.19,6,254.741097,True
21.38,11,254.75036,True
-12.03,3,254.75236,False
20.44,6,254.756663,True
20.44,6,254.762189,True
20.2,5,254.767185,True
19.96,4,254.770134,True
22.65,10,254.777671,True
20.43,7,254.784195,True
22.58,17,254.798024,True
-10.81,6,254.802776,False
-11.56,6,254.807775,False
22.3,19,254.82304,True
22.15,10,254.831565,True
22.13,12,255.214384,True
-11.79,4,255.219383,False
-11.57,7,255.227325,False
20.19,6,255.234335,True
21.41,9,255.245739,True
20.2,5,255.251249,True
-10.57,7,255.263222,False
20.18,7,255.272211,True
-11.56,6,255.279208,False
20.44,6,255.284713,True
21.16,9,255.292727,True
-10.82,7,255.29973,False
-10.59,9,255.307863,False
20.2,5,255.314364,True
21.42,8,255.321881,True
20.2,5,255.326387,True
-12.02,2,255.328387,False
22.17,8,255.336535,True
-10.58,8,255.345534,False
-10.56,6,255.352053,False
20.19,6,255.358207,True
-11.33,8,255.366207,False
21.42,8,255.374282,True
-11.77,2,255.376784,False
20.42,7,255.383786,True
22.36,14,255.400319,True
-10.31,6,255.406887,False
20.19,6,255.413399,True
21.42,8,255.421293,True
20.44,6,255.427291,True
-10.34,9,255.435658,False
20.67,8,255.442204,True
20.2,5,255.446728,True
20.2,5,255.451252,True
20.44,6,255.45654,True
-11.54,4,255.45854,False
-11.78,3,255.462065,False
20.43,7,255.468432,True
-10.59,9,255.475521,False
20.43,7,255.481032,True
20.44,6,255.485656,True
22.63,12,255.496489,True
20.43,7,255.502825,True
-10.83,8,255.509325,False
22.42,8,255.51585,True
21.19,6,255.521399,True
22.4,10,255.529922,True
20.44,6,255.534964,True
22.58,17,255.548481,True
-10.33,8,255.556009,False
-10.81,6,255.561009,False
-11.58,8,255.567534,False
-11.77,2,255.56892,False
21.17,8,255.576448,True
20.44,6,255.581449,True
-10.83,8,255.588082,False
-10.55,5,255.59216,False
20.2,5,255.596763,True
21.42,8,255.603703,True
21.41,9,255.610959,True
-10.35,10,255.618977,False
-11.53,3,255.621999,False
22.63,11,255.63151,True
-12.02,2,255.633015,False
-11.56,6,255.639255,False
20.43,7,255.644258,True
-11.78,3,255.646845,False
21.43,7,255.653173,True
-11.31,6,255.658168,False
-10.59,9,255.665762,False
22.39,11,255.674534,True
21.66,9,255.682068,True
22.13,12,255.693027,True
-12.02,2,255.694027,False
21.18,7,255.700534,True
21.41,9,255.707912,True
22.61,14,255.719775,True
21.42,8,255.72581,True
-10.55,5,255.72981,False
22.62,13,255.740356,True
20.18,7,255.746882,True
20.19,6,255.752831,True
-11.35,9,255.76035,False
-12.02,2,255.761351,False
22.41,9,255.769737,True
21.43,7,255.775545,True
19.95,5,255.780325,True
20.2,5,255.784325,True
20.19,6,255.78923,True
20.44,6,255.794737,True
22.41,9,255.801743,True
19.96,4,255.805708,True
-11.57,7,255.811714,False
22.14,11,255.82072,True
-11.56,6,255.826228,False
20.19,6,255.831235,True
22.38,12,256.332185,True
22.32,18,256.346943,True
20.66,9,256.355992,True
20.43,7,256.362275,True
-11.79,4,256.365275,False
-11.78,3,256.368717,False
22.08,17,256.382788,True
-10.34,9,256.390228,False
21.9,10,256.398744,True
-10.36,11,256.40928,False
21.41,9,256.416796,True
22.39,11,256.425316,True
20.44,6,256.430315,True
-11.78,3,256.432315,False
20.68,7,256.439317,True
20.19,6,256.444834,True
20.2,5,256.448359,True
22.33,42,256.483716,True
21.42,8,256.490549,True
20.44,6,256.494549,True
-10.57,7,256.501069,False
-10.34,9,256.509111,False
-12.02,2,256.511111,False
-11.34,9,256.518635,False
-11.8,5,256.52294,False
20.2,5,256.52694,True
22.15,10,256.534453,True
-11.82,7,256.540367,False
21.18,7,256.546367,True
20.19,6,256.551892,True
-11.79,4,256.554725,False
21.42,8,256.562786,True
-10.56,6,256.56779,False
21.42,8,256.575993,True
-11.57,7,256.581505,False
20.44,6,256.586505,True
-11.82,7,256.593036,False
-11.78,3,256.595795,False
20.68,7,256.600804,True
20.43,7,256.60697,True
22.65,10,256.615622,True
20.44,6,256.620275,True
20.19,6,257.002269,True
-11.32,7,257.009821,False
-11.79,4,257.01382,False
-10.34,9,257.022728,False
22.13,12,257.035243,True
21.42,8,257.042445,True
21.43,7,257.049446,True
-11.32,7,257.05551,False
20.2,5,257.06152,True
-11.31,6,257.068522,False
22.4,10,257.079647,True
20.43,7,257.086799,True
-10.57,7,257.093304,False
-11.33,7,257.101304,False
-11.56,6,257.109065,False
20.2,5,257.114568,True
20.67,8,257.122568,True
-11.55,5,257.128079,False
20.44,6,257.13308,True
-12.02,2,257.1356,False
-11.56,6,257.142119,False
20.44,6,257.148632,True
-10.86,11,257.160802,False
20.94,6,257.167313,True
22.41,9,257.177031,True
-11.78,3,257.180535,False
-10.55,5,257.185535,False
22.4,10,257.196579,True
20.43,7,257.203465,True
-11.54,4,257.206742,False
20.43,7,257.214266,True
21.42,8,257.222054,True
-12.02,2,257.223053,False
20.44,6,257.228587,True
20.44,6,257.233108,True
-11.55,5,257.237643,False
-11.78,3,257.240174,False
-11.55,5,257.244179,False
-10.61,11,257.253838,False
-12.02,2,257.255827,False
20.41,9,257.264335,True
20.19,6,257.269694,True
-10.32,7,257.276225,False
-11.81,6,257.281729,False
22.35,15,257.294592,True
22.13,11,257.30453,True
-10.36,11,257.314162,False
20.2,5,257.318336,True
-11.33,8,257.325649,False
-11.8,5,257.330506,False
22.39,11,257.33978,True
22.15,10,257.348794,True
20.2,5,257.352628,True
19.96,4,257.355902,True
-12.02,2,257.357903,False
-10.33,8,257.364264,False
20.44,6,257.369739,True
22.61,14,257.380932,True
-11.77,2,257.383444,False
-10.59,9,257.390791,False
20.67,8,257.397315,True
-10.32,7,257.402704,False
-11.35,9,257.411252,False
20.44,6,257.415778,True
20.67,8,257.42221,True
20.44,6,257.428314,True
20.43,7,257.433314,True
20.44,6,257.438592,True
-11.53,3,257.442602,False
-11.77,2,257.444602,False
-11.79,4,257.447115,False
-11.55,5,257.451626,False
-10.79,4,257.455418,False
22.41,9,257.463023,True
20.43,7,257.468867,True
20.19,6,257.473885,True
-11.78,3,257.476885,False
22.4,10,257.485959,True
20.93,7,257.491505,True
-11.78,3,257.493505,False
20.44,6,257.499034,True
-11.57,7,257.505456,False
22.39,11,257.514204,True
-10.33,8,257.521175,False
-10.82,7,257.527623,False
-12.02,2,257.529133,False
-11.78,3,257.531147,False
-11.78,3,257.534158,False
-11.56,6,257.539437,False
-10.35,10,257.54745,False
20.43,7,257.553219,True
22.17,8,257.560251,True
-12.02,2,257.562265,False
21.42,8,257.569479,True
21.18,7,257.575004,True
20.44,6,257.580006,True
-10.33,8,257.587066,False
22.17,8,257.593589,True
22.2,30,257.61826,True
-11.78,3,257.620784,False
21.42,8,257.628312,True
-11.56,6,257.633817,False
-12.02,2,257.635145,False
-10.56,6,257.640915,False
20.2,5,257.645561,True
20.2,5,257.649561,True
-11.53,3,257.652155,False
-11.78,3,257.654835,False
20.43,7,257.660836,True
21.43,7,257.666284,True
20.43,7,257.672285,True
-11.56,6,257.676809,False
22.12,13,257.688611,True
22.13,12,257.698122,True
-10.79,4,257.702122,False
20.2,5,257.706048,True
20.44,6,257.711137,True
22.16,9,257.718725,True
20.44,6,257.724059,True
22.4,10,257.732742,True
-11.32,7,257.738635,False
-11.56,6,257.743298,False
-12.02,2,257.745302,False
19.95,5,257.7495,True
20.43,7,257.755462,True
-11.54,4,257.759135,False
-11.53,3,257.762214,False
-10.6,10,257.770932,False
21.42,8,257.777187,True
-11.54,4,257.780878,False
21.43,7,257.787169,True
-11.54,4,257.789764,False
20.43,7,257.796763,True
21.41,9,257.803602,True
22.36,14,257.816206,True
-12.03,3,257.818206,False
-10.57,7,257.824041,False
-11.55,5,257.828961,False
21.42,8,257.834985,True
21.42,8,257.842296,True
22.41,9,257.849376,True
20.44,6,257.854345,True
22.62,13,257.865288,True
20.2,5,257.869615,True
20.19,6,257.875201,True
21.42,8,257.881707,True
20.2,5,257.885714,True
-12.02,2,257.888039,False
22.15,10,257.896467,True
22.41,9,257.904673,True
22.65,10,257.911672,True
21.15,10,258.309913,True
21.18,7,258.317916,True
-10.81,6,258.325449,False
-11.81,6,258.332955,False
20.43,7,258.340594,True
-11.78,3,258.344099,False
21.9,10,258.356419,True
21.19,6,258.36347,True
22.39,11,258.374293,True
20.43,7,258.382972,True
-11.78,3,258.386467,False
20.44,6,258.393983,True
-12.02,2,258.395986,False
-11.79,4,258.400986,False
20.43,7,258.40791,True
-11.57,7,258.416417,False
20.44,6,258.423927,True
-11.78,3,258.427431,False
21.41,9,258.436926,True
21.42,8,258.444429,True
19.96,4,258.447933,True
20.2,5,258.453484,True
20.94,6,258.460989,True
20.44,6,258.468,True
21.43,7,258.475561,True
-11.78,3,258.480067,False
22.39,11,258.492089,True
22.37,13,258.506238,True
20.94,6,258.512295,True
-12.02,2,258.514295,False
-10.59,9,258.523251,False
22.39,11,258.53377,True
-12.06,6,258.539127,False
-10.59,9,258.547224,False
-11.56,6,258.552518,False
20.44,6,258.557572,True
21.66,9,258.564205,True
-10.6,10,258.573044,False
21.4,9,258.580037,True
21.39,11,258.589911,True
20.19,6,258.594424,True
22.15,9,258.60242,True
-11.82,7,258.608358,False
-11.57,7,258.614116,False
21.18,7,258.620543,True
-11.78,3,258.622543,False
-10.63,13,258.634557,False
21.19,6,258.640074,True
22.16,9,258.647098,True
22.41,9,258.65513,True
21.42,8,258.662137,True
-11.78,3,258.664137,False
-11.54,4,258.667649,False
-11.56,5,258.67324,False
20.68,7,258.677915,True
-11.55,5,258.68291,False
-11.55,5,258.687574,False
-11.54,4,258.691553,False
20.2,5,258.69556,True
20.44,6,258.700085,True
20.43,7,258.706086,True
-11.54,4,258.709612,False
22.41,9,258.716612,True
20.67,8,258.724137,True
20.2,5,258.728649,True
20.19,6,258.733663,True
-11.56,6,258.738973,False
-10.55,5,258.743804,False
22.41,9,258.751299,True
20.44,6,258.756632,True
21.42,8,258.763155,True
-10.55,5,258.768156,False
-11.78,3,258.770423,False
20.2,5,258.774437,True
22.37,13,258.785032,True
-11.77,2,258.787487,False
20.2,5,258.791992,True
-11.33,8,258.798613,False
20.44,6,258.804137,True
-10.57,7,258.810131,False
-11.78,3,258.81311,False
22.41,9,258.820392,True
-11.55,5,258.824915,False
20.44,6,258.829911,True
21.43,7,258.835884,True
-12.03,3,258.837906,False
20.67,8,258.845434,True
20.44,6,258.850433,True
-11.32,7,258.856242,False
-11.55,5,258.860242,False
20.2,5,258.864753,True
20.44,6,258.869815,True
21.65,10,258.877365,True
19.96,4,258.88136,True
-11.32,7,258.887311,False
20.44,6,258.892295,True
-11.58,8,258.898807,False
21.41,9,258.906824,True
22.39,10,258.915831,True
-11.77,2,258.917336,False
21.42,8,258.924206,True
-11.78,3,258.926204,False
22.49,26,258.947196,True
20.44,6,258.95313,True
-10.81,6,258.959138,False
-10.57,7,258.965154,False
20.2,5,258.969822,True
20.44,6,258.974897,True
20.42,8,258.981538,True
22.24,24,259.001381,True
-10.59,9,259.008921,False
-11.55,5,259.013517,False
22.4,35,259.041085,True
-10.35,10,259.049625,False
20.42,8,259.056024,True
-10.57,7,259.062024,False
22.34,16,259.075343,True
21.17,8,259.082342,True
20.18,7,259.088271,True
21.18,7,259.094952,True
-10.33,8,259.101024,False
-10.56,6,259.106598,False
20.68,7,259.112596,True
20.68,7,259.118122,True
-11.33,8,259.124471,False
21.4,10,259.132995,True
19.95,5,259.13728,True
-11.53,3,259.140274,False
20.43,7,259.145799,True
20.43,7,259.151731,True
22.36,13,259.161784,True
20.67,8,259.168298,True
-11.79,4,259.172751,False
22.4,10,259.181263,True
21.42,8,259.188828,True
20.43,7,259.194494,True
21.18,7,259.200158,True
-11.55,5,259.204626,False
20.42,8,259.211297,True
21.43,7,259.217223,True
20.43,7,259.223124,True
20.44,6,259.228652,True
-11.55,5,259.624075,False
20.43,7,259.632582,True
22.61,13,259.647309,True
22.15,10,259.656786,True
20.43,7,259.663792,True
-10.59,9,259.67179,False
-10.55,5,259.67679,False
-11.55,5,259.682296,False
-11.54,4,259.687723,False
-10.57,7,259.69423,False
20.68,7,259.700732,True
20.2,5,259.705419,True
-11.56,6,259.710842,False
-10.55,5,259.716845,False
20.2,5,259.722888,True
22.13,12,259.735391,True
21.18,7,259.741676,True
20.19,6,259.749186,True
21.19,6,259.755852,True
20.44,6,259.763356,True
20.43,7,259.771861,True
20.44,6,259.778366,True
22.15,9,259.789386,True
21.39,11,259.801894,True
20.44,6,259.809151,True
20.19,6,259.815656,True
20.43,7,259.823093,True
20.44,6,259.82876,True
-11.78,3,259.831759,False
20.44,6,259.83676,True
-10.57,7,259.843756,False
-10.81,6,259.849287,False
21.43,7,259.856089,True
20.43,7,259.862104,True
22.06,19,259.877945,True
-10.57,7,259.883944,False
21.42,8,259.890343,True
20.42,8,259.896343,True
-11.55,5,259.900867,False
20.44,6,259.906242,True
21.42,8,259.912764,True
-11.32,7,259.918765,False
-11.31,6,259.923972,False
-10.58,8,259.930496,False
-11.03,3,259.933501,False
21.41,9,259.941386,True
-11.55,5,259.945386,False
-10.55,5,259.950404,False
21.42,8,259.956928,True
-10.63,13,259.967276,False
20.19,6,259.97288,True
20.44,6,259.977834,True
-11.77,2,259.979832,False
21.18,7,259.986997,True
20.44,6,259.991591,True
20.19,6,259.99668,True
20.67,8,260.003486,True
22.38,12,260.013002,True
21.18,7,260.019591,True
-11.53,3,260.021597,False
20.2,5,260.027194,True
21.18,7,260.032194,True
22.37,12,260.042416,True
22.35,15,260.055692,True
21.42,8,260.063692,True
21.17,8,260.070473,True
20.19,6,260.075911,True
-11.78,3,260.078911,False
22.59,16,260.092037,True
-12.02,2,260.094033,False
20.19,6,260.098701,True
22.17,8,260.105152,True
22.17,8,260.11167,True
-11.31,6,260.117175,False
22.15,10,260.125663,True
20.44,6,260.13019,True
20.43,7,260.136616,True
-11.78,3,260.138132,False
20.2,5,260.142136,True
20.44,6,260.147647,True
22.33,17,260.161616,True
20.2,5,260.165629,True
20.43,7,260.172107,True
19.96,4,260.175183,True
-11.54,4,260.179185,False
21.19,6,260.184697,True
-10.79,4,260.188271,False
-11.79,4,260.191874,False
20.44,6,260.196874,True
-11.53,3,260.198951,False
22.36,14,260.211561,True
20.68,7,260.217567,True
22.57,18,260.232548,True
21.18,7,260.239241,True
20.19,6,260.244327,True
-10.57,7,260.249362,False
19.96,4,260.253259,True
20.43,7,260.259279,True
20.43,7,260.264533,True
20.2,5,260.268949,True
-11.78,3,260.272058,False
22.16,9,260.279575,True
21.41,9,260.286683,True
21.41,9,260.2952,True
20.43,7,260.300205,True
21.41,9,260.308729,True
22.15,10,260.316246,True
21.41,9,260.324266,True
21.41,9,260.331903,True
-12.03,3,260.333916,False
-10.33,8,260.341419,False
20.44,6,260.345427,True
22.41,9,260.353944,True
-11.54,4,260.357462,False
20.44,6,260.362477,True
21.67,8,260.369089,True
-12.02,2,260.371092,False
21.43,7,260.377099,True
20.19,6,260.381625,True
22.17,8,260.38916,True
22.4,10,260.397678,True
21.42,8,260.404643,True
22.64,11,260.413169,True
20.68,7,260.41917,True
-12.03,3,260.42163,False
-10.85,10,260.429637,False
22.39,11,260.438794,True
-11.55,5,260.443317,False
-11.57,7,260.449825,False
-11.78,3,260.452787,False
20.44,6,260.457806,True
-10.63,13,260.468326,False
22.4,10,260.477788,True
-11.55,5,260.482789,False
22.38,12,260.492833,True
-11.33,8,260.499998,False
-11.53,3,260.502644,False
-12.01,1,260.503667,False
20.19,6,260.508843,True
-10.57,7,260.514719,False
-11.57,6,260.519375,False
-11.53,3,260.522395,False
21.42,8,260.528907,True
21.18,7,260.53543,True
-11.77,2,260.537397,False
-12.02,2,260.538396,False
-11.32,7,260.937563,False
22.4,10,260.947083,True
22.35,14,260.961695,True
22.37,13,260.974424,True
20.44,6,260.980929,True
-12.02,2,260.983929,False
20.19,6,260.99016,True
22.16,9,261.000665,True
22.38,12,261.013653,True
-10.59,8,261.023176,False
-11.79,4,261.028175,False
21.4,10,261.040629,True
20.2,5,261.046629,True
-10.35,10,261.058195,False
-11.32,7,261.066202,False
-10.56,6,261.072373,False
21.18,7,261.08029,True
20.2,5,261.086447,True
21.43,7,261.094951,True
-10.58,8,261.104586,False
20.44,6,261.111586,True
-11.76,1,261.113089,False
-10.6,10,261.12424,False
21.19,6,261.131241,True
-11.54,4,261.135085,False
20.44,6,261.141103,True
21.41,9,261.149628,True
21.18,7,261.156113,True
-11.56,6,261.162112,False
-10.57,7,261.168637,False
-12.03,3,261.171077,False
21.41,9,261.17912,True
21.41,9,261.186656,True
-10.56,6,261.191913,False
20.43,7,261.197503,True
21.43,7,261.203154,True
20.44,6,261.208851,True
-11.78,3,261.211849,False
-11.53,3,261.213849,False
22.65,10,261.221875,True
21.42,8,261.228915,True
-10.59,9,261.236441,False
20.44,6,261.241963,True
22.33,17,261.255605,True
20.44,6,261.261465,True
-12.02,2,261.262465,False
20.44,6,261.267975,True
20.2,5,261.272504,True
22.11,13,261.283027,True
-10.32,7,261.289636,False
22.39,11,261.298162,True
-10.58,8,261.304775,False
21.16,8,261.311774,True
21.43,7,261.317293,True
21.18,7,261.323297,True
-11.55,5,261.327522,False
-11.77,2,261.329528,False
-11.78,3,261.33153,False
-11.54,4,261.336297,False
-10.59,9,261.343804,False
20.44,6,261.348811,True
22.38,11,261.35793,True
20.43,7,261.363929,True
20.44,6,261.369445,True
20.19,6,261.375447,True
-11.77,2,261.376966,False
22.17,8,261.382983,True
-11.54,4,261.386495,False
-11.78,3,261.38951,False
20.2,5,261.39351,True
-11.56,6,261.399035,False
21.18,7,261.405418,True
20.43,7,261.410941,True
-11.55,5,261.414941,False
-11.79,4,261.418838,False
21.42,8,261.424856,True
21.18,7,261.431382,True
-11.55,5,261.435381,False
22.63,12,261.445458,True
-11.78,3,261.447464,False
21.42,8,261.45399,True
-10.34,9,261.461505,False
20.43,7,261.467504,True
-10.56,6,261.471633,False
20.43,7,261.478628,True
-11.79,4,261.48214,False
-10.6,9,261.489607,False
22.36,14,261.501192,True
21.4,10,261.509947,True
21.43,7,261.515481,True
20.43,7,261.521802,True
20.44,6,261.526317,True
21.18,7,261.532316,True
20.95,5,261.536293,True
22.38,11,261.545815,True
20.44,6,261.550815,True
-10.32,7,261.556361,False
21.42,8,261.56336,True
21.42,8,261.569164,True
-9.88,13,261.580667,False
19.95,5,261.584667,True
21.41,9,261.591929,True
20.44,6,261.597456,True
20.2,5,261.601455,True
20.41,9,261.608264,True
-10.33,8,261.615514,False
21.43,7,261.621277,True
21.66,9,261.628803,True
22.41,9,261.635803,True
-11.54,4,261.639616,False
-11.8,5,261.643616,False
22.17,8,261.650101,True
20.44,6,261.655626,True
20.44,6,261.66015,True
21.18,7,261.666143,True
21.43,7,261.672498,True
-11.54,4,261.675944,False
22.37,13,261.687103,True
22.37,13,261.697627,True
20.43,7,261.703448,True
21.42,8,261.710445,True
-11.32,7,261.715969,False
20.2,5,261.720449,True
-12.02,2,261.721961,False
-10.58,8,261.728971,False
-11.56,6,261.734483,False
-11.78,3,261.736946,False
-11.77,2,261.738946,False
-10.59,9,261.74661,False
20.44,6,261.751283,True
20.68,7,261.758023,True
22.39,11,261.767553,True
-10.33,8,261.774439,False
20.2,5,261.778444,True
-11.54,4,261.781444,False
20.2,5,261.786339,True
-11.78,3,261.788338,False
-10.33,8,261.795005,False
21.18,7,261.801081,True
20.44,6,261.807228,True
-10.33,8,261.813152,False
22.45,30,261.837941,True
20.43,7,261.843942,True
-11.56,6,261.848453,False
-11.78,3,261.851454,False
20.43,7,262.23109,True
-11.54,4,262.236972,False
-11.54,4,262.241971,False
20.19,6,262.248476,True
-11.54,4,262.253427,False
-12.02,2,262.255935,False
22.64,11,262.26844,True
-10.83,8,262.277669,False
-11.78,3,262.280668,False
19.96,4,262.284668,True
20.44,6,262.290789,True
20.2,5,262.295291,True
-11.77,2,262.297294,False
-11.57,6,262.303437,False
-12.02,2,262.305943,False
21.42,8,262.313943,True
21.18,7,262.32088,True
-11.54,4,262.325883,False
20.44,6,262.332388,True
22.63,11,262.345348,True
-11.78,3,262.348855,False
20.44,6,262.355767,True
21.41,9,262.36628,True
-11.78,3,262.370162,False
22.38,11,262.381176,True
20.68,7,262.390133,True
20.44,6,262.397133,True
22.16,9,262.406231,True
22.39,10,262.415736,True
21.4,10,262.427251,True
-11.53,3,262.430252,False
20.44,6,262.435779,True
-12.02,2,262.437778,False
-12.03,3,262.440778,False
-10.56,6,262.446299,False
20.42,8,262.45366,True
21.43,7,262.460185,True
20.67,8,262.466709,True
20.43,7,262.472525,True
21.42,8,262.479539,True
-11.78,3,262.48305,False
20.44,6,262.487287,True
22.41,9,262.494811,True
-10.57,7,262.500811,False
20.67,8,262.507067,True
21.19,6,262.512388,True
-12.02,2,262.51545,False
20.43,7,262.521299,True
20.68,7,262.526814,True
22.16,9,262.534813,True
21.41,9,262.541616,True
-11.32,7,262.548139,False
-10.81,6,262.552139,False
20.2,5,262.556764,True
-11.79,4,262.560777,False
-11.78,3,262.562778,False
22.16,9,262.570739,True
20.44,6,262.57624,True
20.44,6,262.581268,True
-11.78,3,262.583786,False
21.18,7,262.590771,True
-11.58,8,262.597277,False
-10.57,7,262.603016,False
22.15,10,262.611547,True
20.44,6,262.617072,True
-11.77,2,262.61845,False
20.68,7,262.624467,True
20.43,7,262.629979,True
-10.82,7,262.636594,False
21.18,7,262.642271,True
-10.58,8,262.649272,False
21.4,10,262.657737,True
20.19,6,262.662263,True
22.4,10,262.670059,True
22.15,10,262.678598,True
22.38,12,262.688954,True
-11.77,2,262.691459,False
-10.6,10,262.69947,False
22.65,10,262.708319,True
22.65,10,262.715623,True
-11.31,6,262.72124,False
-11.54,4,262.724753,False
-11.78,3,262.727753,False
-11.79,4,262.730831,False
22.53,22,262.748737,True
-11.53,3,263.2299,False
-11.06,6,263.235417,False
-11.55,5,263.239518,False
22.56,19,263.257073,True
-10.57,7,263.263701,False
20.2,5,263.268365,True
21.42,8,263.275012,True
-11.78,3,263.277524,False
-10.32,7,263.283524,False
20.43,7,263.28954,True
21.42,8,263.295453,True
-12.02,2,263.298138,False
-10.33,8,263.305138,False
-11.34,8,263.310665,False
-11.78,3,263.31419,False
22.41,9,263.322129,True
21.17,8,263.329779,True
22.58,17,263.344072,True
-11.78,3,263.347072,False
-11.77,2,263.348072,False
-11.55,5,263.352455,False
-12.02,2,263.354479,False
20.43,7,263.361004,True
-10.34,9,263.36883,False
21.18,7,263.374294,True
20.19,6,263.379799,True
-11.8,5,263.38431,False
22.16,9,263.392301,True
22.6,15,263.405273,True
22.16,9,263.412269,True
21.42,8,263.419372,True
-11.55,5,263.422884,False
20.44,6,263.42789,True
21.18,7,263.434396,True
21.66,9,263.441991,True
20.44,6,263.446659,True
22.17,8,263.453071,True
21.41,9,263.460416,True
20.44,6,263.466102,True
20.2,5,263.470553,True
-10.82,7,263.476592,False
21.42,8,263.483596,True
22.49,25,263.503659,True
-12.02,2,263.505659,False
20.44,6,263.510695,True
-11.05,5,263.51571,False
22.39,11,263.524075,True
20.43,7,263.5316,True
20.44,6,263.536179,True
21.42,8,263.543925,True
20.44,6,263.548924,True
21.4,10,263.557897,True
-11.56,6,263.562418,False
21.41,9,263.570025,True
20.2,5,263.574546,True
-10.58,8,263.580546,False
20.19,6,263.585468,True
20.44,6,263.590497,True
-11.33,8,263.598027,False
-11.53,3,263.600027,False
20.19,6,263.605911,True
21.43,7,263.610911,True
22.61,14,263.621922,True
20.19,6,264.003481,True
21.65,10,264.013995,True
20.42,8,264.021501,True
20.2,5,264.026505,True
20.44,6,264.034009,True
20.43,7,264.042056,True
22.38,12,264.056068,True
22.28,22,264.079989,True
-10.83,8,264.089138,False
20.44,6,264.094639,True
22.15,10,264.104203,True
-11.78,3,264.107708,False
20.42,8,264.117213,True
-11.78,3,264.120716,False
20.2,5,264.127219,True
20.63,11,264.138742,True
20.44,6,264.145742,True
20.2,5,264.152248,True
20.44,6,264.159298,True
20.43,7,264.166802,True
22.16,9,264.177327,True
20.68,7,264.186476,True
20.43,7,264.193981,True
21.4,10,264.204993,True
22.63,12,264.216516,True
-10.33,8,264.223438,False
-11.54,4,264.226951,False
22.15,10,264.23523,True
-11.54,4,264.239458,False
22.38,12,264.248978,True
22.41,9,264.256822,True
22.39,11,264.266091,True
20.44,6,264.270375,True
-10.83,8,264.277976,False
-11.35,10,264.286716,False
21.18,7,264.291729,True
22.16,9,264.299257,True
20.2,5,264.303467,True
-11.57,7,264.309968,False
-11.77,2,264.310987,False
-10.38,13,264.322738,False
-11.78,3,264.3257,False
20.2,5,264.330257,True
20.44,6,264.334256,True
-12.02,2,264.337054,False
21.42,8,264.343048,True
-10.57,7,264.349573,False
-11.54,4,264.352798,False
22.15,10,264.361317,True
-10.55,5,264.364838,False
-11.55,5,264.369581,False
22.62,13,264.380615,True
20.43,7,264.38583,True
-11.78,3,264.388347,False
-11.54,4,264.392351,False
20.43,7,264.398351,True
20.44,6,264.403126,True
20.2,5,264.407115,True
-11.56,6,264.41264,False
20.43,7,264.419159,True
22.34,16,264.431926,True
-10.56,6,264.437161,False
-10.82,7,264.443683,False
21.16,9,264.453928,True
-10.54,4,264.457927,False
22.33,17,264.471672,True
-11.53,3,264.474714,False
-11.79,4,264.477719,False
20.19,6,264.483998,True
20.19,6,264.489489,True
-11.03,3,264.49149,False
-10.34,8,264.498014,False
21.13,12,264.508785,True
20.44,6,264.514817,True
-10.8,5,264.51914,False
20.44,6,264.524167,True
-11.78,3,264.527557,False
20.19,6,264.532556,True
22.58,16,264.547579,True
-10.57,7,264.553579,False
-11.77,2,264.555579,False
-10.56,6,264.561096,False
22.15,10,264.568681,True
20.44,6,264.573704,True
-11.57,7,264.580227,False
21.18,7,264.586012,True
20.43,7,264.591537,True
22.37,13,264.603286,True
-11.56,6,264.607282,False
20.68,7,264.613318,True
-11.53,3,264.615963,False
20.44,6,264.62196,True
22.63,12,264.631484,True
20.43,7,264.637734,True
20.19,6,264.642247,True
-11.77,2,264.644246,False
-11.31,6,264.649246,False
20.44,6,264.654012,True
22.36,14,264.666075,True
22.14,11,264.675318,True
-11.56,6,264.680324,False
22.4,10,264.688596,True
-10.55,5,264.693121,False
-10.82,7,264.699121,False
21.42,8,264.705855,True
-10.57,7,264.711855,False
-11.78,3,264.714402,False
20.68,7,264.720615,True
20.19,6,264.725138,True
21.41,9,264.733137,True
-11.77,2,264.734656,False
-11.54,4,264.738867,False
-11.54,4,264.741867,False
20.19,6,264.747375,True
-11.79,4,264.750375,False
-11.54,4,264.753629,False
-11.32,7,264.76014,False
-11.56,6,264.765645,False
-11.78,3,264.767652,False
22.4,10,264.776387,True
20.44,6,264.781466,True
22.17,8,264.788608,True
19.96,4,264.791198,True
20.44,6,264.796273,True
20.44,6,264.801945,True
21.4,10,264.810222,True
20.68,7,264.815885,True
20.2,5,264.82004,True
-11.53,3,264.822575,False
22.36,14,264.834098,True
20.19,6,264.839316,True
20.19,6,264.843839,True
21.18,7,264.849838,True
-11.54,4,264.853118,False
-10.8,5,264.858128,False
20.44,6,264.862128,True
-11.55,5,264.867177,False
-11.81,6,264.872407,False
20.44,6,264.877443,True
20.94,6,264.882456,True
-10.81,6,264.887669,False
22.63,12,264.897195,True
22.38,12,264.907301,True
21.42,8,264.9143,True
20.44,6,264.91883,True
21.4,10,264.927578,True
21.15,10,265.326844,True
22.34,15,265.34389,True
-10.58,8,265.351395,False
-11.77,2,265.353812,False
-11.77,2,265.354812,False
22.14,11,265.368671,True
21.41,9,265.379186,True
20.42,8,265.388591,True
20.2,5,265.393591,True
-11.56,6,265.401437,False
20.2,5,265.406451,True
21.43,7,265.413964,True
22.63,11,265.425382,True
20.44,6,265.432904,True
22.14,11,265.445836,True
22.07,18,265.466369,True
20.67,8,265.474902,True
22.38,12,265.486871,True
-11.53,3,265.489871,False
20.44,6,265.495879,True
-12.02,2,265.497881,False
20.2,5,265.502952,True
20.18,7,265.509955,True
22.39,11,265.521003,True
21.42,8,265.528521,True
20.43,7,265.535416,True
-11.57,7,265.542446,False
21.16,9,265.550961,True
-10.33,8,265.558148,False
-11.53,3,265.561151,False
-11.34,9,265.569181,False
-10.79,4,265.573207,False
21.15,10,265.582569,True
20.44,6,265.587694,True
-10.58,8,265.594688,False
21.42,8,265.601448,True
21.18,7,265.606205,True
22.51,24,265.626521,True
-10.33,8,265.634043,False
20.68,7,265.640552,True
22.38,12,265.651555,True
-11.78,3,265.653574,False
-10.58,8,265.661098,False
21.4,10,265.669432,True
-10.57,7,265.67447,False
-10.81,6,265.67947,False
-11.54,4,265.683985,False
20.43,7,265.689382,True
20.44,6,265.694394,True
21.18,7,265.7004,True
21.41,9,265.7083,True
-11.33,8,265.714833,False
-11.56,6,265.720186,False
20.44,6,265.725699,True
20.2,5,265.729699,True
-11.56,6,265.734453,False
22.4,10,265.743416,True
20.18,7,265.74893,True
-10.57,7,265.755757,False
22.41,9,265.763278,True
20.43,7,265.769311,True
20.44,6,265.773545,True
21.17,8,265.781062,True
20.2,5,265.785491,True
20.19,6,265.790583,True
-10.32,7,265.79709,False
-11.8,5,265.80109,False
22.17,8,265.808055,True
20.91,8,265.815131,True
22.41,9,265.822233,True
-12.02,2,265.824232,False
22.39,11,265.833745,True
20.2,5,265.837904,True
-11.78,3,265.840823,False
-11.53,3,265.843823,False
21.4,10,265.851839,True
-11.82,7,265.858522,False
-10.82,7,265.863594,False
-10.34,9,265.871621,False
19.95,5,265.875617,True
20.44,6,265.881133,True
-10.89,14,265.893567,False
-11.54,4,265.896567,False
22.41,9,265.904629,True
-11.79,4,265.907629,False
-11.78,3,265.910135,False
21.14,11,265.919709,True
-10.59,9,265.927608,False
20.43,7,265.933147,True
-11.79,4,265.936555,False
-10.81,6,265.942072,False
22.08,17,265.956271,True
20.43,7,265.961272,True
20.2,5,265.965796,True
-11.55,5,265.970313,False
20.68,7,265.97584,True
21.65,10,265.985169,True
-10.37,12,265.994235,False
22.17,8,266.001652,True
21.18,7,266.007196,True
21.18,7,266.013198,True
21.4,10,266.02111,True
22.38,12,266.031635,True
-11.55,5,266.035729,False
22.15,10,266.043775,True
21.42,8,266.051301,True
20.18,7,266.057285,True
21.65,10,266.064644,True
-11.31,6,266.070136,False
22.41,9,266.077675,True
20.44,6,266.082675,True
22.17,8,266.089463,True
-11.8,5,266.093464,False
21.42,8,266.099986,True
-11.78,3,266.102309,False
21.43,7,266.108838,True
20.19,6,266.114829,True
20.19,6,266.119502,True
22.4,10,266.1275,True
22.17,8,266.134022,True
20.19,6,266.139541,True
-11.53,3,266.142546,False
-11.78,3,266.144546,False
20.66,9,266.152404,True
-11.54,4,266.156408,False
20.43,7,266.161925,True
22.41,9,266.16933,True
22.39,11,266.178365,True
-11.79,4,266.181884,False
-9.82,7,266.188011,False
21.42,8,266.194055,True
20.44,6,266.199056,True
-11.77,2,266.201566,False
-12.02,2,266.202862,False
-12.02,2,266.20486,False
-11.56,6,266.209861,False
-10.57,7,266.21617,False
21.15,10,266.224218,True
20.2,5,266.22948,True
20.44,6,266.23515,True
20.44,6,266.240249,True
20.43,7,266.655395,True
22.35,14,266.671423,True
-11.29,4,266.676423,False
-11.57,7,266.683442,False
-10.34,9,266.692009,False
20.44,6,266.699008,True
22.34,16,266.717542,True
20.44,6,266.72453,True
-12.02,2,266.72653,False
-11.54,4,266.73153,False
-10.58,8,266.740358,False
20.43,7,266.747862,True
20.67,8,266.756934,True
21.4,10,266.768763,True
-11.53,3,266.772775,False
20.2,5,266.77728,True
-10.34,9,266.786756,False
-11.79,4,266.790262,False
21.42,8,266.799766,True
21.42,8,266.809341,True
22.16,9,266.819556,True
21.42,8,266.828067,True
21.15,10,266.839247,True
20.68,7,266.847246,True
-12.02,2,266.849766,False
-10.6,10,266.858822,False
20.68,7,266.864829,True
-12.02,2,266.865829,False
-10.82,7,266.872821,False
21.41,9,266.880885,True
21.66,9,266.888233,True
22.16,9,266.89628,True
-11.32,7,266.90218,False
-11.55,5,266.906199,False
-11.55,5,266.910198,False
20.43,7,266.916721,True
20.2,5,266.919944,True
20.2,5,266.924464,True
20.17,8,266.93199,True
20.44,6,266.93624,True
-11.79,4,266.940238,False
20.2,5,266.94376,True
-10.57,7,266.950756,False
20.44,6,266.955651,True
20.44,6,266.960651,True
20.44,6,266.966182,True
-11.55,5,266.970568,False
-10.35,10,266.978159,False
22.4,10,266.98784,True
-10.84,9,266.995503,False
20.44,6,267.000433,True
20.44,6,267.005335,True
20.2,5,267.010328,True
-10.81,6,267.014834,False
21.66,9,267.022354,True
20.19,6,267.028095,True
-10.57,7,267.034095,False
21.18,7,267.039292,True
20.44,6,267.044371,True
21.43,7,267.05004,True
20.2,5,267.054289,True
-11.8,5,267.058804,False
-10.58,8,267.065804,False
20.44,6,267.070613,True
20.44,6,267.075607,True
-11.77,2,267.077109,False
20.43,7,267.083634,True
22.33,16,267.096981,True
-11.34,9,267.104311,False
-11.56,6,267.109822,False
21.4,10,267.117822,True
22.42,8,267.125261,True
20.44,6,267.129766,True
21.42,8,267.137285,True
20.42,8,267.143797,True
-10.83,8,267.150302,False
22.6,14,267.162336,True
22.35,15,267.176416,True
-10.56,6,267.181925,False
21.18,7,267.188005,True
-11.78,3,267.191008,False
20.68,7,267.19627,True
22.4,10,267.204729,True
-10.32,7,267.210729,False
21.66,9,267.218663,True
-10.61,10,267.22588,False
22.15,10,267.234241,True
20.44,6,267.239555,True
21.39,11,267.248078,True
-11.34,9,267.255889,False
20.43,7,267.261889,True
20.42,8,267.268414,True
21.4,10,267.277203,True
21.17,8,267.283731,True
-12.02,2,267.286085,False
-12.03,3,267.2881,False
-11.03,3,267.291095,False
20.43,7,267.297607,True
-11.53,3,267.300113,False
-11.78,3,267.302745,False
-10.58,8,267.30918,False
21.42,8,267.31618,True
20.44,6,267.321258,True
-11.78,3,267.324258,False
21.16,9,267.331769,True
-10.35,10,267.340963,False
22.38,11,267.349467,True
22.56,19,267.365748,True
-10.59,9,267.373433,False
-11.54,4,267.377442,False
20.43,7,267.383954,True
22.17,8,267.390874,True
19.96,4,267.394396,True
22.1,15,267.407755,True
20.18,7,267.415268,True
-11.54,4,267.418961,False
21.42,8,267.426499,True
20.68,7,267.433499,True
20.16,9,267.441455,True
20.68,7,267.447979,True
20.44,6,267.453261,True
-11.77,2,267.454261,False
21.4,10,267.46379,True
-11.32,7,267.46967,False
21.18,7,267.476181,True
19.96,4,267.479198,True
20.2,5,267.483723,True
-10.59,9,267.491542,False
22.4,10,267.499635,True
-11.79,4,267.503471,False
20.2,5,267.507993,True
-10.58,8,267.515752,False
20.44,6,267.521739,True
20.68,7,267.527269,True
21.64,11,267.538788,True
-10.33,8,267.546303,False
20.18,7,267.5533,True
20.67,8,267.560825,True
-11.53,3,267.563825,False
22.17,8,267.571201,True
20.44,6,267.576198,True
-11.31,6,267.580709,False
-10.79,4,267.958067,False
-10.57,7,267.966067,False
21.18,7,267.974443,True
22.39,11,267.986832,True
22.39,10,267.996344,True
22.16,9,268.004885,True
21.43,7,268.012392,True
-11.56,6,268.01894,False
20.44,6,268.027457,True
21.42,8,268.036527,True
21.42,8,268.046031,True
-11.58,8,268.053357,False
22.38,11,268.063861,True
22.4,10,268.072909,True
-10.37,12,268.08392,False
22.17,8,268.093594,True
22.12,12,268.107568,True
21.42,8,268.115072,True
20.2,5,268.120706,True
-10.34,9,268.129211,False
-11.77,2,268.131211,False
22.61,14,268.143826,True
-11.79,4,268.148331,False
-11.57,7,268.156262,False
22.41,9,268.164275,True
-11.53,3,268.166861,False
-10.57,7,268.173347,False
-10.56,6,268.179871,False
-11.31,6,268.185822,False
22.64,11,268.195343,True
22.39,11,268.205777,True
20.43,7,268.212293,True
21.41,9,268.220573,True
-10.55,5,268.224579,False
-11.55,5,268.229687,False
21.17,8,268.236644,True
-10.85,9,268.245162,False
-11.55,5,268.249162,False
20.44,6,268.25368,True
-11.8,5,268.258837,False
-10.07,7,268.264349,False
-10.58,8,268.271357,False
20.44,6,268.275886,True
21.42,8,268.282401,True
21.18,7,268.289286,True
-11.55,5,268.293797,False
20.67,8,268.300309,True
20.43,7,268.305853,True
20.67,8,268.312851,True
20.2,5,268.316516,True
20.68,7,268.322226,True
20.44,6,268.327743,True
21.41,9,268.335254,True
21.42,8,268.34166,True
21.42,8,268.348338,True
21.42,8,268.355917,True
21.42,8,268.36329,True
21.18,7,268.370284,True
21.18,7,268.375981,True
22.37,12,268.385771,True
22.13,12,268.39631,True
22.6,15,268.409104,True
-11.78,3,268.411111,False
-10.58,8,268.419449,False
-10.58,8,268.42646,False
-12.02,2,268.428459,False
-11.33,8,268.435316,False
20.43,7,268.440855,True
-10.33,8,268.447859,False
-11.31,6,268.452676,False
-10.57,7,268.458674,False
22.4,10,268.467204,True
-11.77,2,268.468204,False
-10.59,8,268.475018,False
-10.56,6,268.480018,False
21.42,8,268.487281,True
-10.33,8,268.493785,False
21.66,9,268.50129,True
21.42,8,268.508891,True
21.41,9,268.516161,True
-12.02,2,268.518177,False
-11.77,2,268.519801,False
20.2,5,268.523693,True
-10.61,11,268.532697,False
21.38,12,268.542497,True
20.44,6,268.548021,True
-9.8,5,268.552021,False
20.42,8,268.55887,True
22.38,12,268.568404,True
20.95,5,268.572705,True
22.63,12,268.583217,True
21.66,9,268.590478,True
22.41,9,268.597066,True
-10.59,9,268.605695,False
21.67,8,268.611731,True
22.38,11,268.620646,True
20.67,8,268.626645,True
22.64,11,268.636472,True
-11.31,6,268.641615,False
-11.8,5,268.645615,False
-11.32,7,268.651759,False
22.38,12,268.661566,True
-11.57,7,268.667566,False
22.63,12,268.676863,True
-11.53,3,268.678863,False
20.43,7,268.685627,True
21.42,8,268.692657,True
-11.77,2,268.693657,False
20.68,7,268.699661,True
20.2,5,268.703479,True
-11.31,6,268.709005,False
22.32,18,268.724391,True
20.2,5,268.728391,True
20.19,6,268.733915,True
-11.31,6,268.739162,False
20.44,6,268.744677,True
22.38,12,268.754069,True
20.44,6,268.760068,True
21.42,8,268.766593,True
22.41,9,268.7751,True
20.44,6,268.780098,True
20.44,6,268.785632,True
22.39,11,268.794861,True
20.68,7,268.800392,True
21.18,7,268.806236,True
20.43,7,268.812857,True
-11.31,6,268.817379,False
-11.32,7,268.823625,False
20.44,6,268.829138,True
22.64,11,268.838549,True
21.19,6,268.843549,True
22.37,13,268.854537,True
21.42,8,268.861204,True
-10.33,8,268.867791,False
-10.82,7,269.246059,False
20.43,7,269.253452,True
-10.37,12,269.26396,False
21.41,9,269.273038,True
22.35,14,269.286522,True
-11.79,4,269.290029,False
20.2,5,269.296029,True
22.38,12,269.310099,True
22.41,9,269.318603,True
20.18,7,269.327092,True
20.43,7,269.33537,True
20.2,5,269.341127,True
-11.54,4,269.34613,False
20.44,6,269.352631,True
-10.55,5,269.35927,False
20.2,5,269.364775,True
22.41,9,269.375427,True
20.43,7,269.381932,True
-10.59,9,269.39127,False
20.2,5,269.39527,True
22.37,12,269.407341,True
-11.59,9,269.416351,False
21.42,8,269.425366,True
20.43,7,269.433869,True
22.4,10,269.443862,True
-10.57,7,269.450862,False
-10.61,11,269.460277,False
20.42,8,269.469318,True
-11.31,6,269.474853,False
21.38,12,269.486384,True
21.18,7,269.492904,True
20.44,6,269.49843,True
-12.02,2,269.50043,False
-10.33,8,269.50792,False
-11.79,4,269.511004,False
20.65,9,269.519199,True
-9.85,9,269.52676,False
20.44,6,269.531842,True
20.43,7,269.537188,True
-10.33,8,269.544551,False
22.41,9,269.551243,True
22.38,12,269.561266,True
20.43,7,269.56812,True
22.38,12,269.578136,True
21.43,7,269.583647,True
20.43,7,269.590153,True
20.94,6,269.595157,True
21.17,8,269.601678,True
22.59,16,269.615005,True
21.16,9,269.623096,True
22.14,11,269.63162,True
-11.78,3,269.635069,False
21.42,8,269.641623,True
-11.54,4,269.644628,False
-11.55,5,269.648631,False
-11.54,4,269.652286,False
20.43,7,269.658292,True
-11.55,5,269.662803,False
20.19,6,270.227522,True
-10.36,11,270.236063,False
22.39,11,270.245658,True
22.13,12,270.25562,True
20.18,7,270.262969,True
-11.78,3,270.26597,False
20.43,7,270.2716,True
-11.77,2,270.2736,False
22.53,22,270.290618,True
20.44,6,270.296146,True
22.41,9,270.303671,True
22.07,18,270.317719,True
22.37,13,270.328546,True
-10.57,7,270.33407,False
20.44,6,270.338355,True
-10.56,6,270.343877,False
21.43,7,270.349387,True
20.18,7,270.355877,True
22.37,12,270.365402,True
20.44,6,270.371525,True
20.67,8,270.378059,True
21.67,8,270.384579,True
20.43,7,270.390585,True
-10.32,7,270.397128,False
-10.59,9,270.4045,False
22.41,9,270.411548,True
-10.58,8,270.418067,False
20.44,6,270.423331,True
22.38,12,270.433767,True
21.43,7,270.439083,True
22.4,10,270.447598,True
20.19,6,270.452846,True
21.18,7,270.458366,True
22.37,13,270.4705,True
21.42,8,270.476494,True
-10.8,5,270.482009,False
-11.79,4,270.485355,False
21.42,8,270.491887,True
-11.57,7,270.497253,False
20.68,7,270.503124,True
21.19,6,270.509129,True
20.19,6,270.513653,True
21.41,9,270.521031,True
22.55,20,270.537971,True
22.39,11,270.547481,True
20.17,8,270.554374,True
-10.33,8,270.561458,False
20.67,8,270.568473,True
-11.55,5,270.57234,False
-9.56,6,270.577344,False
22.16,9,270.585226,True
-10.56,6,270.591245,False
-11.3,5,270.595313,False
21.42,8,270.601751,True
20.42,8,270.608298,True
21.42,8,270.615344,True
20.18,7,270.620907,True
22.17,8,270.627442,True
21.43,7,270.633442,True
-11.56,6,270.638509,False
22.62,12,270.648028,True
-11.79,4,270.652034,False
22.17,8,270.658024,True
-12.02,2,270.660024,False
20.2,5,270.664026,True
20.44,6,270.668897,True
-11.79,4,270.672896,False
21.42,8,270.679416,True
22.4,10,270.687713,True
-11.77,2,270.689235,False
-11.55,5,270.692234,False
-11.56,6,270.698269,False
20.44,6,270.702641,True
22.4,10,270.711683,True
-11.54,4,271.092493,False
22.4,10,271.103943,True
22.16,9,271.112982,True
-12.02,2,271.114982,False
-11.56,6,271.121087,False
20.18,7,271.128087,True
-11.57,7,271.13493,False
20.2,5,271.140457,True
-10.58,8,271.147457,False
20.42,8,271.157378,True
22.6,15,271.174876,True
21.66,9,271.184995,True
-11.78,3,271.18801,False
-11.32,7,271.197021,False
-12.04,4,271.201523,False
20.44,6,271.207047,True
20.2,5,271.212554,True
21.18,7,271.219107,True
-11.56,6,271.226224,False
21.43,7,271.23274,True
20.68,7,271.239602,True
-10.56,6,271.246629,False
21.43,7,271.25375,True
-11.55,5,271.259758,False
21.67,8,271.267271,True
-10.33,8,271.27632,False
20.19,6,271.28332,True
22.16,9,271.292971,True
-11.32,7,271.29949,False
-11.55,5,271.30485,False
21.67,8,271.312369,True
22.32,18,271.330071,True
22.14,11,271.340064,True
20.42,8,271.347061,True
-10.63,13,271.358886,False
21.42,8,271.365397,True
22.36,14,271.376759,True
20.2,5,271.381422,True
-10.57,7,271.388274,False
-11.55,5,271.392709,False
20.2,5,271.397214,True
-11.79,4,271.400725,False
22.17,8,271.407204,True
21.18,7,271.41355,True
-10.81,6,271.420006,False
-11.78,3,271.422522,False
22.14,11,271.433004,True
21.42,8,271.438999,True
-11.79,4,271.44251,False
21.18,7,271.448516,True
20.44,6,271.454041,True
22.58,17,271.467579,True
21.19,6,271.471855,True
21.15,10,271.48138,True
20.44,6,271.486189,True
-10.33,8,271.493183,False
-10.32,7,271.499234,False
20.43,7,271.505054,True
-10.35,10,271.514054,False
20.43,7,271.519859,True
-10.56,6,271.525539,False
20.44,6,271.530067,True
20.19,6,271.535067,True
-11.78,3,271.54125,False
20.2,5,271.54525,True
22.39,11,271.555284,True
22.4,10,271.562809,True
-12.03,3,271.565809,False
-10.61,11,271.575185,False
-11.79,4,271.579184,False
-11.56,6,271.583709,False
-10.6,10,271.592486,False
-11.77,2,271.594334,False
20.43,7,271.600423,True
20.43,7,271.606862,True
20.43,7,271.613131,True
21.42,8,271.618765,True
20.68,7,271.625112,True
22.39,11,271.63456,True
20.44,6,271.638913,True
-12.02,2,271.640913,False
22.63,12,271.651427,True
21.18,7,271.656318,True
-11.57,7,271.663314,False
22.4,10,271.6717,True
20.41,9,271.680207,True
22.38,12,271.689615,True
20.44,6,271.696051,True
20.19,6,271.700563,True
-11.54,4,271.703201,False
22.4,10,271.712872,True
21.18,7,271.718634,True
22.16,9,271.726593,True
-10.83,8,271.732593,False
-10.79,4,271.736828,False
21.66,9,271.74475,True
20.19,6,271.749262,True
20.43,7,271.755566,True
21.18,7,271.761077,True
20.2,5,271.765077,True
-11.77,2,271.767582,False
20.43,7,271.772888,True
22.17,8,271.7794,True
22.13,12,271.791039,True
-11.77,2,271.792733,False
22.62,13,271.803948,True
20.68,7,271.810119,True
21.42,8,271.816134,True
-11.55,5,271.821518,False
-11.78,3,271.823521,False
-10.61,11,271.833037,False
21.42,8,271.840091,True
-10.58,8,271.846083,False
-11.79,4,271.849514,False
-12.02,2,271.85192,False
-10.59,9,271.859942,False
20.67,8,271.866533,True
20.19,6,271.871693,True
21.42,8,271.878621,True
20.44,6,271.883131,True
-11.34,9,271.891519,False
20.43,7,271.897042,True
20.19,6,271.902385,True
-11.54,4,271.906393,False
-11.32,7,271.911388,False
-11.34,9,271.91974,False
22.39,11,271.929273,True
20.43,7,271.934783,True
22.39,10,271.943744,True
-10.58,8,271.950838,False
21.66,9,271.959597,True
20.2,5,271.963672,True
-11.78,3,271.966345,False
-10.32,7,271.972636,False
22.41,9,271.980146,True
21.41,9,271.987657,True
21.41,9,271.996162,True
22.41,9,272.00368,True
20.2,5,272.008192,True
20.68,7,272.014193,True
21.18,7,272.020598,True
22.16,9,272.409344,True
20.43,7,272.416848,True
-10.58,8,272.426206,False
20.18,7,272.434594,True
-10.55,5,272.440109,False
20.43,7,272.448615,True
21.4,10,272.460481,True
-10.82,7,272.468362,False
-11.32,7,272.475376,False
-11.77,2,272.477881,False
20.2,5,272.483881,True
21.42,8,272.493386,True
-11.32,7,272.501394,False
20.43,7,272.50994,True
20.44,6,272.51694,True
-11.81,6,272.524221,False
21.41,9,272.532729,True
22.11,14,272.546783,True
21.43,7,272.553716,True
-11.83,7,272.559716,False
22.41,9,272.568621,True
20.44,6,272.576143,True
22.39,11,272.586585,True
20.43,7,272.593107,True
21.66,9,272.602657,True
20.19,6,272.607666,True
20.2,5,272.613174,True
-10.55,5,272.618186,False
-11.33,8,272.625538,False
20.44,6,272.630538,True
20.19,6,272.635435,True
22.33,17,272.650125,True
-11.78,3,272.652457,False
20.19,6,272.658008,True
20.19,6,272.663008,True
21.18,7,272.66902,True
21.19,6,272.674019,True
-12.03,3,272.676539,False
21.18,7,272.682543,True
21.41,9,272.689496,True
20.19,6,272.695496,True
-10.32,7,272.701022,False
-12.02,2,272.702972,False
20.43,7,272.7085,True
-11.77,2,272.7105,False
-11.53,3,272.713495,False
-10.8,5,272.718005,False
-11.55,5,272.722383,False
-11.31,6,272.727387,False
20.44,6,272.732912,True
20.65,10,272.741807,True
20.19,6,272.746807,True
-11.79,4,272.749313,False
20.44,6,272.754961,True
-11.03,3,272.757968,False
20.44,6,272.76264,True
21.19,6,272.767641,True
20.43,7,272.773381,True
21.17,8,272.779381,True
22.16,9,272.787195,True
21.42,8,272.793954,True
20.68,7,272.799972,True
-10.57,7,272.80486,False
21.64,11,272.814382,True
21.41,9,272.82315,True
21.41,9,272.830676,True
-11.53,3,272.833188,False
-11.55,5,272.837007,False
21.42,8,272.843524,True
-11.59,9,272.852633,False
20.44,6,272.857755,True
20.68,7,272.863755,True
-10.32,7,272.869534,False
22.41,9,272.877059,True
22.6,14,272.888861,True
20.43,7,272.894861,True
21.42,8,272.900385,True
20.43,7,272.907808,True
21.42,8,272.913889,True
22.16,9,272.921705,True
-12.02,2,272.923704,False
20.2,5,272.928167,True
-11.78,3,272.930166,False
21.43,7,272.936065,True
-10.62,12,272.947604,False
20.43,7,272.953868,True
21.42,8,272.961391,True
20.44,6,272.966391,True
-10.35,10,272.975127,False
-10.57,7,272.980654,False
20.19,6,272.986863,True
-11.58,8,272.993376,False
-10.35,10,273.003303,False
-11.78,3,273.006304,False
-11.54,4,273.009983,False
-11.55,5,273.01398,False
21.17,8,273.021649,True
22.63,11,273.031122,True
21.19,6,273.036115,True
-11.54,4,273.039632,False
22.36,14,273.051958,True
20.44,6,273.057477,True
-11.56,6,273.062018,False
21.39,11,273.071855,True
20.44,6,273.076854,True
21.41,9,273.084767,True
22.29,21,273.102931,True
20.43,7,273.108024,True
20.2,5,273.113281,True
-10.57,7,273.11882,False
-11.53,3,273.121827,False
22.4,10,273.130413,True
20.2,5,273.134001,True
-11.78,3,273.136731,False
22.4,10,273.145187,True
20.2,5,273.149186,True
-11.06,6,273.154581,False
20.19,6,273.159104,True
20.44,6,273.164103,True
22.4,10,273.17201,True
21.43,7,273.178528,True
22.17,8,273.185975,True
21.42,8,273.192181,True
22.36,14,273.204625,True
22.4,10,273.212385,True
22.14,11,273.221396,True
22.63,12,273.231385,True
-11.77,2,273.233391,False
20.44,6,273.238986,True
20.68,7,273.243976,True
22.39,11,273.253971,True
21.18,7,273.259484,True
-11.55,5,273.263484,False
22.63,12,273.274029,True
20.43,7,273.279464,True
-11.8,5,273.28348,False
20.44,6,273.288723,True
-10.83,8,273.295245,False
21.41,9,273.304209,True
-11.56,6,273.308721,False
20.67,8,273.316061,True
20.43,7,273.321007,True
-11.57,7,273.714901,False
-11.32,7,273.722579,False
22.61,13,273.737545,True
-11.77,2,273.74005,False
20.44,6,273.748049,True
20.44,6,273.75414,True
21.42,8,273.761617,True
-11.54,4,273.765617,False
20.2,5,273.771615,True
20.44,6,273.777614,True
-11.31,6,273.783119,False
20.44,6,273.789832,True
20.19,6,273.796386,True
-12.04,4,273.800385,False
-10.57,7,273.808892,False
-10.55,5,273.815002,False
-12.02,2,273.818002,False
22.61,14,273.834415,True
21.43,7,273.84086,True
-11.78,3,273.844372,False
-10.6,10,273.855461,False
21.18,7,273.862454,True
-11.33,8,273.869537,False
22.14,11,273.880039,True
-11.78,3,273.883039,False
22.14,11,273.893981,True
21.42,8,273.904007,True
-11.77,2,273.90651,False
22.36,14,273.918868,True
-10.56,6,273.92588,False
-10.79,4,273.929408,False
22.54,21,273.948763,True
20.19,6,273.954132,True
-11.54,4,273.958393,False
-11.56,6,273.963058,False
20.68,7,273.96806,True
20.44,6,273.974018,True
20.67,8,273.98061,True
20.2,5,273.984616,True
22.65,10,273.993455,True
20.44,6,273.998456,True
-10.58,8,274.004585,False
-11.56,6,274.010264,False
-10.36,11,274.019671,False
20.43,7,274.025331,True
-10.32,7,274.03126,False
-11.78,3,274.033768,False
20.42,8,274.041459,True
-11.32,7,274.047132,False
22.14,11,274.057153,True
22.15,10,274.065662,True
20.44,6,274.071307,True
22.41,9,274.079897,True
-10.59,9,274.087657,False
20.19,6,274.092578,True
20.41,9,274.100095,True
20.44,6,274.105096,True
22.39,10,274.11403,True
20.2,5,274.1181,True
-11.31,6,274.123125,False
21.43,7,274.129636,True
-11.31,6,274.134635,False
21.41,9,274.142693,True
-11.78,3,274.144693,False
-11.78,3,274.146693,False
21.4,10,274.155679,True
-10.56,6,274.161777,False
20.43,7,274.169293,True
-11.56,6,274.174887,False
21.67,8,274.180882,True
22.12,13,274.192468,True
-11.29,4,274.195474,False
20.2,5,274.199474,True
21.42,8,274.206826,True
-10.82,7,274.212877,False
-11.54,4,274.215876,False
20.2,5,274.220855,True
20.44,6,274.224379,True
20.44,6,274.229904,True
20.19,6,274.235082,True
-11.53,3,274.238325,False
-11.78,3,274.240325,False
20.43,7,274.246433,True
20.44,6,274.251774,True
-10.81,6,274.257306,False
20.2,5,274.261307,True
21.17,8,274.268246,True
-11.32,7,274.274775,False
-10.56,6,274.279789,False
-10.6,10,274.288564,False
22.36,13,274.299087,True
20.44,6,274.304462,True
20.68,7,274.31051,True
22.17,8,274.316743,True
20.44,6,274.32243,True
-11.77,2,274.323442,False
20.44,6,274.328962,True
-10.33,8,274.335361,False
22.15,10,274.343911,True
-10.59,9,274.351803,False
-11.32,7,274.357822,False
20.68,7,274.363345,True
21.4,10,274.371764,True
20.43,7,274.37776,True
21.41,9,274.385733,True
-11.58,8,274.393252,False
20.2,5,274.397252,True
20.2,5,274.401174,True
-10.83,8,274.408698,False
20.66,9,274.41621,True
-11.58,8,274.423459,False
-11.31,6,274.428465,False
20.19,6,274.433126,True
20.42,8,274.440532,True
20.19,6,274.445059,True
20.43,7,274.451059,True
20.44,6,274.456122,True
-11.59,9,274.46364,False
20.43,7,274.469138,True
20.68,7,274.474686,True
22.14,11,274.484196,True
20.43,7,274.489727,True
-11.78,3,274.492727,False
-11.56,6,274.497249,False
-10.55,5,274.502614,False
-10.59,9,274.509638,False
22.4,10,274.518635,True
20.19,6,274.523828,True
-12.02,2,274.524822,False
19.96,4,274.5275,True
-10.58,8,274.535821,False
22.41,9,274.542932,True
22.38,12,274.552877,True
22.63,12,274.562398,True
20.43,7,274.568398,True
21.17,8,274.574699,True
20.19,6,274.580203,True
22.4,10,274.588591,True
22.14,11,274.597115,True
-11.53,3,274.600107,False
20.44,6,274.605369,True
22.17,8,274.613073,True
-11.78,3,274.615073,False
21.41,9,274.623152,True
20.44,6,274.629146,True
22.15,10,275.03556,True
20.44,6,275.042086,True
21.41,9,275.052954,True
20.44,6,275.059,True
-10.58,8,275.068458,False
20.43,7,275.076474,True
-11.79,4,275.080981,False
21.64,10,275.092999,True
20.68,7,275.101501,True
21.39,11,275.114169,True
20.19,6,275.121294,True
22.4,10,275.132448,True
20.44,6,275.139449,True
20.44,6,275.146965,True
20.19,6,275.15348,True
22.41,9,275.163993,True
20.2,5,275.169595,True
22.3,20,275.189732,True
-10.58,8,275.199246,False
20.2,5,275.204309,True
21.19,6,275.21032,True
-11.56,6,275.216948,False
21.4,10,275.228607,True
20.2,5,275.233212,True
21.19,6,275.239154,True
20.19,6,275.245154,True
20.2,5,275.250471,True
-11.78,3,275.252781,False
-11.77,2,275.254781,False
-11.32,7,275.261147,False
21.42,8,275.268983,True
20.2,5,275.272991,True
20.2,5,275.276503,True
-10.33,8,275.283516,False
-11.57,7,275.28935,False
20.44,6,275.294343,True
20.68,7,275.301183,True
20.2,5,275.305191,True
20.44,6,275.309716,True
20.66,8,275.317229,True
21.42,8,275.323648,True
21.41,9,275.33167,True
20.19,6,275.33727,True
20.19,6,275.342795,True
-11.77,2,275.343794,False
20.44,6,275.348793,True
20.19,6,275.353642,True
-11.77,2,275.355642,False
-10.82,7,275.362161,False
21.42,8,275.368586,True
20.43,7,275.374788,True
20.43,7,275.380787,True
22.62,13,275.391749,True
20.42,8,275.399257,True
-11.31,6,275.404188,False
21.42,8,275.411188,True
21.42,8,275.41811,True
-11.56,6,275.423046,False
22.16,9,275.430728,True
20.44,6,275.435684,True
-10.34,9,275.443881,False
-11.32,7,275.449404,False
20.44,6,275.453884,True
21.42,8,275.461421,True
20.19,6,275.466946,True
21.66,9,275.474387,True
20.44,6,275.47991,True
-10.59,9,275.487808,False
20.43,7,275.493808,True
-12.02,2,275.495808,False
-10.33,8,275.502645,False
-10.79,4,275.506642,False
-11.54,4,275.509165,False
21.42,8,275.516909,True
20.2,5,275.520727,True
21.17,8,275.527454,True
21.41,9,275.535045,True
-10.34,9,275.542592,False
20.2,5,275.546587,True
21.42,8,275.553688,True
-10.34,9,275.561205,False
22.12,13,275.572469,True
21.42,8,275.578468,True
-10.82,7,275.584994,False
20.19,6,275.589289,True
-10.34,9,275.597803,False
-10.57,7,275.603426,False
-11.78,3,275.606423,False
22.38,12,275.615699,True
22.38,11,275.625519,True
22.15,10,275.63303,True
-10.57,7,275.639329,False
20.43,7,275.644851,True
-10.55,5,275.648851,False
-11.77,2,275.650851,False
22.39,11,275.661096,True
21.66,9,275.668607,True
-12.02,2,275.670614,False
21.18,7,275.676086,True
21.42,8,275.683079,True
21.17,8,275.689617,True
20.66,9,275.697124,True
22.38,12,275.708334,True
21.18,7,275.71501,True
-10.58,8,275.721917,False
20.44,6,275.727422,True
22.62,13,275.737734,True
21.18,7,275.743807,True
21.66,9,275.751487,True
-11.56,6,275.755913,False
20.44,6,275.761436,True
21.43,7,275.767437,True
20.18,7,275.772678,True
21.42,8,275.779196,True
-12.02,2,275.781212,False
-10.79,4,275.784201,False
22.45,30,275.80876,True
21.18,7,275.8148,True
22.39,11,275.823702,True
20.44,6,275.829538,True
20.44,6,275.835068,True
-10.81,6,275.839466,False
20.44,6,275.844979,True
20.43,7,275.849979,True
20.19,6,275.855959,True
21.43,7,275.861963,True
-10.34,8,275.867633,False
-11.33,8,275.874684,False
20.44,6,275.879685,True
20.2,5,275.883203,True
22.4,10,275.891485,True
22.41,9,275.899001,True
-10.81,6,275.904905,False
22.41,9,275.911984,True
-11.79,4,275.915249,False
20.44,6,275.920698,True
-10.81,6,275.926846,False
21.4,10,275.93451,True
-10.61,11,275.944555,False
21.18,7,275.950562,True
21.18,7,276.336654,True
-10.79,4,276.340654,False
21.43,7,276.347175,True
-11.54,4,276.351175,False
-11.78,3,276.35423,False
-11.78,3,276.357236,False
-11.57,7,276.364236,False
-10.83,8,276.372266,False
20.44,6,276.377788,True
-10.34,9,276.386966,False
-11.54,4,276.390966,False
22.57,18,276.408555,True
-12.02,2,276.410555,False
-11.56,6,276.417563,False
21.14,11,276.430679,True
-10.57,7,276.439744,False
20.2,5,276.445008,True
-11.79,4,276.448509,False
20.44,6,276.454088,True
-12.02,2,276.456088,False
22.61,14,276.475742,True
22.34,15,276.491262,True
21.42,8,276.501204,True
-11.53,3,276.504217,False
20.2,5,276.510718,True
-11.03,3,276.51372,False
21.42,8,276.523534,True
-10.35,9,276.532652,False
-11.78,3,276.535105,False
22.13,12,276.546686,True
22.4,10,276.556535,True
20.43,7,276.563055,True
22.39,11,276.573936,True
21.42,8,276.580932,True
22.37,13,276.592838,True
-11.55,5,276.597356,False
-11.57,7,276.602735,False
21.43,7,276.609262,True
-10.84,9,276.617299,False
21.4,10,276.625057,True
21.92,8,276.631704,True
21.41,9,276.639453,True
22.17,8,276.645971,True
22.41,33,277.166808,True
21.4,10,277.176217,True
22.41,9,277.183732,True
20.44,6,277.18862,True
22.59,16,277.20215,True
20.44,6,277.207147,True
20.2,5,277.211671,True
-11.58,8,277.218689,False
-11.54,4,277.222202,False
20.44,6,277.228038,True
20.44,6,277.23256,True
21.18,7,277.237867,True
21.41,9,277.247068,True
21.65,10,277.255579,True
20.44,6,277.260579,True
21.18,7,277.267091,True
-11.77,2,277.269098,False
20.42,8,277.27563,True
-11.53,3,277.278157,False
22.6,15,277.290336,True
-10.79,4,277.293853,False
21.42,8,277.299858,True
21.43,7,277.305826,True
20.43,7,277.311826,True
-11.82,7,277.31735,False
20.2,5,277.322335,True
20.18,7,277.327859,True
21.18,7,277.333859,True
20.19,6,277.338359,True
20.67,8,277.344358,True
20.44,6,277.35088,True
22.17,8,277.357839,True
21.43,7,277.362839,True
22.17,8,277.370412,True
-11.78,3,277.372411,False
21.17,8,277.379055,True
22.39,11,277.388748,True
-10.81,6,277.393748,False
-10.33,8,277.4016,False
-11.78,3,277.403607,False
20.43,7,277.410118,True
22.38,12,277.42015,True
21.41,8,277.42758,True
20.19,6,277.432129,True
20.44,6,277.437456,True
-10.33,8,277.443979,False
21.18,7,277.448979,True
20.2,5,277.452877,True
-11.57,7,277.458976,False
-11.53,3,277.461506,False
20.19,6,277.467505,True
21.42,8,277.473944,True
-10.57,7,277.47995,False
20.19,6,277.485004,True
-11.58,8,277.492036,False
-12.02,2,277.49416,False
-11.32,7,277.501158,False
-10.58,8,277.509296,False
20.44,6,277.51481,True
-11.78,3,277.518233,False
-11.78,3,277.52176,False
20.19,6,277.527129,True
-11.53,3,277.530136,False
20.19,6,277.536408,True
21.19,6,277.542417,True
-10.81,6,277.547934,False
22.39,11,277.557854,True
22.16,9,277.566378,True
22.4,10,277.576217,True
21.16,9,277.585047,True
20.42,8,277.591606,True
20.44,6,277.597125,True
21.93,7,277.602777,True
-11.3,5,277.607301,False
-11.56,6,277.612301,False
20.67,8,277.619102,True
-11.56,6,277.623955,False
-11.59,9,277.631212,False
-11.53,3,277.634211,False
21.42,8,277.640025,True
-11.78,3,277.643026,False
20.19,6,277.648548,True
20.2,5,277.65185,True
21.42,8,277.658374,True
20.2,5,277.663373,True
-11.77,2,277.664373,False
-10.58,8,277.671111,False
21.4,10,277.679618,True
-11.78,3,277.682618,False
22.14,10,277.691571,True
20.42,8,277.69757,True
22.41,9,277.705498,True
22.39,11,277.715245,True
20.2,5,277.719726,True
21.65,10,277.728364,True
-10.34,9,277.735526,False
-11.78,3,277.738532,False
-11.77,2,277.740037,False
-11.54,4,277.744044,False
20.44,6,277.749044,True
20.68,7,277.755188,True
