#{"t_start": 1791212207.1685236, "env_id": "None"}
r,l,t,is_success
-11.82,7,1.047814,False
-11.82,7,1.054354,False
-11.78,3,1.057345,False
-11.81,5,1.062346,False
-12.01,1,1.063879,False
-11.91,16,1.077789,False
-12.01,1,1.07879,False
-12.02,2,1.080786,False
-11.76,1,1.081786,False
-11.8,5,1.085633,False
-11.8,5,1.090154,False
-12.01,1,1.092149,False
-12.05,5,1.096698,False
-12.07,7,1.102537,False
-11.77,2,1.105068,False
-11.79,4,1.109076,False
-12.08,8,1.11659,False
-12.05,5,1.121058,False
-11.8,5,1.126557,False
-12.05,5,1.131564,False
-12.02,2,1.133564,False
-12.01,1,1.134564,False
-12.01,1,1.135564,False
-11.54,4,1.139621,False
-12.02,2,1.141613,False
-11.83,8,1.149145,False
-12.04,4,1.153176,False
-11.42,17,1.167753,False
-12.02,2,1.169611,False
-11.62,12,1.180119,False
-11.81,6,1.185468,False
-11.77,2,1.187485,False
-11.77,2,1.190022,False
-11.78,3,1.193016,False
-12.04,4,1.196017,False
-11.77,2,1.198522,False
-12.02,2,1.200032,False
-11.82,7,1.207513,False
-12.04,4,1.211024,False
-12.06,6,1.216535,False
-12.02,2,1.218991,False
-12.01,1,1.220033,False
-12.09,9,1.228043,False
-12.05,5,1.232556,False
-12.06,6,1.238197,False
-12.03,3,1.240778,False
-12.08,8,1.247793,False
-11.76,1,1.249789,False
-11.53,3,1.252638,False
-12.01,1,1.253634,False
-11.82,7,1.259628,False
-10.96,46,1.298344,False
-12.05,5,1.303225,False
-12.02,2,1.305244,False
-12.04,4,1.308769,False
-11.8,5,1.313764,False
-11.79,4,1.317275,False
-11.89,14,1.330366,False
-12.05,5,1.334567,False
-12.02,2,1.336941,False
-10.86,10,1.346442,False
-12.01,1,1.34753,False
-12.06,6,1.352763,False
-11.85,9,1.361307,False
-12.01,1,1.362306,False
-12.04,4,1.365306,False
-11.82,7,1.371485,False
-12.01,1,1.373488,False
-12.01,1,1.374487,False
-12.02,2,1.377486,False
-12.02,2,1.379825,False
-12.11,11,1.39043,False
-12.01,1,1.392434,False
-12.01,1,1.394434,False
-11.82,7,1.400471,False
-12.06,6,1.405246,False
-12.02,2,1.407246,False
-12.01,1,1.409247,False
-11.63,13,1.420025,False
-11.78,3,1.423705,False
-12.01,1,1.424709,False
-11.86,11,1.434155,False
-12.04,4,1.43863,False
-11.57,6,1.444296,False
-12.02,2,1.44631,False
-12.02,2,1.449312,False
-12.11,11,1.459692,False
-12.02,2,1.461698,False
-11.83,8,1.468587,False
-12.17,17,1.483639,False
-11.81,6,1.489034,False
-12.08,8,1.49709,False
-11.77,2,1.498595,False
-12.01,1,1.499602,False
-12.03,3,1.502969,False
-11.8,4,1.506499,False
-12.01,1,1.507499,False
-12.06,6,1.513498,False
-12.09,9,1.521282,False
-12.01,1,1.522282,False
-12.06,6,1.528524,False
-12.02,2,1.529522,False
-11.39,13,1.541334,False
-12.08,8,1.548864,False
-11.8,5,1.553136,False
-11.53,3,1.556125,False
-11.78,3,1.559634,False
-12.01,1,1.561642,False
-12.03,3,1.564167,False
-12.02,2,1.566167,False
-12.06,6,1.57147,False
-12.01,1,1.572466,False
-12.01,1,1.573466,False
-12.05,5,1.578987,False
-12.03,3,1.581522,False
-11.77,2,1.583526,False
-12.04,4,1.586782,False
-11.8,5,1.59083,False
-11.8,5,1.595366,False
20.11,14,1.607704,True
-11.84,9,1.615715,False
-12.04,4,1.620115,False
-11.53,3,1.622638,False
-12.02,2,1.624638,False
-10.77,51,1.666542,False
-11.8,5,1.670799,False
-12.04,4,1.674325,False
-12.05,5,1.679325,False
-12.03,3,1.681325,False
-12.1,10,1.690094,False
-12.03,3,1.694135,False
-11.83,8,1.700653,False
-12.02,2,1.702963,False
-11.83,7,1.709005,False
-12.01,1,1.711017,False
-12.02,2,1.713008,False
-11.79,4,1.716522,False
-11.57,7,1.722822,False
-11.89,13,1.733346,False
-12.04,4,1.737227,False
-12.07,7,1.743221,False
-11.85,10,1.75076,False
-12.12,12,1.761838,False
-12.02,2,1.763838,False
-12.01,1,1.764838,False
-12.06,6,1.770813,False
-12.03,3,1.772813,False
-12.02,2,1.775806,False
-12.03,3,1.778833,False
-12.01,1,1.779833,False
-11.78,3,1.782833,False
-12.02,2,1.784833,False
-11.85,9,1.792452,False
-10.9,15,1.804986,False
-12.01,1,1.806979,False
-12.01,1,1.80798,False
-12.02,2,1.810486,False
-11.81,5,1.814493,False
-11.8,5,1.819078,False
-12.03,3,1.82214,False
-11.8,5,1.826135,False
-11.77,2,1.829134,False
-11.81,5,1.833664,False
-11.84,8,1.840766,False
-12.03,3,1.843775,False
-12.02,2,1.84578,False
-12.04,4,1.84978,False
-10.92,17,1.865208,False
-11.88,13,1.876834,False
-11.77,2,1.878829,False
-12.02,2,1.880834,False
-12.05,5,1.886141,False
-12.04,4,1.889166,False
-11.89,14,1.901887,False
-12.02,2,1.903924,False
-12.01,1,1.904924,False
-11.08,57,1.955221,False
-11.82,7,1.961236,False
-12.06,6,1.966762,False
-12.01,1,1.96776,False
-12.03,3,1.970289,False
-11.86,11,1.980827,False
-12.02,2,1.982827,False
-12.08,8,2.361846,False
-12.01,1,2.363845,False
-11.79,4,2.368365,False
-12.02,2,2.369883,False
-11.36,11,2.380361,False
-12.09,9,2.389883,False
-12.05,5,2.39491,False
-12.05,5,2.401638,False
-11.78,3,2.404788,False
-12.01,1,2.405789,False
-11.82,7,2.413301,False
-12.03,3,2.416301,False
-11.8,5,2.421402,False
-12.01,1,2.422412,False
-12.08,8,2.43191,False
-12.02,2,2.434912,False
-12.02,2,2.436399,False
-11.76,1,2.437901,False
-12.04,4,2.443073,False
-11.84,9,2.454086,False
-11.79,4,2.459085,False
-11.83,8,2.468091,False
-11.8,5,2.47363,False
-11.55,5,2.479633,False
-11.86,11,2.492137,False
-12.01,1,2.495145,False
-12.03,3,2.498148,False
-12.01,1,2.499148,False
-11.55,5,2.505155,False
-11.8,5,2.511158,False
-12.01,1,2.512659,False
-12.01,1,2.514662,False
-12.02,2,2.517165,False
-12.01,1,2.519166,False
-11.84,9,2.529671,False
-11.81,6,2.536625,False
-12.1,10,2.545628,False
-12.02,2,2.548134,False
-12.05,5,2.553792,False
-11.89,14,2.566315,False
-12.03,3,2.569582,False
-11.78,3,2.572581,False
-12.04,4,2.576581,False
-12.02,2,2.579106,False
-11.8,5,2.584106,False
-12.04,4,2.588609,False
-11.81,6,2.594128,False
-11.8,5,2.598719,False
-11.58,7,2.60495,False
-12.02,2,2.607476,False
-11.79,4,2.61199,False
-11.79,4,2.616985,False
-12.02,2,2.617985,False
-12.03,3,2.622499,False
-12.03,3,2.625499,False
-11.78,3,2.6285,False
-11.84,9,2.638014,False
-11.8,5,2.643525,False
-11.37,12,2.655689,False
-12.03,3,2.658692,False
-12.02,2,2.659693,False
-12.07,7,2.667215,False
-11.6,10,2.67665,False
-11.65,14,2.690602,False
-12.01,1,2.692602,False
-11.78,3,2.695647,False
-11.8,5,2.700645,False
-12.02,2,2.702501,False
-12.01,1,2.704043,False
-12.02,2,2.706043,False
-12.01,1,2.708037,False
-12.03,3,2.711043,False
-11.82,6,2.717087,False
-12.01,1,2.719092,False
-12.08,8,2.727437,False
-11.77,2,2.72943,False
-11.77,2,2.731437,False
-12.02,2,2.733437,False
-12.04,4,2.738505,False
-12.01,1,2.739504,False
-12.04,4,2.742504,False
-11.85,10,2.752016,False
-12.02,2,2.754015,False
-11.81,6,2.760574,False
-12.02,2,2.762572,False
-12.05,5,2.767095,False
-11.78,3,2.770095,False
-11.59,9,2.777638,False
-12.01,1,2.779638,False
-12.01,1,2.780638,False
-11.57,7,2.787146,False
-12.05,5,2.791164,False
-11.57,7,2.79817,False
-12.01,1,2.79919,False
21.1,14,2.811744,True
-12.07,7,2.818128,False
-11.84,9,2.825664,False
-11.06,6,2.832128,False
-12.02,2,2.834128,False
-11.79,4,2.837128,False
-11.83,8,2.844641,False
-11.81,6,2.851194,False
-12.04,4,2.855194,False
-11.78,3,2.85812,False
-11.86,10,2.867641,False
-12.02,2,2.869642,False
-11.8,5,2.875748,False
-12.02,2,2.877755,False
-11.78,3,2.881787,False
-12.01,1,2.882994,False
-11.79,4,2.886984,False
-12.02,2,2.88899,False
20.91,59,2.938809,True
-12.03,3,2.941813,False
-12.03,3,2.94534,False
-12.02,2,2.947334,False
-11.6,9,2.955191,False
-12.07,7,2.961862,False
-12.07,7,2.967375,False
-12.02,2,2.969879,False
-11.86,11,2.979791,False
-11.78,3,2.98279,False
-12.02,2,2.984293,False
-11.34,8,2.991493,False
-12.03,3,2.994493,False
-12.01,1,2.996005,False
-12.02,2,2.998019,False
-11.58,8,3.005534,False
-11.81,5,3.010049,False
-11.87,12,3.021101,False
-12.01,1,3.0221,False
-12.04,4,3.026101,False
-12.03,3,3.028617,False
-7.06,80,3.094888,False
-11.83,8,3.101906,False
-12.04,4,3.105428,False
-12.01,1,3.107428,False
-11.82,6,3.111942,False
-12.02,2,3.113956,False
-12.01,1,3.114956,False
-11.59,9,3.123245,False
-11.79,4,3.127239,False
-12.03,3,3.130239,False
-11.85,10,3.139238,False
-12.01,1,3.140238,False
-12.01,1,3.142233,False
-12.02,2,3.14375,False
20.11,14,3.155261,True
-12.04,4,3.159259,False
-12.05,5,3.164265,False
-11.53,3,3.166789,False
-10.81,6,3.171799,False
-11.85,10,3.180313,False
-12.05,5,3.184314,False
-12.01,1,3.185835,False
21.29,20,3.20288,True
-11.9,14,3.215446,False
-11.55,5,3.219966,False
-12.03,3,3.222966,False
-11.81,6,3.228478,False
-11.83,8,3.236216,False
-12.03,3,3.239739,False
-12.01,1,3.240749,False
-11.85,10,3.248257,False
-12.05,5,3.253278,False
-12.05,5,3.257275,False
-10.83,32,3.285038,False
-12.03,3,3.288037,False
-12.05,5,3.292553,False
-12.01,1,3.294561,False
-12.04,4,3.298092,False
-12.07,7,3.3036,False
-12.01,1,3.305105,False
-11.8,5,3.309644,False
-12.05,5,3.315169,False
-12.08,8,3.322711,False
-12.03,3,3.3257,False
-12.01,1,3.3267,False
-12.03,3,3.329028,False
-12.04,4,3.333551,False
-11.79,4,3.337078,False
-12.01,1,3.338091,False
-12.08,8,3.344589,False
-12.04,4,3.347598,False
-11.65,14,3.721504,False
-12.02,2,3.724504,False
-11.59,9,3.73401,False
-11.61,11,3.746039,False
-12.03,3,3.749039,False
-11.82,6,3.755545,False
-11.86,10,3.76405,False
-12.02,2,3.767051,False
-12.05,5,3.773185,False
-12.04,4,3.778185,False
-12.05,5,3.78469,False
-11.63,12,3.799191,False
-12.02,2,3.801194,False
-12.02,2,3.804699,False
-11.85,10,3.814214,False
-12.04,4,3.818214,False
-12.01,1,3.8197,False
-12.02,2,3.821717,False
-12.01,1,3.82322,False
-11.8,5,3.828223,False
-12.04,4,3.832222,False
-11.76,1,3.833725,False
-11.6,9,3.845233,False
-11.57,7,3.853233,False
-10.68,18,3.873854,False
-12.05,5,3.880368,False
-11.78,3,3.884368,False
-12.03,3,3.888882,False
-12.03,3,3.892882,False
-11.82,7,3.901903,False
-12.01,1,3.903903,False
-12.02,2,3.906411,False
-11.77,2,3.908932,False
20.42,7,3.916934,True
-12.01,1,3.918445,False
-12.04,4,3.922716,False
-11.62,12,3.934242,False
-12.02,2,3.936054,False
-11.78,3,3.93958,False
-10.84,9,3.947579,False
-12.01,1,3.950107,False
-11.84,9,3.958468,False
-11.8,5,3.963498,False
-11.76,1,3.964494,False
-11.79,4,3.968493,False
-12.01,1,3.968982,False
-12.03,3,3.972527,False
-12.02,2,3.97454,False
-12.02,2,3.976538,False
-12.01,1,3.977538,False
-10.82,7,3.983337,False
-11.77,2,3.98586,False
-11.55,5,4.00528,False
-12.04,4,4.012877,False
-12.02,2,4.014967,False
-11.78,3,4.020185,False
-11.77,2,4.022184,False
-12.03,3,4.025183,False
-11.77,2,4.027697,False
-12.02,2,4.029702,False
-12.04,4,4.033703,False
-11.59,9,4.041868,False
-11.89,13,4.052476,False
-11.77,2,4.054508,False
-11.81,6,4.060024,False
-12.03,3,4.063024,False
-11.76,1,4.064024,False
-11.56,6,4.069062,False
-12.02,2,4.07107,False
-12.02,2,4.073071,False
-12.03,3,4.076072,False
-12.01,1,4.077072,False
-11.8,4,4.08159,False
-12.02,2,4.08359,False
-12.04,4,4.087197,False
-11.69,18,4.102327,False
-11.76,1,4.103334,False
-12.01,1,4.105334,False
-12.05,5,4.109846,False
-12.02,2,4.112446,False
-11.83,8,4.118447,False
-12.07,7,4.124465,False
-12.03,3,4.127462,False
-11.61,11,4.136146,False
-12.02,2,4.13814,False
-12.05,5,4.143423,False
-12.02,2,4.146418,False
-11.79,4,4.150418,False
-12.01,1,4.151418,False
-12.04,4,4.155937,False
-12.05,5,4.160938,False
-12.03,3,4.163443,False
-11.02,25,4.185187,False
-12.02,2,4.187297,False
-10.6,9,4.195894,False
-12.03,3,4.198893,False
-12.03,3,4.202393,False
-11.79,4,4.205945,False
-12.02,2,4.20845,False
-12.01,1,4.209466,False
-11.77,2,4.211464,False
-11.77,2,4.212975,False
-12.01,1,4.213989,False
-11.86,11,4.22351,False
-11.84,8,4.232033,False
-12.01,1,4.233033,False
-11.77,2,4.235028,False
-12.04,4,4.239542,False
-12.03,3,4.241542,False
-11.8,5,4.245542,False
-12.06,6,4.252061,False
-11.79,4,4.256068,False
-12.04,4,4.259588,False
-12.04,4,4.263594,False
-12.03,3,4.265597,False
-12.03,3,4.269128,False
-11.83,8,4.276119,False
-11.66,15,4.290143,False
-11.31,6,4.295157,False
-12.04,4,4.299656,False
-12.06,6,4.304188,False
-11.78,3,4.307186,False
-12.05,5,4.312195,False
-11.77,2,4.314223,False
-11.77,2,4.31622,False
-12.01,1,4.317219,False
-12.04,4,4.321141,False
-12.01,1,4.322151,False
-12.04,4,4.326166,False
-11.8,5,4.330165,False
-12.01,1,4.331683,False
-11.81,6,4.336206,False
-12.07,7,4.342398,False
-12.03,3,4.345405,False
-10.81,6,4.350405,False
-11.81,6,4.35593,False
-12.01,1,4.35693,False
-12.01,1,4.357924,False
-12.03,3,4.360931,False
-12.05,5,4.366457,False
-12.01,1,4.367456,False
-12.02,2,4.368981,False
-11.83,8,4.376315,False
-11.81,5,4.381322,False
-12.01,1,4.382323,False
-12.01,1,4.383322,False
-12.02,2,4.385846,False
-12.01,1,4.386539,False
-11.78,3,4.389569,False
-12.04,4,4.392569,False
-12.01,1,4.393576,False
-12.06,6,4.400023,False
-12.02,2,4.402023,False
-11.8,5,4.406056,False
-11.77,2,4.408056,False
-12.04,4,4.412571,False
-11.82,7,4.418643,False
-12.03,3,4.42164,False
-12.03,3,4.423642,False
-12.05,5,4.429158,False
20.18,7,4.435671,True
-11.79,4,4.43919,False
-12.06,6,4.444832,False
-12.02,2,4.446343,False
-12.01,1,4.44736,False
-11.79,4,4.451351,False
-11.64,14,4.463889,False
-11.85,10,4.472401,False
-11.86,11,4.48292,False
-11.54,4,4.48692,False
-12.04,4,4.490447,False
-12.03,3,4.492439,False
-11.77,2,4.494446,False
-10.85,10,4.503487,False
-11.57,7,4.509495,False
-12.01,1,4.51102,False
-11.83,8,4.518015,False
-11.42,17,4.532953,False
19.97,3,4.53597,True
-11.85,10,4.544475,False
-12.01,1,4.54549,False
-12.03,3,4.548481,False
-12.05,5,4.552734,False
-12.03,3,4.555726,False
-12.02,2,4.557726,False
-12.11,11,4.567234,False
-11.32,7,4.574045,False
-11.81,6,4.579041,False
-12.02,2,4.581042,False
-11.76,1,4.582041,False
-12.05,5,4.586783,False
-11.79,4,4.589787,False
22.24,50,4.631366,True
-11.77,2,4.633366,False
-12.04,4,4.637883,False
-10.85,10,4.64641,False
-12.02,2,4.648409,False
-12.05,5,4.65241,False
-11.79,4,4.656938,False
-12.01,1,4.657937,False
-12.01,1,4.658931,False
-12.04,4,4.662936,False
-11.77,2,4.664937,False
-12.01,1,4.664937,False
-12.03,3,4.668464,False
-11.8,5,4.673461,False
-12.04,4,4.676965,False
-11.58,8,4.68352,False
-12.05,5,4.687354,False
-12.01,1,4.688371,False
-11.78,3,4.691368,False
-12.01,1,4.692879,False
-12.01,1,4.693894,False
-11.76,1,4.694894,False
-12.07,7,4.700407,False
-12.05,5,4.70515,False
-11.32,7,4.711187,False
-11.81,6,4.716188,False
-11.4,14,5.090661,False
-12.02,2,5.093662,False
-12.06,6,5.099167,False
-11.81,6,5.105182,False
-12.02,2,5.107695,False
-11.55,5,5.1142,False
-12.03,3,5.118234,False
-11.53,3,5.122249,False
-12.11,11,5.134754,False
-12.02,2,5.137257,False
-12.02,2,5.139762,False
-12.03,3,5.142762,False
-12.02,2,5.145762,False
-11.31,5,5.152268,False
-12.09,9,5.162773,False
-12.04,4,5.168289,False
-12.01,1,5.169806,False
-11.6,10,5.181315,False
-12.14,14,5.19682,False
21.02,23,5.21893,True
-11.82,7,5.225449,False
-12.07,7,5.234071,False
-11.77,2,5.237619,False
-12.18,18,5.257163,False
-12.02,2,5.260163,False
-12.07,7,5.269242,False
-11.39,13,5.283337,False
-12.02,2,5.285485,False
-12.01,1,5.287501,False
-11.77,2,5.288499,False
-11.84,8,5.296542,False
-12.02,2,5.299546,False
-11.78,3,5.302547,False
-12.02,2,5.304546,False
-12.04,4,5.308586,False
-11.78,3,5.311587,False
-11.62,12,5.322632,False
-12.06,6,5.329156,False
-11.8,4,5.33215,False
-12.01,1,5.33415,False
-11.8,5,5.338174,False
-12.03,3,5.341857,False
-12.03,3,5.345874,False
-11.83,8,5.352746,False
-12.01,1,5.353746,False
-11.76,1,5.354746,False
-12.04,4,5.358746,False
-11.81,6,5.363864,False
-12.02,2,5.365864,False
-11.8,5,5.370393,False
-12.02,2,5.372381,False
-12.03,3,5.375384,False
-12.03,3,5.378382,False
-12.02,2,5.379894,False
-12.03,3,5.382908,False
-11.84,9,5.391438,False
-12.03,3,5.394437,False
-12.09,9,5.401965,False
-12.01,1,5.402962,False
-12.04,4,5.406469,False
-12.06,6,5.411991,False
-11.84,9,5.419917,False
-11.76,1,5.421915,False
-11.79,4,5.426035,False
-11.77,2,5.428036,False
-12.01,1,5.429036,False
-12.01,1,5.430036,False
-12.02,2,5.431036,False
-10.66,15,5.444237,False
-11.7,20,5.462613,False
-12.01,1,5.464134,False
-12.04,4,5.468141,False
-12.01,1,5.46915,False
-12.01,1,5.470142,False
-12.05,5,5.474635,False
-11.58,8,5.481646,False
-11.09,8,5.489058,False
-11.81,6,5.494065,False
-12.05,5,5.499589,False
-10.85,10,5.508096,False
-12.05,5,5.513622,False
21.15,10,5.522515,True
-12.01,1,5.523515,False
-11.78,3,5.527089,False
-12.04,4,5.531099,False
-11.81,6,5.536517,False
-12.01,1,5.538031,False
-11.78,3,5.541035,False
-12.02,2,5.54303,False
-11.76,1,5.544029,False
-12.03,3,5.547036,False
-12.01,1,5.548416,False
-12.02,2,5.551267,False
-12.06,6,5.556698,False
-12.02,2,5.560118,False
-11.79,4,5.564118,False
-12.01,1,5.565118,False
-12.01,1,5.567119,False
-11.76,1,5.56812,False
-12.03,3,5.570654,False
-12.01,1,5.571653,False
-12.05,5,5.576647,False
-11.63,12,5.587161,False
-12.01,1,5.589168,False
-11.77,2,5.590686,False
-12.07,7,5.597523,False
-11.59,9,5.606541,False
-11.85,10,5.616624,False
-12.03,3,5.620031,False
-11.87,12,5.630557,False
-11.85,9,5.638084,False
-12.02,2,5.641078,False
-12.06,6,5.64659,False
-12.03,3,5.650595,False
-12.01,1,5.651595,False
-11.81,6,5.657036,False
-12.08,8,5.664568,False
-12.06,6,5.669561,False
-12.04,4,5.674079,False
-11.84,9,5.683095,False
-11.54,4,5.686993,False
-11.8,5,5.690993,False
-11.37,11,5.7015,False
-12.01,1,5.7025,False
-11.87,12,5.712037,False
-11.78,3,5.714553,False
-11.77,2,5.717077,False
-12.04,4,5.721077,False
-11.54,4,5.724078,False
-11.8,5,5.728604,False
21.21,28,5.752282,True
-11.58,7,5.758715,False
-11.76,1,5.759717,False
-12.07,7,5.765718,False
-11.6,9,5.77383,False
21.19,30,5.800388,True
-12.04,4,5.803755,False
-12.02,2,5.805754,False
-12.01,1,5.805754,False
-12.04,4,5.810809,False
-11.85,10,5.820161,False
-11.63,13,5.831198,False
-11.6,10,5.839593,False
-12.06,6,5.84612,False
-11.83,7,5.852004,False
-12.02,2,5.854028,False
-11.81,5,5.860022,False
-11.77,2,5.862029,False
-11.64,14,5.874596,False
-11.76,1,5.875589,False
-11.78,3,5.879591,False
-11.1,10,5.888862,False
-11.8,4,5.891862,False
-12.02,2,5.894371,False
-12.03,3,5.897377,False
-11.58,8,5.903797,False
20.75,50,5.948814,True
-12.02,2,5.951813,False
-11.89,13,5.963718,False
-11.84,9,5.972643,False
-11.78,3,5.975166,False
-12.08,8,5.984739,False
-11.8,4,5.988657,False
-11.6,9,5.997939,False
-12.02,2,5.999946,False
-11.82,6,6.00535,False
-12.02,2,6.007343,False
-12.02,2,6.009854,False
-12.02,2,6.011856,False
-11.81,6,6.017369,False
-11.84,9,6.025269,False
-12.05,5,6.030792,False
-12.02,2,6.032793,False
-12.02,2,6.034793,False
-12.03,3,6.037787,False
-12.05,5,6.043318,False
-11.78,3,6.046316,False
-11.36,9,6.05384,False
-11.81,6,6.059851,False
-11.62,11,6.068344,False
-12.05,5,6.07318,False
-12.02,2,6.075178,False
-11.8,5,6.080178,False
-12.06,6,6.463015,False
-11.86,11,6.476098,False
-11.79,4,6.481603,False
-11.79,3,6.485069,False
-12.01,1,6.487595,False
-11.8,5,6.493597,False
-11.78,3,6.4981,False
-12.01,1,6.499103,False
-12.06,6,6.507103,False
-12.02,2,6.510117,False
-10.94,69,6.580211,False
-11.8,4,6.583715,False
-12.01,1,6.585101,False
20.17,7,6.592615,True
-12.02,2,6.595863,False
-11.77,2,6.598994,False
-11.77,2,6.601597,False
-12.02,2,6.6043,False
-12.04,4,6.609489,False
-12.06,6,6.616545,False
-11.79,3,6.620673,False
-12.02,2,6.623673,False
-12.06,6,6.630683,False
-12.01,1,6.632683,False
-11.78,3,6.636188,False
-11.56,6,6.643188,False
-12.02,2,6.646693,False
-11.77,2,6.648693,False
-11.78,3,6.653129,False
-11.79,4,6.657634,False
-11.76,1,6.659634,False
-12.03,3,6.662641,False
-12.02,2,6.664643,False
-12.01,1,6.66616,False
-12.01,1,6.667166,False
-11.58,8,6.674937,False
-12.08,8,6.683457,False
-12.01,1,6.684458,False
20.41,9,6.693184,True
-12.01,1,6.695184,False
-12.02,2,6.696696,False
-11.57,6,6.702397,False
-12.01,1,6.70443,False
-12.01,1,6.70543,False
-11.32,7,6.711472,False
-11.8,5,6.716472,False
-11.78,3,6.71996,False
-12.03,3,6.722959,False
20.99,76,6.78438,True
-11.55,5,6.788764,False
-11.86,11,6.798962,False
-11.86,11,6.808674,False
-11.79,4,6.812932,False
-12.03,3,6.815935,False
-12.01,1,6.816855,False
-11.82,7,6.822929,False
-11.77,2,6.824926,False
-10.87,11,6.833452,False
-11.76,1,6.834451,False
-10.64,13,6.845982,False
-12.05,5,6.850981,False
-12.04,4,6.854501,False
-10.64,13,6.866035,False
-11.8,5,6.870524,False
-12.05,5,6.875043,False
-12.01,1,6.876052,False
-12.01,1,6.878052,False
-11.8,4,6.882051,False
-12.01,1,6.883051,False
-11.8,5,6.887564,False
-11.8,5,6.892556,False
-12.04,4,6.896076,False
-12.02,2,6.89809,False
-12.01,1,6.89909,False
-12.01,1,6.90009,False
-12.02,2,6.902581,False
-12.04,4,6.906584,False
-12.04,4,6.910632,False
-12.03,3,6.913173,False
-12.06,6,6.918591,False
-12.04,4,6.921606,False
-12.04,4,6.925601,False
-12.01,1,6.927115,False
21.28,21,6.945357,True
-12.01,1,6.946351,False
-11.78,2,6.948872,False
-11.34,9,6.957324,False
-12.02,2,6.958324,False
-12.01,1,6.960716,False
-11.77,2,6.962722,False
-11.77,2,6.964718,False
-11.84,9,6.971636,False
-12.02,2,6.97416,False
-12.01,1,6.97516,False
-12.02,2,6.977154,False
-12.05,5,6.982362,False
-12.05,5,6.987292,False
-11.79,4,6.990817,False
-12.05,5,6.995416,False
20.18,7,7.002312,True
-11.88,13,7.013346,False
-11.84,8,7.019857,False
-11.83,8,7.028388,False
-10.79,4,7.031892,False
-12.02,2,7.033908,False
-11.77,2,7.036309,False
-12.03,3,7.038831,False
-11.42,16,7.052755,False
-12.04,4,7.05677,False
-11.78,3,7.059773,False
-12.14,14,7.071288,False
-12.01,1,7.072288,False
-12.03,3,7.075809,False
-11.54,4,7.078813,False
-12.05,5,7.082813,False
-12.01,1,7.084699,False
-11.56,6,7.089644,False
-12.01,1,7.091668,False
-11.8,5,7.096195,False
-11.78,3,7.098194,False
-12.02,2,7.100194,False
-11.79,4,7.103415,False
-12.02,2,7.105921,False
-12.05,5,7.110927,False
19.97,3,7.113438,True
-11.81,5,7.11795,False
-12.02,2,7.119614,False
-11.59,9,7.128126,False
-12.05,5,7.132637,False
-11.85,10,7.14166,False
-11.59,9,7.14834,False
-11.78,3,7.151911,False
-11.78,3,7.155015,False
-10.61,11,7.163607,False
-11.81,6,7.169331,False
-12.04,4,7.173331,False
-12.02,2,7.175331,False
-11.84,9,7.183843,False
-11.54,4,7.187177,False
-12.02,2,7.189774,False
-12.02,2,7.190849,False
-12.04,4,7.194846,False
-12.02,2,7.19685,False
-11.78,3,7.199275,False
19.91,9,7.207615,True
-11.76,1,7.208614,False
-12.03,3,7.211286,False
-11.78,3,7.214869,False
20.14,10,7.222684,True
-12.01,1,7.223773,False
-12.03,3,7.226774,False
-11.78,3,7.228707,False
-11.61,11,7.239071,False
-12.02,2,7.240583,False
-11.56,6,7.246592,False
-10.51,26,7.268325,False
-12.02,2,7.270421,False
-12.02,2,7.272002,False
-11.81,6,7.278095,False
-11.53,3,7.281093,False
-12.01,1,7.282089,False
-12.04,4,7.284764,False
-12.02,2,7.287062,False
-12.06,6,7.292643,False
-11.83,8,7.298657,False
-12.05,5,7.303382,False
-12.01,1,7.305397,False
-12.01,1,7.306396,False
-11.79,4,7.309397,False
-12.01,1,7.310397,False
-12.02,2,7.312913,False
-12.03,3,7.314938,False
-11.88,12,7.325203,False
-11.78,3,7.327724,False
-12.02,2,8.117276,False
-12.01,1,8.11763,False
-11.56,6,8.1242,False
-12.02,2,8.126199,False
-11.58,8,8.13324,False
-11.79,4,8.137605,False
-12.03,3,8.140116,False
-12.02,2,8.142126,False
-11.79,4,8.146132,False
-12.02,2,8.148132,False
-10.63,13,8.159653,False
-12.02,2,8.162173,False
-10.84,9,8.169508,False
-12.04,4,8.173001,False
-12.01,1,8.175001,False
-11.8,5,8.179001,False
-11.76,1,8.180002,False
-12.04,4,8.184083,False
-11.8,4,8.188004,False
-12.01,1,8.18951,False
-12.02,2,8.191517,False
-11.54,4,8.195597,False
-12.01,1,8.196595,False
-11.87,11,8.205194,False
-10.8,5,8.209783,False
-11.77,2,8.21287,False
-12.05,5,8.217459,False
-12.02,2,8.218824,False
-11.79,3,8.221351,False
-12.02,2,8.223873,False
-11.79,4,8.227389,False
-11.78,3,8.600146,False
-11.81,6,8.606146,False
-11.78,3,8.609663,False
-11.78,3,8.613662,False
-12.02,2,8.615659,False
-11.76,1,8.616659,False
-12.02,2,8.620164,False
-11.59,9,8.631188,False
-11.78,3,8.635203,False
19.97,3,8.638222,True
-12.01,1,8.639726,False
-11.81,6,8.645726,False
-11.63,13,8.658814,False
-12.08,8,8.668785,False
-12.01,1,8.671299,False
-12.06,6,8.678303,False
-11.84,9,8.689807,False
-12.05,5,8.696312,False
-12.02,2,8.699312,False
21.16,8,8.709818,True
-12.01,1,8.710818,False
-12.01,1,8.711818,False
-12.02,2,8.714323,False
-11.76,1,8.715323,False
-11.78,3,8.718828,False
-12.01,1,8.720828,False
-11.41,14,8.736857,False
-10.82,7,8.746372,False
-11.77,2,8.749373,False
-11.87,12,8.762487,False
-12.04,4,8.765992,False
-11.85,10,8.777593,False
-12.02,2,8.780593,False
-11.82,7,8.789691,False
-11.78,3,8.793691,False
-10.67,14,8.807321,False
21.37,62,8.861603,True
-11.81,5,8.866602,False
-11.78,3,8.869602,False
-12.06,6,8.874637,False
-11.57,7,8.881158,False
20.89,11,8.891535,True
-11.76,1,8.892883,False
-12.02,2,8.895078,False
-12.03,3,8.897062,False
-11.59,9,8.905592,False
-11.57,7,8.911592,False
-12.01,1,8.912592,False
-11.76,1,8.914114,False
-12.02,2,8.916117,False
-12.04,4,8.919635,False
-11.87,12,8.929652,False
-12.03,3,8.932165,False
-11.86,10,8.941677,False
-12.01,1,8.942676,False
-12.04,4,8.947184,False
-11.83,8,8.954573,False
-11.62,11,8.965114,False
-11.89,13,8.976498,False
-11.62,12,8.987097,False
-11.79,4,8.991111,False
-11.59,9,8.998636,False
-12.01,1,9.000642,False
-11.82,7,9.006635,False
-12.01,1,9.008148,False
-12.01,1,9.009156,False
-11.79,4,9.013162,False
-12.04,4,9.017163,False
-10.6,10,9.027677,False
-11.56,6,9.034213,False
-11.34,9,9.042239,False
-11.76,1,9.043247,False
-11.79,4,9.048284,False
20.84,16,9.062225,True
-12.05,5,9.067218,False
-12.01,1,9.068225,False
-12.01,1,9.069228,False
-12.06,6,9.07475,False
-10.62,12,9.085579,False
-12.11,11,9.095098,False
-11.05,5,9.099662,False
-12.01,1,9.100986,False
-11.77,2,9.102535,False
-11.56,5,9.107549,False
20.77,72,9.169386,True
-12.01,1,9.170382,False
-11.82,7,9.176886,False
-11.77,2,9.178887,False
-12.01,1,9.179887,False
-11.78,3,9.182887,False
-11.84,9,9.211767,False
-12.02,2,9.214851,False
-12.04,4,9.220038,False
-11.07,7,9.226724,False
-11.8,4,9.230246,False
-10.87,11,9.240167,False
-11.77,2,9.241693,False
-12.02,2,9.2437,False
-12.01,1,9.245707,False
-12.02,2,9.247708,False
-12.01,1,9.248708,False
-12.02,2,9.250706,False
-11.78,3,9.252972,False
-12.02,2,9.254971,False
-12.03,3,9.257972,False
-11.82,7,9.264492,False
-12.01,1,9.265491,False
-11.67,17,9.279764,False
-12.02,2,9.282283,False
-10.45,19,9.298416,False
-11.79,4,9.301828,False
-12.02,2,9.302935,False
-11.82,7,9.309935,False
-12.05,5,9.314464,False
-12.09,9,9.322239,False
-11.81,6,9.32828,False
-12.03,3,9.331279,False
-12.04,4,9.33379,False
-11.58,8,9.341412,False
21.11,39,9.373258,True
-12.01,1,9.374258,False
21.05,19,9.390049,True
-12.05,5,9.394061,False
-11.54,4,9.39757,False
-10.88,13,9.409378,False
-11.54,4,9.412383,False
-12.02,2,9.414383,False
-11.76,1,9.415383,False
19.89,11,9.424847,True
21.33,16,9.439371,True
-11.77,2,9.440895,False
-11.79,4,9.444456,False
-11.76,1,9.445987,False
-12.04,4,9.448992,False
-11.55,5,9.453596,False
-12.03,3,9.456594,False
-12.01,1,9.457594,False
-12.01,1,9.459589,False
-11.58,7,9.466125,False
-11.83,8,9.47296,False
-12.02,2,9.474959,False
-11.79,3,9.47796,False
-11.79,4,9.482081,False
-11.76,1,9.483096,False
-12.01,1,9.485092,False
-11.8,5,9.489372,False
19.97,3,9.492869,True
-12.01,1,9.493892,False
-11.64,13,9.505701,False
-12.01,1,9.5067,False
-12.01,1,9.5077,False
-11.87,11,9.517215,False
21.37,13,9.529615,True
-10.61,11,9.539301,False
-11.78,3,9.542312,False
-11.77,2,9.544322,False
-12.02,2,9.546853,False
-11.54,3,9.549852,False
20.14,11,9.55912,True
-11.91,15,9.571355,False
-12.02,2,9.573355,False
-12.03,3,9.576859,False
-11.82,7,9.582868,False
-11.55,5,9.586983,False
-11.82,7,9.59299,False
-12.1,10,9.976681,False
20.93,7,9.984187,True
-11.79,4,9.989345,False
-10.81,6,9.997386,False
-10.62,12,10.012434,False
-12.14,14,10.028701,False
-12.01,1,10.029704,False
-11.77,2,10.032704,False
-11.76,1,10.034704,False
-11.45,19,10.055221,False
-12.02,2,10.057726,False
-11.62,12,10.070752,False
-12.06,6,10.076752,False
-12.01,1,10.078257,False
-11.78,3,10.082257,False
-12.01,1,10.084258,False
-12.02,2,10.08679,False
19.92,8,10.095296,True
-11.79,4,10.099801,False
-11.8,5,10.105343,False
-12.02,2,10.107342,False
-12.02,2,10.109845,False
-11.79,4,10.115848,False
-11.85,9,10.126311,False
-10.45,18,10.146265,False
-12.04,4,10.149778,False
-12.01,1,10.151856,False
-11.79,4,10.156872,False
-12.07,7,10.164882,False
-11.62,12,10.178638,False
-10.88,13,10.190705,False
-11.78,3,10.193229,False
-12.02,2,10.195228,False
-11.8,5,10.200221,False
-11.81,6,10.205665,False
-11.56,6,10.210665,False
-10.64,13,10.221438,False
-11.61,10,10.229732,False
-11.77,2,10.231722,False
-11.78,3,10.234571,False
-12.02,2,10.236589,False
-12.01,1,10.237587,False
-12.04,4,10.242105,False
-11.61,11,10.251582,False
-11.81,6,10.256113,False
-11.78,3,10.260108,False
-12.02,2,10.262108,False
-12.06,6,10.267619,False
-12.03,3,10.27062,False
-11.53,3,10.272619,False
-12.03,3,10.276914,False
-12.04,4,10.27991,False
-11.78,3,10.28291,False
-11.84,9,10.291426,False
-11.82,7,10.29801,False
-11.82,7,10.305008,False
-11.87,11,10.314527,False
-12.02,2,10.317527,False
-11.8,5,10.322593,False
-11.8,5,10.327102,False
-11.8,4,10.330646,False
-12.02,2,10.332645,False
-12.05,5,10.336965,False
-12.04,4,10.341477,False
-12.02,2,10.343989,False
-12.01,1,10.344989,False
-12.02,2,10.346508,False
21.09,40,10.380587,True
-12.02,2,10.382594,False
-12.04,4,10.386594,False
-11.77,2,10.388598,False
-12.03,3,10.392126,False
-11.79,3,10.394125,False
-12.01,1,10.396121,False
-12.04,4,10.40012,False
-12.01,1,10.40012,False
-12.04,4,10.404633,False
-12.07,7,10.410631,False
-11.31,6,10.41715,False
-11.78,3,10.420151,False
-12.01,1,10.421151,False
-11.8,5,10.426187,False
-11.79,4,10.430722,False
-11.32,6,10.436251,False
-11.81,6,10.441752,False
-11.77,2,10.443759,False
-11.56,6,10.449916,False
-11.8,5,10.453916,False
-12.02,2,10.456222,False
-11.61,11,10.46674,False
-12.01,1,10.468112,False
-11.34,8,10.475658,False
-11.53,3,10.479665,False
-11.76,1,10.480664,False
-11.82,6,10.485539,False
-11.81,6,10.491563,False
-11.8,5,10.497094,False
-12.01,1,10.498094,False
-12.02,2,10.500087,False
-11.8,5,10.504514,False
-11.66,15,10.519019,False
-12.02,2,10.521018,False
-12.01,1,10.522018,False
-12.02,2,10.524018,False
-11.78,3,10.527814,False
-11.07,7,10.535836,False
20.95,5,10.540359,True
-11.77,2,10.543354,False
-11.83,8,10.551309,False
-11.82,7,10.558339,False
-11.61,11,10.568723,False
-11.79,4,10.572734,False
-12.01,1,10.574732,False
-11.81,6,10.581248,False
-12.01,1,10.582248,False
-11.77,2,10.584651,False
-11.81,6,10.59121,False
-11.79,4,10.595214,False
-11.79,4,10.600214,False
-11.58,8,10.60816,False
-11.57,7,10.615674,False
-12.03,3,10.619379,False
-12.01,1,10.620882,False
-11.76,1,10.621894,False
-11.76,1,10.622893,False
-12.07,7,10.629936,False
-12.01,1,10.631478,False
-12.06,6,10.637125,False
-12.02,2,10.63913,False
-12.03,3,10.642649,False
-12.02,2,10.645174,False
-12.01,1,10.646173,False
-12.02,2,10.648173,False
-11.78,3,10.651745,False
-12.01,1,10.652786,False
-12.02,2,10.654786,False
-12.01,1,10.655786,False
-11.76,1,10.657786,False
-11.55,4,10.662291,False
-11.57,7,10.668859,False
-12.08,8,10.676431,False
-11.77,2,10.678439,False
-11.8,5,10.683965,False
-11.85,10,10.693966,False
-11.76,1,10.694963,False
-11.79,4,10.698966,False
-11.82,7,10.706476,False
-11.81,6,10.712481,False
-11.79,4,10.716006,False
-12.01,1,10.718001,False
-12.05,5,10.722001,False
-12.07,7,10.72804,False
-11.61,11,10.737601,False
-12.03,3,10.740601,False
-12.01,1,10.741609,False
-11.84,9,10.750134,False
-11.58,8,10.757653,False
-12.02,2,10.759648,False
-12.01,1,10.760654,False
-11.77,2,10.762653,False
-12.02,2,10.764652,False
-11.79,4,10.768176,False
-12.04,4,10.772176,False
-11.58,8,10.7797,False
-11.77,2,10.781699,False
-11.79,4,10.784693,False
-12.01,1,10.785702,False
-12.02,2,10.788212,False
-11.61,11,10.798728,False
-11.79,4,10.803064,False
-11.36,11,10.812566,False
-11.56,6,10.818929,False
-11.77,2,10.820492,False
-10.61,11,10.831514,False
-10.9,15,10.844477,False
-11.81,6,10.849015,False
-12.02,2,10.851404,False
-12.03,3,10.85443,False
-11.55,5,10.859425,False
-12.02,2,10.861423,False
-11.56,6,10.867748,False
-11.85,9,10.875843,False
-12.02,2,10.877842,False
-12.01,1,10.879848,False
-11.56,5,10.884874,False
-12.05,5,10.8889,False
-11.55,5,10.893921,False
-11.8,5,10.897912,False
-12.02,2,10.899908,False
-11.81,6,10.905992,False
-11.8,5,10.910992,False
-12.02,2,10.913986,False
-12.02,2,10.9155,False
21.53,20,10.932775,True
-12.02,2,10.933778,False
-11.59,7,10.941186,False
-11.59,9,10.949697,False
-11.57,6,10.955078,False
-12.02,2,10.957581,False
-12.01,1,10.958587,False
-12.03,3,10.962587,False
-12.05,5,10.966587,False
-11.78,3,10.971225,False
-12.01,1,10.972224,False
-12.01,1,10.973224,False
-11.76,1,10.974225,False
-11.64,14,10.987808,False
-11.81,6,10.992816,False
-12.03,3,10.995823,False
-11.8,5,11.000913,False
-11.54,4,11.382458,False
-12.02,2,11.385526,False
-11.33,8,11.393548,False
-11.54,3,11.397053,False
-11.76,1,11.399053,False
-11.83,7,11.407052,False
-11.76,1,11.409052,False
-11.77,2,11.412052,False
-11.8,5,11.418122,False
-12.01,1,11.420138,False
-11.77,2,11.423138,False
-12.01,1,11.424137,False
20.42,7,11.430642,True
-11.77,2,11.433147,False
-12.02,2,11.434736,False
-11.76,1,11.436251,False
-12.01,1,11.438255,False
-11.82,7,11.445358,False
-12.03,3,11.448872,False
-11.79,4,11.453394,False
-12.01,1,11.455394,False
-11.79,3,11.4589,False
-12.01,1,11.4609,False
-11.81,6,11.467907,False
-11.8,5,11.474923,False
-11.78,3,11.47843,False
-12.06,6,11.485981,False
-11.77,2,11.488484,False
-12.02,2,11.491487,False
-12.02,2,11.493487,False
-11.8,5,11.499993,False
-12.03,3,11.503491,False
-11.78,3,11.50649,False
21.21,28,11.533589,True
-11.66,16,11.549089,False
-12.04,4,11.554599,False
-12.01,1,11.555599,False
-12.08,8,11.565107,False
-11.31,6,11.571105,False
-11.62,12,11.582278,False
-11.61,10,11.592815,False
-12.02,2,11.595011,False
-11.83,8,11.60341,False
-12.05,5,11.607932,False
-11.88,12,11.619443,False
-12.02,2,11.621443,False
-12.02,2,11.623443,False
-11.57,5,11.628134,False
-11.79,3,11.631132,False
-11.78,3,11.633648,False
-11.76,1,11.635673,False
-11.57,6,11.641673,False
-12.02,2,11.643673,False
-11.78,3,11.646201,False
-12.01,1,11.647194,False
-12.08,8,11.654717,False
-12.06,6,11.660853,False
-11.8,5,11.664852,False
-11.76,1,11.666363,False
21.26,49,11.707594,True
-12.02,2,11.710101,False
-12.01,1,11.711101,False
-11.79,4,11.715107,False
-11.55,5,11.718857,False
-11.83,8,11.725912,False
-11.76,1,11.727417,False
19.91,9,11.734803,True
-12.05,5,11.740329,False
-12.01,1,11.741335,False
-12.03,3,11.743841,False
-11.8,5,11.748852,False
-11.59,9,11.75675,False
-11.77,2,11.758751,False
-12.02,2,11.761278,False
-10.83,8,11.768282,False
21.06,43,11.80257,True
-12.02,2,11.805585,False
-12.04,4,11.80958,False
-12.04,4,11.813093,False
-12.01,1,11.814099,False
-11.81,6,11.820435,False
-11.77,2,11.82244,False
-11.79,4,11.825957,False
-12.02,2,11.828462,False
-12.04,4,11.832465,False
-12.03,3,11.835494,False
-12.01,1,11.836492,False
-12.02,2,11.838492,False
-12.01,1,11.839484,False
-12.01,1,11.840492,False
-12.01,1,11.841492,False
-10.64,13,11.853,False
-10.7,19,11.869621,False
-11.55,4,11.87262,False
-10.83,8,11.880135,False
-10.85,9,11.887978,False
-11.76,1,11.889974,False
-11.55,5,11.894974,False
-12.05,5,11.899486,False
-12.01,1,11.900486,False
-11.56,6,11.905824,False
-12.01,1,11.906892,False
-11.76,1,11.90748,False
-12.03,3,11.910554,False
-11.55,5,11.914554,False
-11.76,1,11.915554,False
-11.79,4,11.919515,False
-12.01,1,11.92144,False
-11.78,3,11.924439,False
-11.62,12,11.934645,False
-12.03,3,11.93816,False
19.97,3,11.941171,True
-11.55,5,11.945177,False
-12.02,2,11.948106,False
-11.81,6,11.95351,False
-10.58,8,11.960738,False
-11.77,2,11.96273,False
-12.02,2,11.964738,False
-12.03,3,11.968277,False
-11.57,7,11.974829,False
-11.79,4,11.978225,False
-11.56,6,11.98424,False
-11.8,5,11.988571,False
-12.02,2,11.990571,False
-12.06,6,11.996094,False
-12.01,1,11.997093,False
20.59,41,12.031869,True
-12.02,2,12.034026,False
-11.79,4,12.037528,False
-7.06,80,12.108275,False
-12.03,3,12.112278,False
-12.08,8,12.120175,False
-12.01,1,12.121175,False
-12.01,1,12.123176,False
-11.76,1,12.124193,False
-12.04,4,12.128563,False
-12.03,3,12.131088,False
-12.02,2,12.133087,False
-10.59,9,12.141617,False
-11.83,8,12.149629,False
-11.36,9,12.157735,False
-12.03,3,12.160727,False
-11.82,7,12.167249,False
-11.77,2,12.169266,False
-10.66,16,12.185266,False
21.41,8,12.193736,True
-12.03,3,12.19673,False
-12.02,2,12.198731,False
-11.77,2,12.201844,False
-12.02,2,12.203343,False
-12.03,3,12.206341,False
-11.82,7,12.213357,False
21.22,27,12.238143,True
-11.63,13,12.252573,False
-12.02,2,12.254562,False
-11.78,3,12.257569,False
-11.77,2,12.260562,False
-11.61,9,12.269443,False
-11.79,3,12.271962,False
-11.53,3,12.273977,False
-11.52,2,12.277497,False
-12.05,5,12.282506,False
-12.01,1,12.28403,False
-11.78,3,12.286435,False
-11.82,7,12.292954,False
-11.81,6,12.299184,False
-12.01,1,12.300177,False
-12.03,3,12.303057,False
-11.81,6,12.308067,False
-12.01,1,12.310067,False
-12.02,2,12.312072,False
-11.8,4,12.316592,False
-12.01,1,12.31793,False
-10.62,11,12.327473,False
-12.01,1,12.328472,False
-11.78,3,12.331988,False
-12.08,8,12.339446,False
20.17,8,12.348306,True
-11.78,3,12.350338,False
-11.59,9,12.360274,False
-11.78,3,12.364275,False
-11.8,4,12.367788,False
-12.08,8,12.375355,False
-12.03,3,12.377871,False
-11.78,3,12.761455,False
21.36,14,12.778744,True
-11.77,2,12.781744,False
-11.78,3,12.785287,False
-11.83,7,12.793313,False
-11.83,8,12.803422,False
-11.55,5,12.808935,False
-11.79,4,12.812941,False
-12.01,1,12.813941,False
-11.81,5,12.820897,False
-11.77,2,12.823898,False
-12.01,1,12.826404,False
-11.35,10,12.838361,False
-11.82,7,12.847495,False
-11.34,8,12.857748,False
-11.52,2,12.861739,False
-11.81,6,12.868988,False
21.28,46,12.918197,True
-12.01,1,12.920216,False
-10.62,10,12.930722,False
-11.85,9,12.941842,False
-12.02,2,12.943841,False
-11.55,5,12.94984,False
-11.58,8,12.95835,False
-12.02,2,12.960863,False
-12.04,4,12.964878,False
-12.02,2,12.966878,False
-12.02,2,12.969378,False
-11.3,5,12.974888,False
-11.78,3,12.978887,False
-11.62,11,12.988428,False
-11.79,3,12.991423,False
-11.78,2,12.99361,False
-12.05,5,12.997615,False
-12.03,3,13.000615,False
21.58,15,13.013051,True
-12.05,5,13.018613,False
-11.8,5,13.02262,False
-11.78,3,13.025145,False
-11.8,5,13.030144,False
-12.03,3,13.032657,False
-11.8,4,13.036937,False
-11.84,9,13.04447,False
-12.01,1,13.045485,False
-11.6,9,13.05309,False
-11.76,1,13.054601,False
-12.04,4,13.058615,False
-11.37,12,13.069642,False
-11.77,2,13.07164,False
-11.53,3,13.07464,False
-12.02,2,13.077152,False
-11.8,4,13.081157,False
-11.87,12,13.091002,False
-11.56,6,13.096521,False
-11.33,7,13.102846,False
-11.8,5,13.107364,False
-12.01,1,13.108369,False
-11.77,2,13.110363,False
-12.01,1,13.112363,False
-11.79,4,13.115369,False
-11.85,10,13.124976,False
-11.53,3,13.127487,False
-11.79,3,13.130503,False
-10.56,6,13.136386,False
-11.76,1,13.136386,False
-12.02,2,13.138911,False
-11.78,3,13.143013,False
-12.02,2,13.145004,False
-12.02,2,13.147003,False
-11.32,7,13.154721,False
-12.04,4,13.158227,False
-10.9,15,13.17117,False
-10.62,11,13.180694,False
-11.57,7,13.187136,False
-11.82,6,13.192661,False
-11.53,3,13.195667,False
-11.79,4,13.198668,False
-12.01,1,13.200179,False
-11.79,4,13.203618,False
-12.02,2,13.206618,False
-11.78,3,13.209613,False
-11.79,4,13.213748,False
-11.56,6,13.218264,False
-11.58,7,13.22484,False
-11.79,4,13.229835,False
-11.82,6,13.235389,False
-12.02,2,13.237447,False
-10.71,20,13.255482,False
-11.84,9,13.267015,False
-12.01,1,13.26803,False
-11.76,1,13.270021,False
-11.32,7,13.279047,False
-11.8,5,13.284552,False
-11.32,7,13.291567,False
-12.01,1,13.292559,False
-11.8,5,13.299028,False
-12.02,2,13.301659,False
-11.63,12,13.31521,False
-11.1,10,13.32637,False
20.38,12,13.339348,True
-11.8,4,13.345371,False
-11.1,10,13.356068,False
-12.01,1,13.358082,False
-11.77,2,13.360575,False
-11.83,8,13.369225,False
-10.38,13,13.384254,False
-11.55,5,13.392254,False
-12.04,4,13.397459,False
-12.03,3,13.401464,False
-11.36,9,13.41159,False
-11.77,2,13.414104,False
-12.01,1,13.416104,False
-11.53,3,13.418796,False
-12.02,2,13.421779,False
-11.58,8,13.431293,False
-11.76,1,13.432302,False
-12.03,3,13.436466,False
-11.8,5,13.441972,False
-11.76,1,13.443477,False
-11.08,7,13.450822,False
-12.01,1,13.451821,False
-11.8,5,13.457804,False
-10.63,11,13.468323,False
-12.02,2,13.470322,False
-12.01,1,13.471322,False
-12.02,2,13.473315,False
-11.53,3,13.47684,False
-11.85,9,13.494171,False
-12.05,5,13.499681,False
-12.03,3,13.504758,False
-10.23,21,13.523806,False
-11.53,3,13.526807,False
-11.8,5,13.531332,False
-11.84,8,13.537857,False
-11.76,1,13.539374,False
-11.8,5,13.543902,False
-12.03,3,13.546902,False
-11.81,6,13.552953,False
-11.8,5,13.557947,False
-11.57,7,13.56446,False
-12.01,1,13.565461,False
-11.8,5,13.57046,False
-11.78,3,13.572961,False
-12.01,1,13.574955,False
-12.01,1,13.575945,False
-12.02,2,13.577952,False
-11.57,6,13.584475,False
-12.01,1,13.585475,False
-11.81,6,13.590475,False
-12.03,3,13.593998,False
-12.04,4,13.596997,False
-11.86,10,13.607505,False
-11.78,3,13.610506,False
-12.01,1,13.611505,False
-12.02,2,13.614018,False
-11.77,2,13.615018,False
-11.8,5,13.620018,False
-11.54,4,13.62453,False
-12.04,4,13.628605,False
-12.01,1,13.629612,False
-11.76,1,13.630605,False
-11.56,6,13.636732,False
-11.57,7,13.641731,False
-11.77,2,13.644611,False
-12.07,7,13.650612,False
-11.8,5,13.655139,False
-11.81,6,13.660652,False
-12.01,1,13.661652,False
-11.83,8,13.668913,False
-11.77,2,13.670919,False
-11.78,3,13.673913,False
-12.01,1,13.675432,False
-11.78,3,13.677436,False
-12.01,1,13.679437,False
-12.03,3,13.682432,False
-11.09,9,13.689971,False
-11.79,4,13.692972,False
-11.78,3,13.695972,False
-11.77,2,13.698396,False
-11.78,3,13.701395,False
-11.55,5,13.705395,False
-11.79,4,13.709913,False
-11.77,2,13.711913,False
-11.82,6,13.717436,False
-11.77,2,13.718441,False
-11.78,3,13.72144,False
-12.03,3,13.724441,False
-11.76,1,13.725441,False
-12.02,2,13.727441,False
-10.79,4,13.731515,False
-11.87,11,13.740558,False
-11.82,7,13.747082,False
-12.02,2,13.749609,False
19.97,3,13.752608,True
-11.8,5,13.757129,False
-12.03,3,13.75965,False
21.24,50,13.805955,True
-11.58,8,13.815478,False
-11.78,3,13.818476,False
-11.8,5,13.822995,False
-12.02,2,14.211695,False
-11.6,10,14.22321,False
-12.01,1,14.22521,False
-11.53,3,14.22821,False
-12.01,1,14.230607,False
-12.02,2,14.233598,False
-12.01,1,14.235115,False
-12.09,9,14.245989,False
-11.81,5,14.252002,False
-11.78,3,14.255023,False
-11.59,8,14.265605,False
-11.87,11,14.277665,False
21.27,22,14.302824,True
-11.61,11,14.31534,False
-12.09,9,14.326412,False
-11.78,3,14.330412,False
-12.01,1,14.332412,False
19.95,5,14.33845,True
-11.3,5,14.344487,False
-11.76,1,14.345989,False
-11.53,3,14.34963,False
19.85,15,14.367201,True
-11.61,10,14.379231,False
-11.57,7,14.387318,False
-11.8,4,14.392317,False
-10.82,7,14.401311,False
-11.78,3,14.404325,False
-11.78,3,14.40783,False
-11.77,2,14.409838,False
-11.78,3,14.412838,False
-11.81,6,14.418997,False
-11.88,13,14.431522,False
-12.01,1,14.432523,False
-11.78,2,14.435091,False
-11.76,1,14.436133,False
-11.76,1,14.437654,False
-12.03,3,14.440185,False
-12.12,12,14.452189,False
-11.36,11,14.462689,False
-12.01,1,14.464689,False
-12.05,5,14.470018,False
-11.76,1,14.471018,False
-11.36,10,14.480543,False
21.3,44,14.519227,True
-11.78,3,14.521744,False
-12.02,2,14.523742,False
-11.58,7,14.531257,False
-12.01,1,14.532263,False
-11.55,4,14.535818,False
-11.6,10,14.545592,False
-11.78,3,14.547592,False
-10.61,10,14.557024,False
-12.02,2,14.559018,False
-11.77,2,14.561553,False
-10.82,7,14.567898,False
-11.53,3,14.571435,False
-11.82,6,14.576444,False
-11.79,4,14.580443,False
-11.31,6,14.586407,False
-10.59,9,14.593913,False
-11.58,7,14.601518,False
-11.79,4,14.60556,False
-11.8,5,14.61056,False
-11.55,5,14.615068,False
-12.03,3,14.618068,False
-11.8,4,14.621507,False
-11.34,8,14.629014,False
-11.78,3,14.632015,False
-11.76,1,14.633014,False
-11.63,13,14.645597,False
-11.78,3,14.648603,False
-11.83,7,14.655457,False
-11.52,2,14.657461,False
-11.61,11,14.667521,False
-11.77,2,14.668932,False
-11.83,7,14.675926,False
-12.01,1,14.677436,False
-12.05,5,14.681437,False
-11.8,5,14.686359,False
-11.85,9,14.694367,False
-11.59,9,14.702228,False
-11.82,7,14.708751,False
-12.01,1,14.709744,False
-12.01,1,14.710744,False
-11.77,2,14.713745,False
-12.04,4,14.716745,False
-12.01,1,14.718119,False
-12.01,1,14.719146,False
-11.79,4,14.72314,False
-11.83,8,14.730648,False
-11.07,7,14.737046,False
20.16,9,14.745616,True
-12.05,5,14.750138,False
-11.79,4,14.753567,False
-11.77,2,14.755567,False
-11.79,4,14.759614,False
-12.09,9,14.767633,False
-11.61,10,14.777154,False
-11.76,1,14.77816,False
-12.02,2,14.780667,False
-10.57,6,14.785677,False
-11.78,3,14.788677,False
-11.8,4,14.793185,False
-11.77,2,14.795185,False
-11.59,9,14.803698,False
-12.01,1,14.804696,False
-11.76,1,14.805697,False
-11.61,9,14.813211,False
21.44,54,14.857873,True
-12.01,1,14.858873,False
-11.55,4,14.862873,False
-11.77,2,14.865384,False
-11.79,3,14.867383,False
-11.76,1,14.868383,False
-11.78,3,14.872383,False
-11.78,3,14.874888,False
-11.78,3,14.878893,False
-11.58,7,14.886143,False
21.3,18,14.90208,True
-11.79,4,14.906073,False
-11.79,4,14.910332,False
21.14,10,14.920236,True
-12.02,2,14.922231,False
-12.01,1,14.923231,False
-11.8,5,14.927745,False
-12.01,1,14.929743,False
-12.01,1,14.930754,False
-11.58,7,14.937664,False
-11.52,2,14.939668,False
-11.76,1,14.940668,False
-11.56,6,14.946435,False
-12.01,1,14.947942,False
-12.01,1,14.948948,False
-12.01,1,14.949948,False
-11.78,3,14.953439,False
-11.08,7,14.959953,False
-12.07,7,14.966464,False
-11.57,7,14.973456,False
-10.43,16,14.987823,False
-11.54,4,14.991351,False
-11.76,1,14.992344,False
-11.76,1,14.993345,False
-11.55,5,15.806711,False
21.3,18,15.822821,True
-11.76,1,15.823821,False
-11.54,4,15.828341,False
-12.06,6,15.834338,False
-10.84,9,15.842261,False
-11.79,3,15.84579,False
-11.58,8,15.853815,False
-11.78,3,15.856815,False
-11.8,5,15.861335,False
-11.36,10,15.87042,False
-12.01,1,15.871436,False
-12.02,2,15.873425,False
-11.76,1,15.874425,False
-11.39,13,15.887305,False
-11.56,6,15.892434,False
-12.03,3,15.895434,False
-11.76,1,15.896434,False
-10.59,9,15.904276,False
-11.56,6,15.909782,False
-11.76,1,15.910786,False
-11.57,7,15.917793,False
-12.02,2,15.919157,False
-11.84,8,15.926667,False
-11.53,3,15.929665,False
-11.58,8,15.936579,False
-11.78,3,15.939583,False
-12.01,1,15.941094,False
-12.02,2,15.943105,False
21.3,18,15.959657,True
20.67,8,15.967192,True
-11.54,4,15.971198,False
-12.01,1,15.97271,False
-11.56,6,15.978717,False
-11.82,7,15.984231,False
-11.35,10,15.993854,False
-12.04,4,15.997376,False
-11.78,3,15.999972,False
-10.94,17,16.014998,False
-11.61,11,16.024013,False
-12.03,3,16.027533,False
-11.77,2,16.396433,False
-11.3,5,16.402433,False
21.18,55,16.457702,True
-12.01,1,16.459702,False
-12.01,1,16.460702,False
-12.01,1,16.462702,False
-11.81,6,16.469715,False
-11.35,9,16.480219,False
-11.55,4,16.485752,False
-11.53,3,16.489755,False
-10.43,17,16.509359,False
-11.09,8,16.519362,False
-12.01,1,16.520362,False
-12.02,2,16.523361,False
21.67,33,16.557015,True
-11.79,4,16.56152,False
-11.77,2,16.564026,False
-11.58,8,16.571014,False
-11.78,3,16.574517,False
-11.54,3,16.577533,False
-11.78,3,16.582036,False
-11.79,4,16.586627,False
-12.01,1,16.588627,False
-11.6,9,16.597297,False
21.25,24,16.618494,True
-10.84,7,16.626043,False
-11.78,3,16.629048,False
-12.01,1,16.630048,False
-12.04,4,16.634574,False
-11.78,3,16.637229,False
-11.62,12,16.648853,False
-11.77,2,16.650853,False
-12.01,1,16.651521,False
-11.62,11,16.662095,False
20.18,6,16.666608,True
-11.57,7,16.673192,False
-11.31,6,16.678705,False
22.2,29,16.70205,True
-11.76,1,16.703085,False
-11.57,7,16.709596,False
-11.79,4,16.712597,False
-11.81,6,16.718507,False
21.23,27,16.741779,True
-12.03,3,16.745779,False
-11.8,5,16.749803,False
-12.02,2,16.752752,False
-12.02,2,16.754758,False
-11.67,17,16.769162,False
-11.55,4,16.77286,False
-12.04,4,16.777782,False
-11.79,4,16.781294,False
20.85,15,16.795361,True
-12.01,1,16.796362,False
-12.01,1,16.797284,False
-11.87,11,16.80727,False
21.04,46,16.846021,True
-12.04,4,16.850846,False
-10.68,18,16.866383,False
-11.63,12,16.878336,False
-11.53,3,16.880343,False
-11.77,2,16.882341,False
-11.56,6,16.888157,False
-11.78,2,16.890157,False
-12.01,1,16.891157,False
-10.61,10,16.900671,False
-10.84,8,16.907543,False
-12.01,1,16.908535,False
-12.01,1,16.910538,False
-11.55,5,16.914537,False
-11.77,2,16.917398,False
-11.53,3,16.920423,False
-12.01,1,16.921423,False
-11.81,5,16.925419,False
-12.01,1,16.926924,False
21.3,18,16.942443,True
-11.76,1,16.943443,False
-11.81,5,16.947949,False
-12.01,1,16.948955,False
-11.56,5,16.952467,False
-12.04,4,16.957484,False
-10.57,6,16.962996,False
-12.01,1,16.963995,False
-12.01,1,16.965501,False
20.19,6,16.971359,True
-11.78,3,16.974364,False
-11.78,3,16.977363,False
-11.78,3,16.979363,False
-11.18,17,16.994185,False
-11.78,3,16.997184,False
-11.85,10,17.005585,False
-12.01,1,17.006586,False
-12.02,2,17.009584,False
-12.02,2,17.012561,False
-11.07,7,17.018479,False
-11.8,5,17.024007,False
21.39,11,17.032011,True
-12.01,1,17.034536,False
-11.82,7,17.040268,False
-11.79,4,17.044269,False
-12.01,1,17.045268,False
-11.57,6,17.04978,False
-11.79,4,17.054796,False
-11.79,3,17.057313,False
-11.55,5,17.061313,False
-12.02,2,17.064314,False
-11.78,3,17.066819,False
-11.58,7,17.072979,False
-12.01,1,17.074979,False
-12.01,1,17.075979,False
-12.01,1,17.076979,False
-12.03,3,17.080074,False
-11.82,7,17.087455,False
-11.77,2,17.089455,False
-11.79,3,17.091981,False
-11.78,3,17.09498,False
-11.83,8,17.102402,False
-11.78,3,17.104397,False
-10.82,7,17.111392,False
-11.76,1,17.111896,False
21.27,46,17.15104,True
20.21,4,17.154065,True
-12.02,2,17.156077,False
-10.63,12,17.166608,False
-11.58,6,17.171841,False
-11.76,1,17.172841,False
-11.56,6,17.179357,False
-12.04,4,17.182358,False
-11.81,6,17.188121,False
-11.6,10,17.196657,False
-11.52,2,17.198656,False
-10.65,15,17.212396,False
-11.32,6,17.217201,False
-11.77,2,17.220721,False
-11.79,4,17.22372,False
-11.77,2,17.225721,False
-11.56,6,17.231231,False
-11.6,8,17.238743,False
21.24,49,17.279159,True
21.08,15,17.292158,True
-11.84,9,17.300188,False
19.97,3,17.302518,True
-12.01,1,17.303507,False
-11.77,2,17.305506,False
-12.02,2,17.307506,False
-11.79,4,17.31153,False
-11.64,14,17.323376,False
-11.76,1,17.324375,False
-11.76,1,17.326375,False
20.43,7,17.331876,True
-11.78,3,17.3352,False
21.23,51,17.7616,True
-12.01,1,17.763599,False
-12.03,3,17.767599,False
-12.02,2,17.770046,False
-11.55,4,17.775184,False
-12.01,1,17.776184,False
-11.53,3,17.781192,False
-11.81,5,17.787194,False
-11.54,4,17.790195,False
-11.56,5,17.796699,False
-10.54,4,17.800699,False
-11.8,5,17.808205,False
-11.88,13,17.823209,False
-11.59,8,17.832714,False
-11.84,8,17.842698,False
-11.8,5,17.848202,False
-10.42,15,17.863243,False
-11.54,3,17.867748,False
-11.34,7,17.876165,False
20.21,4,17.880168,True
-12.04,4,17.884168,False
-12.02,2,17.88614,False
-11.54,4,17.890144,False
21.1,14,17.904265,True
-11.78,3,17.908771,False
-10.08,8,17.91883,False
-11.78,3,17.92283,False
-12.01,1,17.92483,False
-12.01,1,17.92683,False
-11.32,7,17.935253,False
-12.03,3,17.938277,False
-11.81,6,17.944799,False
-11.8,5,17.949318,False
-11.79,4,17.953423,False
-12.02,2,17.95544,False
-11.77,2,17.957953,False
-12.06,6,17.964962,False
-12.02,2,17.966962,False
-12.03,3,17.970568,False
-12.04,4,17.974579,False
-12.03,3,17.978576,False
-12.02,2,17.980094,False
-11.77,2,17.982109,False
-11.61,10,17.992183,False
-11.81,5,17.997177,False
-11.36,10,18.007638,False
-12.01,1,18.008638,False
-11.6,10,18.018586,False
-12.01,1,18.019657,False
-11.53,3,18.023179,False
-11.77,2,18.026172,False
-11.78,3,18.029173,False
-6.56,80,18.104026,False
-11.76,1,18.106027,False
-11.78,3,18.109546,False
-11.34,8,18.1173,False
-11.56,6,18.123024,False
-12.04,4,18.127529,False
-11.79,3,18.130537,False
-11.54,3,18.133536,False
-11.78,3,18.136537,False
-12.01,1,18.138042,False
-11.79,4,18.143048,False
-12.01,1,18.144047,False
-11.76,1,18.145054,False
-12.01,1,18.147049,False
-11.83,7,18.154817,False
-11.56,6,18.160891,False
-11.78,3,18.163891,False
-11.77,2,18.167406,False
-12.03,3,18.170354,False
-11.76,1,18.171354,False
-11.77,2,18.174348,False
-12.05,5,18.178346,False
-11.8,4,18.182854,False
-12.05,5,18.188358,False
20.2,5,18.193874,True
-11.34,9,18.20197,False
-11.4,14,18.216475,False
-11.56,6,18.224985,False
-11.78,3,18.228984,False
-11.77,2,18.230983,False
-12.01,1,18.233493,False
-10.85,10,18.243884,False
-11.78,3,18.246884,False
21.17,8,18.254895,True
-12.03,3,18.258902,False
21.72,26,18.283488,True
-11.78,3,18.286225,False
-11.83,8,18.294748,False
-10.58,8,18.302637,False
-11.78,3,18.306165,False
-11.76,1,18.307157,False
-11.8,4,18.31216,False
-12.02,2,18.314171,False
22.03,46,18.358278,True
-11.55,5,18.364293,False
-11.78,2,18.366293,False
-11.76,1,18.368156,False
-11.55,5,18.373167,False
-11.34,7,18.379681,False
21.22,27,18.405578,True
-11.76,1,18.406578,False
-12.01,1,18.408578,False
-11.59,8,18.41509,False
21.08,64,18.468726,True
-12.03,3,18.471724,False
-11.42,15,18.484677,False
-11.77,2,18.487696,False
-11.61,10,18.496781,False
-11.8,5,18.502159,False
-12.02,2,18.504154,False
21.34,38,18.536503,True
-11.79,4,18.540495,False
-11.82,7,18.548034,False
-12.05,5,18.552408,False
-11.56,5,18.556426,False
-10.6,10,18.565948,False
-11.82,7,18.572349,False
-11.83,8,18.579856,False
-10.81,5,18.585232,False
-11.77,2,18.586227,False
-12.04,4,18.590753,False
-11.85,9,18.599157,False
-11.77,2,18.601084,False
-12.03,3,18.603746,False
-12.01,1,18.605364,False
20.19,6,18.610798,True
-12.02,2,18.612966,False
-12.01,1,18.614046,False
-11.76,1,18.615053,False
-11.61,11,18.624818,False
-11.78,2,18.626817,False
-12.01,1,18.627828,False
-12.02,2,18.630348,False
-12.01,1,18.631348,False
-11.76,1,18.632348,False
-12.03,3,18.634736,False
-11.53,3,18.637753,False
-11.57,6,18.642939,False
-11.77,2,18.645946,False
-11.82,7,18.651809,False
-11.8,5,18.656339,False
-12.01,1,18.657346,False
19.97,3,18.660359,True
-11.33,6,18.666369,False
-10.81,6,18.672221,False
-11.81,6,18.678221,False
-12.02,2,18.679724,False
-11.76,1,18.681766,False
-11.61,10,18.691184,False
20.13,11,18.701627,True
-12.03,3,18.704647,False
-11.55,4,18.708642,False
-11.79,4,18.71315,False
-11.53,3,18.716164,False
20.2,5,18.720515,True
-12.05,5,18.725045,False
-11.79,4,18.729041,False
-11.53,3,18.732057,False
-12.01,1,18.733894,False
-11.39,12,18.744437,False
-11.79,4,18.748446,False
-11.34,9,18.756879,False
-12.05,5,18.76142,False
-11.32,6,18.767424,False
-11.76,1,18.767744,False
-11.82,7,19.148042,False
21.17,7,19.156077,True
-11.77,2,19.159582,False
-11.61,11,19.172588,False
21.38,12,19.187104,True
-11.54,4,19.192103,False
-12.04,4,19.196103,False
-11.8,5,19.201608,False
-12.01,1,19.202608,False
-11.56,6,19.209113,False
-11.77,2,19.211112,False
-11.3,5,19.216112,False
-11.14,13,19.23113,False
-11.8,5,19.237129,False
-11.8,5,19.243634,False
-11.76,1,19.244634,False
-11.54,4,19.25014,False
-12.05,5,19.256139,False
-11.79,3,19.260147,False
-11.78,3,19.263649,False
-11.76,1,19.264652,False
-11.76,1,19.265652,False
-11.78,3,19.268652,False
-11.77,2,19.271158,False
-11.54,4,19.274662,False
-12.02,2,19.277662,False
-12.01,1,19.278664,False
-12.03,3,19.283176,False
21.28,21,19.30582,True
-11.33,8,19.313827,False
-12.01,1,19.31583,False
-12.01,1,19.317326,False
-11.33,7,19.323847,False
20.21,4,19.328846,True
-12.05,5,19.334959,False
-11.6,10,19.346489,False
-11.53,3,19.349487,False
-11.77,2,19.352521,False
-12.01,1,19.35306,False
22.14,10,19.363315,True
19.96,4,19.366837,True
-10.8,5,19.372496,False
-11.8,4,19.376013,False
-11.54,4,19.380018,False
-11.55,4,19.382541,False
-11.63,13,19.394893,False
-11.87,12,19.405826,False
-11.54,4,19.409821,False
-12.02,2,19.411826,False
-11.77,2,19.413825,False
20.2,5,19.417808,True
-11.76,1,19.418831,False
-12.02,2,19.420829,False
-11.38,12,19.431226,False
-11.56,6,19.437086,False
-10.61,11,19.447553,False
-11.57,6,19.451912,False
-11.78,3,19.455416,False
-12.01,1,19.456427,False
-11.35,9,19.464909,False
-11.31,5,19.468735,False
-11.58,7,19.474248,False
-11.76,1,19.476246,False
-11.77,2,19.478253,False
-11.77,2,19.480772,False
-10.61,10,19.488626,False
-11.78,3,19.491641,False
-11.79,4,19.495647,False
-12.01,1,19.496641,False
-11.76,1,19.497641,False
-10.38,12,19.507433,False
-11.54,3,19.510962,False
21.58,17,19.524732,True
-11.56,5,19.528732,False
-10.84,8,19.536519,False
19.97,3,19.538518,True
-12.01,1,19.540518,False
-12.04,4,19.544762,False
-12.02,2,19.546747,False
-11.3,4,19.549747,False
-11.76,1,19.550747,False
-11.77,2,19.553004,False
-10.79,4,19.556997,False
-11.78,3,19.56052,False
-11.84,9,19.567558,False
-11.81,6,19.573118,False
-11.32,7,19.580117,False
-11.56,5,19.58494,False
-11.3,5,19.58992,False
-12.02,2,19.592509,False
-11.55,5,19.597468,False
-12.03,3,19.600474,False
-12.01,1,19.601851,False
-11.56,5,19.606114,False
-11.57,6,19.61111,False
-11.79,4,19.615622,False
-12.02,2,19.617622,False
-11.31,6,19.622622,False
-10.39,14,19.638683,False
-12.01,1,19.639683,False
-11.76,1,19.641683,False
-11.57,7,19.647211,False
-11.36,10,19.656841,False
-11.55,5,19.661869,False
-12.01,1,19.662869,False
-11.77,2,19.664375,False
-11.6,9,19.673797,False
-12.02,2,19.675793,False
-12.01,1,19.677525,False
-11.77,2,19.679056,False
-11.56,6,19.685615,False
-11.76,1,19.686615,False
-11.76,1,19.688133,False
-12.04,4,19.691648,False
-12.01,1,19.693655,False
-11.76,1,19.694662,False
-11.54,4,19.698175,False
-11.78,3,19.701627,False
-12.04,4,19.70465,False
-11.34,9,19.71294,False
-11.57,6,19.718412,False
-11.79,4,19.721952,False
-11.78,3,19.724952,False
-11.76,1,19.725945,False
-12.02,2,19.727952,False
-12.02,2,19.730465,False
20.38,11,19.739826,True
-11.32,7,19.747144,False
-12.01,1,19.748144,False
-11.57,6,19.753168,False
-11.8,4,19.757159,False
-11.77,2,19.759664,False
-11.78,3,19.76319,False
-10.95,19,19.779215,False
-11.76,1,19.780214,False
21.0,25,19.80038,True
-11.8,5,19.804909,False
-11.58,8,19.811909,False
-11.33,8,19.81877,False
-11.78,3,19.821805,False
-11.54,4,19.825334,False
-12.01,1,19.827337,False
-11.57,7,19.833333,False
-11.79,4,19.837239,False
-10.51,24,19.856555,False
-10.47,20,19.873399,False
-11.65,14,19.885703,False
-11.76,1,19.887208,False
-11.79,4,19.890215,False
-11.83,8,19.897721,False
-11.34,9,19.905218,False
-12.03,3,19.908218,False
-11.79,3,19.911894,False
-12.01,1,19.912893,False
-11.58,7,19.91886,False
-11.78,3,19.921954,False
-10.58,8,19.929401,False
-11.63,13,19.941418,False
20.43,7,19.947418,True
-12.02,2,19.949937,False
-12.03,3,19.952379,False
-11.78,3,19.955387,False
21.51,47,19.994449,True
-11.6,9,20.002415,False
21.14,10,20.010964,True
21.11,14,20.022298,True
-12.02,2,20.024821,False
-11.08,7,20.03182,False
-11.53,3,20.034122,False
-11.77,2,20.036083,False
-11.82,6,20.041083,False
-11.78,3,20.044196,False
-10.65,14,20.056004,False
-11.53,3,20.058997,False
-12.04,4,20.063509,False
-11.77,2,20.06653,False
-12.01,1,20.067914,False
-11.82,6,20.071938,False
-12.02,2,20.07446,False
-11.57,7,20.080971,False
-11.79,4,20.084409,False
20.88,12,20.094974,True
-11.76,1,20.096488,False
-11.76,1,20.097504,False
-11.56,6,20.102979,False
-11.84,8,20.110122,False
-11.77,2,20.112133,False
-11.83,7,20.118517,False
-11.79,4,20.122516,False
-12.01,1,20.123515,False
-12.04,4,20.128017,False
-11.79,4,20.557939,False
-11.31,5,20.564444,False
-12.01,1,20.565946,False
-11.53,3,20.570454,False
-11.54,4,20.575454,False
-11.53,3,20.578959,False
21.84,14,20.592442,True
-12.03,3,20.595944,False
-11.77,2,20.599031,False
-10.83,7,20.60603,False
-11.77,2,20.609536,False
-11.77,2,20.612535,False
-12.06,6,20.618038,False
-12.02,2,20.62004,False
-12.02,2,20.623045,False
-11.53,3,20.627044,False
-12.02,2,20.629558,False
-11.59,9,20.641074,False
-12.01,1,20.643075,False
-11.77,2,20.646074,False
-11.58,8,20.656209,False
20.19,6,20.664221,True
-10.56,5,20.669282,False
-11.81,6,20.676787,False
-11.54,4,20.68079,False
21.41,33,20.715345,True
-11.77,2,20.7179,False
-11.78,3,20.722424,False
-10.86,10,20.733935,False
-12.01,1,20.735522,False
-12.01,1,20.736522,False
20.2,5,20.744026,True
-11.79,3,20.750027,False
-12.02,2,20.754529,False
-11.52,2,20.757541,False
-11.8,4,20.761541,False
21.08,17,20.77662,True
-11.33,7,20.783616,False
-11.33,7,20.790685,False
-11.76,1,20.791685,False
-11.58,7,20.798214,False
-11.03,3,20.801838,False
21.01,24,20.822153,True
-10.56,6,20.828217,False
-12.01,1,20.829214,False
-11.55,4,20.832214,False
-11.76,1,20.834213,False
21.24,26,20.854686,True
-11.76,1,20.855686,False
-11.77,2,20.857686,False
-11.78,3,20.861194,False
-12.02,2,20.863705,False
-12.02,2,20.866704,False
-11.54,4,20.871147,False
-11.79,4,20.874147,False
-11.81,5,20.879659,False
-12.02,2,20.881782,False
-11.76,1,20.882847,False
-10.38,11,20.895968,False
-11.12,10,20.905483,False
-12.02,2,20.907482,False
-11.82,6,20.916079,False
-12.06,6,20.922531,False
-11.77,2,20.924524,False
-11.84,9,20.935049,False
-11.79,3,20.938908,False
-10.56,6,20.946185,False
-12.02,2,20.948186,False
-11.36,10,20.959549,False
-12.02,2,20.961583,False
-11.54,3,20.965608,False
-11.8,4,20.970689,False
-10.79,4,20.974193,False
-11.57,6,20.981714,False
-11.37,11,20.993153,False
-11.52,2,20.996455,False
-11.77,2,20.999398,False
-11.84,9,21.00941,False
-12.01,1,21.011411,False
-11.78,3,21.014411,False
-11.77,2,21.017645,False
21.16,33,21.049525,True
-12.01,1,21.051525,False
-11.81,6,21.057081,False
-11.57,6,21.065113,False
-11.79,4,21.069574,False
20.17,8,21.079092,True
20.21,4,21.083596,True
-12.01,1,21.085055,False
-12.01,1,21.086566,False
-11.56,6,21.093889,False
-11.58,8,21.101906,False
-12.01,1,21.102905,False
-12.05,5,21.108902,False
-12.01,1,21.110408,False
-12.01,1,21.111415,False
-12.02,2,21.114416,False
-11.53,3,21.117416,False
-12.01,1,21.118416,False
-12.01,1,21.119415,False
-11.77,2,21.121929,False
-11.77,2,21.125006,False
-11.76,1,21.12597,False
-12.09,9,21.133672,False
-11.81,6,21.139601,False
-12.02,2,21.142117,False
-11.76,1,21.143117,False
20.57,17,21.157196,True
-11.79,4,21.161189,False
-11.76,1,21.162191,False
20.9,10,21.170956,True
-11.82,7,21.177529,False
-11.59,8,21.184402,False
21.67,33,21.234699,True
-11.8,4,21.238212,False
-11.57,6,21.244211,False
-11.55,5,21.24873,False
21.37,13,21.259247,True
21.1,15,21.272464,True
-11.78,3,21.274452,False
-11.55,4,21.27773,False
-11.53,3,21.282323,False
-11.32,6,21.286813,False
-12.03,3,21.290332,False
-11.8,5,21.294336,False
-11.32,6,21.300835,False
-12.01,1,21.301841,False
-11.76,1,21.30284,False
-11.76,1,21.30484,False
-11.79,3,21.307841,False
-11.36,11,21.319815,False
-12.03,3,21.323327,False
-12.02,2,21.325328,False
-10.56,6,21.333843,False
-11.77,2,21.335295,False
-12.04,4,21.339294,False
-11.78,3,21.343328,False
-11.77,2,21.34532,False
-11.76,1,21.346327,False
-11.6,9,21.356341,False
21.4,9,21.366063,True
20.17,8,21.374081,True
22.33,16,21.391017,True
19.93,7,21.400454,True
20.16,9,21.409633,True
-11.54,4,21.414635,False
20.67,8,21.423645,True
21.08,16,21.439127,True
-11.58,7,21.447477,False
-9.68,18,21.463944,False
-11.78,3,21.467456,False
20.2,5,21.47201,True
-11.56,6,21.478722,False
-11.79,4,21.48228,False
-11.79,4,21.487285,False
-10.68,18,21.502479,False
-12.03,3,21.505468,False
-11.54,4,21.509476,False
-11.55,5,21.514299,False
-11.76,1,21.515306,False
19.96,4,21.519897,True
19.96,4,21.523417,True
-11.79,4,21.527431,False
-11.82,6,21.533424,False
-11.76,1,21.535028,False
-11.77,2,21.537061,False
-11.81,6,21.544059,False
-11.77,2,21.545562,False
-10.78,3,21.549567,False
-11.33,7,21.55708,False
-11.59,9,21.567606,False
-11.76,1,21.568604,False
-10.65,13,21.582625,False
-11.77,2,21.585278,False
21.58,67,21.646442,True
-11.58,8,22.106341,False
-10.82,6,22.114441,False
-11.82,7,22.122943,False
-11.77,2,22.125946,False
-12.03,3,22.129734,False
-11.41,14,22.145747,False
-11.6,9,22.156253,False
-11.76,1,22.157253,False
-11.8,5,22.164755,False
-11.78,2,22.166758,False
-12.02,2,22.170263,False
21.13,12,22.183817,True
-11.81,6,22.191322,False
-11.55,5,22.197827,False
-12.02,2,22.200827,False
-12.01,1,22.202826,False
21.18,7,22.210332,True
21.93,32,22.244354,True
21.41,9,22.254859,True
-11.76,1,22.256859,False
-11.52,2,22.260365,False
-12.02,2,22.262365,False
-12.03,3,22.266365,False
-11.57,7,22.278463,False
21.35,14,22.301611,True
-11.35,9,22.31113,False
-11.78,3,22.314145,False
-11.76,1,22.315145,False
-11.76,1,22.317145,False
-11.77,2,22.319145,False
-11.76,1,22.320156,False
-11.84,8,22.328671,False
-11.79,4,22.333177,False
-11.56,6,22.339178,False
-12.01,1,22.340178,False
-12.02,2,22.342682,False
-11.76,1,22.343687,False
-12.01,1,22.345687,False
-11.55,5,22.351688,False
-11.59,9,22.360494,False
-11.53,3,22.363492,False
-11.78,3,22.367007,False
-11.77,2,22.369521,False
-11.59,8,22.376547,False
-11.76,1,22.377547,False
21.39,11,22.388949,True
-11.79,4,22.392951,False
-11.58,7,22.400129,False
-11.34,9,22.411646,False
20.16,8,22.423037,True
-10.92,16,22.440076,False
-11.76,1,22.442076,False
22.12,13,22.456117,True
-11.79,4,22.460679,False
-11.58,8,22.468708,False
-11.76,1,22.469714,False
-11.77,2,22.471715,False
-11.76,1,22.473715,False
-11.76,1,22.474447,False
-12.03,3,22.47855,False
-12.01,1,22.480564,False
-12.02,2,22.482564,False
-11.54,4,22.486565,False
-11.77,2,22.489075,False
-10.92,16,22.505191,False
20.62,12,22.517722,True
-12.02,2,22.521836,False
-11.77,2,22.523834,False
-11.78,3,22.527833,False
-11.55,5,22.533342,False
-11.58,7,22.540342,False
-10.88,12,22.552379,False
-11.3,5,22.556389,False
-12.05,5,22.561393,False
-11.77,2,22.56392,False
-11.6,10,22.573944,False
-11.52,2,22.57495,False
-11.78,3,22.578462,False
-11.76,1,22.580462,False
-12.01,1,22.581461,False
-12.02,2,22.584052,False
-11.76,1,22.58489,False
-11.53,3,22.588902,False
-11.65,14,22.60241,False
-11.8,5,22.606936,False
-11.93,18,22.624961,False
-12.01,1,22.624961,False
-11.8,5,22.631483,False
-12.04,4,22.636992,False
-11.77,2,22.639006,False
-11.76,1,22.640006,False
-11.78,3,22.643008,False
-11.79,4,22.647519,False
-10.39,12,22.660063,False
-11.79,4,22.664062,False
-10.62,11,22.675115,False
21.44,6,22.680881,True
20.18,6,22.687874,True
-11.39,13,22.698392,False
-11.32,6,22.703908,False
-11.84,8,22.711425,False
-11.77,2,22.713424,False
-11.76,1,22.714425,False
-12.02,2,22.716417,False
-11.8,4,22.720936,False
-11.55,5,22.724943,False
-11.55,5,22.729951,False
-12.03,3,22.733485,False
-11.36,11,22.742983,False
-12.01,1,22.743984,False
19.97,3,22.746984,True
-11.86,10,22.756523,False
-12.01,1,22.757518,False
-12.04,4,22.761523,False
21.09,15,22.774362,True
-10.87,12,22.785474,False
-11.53,3,22.788311,False
-12.01,1,22.790323,False
21.56,18,22.804764,True
-11.76,1,22.80578,False
-11.8,5,22.810776,False
-11.55,5,22.81631,False
21.45,30,23.437253,True
-12.01,1,23.438253,False
-11.03,3,23.442254,False
-11.33,8,23.451226,False
-11.76,1,23.452768,False
-11.78,3,23.456294,False
-11.76,1,23.456294,False
-11.8,5,23.461944,False
-11.77,2,23.464468,False
-12.03,3,23.468473,False
-11.55,5,23.473522,False
-11.6,9,23.480849,False
-11.78,3,23.48385,False
21.6,40,23.517498,True
-11.77,2,23.519521,False
20.19,6,23.525038,True
21.01,23,23.54432,True
20.19,6,23.549842,True
-11.53,3,23.553362,False
-11.76,1,23.554361,False
-11.09,9,23.561859,False
-11.76,1,23.563859,False
-12.01,1,23.564853,False
-11.58,8,23.571891,False
-11.78,3,23.575403,False
-11.8,5,23.579433,False
-11.53,3,23.582436,False
21.41,9,23.591182,True
-12.01,1,23.593176,False
-12.01,1,23.595177,False
-11.77,2,23.597182,False
-11.57,6,23.602614,False
21.99,26,23.626049,True
-12.01,1,23.627055,False
-11.77,2,23.628055,False
-11.54,4,23.633577,False
-11.79,3,23.635969,False
-11.62,10,23.644492,False
20.2,5,23.649486,True
-11.57,6,23.654922,False
-11.78,3,23.65793,False
-11.78,3,23.66093,False
-11.33,7,23.66781,False
20.88,61,23.717286,True
22.59,15,23.730832,True
-12.01,1,23.73283,False
-11.56,6,23.738697,False
-11.77,2,23.740696,False
-12.01,1,23.741697,False
-10.79,4,23.746221,False
20.68,7,24.139096,True
-11.78,3,24.142601,False
-11.31,6,24.150603,False
-11.76,1,24.15186,False
-11.77,2,24.153864,False
-11.78,3,24.157863,False
-11.6,9,24.166369,False
21.09,16,24.185653,True
-11.78,3,24.189652,False
-11.77,2,24.192155,False
-12.02,2,24.195158,False
-10.84,9,24.205662,False
-12.01,1,24.207663,False
-11.78,3,24.211663,False
-11.54,4,24.216168,False
-12.04,4,24.221168,False
-11.53,3,24.224673,False
-11.31,6,24.231673,False
21.12,13,24.246683,True
-12.01,1,24.248683,False
-11.77,2,24.250683,False
-11.76,1,24.252683,False
-12.01,1,24.253683,False
21.05,19,24.274253,True
-11.82,7,24.283288,False
-12.01,1,24.284288,False
-11.54,4,24.289794,False
-11.53,3,24.293365,False
-11.1,9,24.30487,False
20.21,4,24.310375,True
-11.78,3,24.314375,False
20.2,5,24.31888,True
-11.53,3,24.32288,False
-11.76,1,24.32488,False
-11.33,7,24.332385,False
-11.76,1,24.334385,False
-12.04,4,24.337896,False
-11.76,1,24.339907,False
21.14,11,24.35043,True
-12.03,3,24.35343,False
-11.81,6,24.35895,False
-11.53,3,24.362362,False
-10.57,7,24.369362,False
21.35,15,24.383446,True
21.32,17,24.397758,True
-11.54,4,24.402175,False
-12.02,2,24.40419,False
-11.77,2,24.406177,False
-10.74,23,24.427754,False
20.45,5,24.43226,True
-12.03,3,24.435274,False
-11.56,5,24.440271,False
-11.77,2,24.442783,False
21.55,19,24.461872,True
-11.56,6,24.467155,False
21.65,10,24.476672,True
-11.57,7,24.483329,False
21.31,19,24.499101,True
-12.01,1,24.500101,False
-11.55,5,24.505101,False
20.19,6,24.511621,True
20.19,6,24.517124,True
21.63,11,24.52613,True
-12.07,7,24.53266,False
-11.79,4,24.53566,False
-12.01,1,24.53666,False
-12.01,1,24.538172,False
21.37,13,24.549694,True
-11.36,10,24.559605,False
-11.33,7,24.565616,False
-11.76,1,24.566616,False
-11.79,4,24.570486,False
-11.81,5,24.575481,False
-11.57,5,24.580499,False
-11.82,6,24.585414,False
20.16,9,24.593442,True
-11.54,4,24.597521,False
-11.77,2,24.599656,False
-11.79,3,24.602683,False
-12.01,1,24.603747,False
-11.53,3,24.606806,False
-11.57,7,24.612883,False
-11.37,11,24.622723,False
-12.04,4,24.626739,False
-11.35,10,24.634534,False
-11.8,4,24.638527,False
-10.59,9,24.646044,False
-11.77,2,24.648038,False
-11.76,1,24.650044,False
-11.53,3,24.653644,False
-11.77,2,24.655644,False
-11.6,9,24.664212,False
-11.76,1,24.665128,False
-11.78,3,24.66758,False
-11.55,5,24.672601,False
-11.56,5,24.676116,False
-11.77,2,24.679389,False
-11.79,3,24.681389,False
-11.76,1,24.683408,False
-11.78,3,24.685823,False
-12.01,1,24.687812,False
-11.77,2,24.689812,False
-12.03,3,24.691812,False
-12.03,3,24.695079,False
-11.76,1,24.696085,False
-12.01,1,24.697085,False
-11.78,3,24.700085,False
-10.69,18,24.715552,False
-12.02,2,24.717551,False
-11.76,1,24.717551,False
-11.76,1,24.71977,False
-11.79,4,24.741789,False
-11.55,4,24.745791,False
-11.78,3,24.748791,False
-11.53,3,24.752304,False
-12.06,6,24.757303,False
-10.8,5,24.762985,False
20.41,8,24.771419,True
-11.77,2,24.773437,False
-10.56,6,24.779958,False
-12.02,2,24.782475,False
-12.01,1,24.782475,False
-12.01,1,24.785001,False
-12.11,11,24.796277,False
-11.52,2,24.798276,False
-11.77,2,24.800277,False
-11.53,3,24.803791,False
-12.01,1,24.804838,False
-11.57,5,24.810789,False
-12.01,1,24.811788,False
-12.04,4,24.816302,False
-12.02,2,24.818302,False
-11.56,5,24.823807,False
-12.03,3,24.827813,False
-12.02,2,24.830818,False
-11.77,2,24.83282,False
-12.03,3,24.836344,False
-11.78,3,24.839343,False
-11.76,1,24.840343,False
21.13,12,24.852858,True
-12.01,1,24.853858,False
20.21,4,24.858371,True
-11.54,4,24.862446,False
-10.82,6,24.868133,False
-11.11,11,24.877565,False
-11.77,2,24.879076,False
-11.32,6,24.885224,False
-12.01,1,24.886737,False
-12.02,2,24.888751,False
-11.79,3,24.890746,False
-11.83,8,24.898066,False
-11.54,4,24.902079,False
-10.87,11,24.911601,False
-11.56,6,24.916596,False
-11.79,4,24.920109,False
-11.55,5,24.925108,False
-11.76,1,24.926108,False
-12.01,1,24.927108,False
-11.8,5,24.93162,False
-11.55,4,24.935627,False
-11.76,1,24.936624,False
-11.76,1,24.938625,False
-11.78,3,24.941149,False
-11.57,6,24.948145,False
-11.54,4,24.951675,False
-11.4,14,24.966176,False
20.19,6,24.970251,True
-11.78,3,24.973922,False
-11.6,9,24.983253,False
-12.01,1,24.984254,False
-11.76,1,24.984841,False
-12.02,2,24.986933,False
-11.35,9,24.997428,False
-11.3,5,25.002434,False
-11.8,5,25.007959,False
21.08,16,25.026465,True
-11.8,5,25.03197,False
-11.76,1,25.032977,False
-11.77,2,25.034976,False
-11.55,5,25.039978,False
-12.02,2,25.042481,False
-11.79,4,25.045493,False
-11.58,7,25.052488,False
-11.62,12,25.082961,False
-11.3,5,25.089913,False
-11.76,1,25.090913,False
-11.76,1,25.092418,False
-11.58,8,25.10043,False
21.46,27,25.122457,True
-11.76,1,25.123968,False
-12.03,3,25.128982,False
-11.54,4,25.132979,False
-11.77,2,25.136263,False
-12.01,1,25.13827,False
-12.02,2,25.140269,False
-10.39,14,25.157808,False
-12.02,2,25.159808,False
20.44,6,25.165807,True
-11.57,6,25.172337,False
21.28,20,25.190415,True
20.99,24,25.213181,True
21.01,49,25.653413,True
-11.56,5,25.660413,False
20.18,7,25.668918,True
-11.55,5,25.674423,False
-11.53,3,25.678423,False
-12.03,3,25.682431,False
-12.02,2,25.68543,False
-11.87,11,25.697053,False
-11.76,1,25.699054,False
-11.6,9,25.709567,False
-12.01,1,25.711568,False
21.14,10,25.723587,True
20.44,6,25.730595,True
-11.41,15,25.747621,False
-11.56,6,25.755119,False
-12.01,1,25.756122,False
-11.09,9,25.765122,False
-11.64,14,25.779133,False
-12.02,2,25.782637,False
-11.6,8,25.79165,False
-11.77,2,25.79516,False
-11.67,17,25.812182,False
-11.77,2,25.814189,False
-11.54,4,25.818281,False
-10.18,14,25.83185,False
-12.02,2,25.834489,False
21.48,26,25.856999,True
-11.78,3,25.861251,False
-11.31,6,25.866244,False
21.62,13,25.877138,True
-12.02,2,25.879655,False
21.33,16,25.892478,True
-11.3,5,25.897484,False
-12.01,1,25.898484,False
-10.55,5,25.903873,False
-10.82,5,25.907873,False
22.29,19,25.924187,True
-11.77,2,25.926192,False
-11.54,4,25.929188,False
-11.6,9,25.936934,False
22.29,19,25.952043,True
-11.79,3,25.955058,False
-11.76,1,25.956058,False
20.69,6,25.961051,True
-11.54,4,25.965592,False
-11.56,5,25.969888,False
20.19,5,25.974411,True
-12.02,2,25.976405,False
-11.79,3,25.979405,False
-11.4,13,25.990498,False
-10.8,4,25.995003,False
-11.78,3,25.997539,False
-11.57,7,26.004023,False
-12.01,1,26.005546,False
-11.59,9,26.013546,False
-11.79,4,26.017069,False
-12.02,2,26.018497,False
-11.76,1,26.020494,False
21.31,18,26.034425,True
-11.76,1,26.035449,False
-12.03,3,26.038463,False
-11.78,3,26.041459,False
19.97,3,26.044464,True
-12.01,1,26.045969,False
-12.01,1,26.047972,False
-11.54,4,26.051305,False
20.43,7,26.057777,True
-11.79,4,26.061772,False
-11.77,2,26.063772,False
-11.76,1,26.064772,False
-10.8,5,26.069542,False
-12.01,1,26.070529,False
20.42,8,26.07702,True
-11.8,5,26.081545,False
-11.78,3,26.083559,False
-11.78,3,26.087304,False
-11.58,7,26.093862,False
-12.01,1,26.094862,False
-11.78,3,26.096862,False
-12.02,2,26.099382,False
21.66,9,26.108256,True
-11.76,1,26.110262,False
-11.77,2,26.111774,False
-12.02,2,26.113788,False
-12.01,1,26.114782,False
-11.77,2,26.116784,False
-12.01,1,26.118188,False
-11.58,8,26.125727,False
21.43,7,26.13173,True
-11.76,1,26.13273,False
-11.11,11,26.141624,False
-11.76,1,26.144155,False
21.62,13,26.154999,True
-11.8,5,26.158993,False
-11.76,1,26.16,False
19.96,4,26.163999,True
-10.15,12,26.174878,False
-11.77,2,26.176886,False
-11.31,5,26.180882,False
-11.56,6,26.185946,False
-11.77,2,26.187945,False
-10.71,20,26.204764,False
-11.57,7,26.211286,False
-11.77,2,26.21428,False
-11.77,2,26.215783,False
-11.76,1,26.216798,False
-11.76,1,26.218096,False
-11.34,8,26.224116,False
-11.55,5,26.230623,False
-11.76,1,26.232624,False
-11.78,3,26.234986,False
-11.76,1,26.237529,False
-11.59,9,26.245531,False
-11.54,4,26.250127,False
-11.78,3,26.252501,False
-11.33,7,26.259516,False
-11.36,9,26.267933,False
-10.44,17,26.284396,False
20.38,11,26.293477,True
20.85,13,26.306451,True
-11.31,5,26.311958,False
-12.01,1,26.312958,False
-12.01,1,26.313958,False
-11.32,7,26.320843,False
20.69,6,26.326841,True
-11.81,5,26.331367,False
-11.77,2,26.333723,False
-11.77,2,26.335748,False
-11.79,4,26.339748,False
-12.02,2,26.34126,False
-12.02,2,26.34427,False
20.4,9,26.352105,True
-11.77,2,26.355124,False
-11.59,9,26.362813,False
-11.31,5,26.366896,False
-12.01,1,26.368262,False
-11.54,4,26.372309,False
-11.79,4,26.375825,False
19.95,5,26.379831,True
-11.3,5,26.3846,False
-11.6,10,26.393641,False
-11.79,4,26.396166,False
-11.76,1,26.398165,False
-6.83,80,26.4603,False
-11.76,1,26.4613,False
-12.02,2,26.463305,False
-11.81,6,26.469054,False
-10.55,5,26.473049,False
21.24,26,26.494605,True
-11.77,2,26.496602,False
-11.52,2,26.498629,False
-12.02,2,26.501078,False
-11.57,7,26.506625,False
-11.81,5,26.512147,False
-11.79,4,26.515146,False
20.4,10,26.524578,True
-11.56,5,26.530096,False
-11.8,5,26.534405,False
-11.59,8,26.540942,False
20.16,8,26.547946,True
-10.59,7,26.553531,False
-11.55,5,26.558534,False
-11.56,6,26.563572,False
-11.55,5,26.567866,False
19.96,4,26.572086,True
-11.79,4,27.290921,False
-11.57,7,27.305068,False
-12.01,1,27.308068,False
-11.29,4,27.316592,False
-12.01,1,27.31909,False
20.19,6,27.331611,True
-11.55,5,27.342618,False
-11.79,4,27.350583,False
-12.04,4,27.360432,False
21.6,15,27.389051,True
-11.34,9,27.408665,False
-11.31,5,27.418829,False
-11.78,3,27.425843,False
-12.04,4,27.434928,False
-11.78,3,27.440503,False
-11.77,2,27.445029,False
-11.78,2,27.450542,False
-11.78,2,27.455562,False
21.41,9,27.473654,True
20.17,8,27.490278,True
21.2,29,27.560603,True
20.8,20,27.613002,True
-11.76,1,27.616534,False
-11.53,3,27.626771,False
21.12,37,27.698054,True
19.95,5,27.710419,True
-12.02,2,27.716474,False
-12.01,1,27.720167,False
-11.79,4,27.73032,False
-11.53,3,27.73852,False
-12.01,1,27.741524,False
-11.3,5,27.756443,False
-12.01,1,27.759438,False
-11.54,4,27.775805,False
21.78,21,27.837295,True
-12.02,2,27.842288,False
-11.76,1,27.845295,False
-12.01,1,27.848821,False
-11.81,6,27.861041,False
-10.55,5,27.872081,False
20.21,4,27.880605,True
-11.31,6,27.893723,False
-12.01,1,27.896723,False
-11.79,3,27.903807,False
-11.8,5,27.915332,False
-11.54,4,27.923935,False
20.17,8,27.94042,True
-11.34,9,27.958519,False
-11.59,8,27.97574,False
-11.76,1,27.978747,False
-10.81,6,27.991428,False
-10.83,8,28.010631,False
-11.37,12,28.034834,False
21.04,19,28.071972,True
-11.82,7,28.087282,False
-12.01,1,28.089282,False
-10.79,4,28.099821,False
21.34,14,28.130339,True
-11.56,6,28.143446,False
-11.76,1,28.146445,False
-10.8,5,28.157447,False
-11.78,3,28.164964,False
20.68,7,28.180117,True
-11.79,4,28.18829,False
21.4,10,28.210871,True
-12.01,1,28.213871,False
-11.79,4,28.22304,False
-11.29,4,28.230559,False
-10.87,12,28.257442,False
-11.55,4,28.266456,False
-12.01,1,28.270591,False
-12.02,2,28.276592,False
-11.55,5,28.28779,False
-11.76,1,28.2913,False
-12.02,2,28.295317,False
-10.6,9,28.317684,False
20.21,4,28.327332,True
22.16,8,28.345424,True
-11.53,3,28.353105,False
21.54,21,28.397641,True
-11.61,11,28.423285,False
-11.11,11,28.448341,False
-10.34,8,28.465513,False
21.4,10,28.485843,True
-12.01,1,28.48837,False
-11.78,3,28.4949,False
20.66,9,28.515119,True
-11.53,3,28.52133,False
-11.52,2,28.526345,False
-12.01,1,28.529338,False
-10.08,8,28.546665,False
-11.36,9,28.566335,False
-11.77,2,28.57097,False
-11.8,5,28.581415,False
-12.02,2,28.587045,False
-11.77,2,28.591499,False
-11.76,1,28.595026,False
21.35,15,28.626568,True
-11.52,2,28.631567,False
-11.77,2,28.636777,False
-11.53,3,28.642778,False
20.19,6,28.656923,True
-11.58,7,28.671492,False
-11.54,4,28.680014,False
-12.02,2,28.685616,False
-9.37,12,28.710722,False
-11.77,2,28.714721,False
-12.01,1,28.717787,False
-11.53,3,28.726081,False
-12.01,1,28.729079,False
21.35,14,28.756718,True
21.55,44,28.840273,True
20.2,5,28.85107,True
-11.6,9,28.86864,False
21.39,10,28.888269,True
-11.35,10,28.908396,False
-11.31,6,28.923387,False
-12.03,3,28.929904,False
-12.01,1,28.932909,False
-11.77,2,28.938454,False
-11.78,3,28.945979,False
-11.77,2,28.950944,False
-10.63,13,28.977578,False
-11.76,1,28.980584,False
-11.55,5,29.000524,False
-12.01,1,29.006033,False
21.41,8,29.025295,True
-11.79,4,29.035491,False
20.42,8,29.05153,True
-11.81,6,29.060998,False
-11.52,2,29.064005,False
-10.88,13,29.08827,False
20.67,8,29.104062,True
21.18,7,29.114202,True
-11.76,1,29.118202,False
-11.55,4,29.126339,False
-12.02,2,29.131343,False
-12.02,2,29.135876,False
-11.8,5,29.146959,False
-11.57,6,29.160467,False
20.66,9,29.178061,True
20.39,11,29.20159,True
-11.08,8,29.217496,False
20.63,10,29.239556,True
-11.53,3,29.246588,False
-11.87,12,29.273632,False
-11.77,2,29.27863,False
20.41,9,29.298259,True
-11.55,5,29.308769,False
20.2,5,29.319277,True
-11.77,2,29.324943,False
20.19,5,29.369151,True
-12.05,5,29.403932,False
-11.62,12,29.446682,False
-11.79,3,29.453682,False
-11.76,1,29.456198,False
21.37,13,29.479533,True
-11.31,6,29.493053,False
-11.58,7,29.508618,False
-11.55,5,29.519661,False
-12.01,1,29.522666,False
-12.01,1,29.525185,False
21.44,6,29.537699,True
-12.01,1,29.541226,False
-11.02,2,29.547225,False
20.13,11,29.570257,True
-11.8,5,29.581791,False
-11.55,4,29.591319,False
-10.33,8,29.610532,False
-11.78,3,29.618116,False
-11.54,4,29.627132,False
-11.76,1,29.629528,False
-11.78,3,29.636527,False
21.38,11,30.553624,True
-11.76,1,30.556624,False
-12.02,2,30.561097,False
-10.14,12,30.586124,False
21.6,14,30.613616,True
-12.03,3,30.621217,False
21.4,10,30.640118,True
20.45,5,30.650722,True
-11.78,3,30.657249,False
-11.57,6,30.670429,False
-11.76,1,30.672942,False
21.67,8,30.688481,True
22.05,19,30.726357,True
-11.54,4,30.734955,False
-12.01,1,30.737965,False
-12.01,1,30.740966,False
-12.01,1,30.743966,False
-11.53,3,30.75121,False
20.2,5,30.762786,True
-11.56,6,30.775438,False
-11.8,5,30.785746,False
-10.79,4,30.795551,False
-11.79,4,30.80523,False
-11.77,2,30.809751,False
20.44,6,30.822479,True
-11.77,2,30.82799,False
-11.63,13,30.854903,False
-11.76,1,30.857903,False
-11.29,4,30.867656,False
-11.78,3,30.873707,False
21.56,19,30.913173,True
22.1,14,30.941571,True
-11.53,3,30.948186,False
-11.78,3,30.955888,False
-11.79,3,30.962399,False
-11.56,6,30.974641,False
-11.54,3,30.98164,False
-12.01,1,30.985842,False
20.38,12,31.010616,True
-11.58,8,31.027614,False
-11.78,3,31.034391,False
-11.76,1,31.037939,False
-11.36,10,31.058284,False
-10.87,37,31.129419,False
-11.59,8,31.146034,False
-11.76,1,31.150717,False
-11.77,2,31.156275,False
-12.01,1,31.159283,False
-11.55,5,31.169934,False
19.95,5,31.180447,True
-11.77,2,31.186137,False
-11.76,1,31.189651,False
-10.4,14,31.221246,False
-11.77,2,31.225761,False
-11.79,4,31.235163,False
-10.82,6,31.248734,False
-11.76,1,31.251367,False
-11.52,2,31.25591,False
-11.79,3,31.264087,False
22.37,12,31.289552,True
-11.76,1,31.292553,False
-11.77,2,31.298208,False
20.7,30,31.359248,True
-11.57,6,31.371596,False
-11.52,2,31.376824,False
-11.76,1,31.38082,False
21.41,9,31.399335,True
-11.8,5,31.410317,False
-11.32,7,31.426591,False
-11.29,4,31.435849,False
-11.53,3,31.443882,False
-11.55,4,31.453607,False
-11.78,3,31.460129,False
-11.37,11,31.482283,False
21.37,12,31.506378,True
-12.04,4,31.515373,False
-11.76,1,31.518527,False
-11.3,5,31.529549,False
-12.01,1,31.532556,False
-11.9,14,31.558951,False
-11.52,2,31.563479,False
-11.77,2,31.567815,False
-11.77,2,31.573369,False
-11.77,2,31.578368,False
-11.8,5,31.58956,False
-11.76,1,31.592559,False
20.43,7,31.607252,True
-11.54,4,31.615746,False
-12.02,2,31.620979,False
-11.55,5,31.63254,False
-11.53,3,31.640735,False
-12.05,5,31.651962,False
-11.77,2,31.65596,False
-12.02,2,31.661188,False
-11.57,6,31.675022,False
-12.02,2,31.679546,False
21.39,10,31.699735,True
20.4,9,31.71804,True
-11.83,8,31.735168,False
-11.79,4,31.744185,False
-11.78,3,31.751059,False
-11.77,2,31.755963,False
-11.46,18,31.790157,False
-11.78,3,31.796148,False
-10.64,14,31.824672,False
-11.13,12,31.849764,False
-11.58,7,31.864551,False
-11.79,4,31.872317,False
-11.53,3,31.879844,False
21.42,7,31.894033,True
-11.14,13,31.921421,False
21.6,13,31.947653,True
-12.02,2,31.953799,False
20.43,7,31.969001,True
-12.01,1,31.972531,False
-10.82,6,31.991541,False
-11.78,2,31.997054,False
-11.76,1,32.000742,False
-12.03,3,32.007893,False
-11.52,2,32.012897,False
-11.31,5,32.024016,False
20.43,7,32.039557,True
21.34,15,32.066982,True
-11.76,1,32.069699,False
-12.02,2,32.073812,False
-11.81,6,32.079339,False
20.19,6,32.087438,True
-11.77,2,32.092445,False
-11.55,4,32.102177,False
-12.01,1,32.105185,False
-11.79,3,32.111685,False
-11.53,3,32.119003,False
-11.82,6,32.132066,False
21.14,10,32.154019,True
21.09,16,32.185151,True
-10.56,6,32.198581,False
-12.03,3,32.20591,False
-11.8,5,32.217769,False
-11.76,1,32.220346,False
-11.76,1,32.222345,False
-11.77,2,32.228451,False
21.54,19,32.266955,True
-11.79,3,32.274488,False
22.36,13,32.301067,True
19.96,4,32.310655,True
-11.35,9,32.330163,False
-11.34,8,32.346175,False
-12.02,2,32.351206,False
-11.79,4,32.35925,False
-11.77,2,32.365754,False
-11.77,2,32.369827,False
-10.62,11,32.392039,False
-11.57,5,32.403153,False
22.37,13,32.43095,True
-11.53,3,32.437617,False
20.64,10,32.459356,True
-11.52,2,32.463364,False
-11.52,2,32.468531,False
-11.79,3,32.475076,False
-11.55,5,32.48733,False
20.42,8,32.503766,True
-11.53,3,32.511293,False
-11.76,1,32.514292,False
-11.55,5,32.52548,False
-11.77,2,32.530014,False
-11.53,3,32.538634,False
-12.01,1,32.541144,False
-12.04,4,32.549675,False
21.17,8,32.567615,True
-12.01,1,32.569655,False
-11.76,1,32.572654,False
-11.76,1,32.575166,False
-12.01,1,32.578181,False
-12.02,2,32.583175,False
20.43,6,32.595422,True
-11.78,3,32.604061,False
-11.29,4,32.612617,False
-11.78,3,32.621136,False
20.87,13,32.647247,True
-11.53,3,32.653907,False
-11.83,7,32.668556,False
21.19,30,32.729043,True
20.42,8,32.745125,True
-11.76,1,32.747134,False
20.43,7,33.661958,True
-11.59,8,33.678631,False
-12.01,1,33.681646,False
20.43,6,33.694321,True
20.18,7,33.708465,True
-11.79,4,33.717539,False
-11.77,2,33.722108,False
-12.04,4,33.730628,False
20.74,26,33.779004,True
-11.76,1,33.781011,False
-11.58,7,33.796664,False
21.6,14,33.822917,True
-11.76,1,33.825448,False
-11.76,1,33.82844,False
-11.76,1,33.831439,False
-11.56,5,33.842547,False
19.95,5,33.852714,True
-11.76,1,33.855769,False
-12.01,1,33.858783,False
-10.83,7,33.873497,False
-11.76,1,33.875494,False
19.93,7,33.882579,True
-11.77,2,33.88502,False
-7.07,80,33.986927,False
-11.79,3,33.992942,False
-11.53,3,34.000078,False
-12.01,1,34.002682,False
-11.36,11,34.025415,False
-11.53,3,34.031941,False
-11.53,3,34.039753,False
-12.02,2,34.044274,False
-11.76,1,34.046274,False
-11.12,11,34.069005,False
-10.79,4,34.077518,False
-11.76,1,34.081519,False
-11.76,1,34.083603,False
-11.54,4,34.091669,False
-11.79,4,34.101821,False
-10.59,8,34.119725,False
-11.79,4,34.128248,False
-12.01,1,34.130248,False
-11.35,8,34.148123,False
-11.76,1,34.150722,False
-12.02,2,34.155283,False
21.28,21,34.19791,True
-10.57,7,34.214236,False
-11.81,6,34.227422,False
-11.3,5,34.239583,False
-11.32,7,34.253258,False
-11.57,6,34.265895,False
-11.3,5,34.277052,False
-11.79,3,34.284119,False
21.61,13,34.308218,True
-11.54,4,34.318271,False
-11.76,1,34.320271,False
21.14,11,34.342846,True
-11.77,2,34.347368,False
-11.77,2,34.353368,False
20.18,7,34.366925,True
-11.54,3,34.373982,False
-11.56,6,34.38801,False
-12.04,4,34.396023,False
-11.3,5,34.406548,False
20.67,8,34.423588,True
-11.77,2,34.428587,False
-11.78,3,34.435113,False
-12.01,1,34.438113,False
-11.79,4,34.448121,False
-11.59,8,34.464136,False
-12.01,1,34.466643,False
-11.76,1,34.47072,False
-11.53,3,34.476912,False
-11.36,11,34.497938,False
-12.01,1,34.501938,False
-11.76,1,34.504446,False
-12.07,7,34.517952,False
-11.63,13,34.54397,False
-11.76,1,34.547478,False
20.42,8,34.565987,True
22.39,10,34.588463,True
-11.79,4,34.597477,False
-11.56,5,34.607001,False
-11.79,3,34.61452,False
-11.55,4,34.622479,False
-11.56,6,34.636894,False
-11.76,1,34.639895,False
-11.57,6,34.653104,False
-12.03,3,34.659624,False
-11.32,6,34.672731,False
-11.8,5,34.683315,False
-9.8,5,34.695539,False
-11.76,1,34.698057,False
-11.77,2,34.703157,False
-12.02,2,34.708157,False
-11.55,4,34.71726,False
-11.78,3,34.726348,False
-12.02,2,34.730354,False
-11.77,2,34.735894,False
21.49,24,36.361088,True
-11.76,1,36.364087,False
21.12,12,36.398658,True
-11.33,7,36.413712,False
-11.76,1,36.416712,False
-11.77,2,36.425219,False
-11.56,6,36.438682,False
21.88,12,36.468222,True
-11.76,1,36.472733,False
-11.53,3,36.480752,False
-11.33,7,36.494769,False
21.67,8,36.512831,True
-11.77,2,36.517338,False
-11.78,3,36.524191,False
-11.76,1,36.526186,False
-10.6,9,36.543919,False
21.88,12,36.562577,True
-11.56,5,36.567666,False
-12.03,3,36.571184,False
-12.01,1,36.572708,False
-11.8,4,36.576706,False
-12.01,1,36.577718,False
-12.01,1,36.579713,False
20.91,34,36.617247,True
-11.35,9,36.638754,False
-11.76,1,36.640768,False
-11.77,2,36.645768,False
-11.56,6,36.664349,False
-11.76,1,36.671475,False
-11.54,4,36.680501,False
-12.04,4,36.690667,False
-11.86,10,36.709992,False
-11.8,5,36.724355,False
-12.01,1,36.726355,False
-11.78,3,36.734461,False
-11.81,6,36.747524,False
-11.82,6,36.76072,False
-11.77,2,36.765719,False
-11.81,5,36.776808,False
-11.79,3,36.783831,False
21.47,26,36.837076,True
-12.01,1,36.839077,False
21.07,42,36.920525,True
-10.36,10,36.943211,False
21.37,11,36.968099,True
-10.8,5,36.981424,False
-10.41,15,37.01294,False
21.6,14,37.041545,True
19.95,5,37.053788,True
21.4,10,37.075832,True
-11.77,2,37.080342,False
20.4,10,37.101196,True
-11.58,7,37.115374,False
21.53,20,37.167227,True
21.59,15,37.200887,True
-12.03,3,37.208397,False
-11.76,1,37.211398,False
19.95,5,37.228098,True
-11.76,1,37.231093,False
21.4,10,37.258923,True
-11.34,8,37.277609,False
-11.76,1,37.280609,False
-11.77,2,37.285621,False
-11.78,3,37.293133,False
-11.35,9,37.312092,False
-11.76,1,37.315097,False
-11.53,3,37.321673,False
21.85,14,37.35433,True
-12.02,2,37.358856,False
-12.01,1,37.361854,False
-11.77,2,38.280702,False
-11.77,2,38.285702,False
-10.87,12,38.309651,False
-11.55,5,38.320174,False
-12.01,1,38.322188,False
-11.62,11,38.344241,False
20.68,7,38.358767,True
21.51,72,38.494938,True
-11.6,9,38.515446,False
-12.01,1,38.519517,False
-12.02,2,38.524523,False
-12.03,3,38.527829,False
-10.64,14,38.54136,False
-12.02,2,38.54336,False
-11.52,2,38.545356,False
-11.78,3,38.548877,False
20.45,5,38.553877,True
-11.79,4,38.556877,False
-11.76,1,38.559346,False
-11.54,3,38.562351,False
21.11,38,38.595481,True
-11.79,4,38.598983,False
-11.77,2,38.601129,False
-11.77,2,38.603133,False
21.12,13,38.614634,True
-12.02,2,38.616634,False
-12.01,1,38.617633,False
-11.55,5,38.622166,False
20.41,9,38.630687,True
21.37,13,38.644801,True
-11.34,9,38.652328,False
-11.31,6,38.658323,False
-11.77,2,38.660321,False
-11.31,6,38.665831,False
-11.77,2,38.667829,False
20.18,7,38.674507,True
-11.77,2,38.677505,False
-11.55,5,38.682014,False
-12.03,3,38.685019,False
-10.79,4,38.689532,False
21.37,12,38.700037,True
-11.78,3,38.703545,False
19.95,5,38.708552,True
-12.01,1,38.710054,False
-11.78,3,38.713654,False
20.41,8,38.721661,True
-11.53,3,38.724167,False
-11.77,2,38.727172,False
-11.54,4,38.731173,False
-10.33,8,38.738771,False
-11.32,6,38.745354,False
-11.53,3,38.753125,False
-11.33,7,38.768138,False
-11.33,7,38.78265,False
20.85,14,38.812611,True
-11.54,4,38.821687,False
-11.78,3,38.828228,False
-11.79,4,38.837228,False
-11.59,9,38.859851,False
-11.76,1,38.865041,False
-11.33,8,38.882554,False
20.99,24,38.930195,True
-12.02,2,38.935195,False
-12.01,1,38.937188,False
21.11,13,38.963465,True
-9.6,10,38.990864,False
-11.79,3,38.996956,False
-11.57,7,39.011485,False
-11.57,6,39.022552,False
-11.78,3,39.030074,False
-11.76,1,39.032068,False
-11.76,1,39.035076,False
-10.58,8,39.043594,False
-12.04,4,39.048124,False
-11.54,4,39.052125,False
-11.76,1,39.054123,False
-12.03,3,39.05664,False
-10.36,11,39.066638,False
-11.81,6,39.071922,False
-11.78,3,39.074921,False
-11.78,3,39.078441,False
20.2,5,39.082434,True
-11.76,1,39.084446,False
-11.78,3,39.08644,False
-10.66,15,39.11301,False
-12.02,2,39.116018,False
19.95,5,39.120007,True
20.2,5,39.125541,True
-11.34,8,39.133055,False
-11.76,1,39.13407,False
20.19,6,39.139069,True
-12.02,2,39.141062,False
20.19,6,39.155144,True
21.39,11,39.176765,True
-11.77,2,39.181776,False
-11.76,1,39.184776,False
20.45,5,39.194831,True
20.16,8,39.212659,True
-11.76,1,39.215193,False
-11.77,2,39.220717,False
-11.09,9,39.244409,False
21.41,9,39.262488,True
-11.76,1,39.265991,False
-11.58,8,39.290046,False
21.58,16,39.325748,True
-12.01,1,39.328274,False
21.17,8,39.345801,True
-10.7,20,39.398511,False
-12.01,1,39.40151,False
-11.34,9,39.424984,False
-11.79,4,39.434499,False
20.84,15,39.467881,True
-11.56,6,39.480931,False
-11.78,3,39.489449,False
21.43,7,39.504497,True
-11.87,11,39.526918,False
-11.56,5,39.537447,False
-11.54,4,39.545972,False
-11.31,6,39.560511,False
20.44,6,39.574022,True
-11.53,3,39.58054,False
-11.53,3,39.587544,False
-11.33,8,39.60464,False
-12.01,1,39.607164,False
21.26,24,39.655148,True
20.2,5,39.667197,True
-12.01,1,39.669196,False
-10.81,6,39.681731,False
-11.76,1,39.684731,False
-12.01,1,39.687731,False
-11.77,2,39.69325,False
-11.55,5,39.704296,False
-11.55,5,39.714821,False
-11.78,3,39.721344,False
-12.01,1,39.724854,False
-11.53,3,39.731751,False
-11.1,10,39.753576,False
-11.52,2,39.762081,False
-11.79,4,39.771598,False
20.19,6,39.784133,True
-11.57,7,39.798804,False
-11.54,4,39.807305,False
21.62,13,39.833876,True
-12.01,1,39.836875,False
-11.8,4,39.845877,False
-11.56,6,39.858408,False
-12.01,1,39.861563,False
-11.78,3,39.868573,False
-12.01,1,39.87209,False
-11.57,7,39.88663,False
-10.26,25,39.935834,False
19.97,3,39.942867,True
-12.02,2,39.947405,False
-11.31,6,39.960929,False
-11.76,1,39.962923,False
-12.02,2,39.967932,False
22.06,19,40.006653,True
-11.8,5,40.018329,False
-11.55,5,40.0299,False
-11.8,5,40.041142,False
-11.55,5,40.050739,False
-11.81,5,40.062285,False
-11.76,1,40.065423,False
-12.01,1,40.067984,False
-12.02,2,40.073015,False
-11.34,8,40.089672,False
-11.56,5,40.101225,False
-11.14,13,40.129925,False
21.38,12,41.02369,True
-11.13,12,41.048753,False
-11.11,10,41.067854,False
20.21,4,41.075861,True
21.19,6,41.088918,True
21.32,41,41.162267,True
-11.77,2,41.166821,False
20.2,5,41.177369,True
21.14,11,41.198777,True
20.67,8,41.215839,True
-11.57,6,41.227962,False
-10.32,7,41.242543,False
-12.01,1,41.246061,False
20.43,7,41.260323,True
-11.77,2,41.267417,False
-11.79,4,41.275441,False
-10.58,7,41.291755,False
-11.77,2,41.297756,False
-11.77,2,41.302494,False
21.88,11,41.323735,True
-12.01,1,41.326737,False
-12.01,1,41.329736,False
-10.94,17,41.362934,False
-10.6,9,41.381997,False
-11.76,1,41.3856,False
-11.8,5,41.396142,False
20.15,9,41.414332,True
-11.79,3,41.421416,False
-11.76,1,41.424431,False
-11.82,7,41.44018,False
-11.62,11,41.461769,False
-10.8,5,41.472807,False
21.35,39,41.546968,True
-11.77,2,41.551806,False
-12.01,1,41.553802,False
20.19,6,41.567444,True
-11.31,6,41.579979,False
-11.77,2,41.585636,False
-11.78,3,41.59322,False
-11.3,5,41.604004,False
-11.77,2,41.608004,False
20.21,4,41.61811,True
-11.53,3,41.624628,False
-11.82,6,41.638177,False
-11.77,2,41.642171,False
-10.58,8,41.659443,False
-12.03,3,41.66596,False
21.41,32,41.725197,True
-11.52,2,41.731085,False
-11.54,4,41.739097,False
-11.8,5,41.750128,False
-10.61,10,41.770373,False
20.64,11,41.79248,True
-11.76,1,41.79493,False
-11.8,4,41.803639,False
-12.04,4,41.812155,False
-11.61,11,41.834982,False
20.43,7,41.850034,True
-11.8,4,41.858858,False
-12.07,7,41.87251,False
-11.76,1,41.875515,False
-11.76,1,41.878515,False
21.39,10,41.897169,True
-11.81,5,41.907789,False
-11.37,11,41.930667,False
-11.59,9,41.950676,False
-11.8,5,41.961232,False
21.11,14,41.989465,True
-10.58,8,42.00578,False
-10.83,8,42.023339,False
-11.77,2,42.027869,False
-11.33,7,42.042435,False
-10.56,6,42.055571,False
-10.64,14,42.08358,False
-11.55,5,42.094811,False
21.55,20,42.132787,True
-11.78,3,42.139908,False
-11.57,7,42.154376,False
-11.78,3,42.160375,False
-11.79,4,42.169449,False
-11.54,4,42.178979,False
20.2,5,42.189693,True
20.17,7,42.203743,True
-11.55,5,42.215267,False
20.21,4,42.223844,True
-11.54,4,42.232891,False
-10.65,13,42.258464,False
-11.78,3,42.265366,False
-11.58,8,42.281466,False
21.91,8,42.298125,True
-11.07,6,42.311643,False
-11.54,4,42.320338,False
-11.76,1,42.322729,False
-11.34,8,42.339916,False
-11.29,4,42.348041,False
-11.54,4,42.35708,False
-11.54,4,42.365592,False
-11.56,6,42.378193,False
-11.78,3,42.385864,False
-11.81,5,42.3969,False
-11.83,7,42.411185,False
-10.83,7,42.426976,False
-11.32,6,42.439617,False
-11.77,2,42.443734,False
21.43,7,42.459505,True
-11.76,1,42.462512,False
21.39,10,42.482688,True
-9.65,14,42.512008,False
-10.32,7,42.526026,False
-12.01,1,42.529033,False
-12.01,1,42.532554,False
-11.08,7,42.546572,False
-12.04,4,42.555531,False
20.92,8,42.57139,True
-11.79,4,42.580395,False
21.1,15,42.608463,True
-11.76,1,42.611182,False
-11.53,3,42.617982,False
21.12,12,42.64086,True
-12.01,1,42.643373,False
-11.76,1,42.645387,False
-11.77,2,42.650471,False
-11.83,8,42.667554,False
-11.55,4,42.682597,False
-11.52,2,42.691114,False
-10.89,14,42.721197,False
-11.76,1,42.723706,False
-11.59,9,42.740111,False
20.4,9,42.750619,True
-11.59,8,42.758168,False
-11.77,2,42.764163,False
-11.83,7,42.778218,False
-12.01,1,42.781212,False
-11.58,8,42.798368,False
-11.39,13,42.825735,False
-12.01,1,42.828253,False
-11.8,5,42.838774,False
-11.55,5,42.850821,False
-11.58,8,42.867872,False
-11.79,4,42.877397,False
-12.01,1,42.8804,False
-11.76,1,42.8824,False
-11.57,6,42.89493,False
-12.01,1,42.897446,False
-11.53,3,42.905037,False
-11.07,6,42.918551,False
-11.77,2,42.923075,False
-11.76,1,42.926068,False
21.66,9,42.944466,True
-11.77,2,42.950453,False
-11.31,6,42.964478,False
-11.55,5,42.974484,False
-11.77,2,42.980856,False
-10.84,8,42.996953,False
-12.01,1,43.000846,False
-11.57,7,43.015361,False
-12.02,2,43.020404,False
-10.59,9,43.038942,False
21.41,9,43.0575,True
-12.06,6,43.069031,False
-11.76,1,43.073031,False
-11.4,13,43.098594,False
-11.55,5,43.110126,False
-11.77,2,43.115124,False
-12.01,1,43.118124,False
-11.79,4,43.125644,False
-11.79,4,43.134703,False
-11.54,4,43.143226,False
-11.76,1,43.146446,False
-11.54,4,43.154972,False
20.17,8,44.051133,True
-11.79,3,44.058172,False
19.97,3,44.065177,True
20.68,7,44.080233,True
-12.01,1,44.082233,False
-11.54,4,44.091339,False
-11.57,7,44.106866,False
-12.01,1,44.108867,False
-12.04,4,44.118407,False
20.4,9,44.136454,True
-11.56,6,44.148918,False
-11.76,1,44.15243,False
-11.32,7,44.166975,False
-10.58,7,44.180501,False
21.43,7,44.195551,True
20.19,5,44.206076,True
-11.78,3,44.213076,False
-9.82,6,44.224602,False
-11.55,5,44.235127,False
20.41,8,44.252616,True
20.21,4,44.261147,True
-11.78,2,44.267146,False
21.61,14,44.295159,True
21.27,23,44.342776,True
21.16,8,44.359919,True
20.41,8,44.37696,True
-11.54,4,44.385494,False
-11.32,6,44.398014,False
-11.76,1,44.401021,False
-12.01,1,44.403544,False
-11.77,2,44.408544,False
-11.54,4,44.418075,False
-11.13,11,44.439636,False
-11.77,2,44.444635,False
-11.76,1,44.447138,False
-11.76,1,44.451149,False
19.96,4,44.460682,True
-12.02,2,44.465029,False
20.21,4,44.474558,True
20.64,10,44.494143,True
-10.85,9,44.513174,False
-11.81,6,44.526702,False
-11.55,5,44.537215,False
-12.04,4,44.546258,False
-11.56,6,44.558814,False
21.41,9,44.576414,True
-11.58,8,44.59296,False
21.38,11,44.614472,True
-11.3,5,44.624996,False
-12.02,2,44.629996,False
-11.81,5,44.639518,False
22.15,9,44.657974,True
21.58,16,44.691103,True
-12.02,2,44.696103,False
-11.77,2,44.69963,False
21.63,11,44.722689,True
-11.77,2,44.72769,False
-11.54,4,44.737209,False
-11.78,3,44.743244,False
-11.77,2,44.748262,False
-11.8,4,44.757782,False
-12.03,3,44.763826,False
21.16,8,44.781355,True
-11.79,4,44.790898,False
-11.3,4,44.800422,False
-11.76,1,44.80342,False
-12.01,1,44.806421,False
-11.77,2,44.810952,False
21.36,14,44.839517,True
-11.77,2,44.844556,False
-10.8,5,44.856621,False
-10.81,6,44.869287,False
-10.65,14,44.897402,False
-12.05,5,44.908478,False
-11.76,1,44.910476,False
-11.8,5,44.920662,False
20.18,6,44.933839,True
21.64,11,44.956584,True
-11.57,6,44.97026,False
-11.76,1,44.97277,False
21.18,7,44.987596,True
-11.3,4,44.996113,False
-11.29,4,45.005841,False
-11.56,5,45.015359,False
-10.8,5,45.027048,False
-11.78,3,45.034158,False
-11.52,2,45.039181,False
22.4,10,45.058871,True
20.21,4,45.068064,True
-11.55,5,45.078587,False
21.61,14,45.107264,True
-12.01,1,45.109288,False
-11.55,5,45.120424,False
-11.77,2,45.125425,False
-11.3,5,45.135444,False
-11.77,2,45.14097,False
21.16,9,45.158213,True
21.65,10,45.178835,True
-10.16,14,45.208,False
-11.77,2,45.212999,False
-11.83,7,45.227041,False
-12.06,6,45.239567,False
-11.76,1,45.241567,False
-12.03,3,45.248567,False
-11.54,4,45.257437,False
-11.76,1,45.260437,False
-11.79,3,45.266964,False
-12.01,1,45.269636,False
-11.76,1,45.27316,False
-11.76,1,45.275668,False
20.21,4,45.285696,True
-11.77,2,45.290695,False
20.44,6,45.305722,True
20.44,6,45.319158,True
-11.78,3,45.325158,False
-11.78,3,45.331685,False
21.14,11,45.354947,True
-12.01,1,45.357954,False
-11.55,5,45.369379,False
-11.79,4,45.378427,False
21.36,13,45.406151,True
-10.33,8,45.423192,False
-12.01,1,45.425711,False
-12.02,2,45.430718,False
-12.1,10,45.450975,False
-11.8,5,45.462177,False
-12.01,1,45.465176,False
-11.79,4,45.473903,False
-12.02,2,45.479064,False
-11.59,9,45.496755,False
20.65,9,45.51546,True
-11.78,3,45.52246,False
21.58,16,45.554714,True
-12.03,3,45.561238,False
-11.77,2,45.565761,False
-11.8,4,45.574484,False
-11.77,2,45.578486,False
-11.34,8,45.594167,False
-10.41,16,45.626205,False
-12.01,1,45.628205,False
-12.03,3,45.635296,False
21.39,11,45.656415,True
-11.77,2,45.661265,False
-11.56,6,45.674042,False
-11.76,1,45.676035,False
-11.76,1,45.679555,False
-11.33,7,45.69462,False
21.42,8,45.711639,True
-11.76,1,45.714155,False
-12.01,1,45.716669,False
-11.57,5,45.727202,False
-11.58,7,45.742247,False
-10.55,5,45.75385,False
20.45,5,45.765351,True
-11.77,2,45.769586,False
-11.77,2,45.775111,False
-11.53,3,45.782488,False
-11.56,5,45.794767,False
20.45,5,45.80485,True
-11.8,5,45.815378,False
-11.79,4,45.824907,False
22.21,28,45.879406,True
-12.01,1,45.882407,False
-12.01,1,45.885123,False
-11.79,4,45.894138,False
-11.53,3,45.900664,False
-12.02,2,45.906182,False
-12.01,1,45.90919,False
-12.01,1,45.912201,False
20.21,4,45.920799,True
-11.77,2,45.925792,False
-11.54,4,45.935097,False
-11.34,8,45.952747,False
-11.55,4,45.962264,False
-11.54,4,45.970672,False
-10.56,6,45.983761,False
-11.54,4,45.992915,False
-12.01,1,45.995922,False
-11.55,5,46.00727,False
20.19,6,46.020419,True
21.61,14,46.048519,True
-12.01,1,46.052169,False
21.15,9,46.070345,True
-11.78,3,46.077358,False
-11.55,4,46.086023,False
20.21,4,46.093556,True
-12.01,1,46.096554,False
-12.01,1,46.100787,False
-11.79,4,46.11032,False
21.19,6,46.122461,True
-11.55,4,46.130049,False
-11.76,1,46.134211,False
21.16,9,46.15144,True
-11.79,4,46.160477,False
-11.08,8,46.177078,False
-11.54,4,46.186669,False
-11.55,5,46.197193,False
-12.01,1,46.200352,False
20.17,8,46.215892,True
-11.56,6,46.228094,False
-12.01,1,46.231094,False
-12.03,3,46.238099,False
-11.76,1,46.241098,False
21.19,30,47.205285,True
-11.77,2,47.209281,False
-10.8,5,47.220012,False
-10.84,9,47.237869,False
-11.76,1,47.240869,False
20.19,6,47.252882,True
-11.78,2,47.258403,False
-11.06,6,47.270453,False
-11.76,1,47.273453,False
-11.76,1,47.275453,False
-12.01,1,47.278994,False
-11.77,2,47.28408,False
-11.77,2,47.288595,False
-11.34,9,47.307047,False
-12.01,1,47.310125,False
-11.78,3,47.316761,False
21.36,14,47.345063,True
-11.54,4,47.353217,False
-11.56,6,47.366287,False
-11.76,1,47.368978,False
-11.79,3,47.376005,False
-11.3,5,47.387379,False
-12.01,1,47.390379,False
-12.01,1,47.393893,False
-12.02,2,47.397893,False
-11.3,5,47.409966,False
-11.76,1,47.412965,False
21.39,11,47.434932,True
-10.59,9,47.453603,False
-11.56,5,47.464632,False
-10.12,11,47.488963,False
20.44,6,47.501483,True
19.96,4,47.510535,True
-11.76,1,47.513588,False
-11.35,9,47.532705,False
-11.53,3,47.538737,False
22.33,16,47.570231,True
-10.57,6,47.583228,False
-11.79,4,47.591247,False
-11.81,6,47.603644,False
-11.53,3,47.611458,False
20.21,4,47.620635,True
22.48,26,47.672063,True
-11.06,6,47.685787,False
-11.55,5,47.696319,False
-11.56,6,47.709547,False
-11.79,3,47.716179,False
20.41,9,47.733931,True
-11.55,4,47.742499,False
21.81,17,47.77633,True
-11.53,3,47.78185,False
-10.58,7,47.798088,False
-11.77,2,47.802786,False
-11.78,3,47.810311,False
-11.76,1,47.81231,False
20.2,5,47.823369,True
-12.02,2,47.828892,False
-11.54,4,47.83805,False
-11.79,4,47.846043,False
-11.31,6,47.85869,False
-11.76,1,47.86269,False
-11.76,1,47.865683,False
-11.11,11,47.887903,False
-11.76,1,47.889918,False
-11.3,5,47.901921,False
-11.55,5,47.913963,False
20.18,7,47.928725,True
-12.01,1,47.931725,False
-11.53,3,47.938808,False
-10.56,6,47.951887,False
-11.78,3,47.958887,False
-11.56,6,47.971996,False
-11.34,9,47.990403,False
-12.01,1,47.992934,False
-10.31,6,48.007165,False
21.39,10,48.029432,True
-11.78,3,48.037378,False
-11.31,6,48.050565,False
-11.77,2,48.055598,False
20.41,9,48.077881,True
-11.77,2,48.084158,False
-11.3,5,48.097082,False
-12.01,1,48.10077,False
-10.82,7,48.11801,False
-11.77,2,48.123008,False
-12.01,1,48.125008,False
-11.78,3,48.138877,False
-11.78,3,48.149944,False
-12.02,2,48.158283,False
-11.77,2,48.162811,False
21.37,13,48.194287,True
-11.81,6,48.208462,False
-11.56,5,48.220002,False
20.68,7,48.233507,True
-12.01,1,48.237019,False
20.19,6,48.248033,True
-11.8,5,48.260106,False
21.16,9,48.278602,True
20.19,6,48.29167,True
-11.78,3,48.298183,False
20.17,7,48.314312,True
-11.77,2,48.31913,False
-11.54,4,48.327332,False
-11.54,4,48.33816,False
-12.04,4,48.349053,False
-11.81,5,48.359277,False
-11.32,7,48.375038,False
-11.78,3,48.384081,False
-11.56,5,48.394167,False
20.44,6,48.408394,True
-11.76,1,48.411387,False
20.44,6,48.425115,True
-11.79,4,48.433752,False
-11.35,10,48.455515,False
-11.55,5,48.465038,False
-11.76,1,48.46868,False
-11.31,5,48.479722,False
-11.76,1,48.483573,False
-11.79,4,48.493133,False
-11.77,2,48.498147,False
-11.54,4,48.509499,False
-11.76,1,48.512498,False
-12.01,1,48.51674,False
-10.8,5,48.527392,False
-11.76,1,48.530391,False
-11.33,8,48.547427,False
-12.01,1,48.551443,False
-12.01,1,48.553442,False
-12.02,2,48.558961,False
-10.8,5,48.57008,False
20.44,6,48.583102,True
20.21,4,48.590801,True
-11.77,2,48.597326,False
19.96,4,48.606411,True
20.43,7,48.622477,True
-10.59,9,48.641075,False
-11.56,6,48.654691,False
-10.61,10,48.676304,False
-11.78,3,48.683355,False
20.42,7,48.696461,True
-11.79,4,48.705438,False
20.67,8,48.721544,True
-11.52,2,48.727064,False
21.66,9,48.74576,True
21.15,10,48.766081,True
-11.54,4,48.774643,False
20.18,6,48.786773,True
20.19,6,48.799974,True
-10.81,6,48.812527,False
21.88,11,48.834945,True
21.12,13,48.860569,True
-11.76,1,48.863584,False
-11.78,3,48.870789,False
-11.79,3,48.878324,False
-11.55,5,48.888931,False
-12.01,1,48.891931,False
-11.54,4,48.900583,False
-11.53,3,48.907112,False
-12.02,2,48.911112,False
-11.55,5,48.923285,False
-11.8,5,48.933459,False
-10.55,5,48.944027,False
-11.57,6,48.958184,False
21.4,10,48.977495,True
20.21,4,48.987201,True
-11.53,3,48.994829,False
20.17,8,49.012049,True
-11.76,1,49.01456,False
-11.56,6,49.02775,False
-12.02,2,49.031749,False
-11.56,6,49.045279,False
-11.77,2,49.049503,False
-11.32,7,49.064029,False
20.39,10,49.084142,True
-12.02,2,49.089149,False
-11.82,7,49.10336,False
-11.54,3,49.110488,False
-12.02,2,49.115015,False
-11.54,4,49.123593,False
21.31,18,49.158366,True
20.91,9,49.175849,True
21.38,11,49.198542,True
-11.02,2,49.20409,False
-11.59,8,49.220281,False
-11.35,9,49.239439,False
21.32,17,49.272971,True
-11.77,2,49.278504,False
-11.53,3,49.285886,False
-12.01,1,49.2879,False
-11.53,3,49.294901,False
-11.78,3,49.301621,False
-11.54,4,49.311159,False
-11.76,1,49.31367,False
21.09,16,49.346217,True
-11.76,1,49.34921,False
-10.59,9,49.36862,False
-11.31,6,49.381338,False
21.16,9,49.401386,True
-12.01,1,49.404385,False
21.57,18,50.326531,True
-11.54,4,50.335714,False
-11.32,6,50.348757,False
-12.01,1,50.351272,False
-11.55,5,50.361796,False
-11.76,1,50.365797,False
-12.02,2,50.369932,False
-11.79,4,50.378448,False
-11.77,2,50.384364,False
-11.57,7,50.397429,False
-12.01,1,50.4004,False
-11.78,3,50.406925,False
-11.32,7,50.422394,False
20.42,8,50.438488,True
-11.79,4,50.44793,False
-11.31,6,50.45994,False
-11.76,1,50.463466,False
-11.54,4,50.472494,False
21.16,9,50.490214,True
-11.79,4,50.498727,False
-11.53,3,50.508074,False
-11.53,3,50.514598,False
-11.56,5,50.526738,False
-11.55,5,50.538991,False
-11.52,2,50.543991,False
-12.03,3,50.551162,False
-11.57,7,50.565688,False
-12.02,2,50.571706,False
-11.1,10,50.592302,False
-11.52,2,50.597304,False
-11.77,2,50.602454,False
-11.76,1,50.605844,False
-11.81,6,50.618093,False
-12.01,1,50.621092,False
-11.79,3,50.627612,False
-11.78,3,50.634179,False
20.45,5,50.6447,True
-11.34,8,50.66236,False
-11.79,3,50.669953,False
-9.72,20,50.709642,False
-11.57,7,50.72477,False
-11.55,4,50.733865,False
-11.53,3,50.740376,False
-10.34,9,50.758993,False
21.42,8,50.775625,True
20.42,8,50.791731,True
-11.77,2,50.796809,False
20.21,4,50.805245,True
20.45,5,50.816775,True
-12.01,1,50.819816,False
-11.79,4,50.82825,False
-12.02,2,50.832346,False
-11.57,7,50.846432,False
-10.54,4,50.856503,False
-11.78,3,50.862019,False
20.19,5,50.873645,True
-12.01,1,50.877019,False
-11.55,5,50.88815,False
-11.77,2,50.893144,False
-11.55,5,50.903254,False
21.42,8,50.919262,True
-11.55,5,50.929445,False
21.14,10,50.950658,True
21.36,14,50.976272,True
21.4,9,50.994998,True
-11.33,8,51.011482,False
-11.77,2,51.01756,False
21.14,9,51.036709,True
20.44,6,51.049227,True
21.4,8,51.065889,True
21.4,9,51.085189,True
-11.08,8,51.101314,False
-11.77,2,51.105314,False
19.95,5,51.116292,True
-10.79,4,51.124359,False
-11.53,3,51.13188,False
-11.78,3,51.13841,False
-11.54,4,51.146939,False
-11.54,4,51.156009,False
21.16,9,51.174007,True
-11.53,3,51.180535,False
21.39,11,51.204789,True
-11.77,2,51.210315,False
-12.02,2,52.443524,False
20.44,6,52.464226,True
-11.57,6,52.478311,False
21.34,15,52.512008,True
-10.58,7,52.531849,False
-11.78,3,52.540434,False
20.16,9,52.561056,True
-11.55,5,52.572243,False
-11.77,2,52.577237,False
20.21,4,52.586414,True
-10.35,10,52.608252,False
-11.76,1,52.611252,False
-10.81,6,52.624734,False
-12.06,6,52.637701,False
-12.03,3,52.644228,False
22.12,12,52.670728,True
-11.77,2,52.674727,False
-11.6,9,52.694554,False
-11.76,1,52.697554,False
-11.08,8,52.71945,False
20.62,13,52.747063,True
-10.33,8,52.764933,False
-11.77,2,52.770597,False
-11.53,3,52.777127,False
-11.77,2,52.782127,False
-11.34,9,52.807195,False
-11.77,2,52.811719,False
-11.33,8,52.829216,False
-10.41,15,52.859234,False
-11.58,8,52.876265,False
21.11,14,52.905549,True
-10.79,4,52.913549,False
-11.57,7,52.927999,False
-11.53,3,52.935647,False
-11.77,2,52.940647,False
-11.78,3,52.948172,False
-11.76,1,52.951659,False
21.17,8,52.96717,True
-11.54,4,52.97672,False
-11.54,3,52.984241,False
21.61,14,53.012413,True
-12.02,2,53.017885,False
-12.01,1,53.019884,False
21.41,9,53.039573,True
-11.78,3,53.04609,False
-11.55,4,53.055069,False
-10.66,14,53.083004,False
21.64,11,53.105145,True
-11.76,1,53.108145,False
21.13,11,53.130205,True
-11.56,5,53.141771,False
-11.77,2,53.145771,False
-10.55,5,53.156803,False
20.21,4,53.165329,True
-11.56,6,53.178328,False
19.97,3,53.18581,True
-10.54,4,53.195335,False
-11.76,1,53.197334,False
-11.76,1,53.201313,False
-11.03,3,53.207327,False
-11.76,1,53.210327,False
-11.57,7,53.225306,False
20.2,5,53.236573,True
-11.55,5,53.248103,False
-11.8,4,53.25956,False
-11.77,2,53.271747,False
-12.02,2,53.27675,False
-11.76,1,53.280272,False
-11.58,8,53.298024,False
-11.81,6,53.312099,False
-11.53,3,53.31989,False
-11.78,2,53.324417,False
-11.77,2,53.330432,False
-10.6,9,53.352165,False
-11.55,5,53.364669,False
-12.02,2,53.370598,False
-11.78,3,53.3797,False
-11.57,7,53.404295,False
-12.02,2,53.409807,False
-11.34,8,53.427589,False
-11.78,3,53.435019,False
20.92,8,53.457327,True
-6.31,80,53.614834,False
-11.34,9,53.641355,False
20.43,7,53.681861,True
-12.01,1,53.684569,False
-11.76,1,53.687568,False
-11.58,7,53.70255,False
-12.01,1,53.705551,False
20.68,7,53.721076,True
-11.77,2,53.725077,False
20.43,7,53.740077,True
-10.82,7,53.753344,False
-11.76,1,53.757868,False
-11.77,2,53.762868,False
20.2,5,53.774347,True
-11.76,1,53.777347,False
-11.54,4,53.786352,False
-11.59,8,53.802427,False
21.66,9,53.820541,True
-11.53,3,53.828063,False
-11.77,2,53.834043,False
-11.78,3,54.756538,False
-11.78,3,54.764537,False
19.96,4,54.773577,True
-10.83,8,54.789161,False
-11.54,4,54.798163,False
-11.53,3,54.805676,False
-11.55,4,54.813198,False
-11.56,6,54.826187,False
-11.83,8,54.842381,False
-10.33,8,54.859039,False
-11.78,3,54.86557,False
20.19,5,54.875612,True
20.43,7,54.891202,True
-11.81,6,54.903321,False
20.21,4,54.911836,True
-12.01,1,54.91485,False
-11.79,4,54.9239,False
-11.79,4,54.932894,False
-11.59,8,54.948089,False
-11.76,1,54.950617,False
-11.37,10,54.971289,False
21.35,13,54.987484,True
-12.01,1,54.989204,False
20.93,7,54.995218,True
-12.02,2,54.996218,False
-11.76,1,54.99873,False
-11.32,7,55.006447,False
-11.76,1,55.006447,False
-11.77,2,55.009981,False
-11.78,3,55.01296,False
-11.3,5,55.017359,False
-11.78,3,55.020889,False
-11.76,1,55.021878,False
-11.53,3,55.02487,False
-11.78,3,55.027877,False
-11.84,9,55.035905,False
-11.55,5,55.040959,False
21.19,6,55.046973,True
-11.76,1,55.047973,False
-12.02,2,55.049973,False
-11.8,5,55.054298,False
-11.77,2,55.056298,False
-11.33,8,55.063879,False
-11.29,4,55.068126,False
-11.53,3,55.070678,False
-11.82,7,55.076692,False
-11.77,2,55.079692,False
-11.81,6,55.0857,False
-12.02,2,55.087694,False
-12.01,1,55.08862,False
-11.58,7,55.095133,False
-11.53,3,55.099867,False
20.93,7,55.11411,True
21.38,11,55.135584,True
22.52,47,55.226446,True
21.15,10,55.246402,True
21.18,7,55.261954,True
20.17,8,55.27794,True
20.17,7,55.290927,True
22.13,12,55.314522,True
21.31,19,55.353029,True
-12.01,1,55.355098,False
19.95,5,55.366058,True
-12.01,1,55.36912,False
-12.01,1,55.372119,False
-11.55,5,55.383081,False
-11.53,3,55.391169,False
-10.81,6,55.405434,False
-12.02,2,55.411447,False
-11.78,2,55.421525,False
21.59,14,55.451333,True
-11.77,2,55.456858,False
-11.76,1,55.459876,False
20.17,8,55.478089,True
-12.02,2,55.485003,False
20.17,8,55.503671,True
-11.78,3,55.509672,False
-11.34,8,55.528227,False
22.03,21,55.575102,True
-11.52,2,55.580101,False
-11.29,4,55.591086,False
-11.82,7,55.607953,False
-10.84,9,55.627485,False
-11.77,2,55.632485,False
21.67,8,55.648078,True
19.93,7,55.663267,True
-11.52,2,55.670492,False
-11.34,8,55.690123,False
-11.79,4,55.700213,False
-10.81,5,55.711748,False
-12.01,1,55.714755,False
-11.77,2,55.720262,False
-11.3,4,55.729786,False
-11.11,10,55.751335,False
20.21,4,55.760347,True
21.65,10,55.780887,True
-11.76,1,55.784386,False
-11.52,2,55.789386,False
-11.77,2,55.79389,False
-11.58,7,55.808944,False
-11.77,2,55.812939,False
-12.01,1,55.816363,False
-11.77,2,55.820921,False
-10.62,12,55.847472,False
-12.02,2,55.853091,False
-11.55,5,55.862101,False
-11.77,2,55.8681,False
-11.59,9,55.887134,False
20.69,6,55.900288,True
-11.29,4,55.909343,False
-11.76,1,55.91235,False
-11.81,6,55.925344,False
-11.79,4,55.934868,False
-12.01,1,55.937391,False
21.63,11,55.961016,True
-11.31,6,55.975158,False
-11.58,8,55.995204,False
20.4,9,56.014539,True
19.96,4,56.023798,True
21.49,24,56.05448,True
-11.77,2,56.057292,False
-11.57,6,56.062755,False
-11.29,4,56.067112,False
-11.52,2,56.068638,False
-11.77,2,56.070637,False
-11.54,4,56.074638,False
-11.77,2,56.076634,False
-11.53,3,56.079169,False
-11.77,2,56.081168,False
21.39,11,56.090549,True
-10.55,5,56.095554,False
20.9,10,56.106787,True
22.41,9,56.124922,True
-11.55,5,56.137398,False
-11.6,10,56.156481,False
-11.33,8,56.173012,False
-11.77,2,56.177603,False
-11.78,3,56.184601,False
-11.52,2,56.188601,False
20.19,6,56.201574,True
-11.78,3,56.21174,False
21.43,7,56.229186,True
-11.76,1,56.235313,False
-10.37,12,56.258901,False
-12.02,2,56.264125,False
-11.76,1,56.267603,False
21.39,10,56.287112,True
21.28,21,56.327707,True
-11.53,3,56.334692,False
21.17,8,56.350698,True
-11.8,4,56.359653,False
-11.77,2,56.363738,False
-11.59,9,56.385136,False
-11.53,3,56.394661,False
-11.56,6,56.408489,False
20.21,4,56.418437,True
-10.78,3,56.424962,False
-11.57,6,56.44294,False
-11.79,4,56.45426,False
20.17,8,56.474612,True
-11.77,2,56.482157,False
-11.78,3,56.48888,False
-11.53,3,56.496924,False
21.4,10,56.519585,True
22.26,22,56.565406,True
-11.56,5,56.577181,False
-11.54,4,56.586846,False
-11.8,5,56.597607,False
-12.02,2,56.605886,False
-11.58,7,56.621107,False
-11.76,1,56.624108,False
-11.54,4,56.636228,False
-11.8,4,56.645337,False
-12.01,1,56.647336,False
-11.35,10,56.670094,False
-11.76,1,56.673091,False
-12.01,1,56.676084,False
-11.31,5,56.688238,False
-12.01,1,56.691749,False
-12.02,2,56.697765,False
-11.76,1,56.701328,False
-12.01,1,56.703852,False
20.21,4,56.711852,True
20.21,4,56.723922,True
-11.52,2,56.728137,False
-11.32,6,56.742298,False
-12.04,4,56.751173,False
-11.56,6,56.764516,False
-11.78,3,56.771534,False
20.41,8,56.787569,True
20.42,8,56.804181,True
-12.01,1,57.69777,False
-11.53,3,57.704835,False
-12.01,1,57.707345,False
-11.52,2,57.712876,False
21.11,14,57.73998,True
21.87,11,57.76366,True
-11.53,3,57.769679,False
-11.78,3,57.777298,False
-12.03,3,57.783841,False
-11.57,7,57.797932,False
20.95,5,57.807988,True
-11.84,8,57.824995,False
21.39,10,57.845513,True
-11.77,2,57.849462,False
-10.58,8,57.866023,False
-11.52,2,57.870114,False
-10.79,4,57.880149,False
-11.09,8,57.89582,False
-11.79,4,57.904659,False
-11.56,6,57.917876,False
-10.79,4,57.926406,False
-11.77,2,57.930398,False
-11.32,7,57.94559,False
-11.34,8,57.961928,False
-12.01,1,57.964928,False
-11.78,3,57.972225,False
-11.78,2,57.977477,False
-12.05,5,57.988249,False
-11.8,5,57.998373,False
-10.34,9,58.017664,False
20.44,6,58.030176,True
-12.01,1,58.033858,False
-11.6,9,58.052023,False
-11.76,1,58.055548,False
-11.77,2,58.059542,False
-11.78,3,58.066633,False
-10.79,4,58.074896,False
-11.31,5,58.08711,False
-11.55,5,58.097739,False
20.2,5,58.108948,True
20.18,6,58.121475,True
20.44,6,58.134999,True
-12.01,1,58.137998,False
20.44,6,58.149997,True
-11.59,9,58.168741,False
-11.78,3,58.175263,False
-12.03,3,58.182425,False
-12.01,1,58.185448,False
-12.06,6,58.1979,False
-11.56,6,58.210498,False
-12.01,1,58.214007,False
-12.01,1,58.217574,False
21.19,6,58.22978,True
-12.02,2,58.235951,False
-11.33,8,58.253309,False
-12.01,1,58.256308,False
-11.57,6,58.27208,False
-11.77,2,58.278312,False
-11.52,2,58.284797,False
-11.76,1,58.288522,False
-11.78,3,58.298651,False
-11.11,10,58.32485,False
20.67,8,58.354548,True
-11.78,3,58.36531,False
-11.79,4,58.378466,False
-11.78,3,58.385821,False
-12.03,3,58.393867,False
19.96,4,58.402614,True
-11.76,1,58.404889,False
-10.38,13,58.431397,False
-12.01,1,58.433965,False
-11.82,7,58.448654,False
-12.01,1,58.452321,False
-11.56,6,58.466487,False
-11.58,8,58.484348,False
21.07,17,58.520412,True
-11.32,6,58.533466,False
20.14,10,58.555493,True
-11.54,4,58.564019,False
-11.78,3,58.570724,False
20.45,5,58.581249,True
-11.53,3,58.590828,False
-11.57,7,58.605442,False
20.95,5,58.616755,True
21.53,20,58.657813,True
-11.56,5,58.669994,False
-11.78,3,58.677489,False
-11.76,1,58.679499,False
-11.54,4,58.690146,False
20.67,8,58.705265,True
-11.15,15,58.738579,False
21.37,12,58.762724,True
20.44,6,58.774748,True
-11.77,2,58.779748,False
-10.79,4,58.789213,False
20.44,6,58.80268,True
-11.57,7,58.816844,False
-11.8,4,58.825411,False
-11.77,2,58.830411,False
-11.82,7,58.84501,False
-10.55,5,58.855921,False
20.19,6,58.869384,True
-11.78,3,58.876379,False
-11.76,1,58.878898,False
-11.76,1,58.881894,False
-12.04,4,58.890105,False
-11.58,7,58.904644,False
20.21,4,58.913434,True
-11.58,8,58.929604,False
21.36,14,58.956666,True
-11.53,3,58.96318,False
-11.77,2,58.968757,False
-11.31,6,58.982056,False
-11.77,2,58.987312,False
21.15,10,59.006849,True
-11.79,4,59.015375,False
20.45,5,59.026455,True
20.91,9,59.04546,True
-11.3,5,59.055457,False
21.18,7,59.069473,True
-11.76,1,59.072473,False
-11.53,3,59.078996,False
-11.81,6,59.091577,False
21.37,11,59.114892,True
-11.77,2,59.119886,False
-12.07,7,59.134888,False
-12.01,1,59.136887,False
20.77,47,59.225112,True
-11.78,2,59.229111,False
-11.55,5,59.240787,False
-12.05,5,59.250424,False
-12.02,2,59.255442,False
20.19,6,59.268568,True
-11.33,7,59.283249,False
21.03,21,59.324558,True
-11.76,1,59.327553,False
-11.78,3,59.334678,False
-11.32,7,59.350794,False
-11.76,1,59.353793,False
-11.1,9,59.372959,False
-11.58,6,59.386082,False
-11.58,8,59.404,False
-11.31,6,59.416535,False
-11.76,1,59.419534,False
-11.62,11,59.442095,False
-11.54,4,59.451284,False
-12.01,1,59.45381,False
-11.77,2,59.459069,False
-11.77,2,59.464469,False
-10.85,10,59.486892,False
-11.76,1,59.489502,False
-11.76,1,59.493019,False
-11.53,3,59.500062,False
-11.57,7,59.514778,False
-10.81,6,59.528502,False
-11.55,5,59.539614,False
-11.78,3,59.545614,False
21.63,11,59.569769,True
-11.78,3,59.576298,False
22.26,23,59.624444,True
-9.62,11,59.649076,False
-11.6,10,59.670409,False
-11.77,2,59.675933,False
20.14,10,59.696058,True
-12.04,4,59.705494,False
-12.01,1,59.70902,False
-11.55,5,59.718644,False
19.97,3,59.725642,True
20.68,7,59.741263,True
-11.79,4,59.750471,False
-11.79,4,59.760362,False
21.43,7,59.774566,True
-12.01,1,59.777561,False
-10.33,7,59.793256,False
-11.57,7,59.809077,False
-11.77,2,59.814596,False
20.16,9,59.833074,True
20.94,6,59.846648,True
-11.53,3,59.853156,False
-11.56,5,59.863682,False
-11.52,2,59.869304,False
-11.77,2,59.87383,False
-11.53,3,59.880836,False
-11.77,2,59.886901,False
-11.58,7,59.900824,False
-11.64,12,59.927545,False
-11.79,3,59.935197,False
-11.76,1,59.937707,False
-11.76,1,59.940723,False
-11.8,5,59.951357,False
-11.77,2,60.844626,False
-11.76,1,60.848147,False
-11.53,3,60.854664,False
-11.57,7,60.868717,False
20.19,6,60.881233,True
-11.57,7,60.895799,False
19.94,6,60.908369,True
-12.04,4,60.915564,False
19.97,3,60.922587,True
-11.57,7,60.935593,False
-11.77,2,60.941103,False
-11.78,3,60.947117,False
-11.58,8,60.963668,False
-11.79,4,60.971673,False
-11.55,5,60.983208,False
21.16,8,60.998429,True
-10.61,9,61.017121,False
-11.84,9,61.034788,False
-11.29,4,61.043385,False
20.44,6,61.056983,True
-12.01,1,61.059983,False
-11.78,3,61.066461,False
21.4,10,61.08711,True
-11.77,2,61.092124,False
-11.31,6,61.10373,False
-11.76,1,61.10673,False
-11.55,4,61.114952,False
-11.55,4,61.124003,False
-11.34,9,61.14256,False
21.42,8,61.158939,True
-11.77,2,61.163465,False
-11.56,5,61.174556,False
-11.76,1,61.177556,False
-11.57,6,61.189625,False
-11.53,3,61.197149,False
-11.8,5,61.207778,False
-11.52,2,61.213008,False
-10.85,9,61.233825,False
-11.54,4,61.242897,False
-11.09,9,61.260468,False
-11.77,2,61.26597,False
-11.76,1,61.268528,False
-11.56,6,61.281066,False
-11.76,1,61.283589,False
-11.83,7,61.29811,False
19.96,4,61.307175,True
19.97,3,61.31369,True
-11.53,3,61.321006,False
19.95,5,61.33053,True
-11.76,1,61.334018,False
-11.76,1,61.336019,False
-11.77,2,61.342343,False
-11.77,2,61.34686,False
-11.79,4,61.355649,False
-11.56,6,61.367717,False
-12.01,1,61.37124,False
-11.54,4,61.387468,False
-11.53,3,61.41026,False
-11.57,7,61.452517,False
-11.83,8,61.477285,False
-12.01,1,61.479285,False
-11.81,6,61.493996,False
-11.33,7,61.508552,False
-11.54,4,61.517129,False
-11.82,6,61.531413,False
-11.77,2,61.536565,False
-11.56,6,61.548092,False
21.84,15,61.577765,True
-11.78,3,61.584285,False
-11.8,4,61.593333,False
-11.76,1,61.59633,False
-11.77,2,61.602588,False
-11.34,9,61.620682,False
-11.53,3,61.627206,False
-11.53,3,61.633725,False
-11.77,2,61.638739,False
-11.82,7,61.652749,False
-10.61,10,61.67333,False
20.2,5,61.684795,True
-11.78,3,61.692325,False
-11.54,4,61.701496,False
20.67,8,61.718074,True
-11.77,2,61.722598,False
-10.85,9,61.740571,False
21.2,5,61.751173,True
21.41,9,61.770875,True
21.15,10,61.79435,True
21.41,9,61.816769,True
-11.3,5,61.829448,False
-11.8,4,61.837671,False
-11.8,5,61.847903,False
-11.78,3,61.855182,False
21.37,12,61.8779,True
-11.53,3,61.886242,False
-11.8,5,61.896761,False
-12.01,1,61.900451,False
-11.54,4,61.908461,False
21.35,15,61.937762,True
-11.8,5,61.948905,False
-11.76,1,61.95194,False
-11.8,5,61.961465,False
-11.79,4,61.971599,False
-11.78,3,61.977812,False
-12.02,2,61.98243,False
-11.53,3,61.989539,False
20.19,6,62.003347,True
20.16,8,62.018909,True
-12.01,1,62.021922,False
-11.34,9,62.040672,False
-12.01,1,62.04318,False
-11.32,7,62.058981,False
-12.01,1,62.061981,False
20.66,9,62.079259,True
-11.76,1,62.082258,False
-11.34,8,62.097257,False
-11.76,1,62.101058,False
-11.76,1,62.103768,False
-10.61,10,62.123925,False
-11.56,6,62.135466,False
21.14,11,62.157583,True
-12.01,1,62.160578,False
20.18,7,62.174643,True
-11.53,3,62.183594,False
-11.78,3,62.190115,False
-11.79,4,62.200365,False
-11.77,2,62.205364,False
-11.77,2,62.211888,False
20.42,7,62.226172,True
-11.54,4,62.235886,False
-11.54,4,62.24398,False
-11.79,4,62.253091,False
-10.83,6,62.266126,False
-11.53,3,62.273679,False
-11.29,4,62.281682,False
20.42,8,62.298549,True
20.19,5,62.309524,True
-11.77,2,62.313523,False
-11.58,8,62.329809,False
-10.61,11,62.353113,False
-11.77,2,62.3581,False
-12.02,2,62.363125,False
21.64,11,62.386513,True
-11.11,10,62.407081,False
-11.85,9,62.424705,False
-11.76,1,62.427705,False
-11.77,2,62.43291,False
20.45,5,62.442959,True
-11.3,5,62.454027,False
-12.01,1,62.457027,False
-11.58,8,62.474248,False
20.18,7,62.488262,True
-11.77,2,62.493263,False
-11.8,5,62.504262,False
-12.01,1,62.507262,False
21.15,10,62.528511,True
-11.78,3,62.535656,False
-12.01,1,62.538656,False
-11.76,1,62.541171,False
21.67,8,62.559273,True
-12.01,1,62.562279,False
-11.57,7,62.576878,False
20.18,7,62.59112,True
-11.58,7,62.605749,False
-11.76,1,62.608735,False
21.38,12,62.633713,True
-11.77,2,62.638723,False
-11.76,1,62.641723,False
-11.78,2,62.646244,False
-11.3,5,62.657255,False
-11.3,5,62.669268,False
-12.02,2,62.673267,False
20.39,10,62.692639,True
21.66,9,62.713014,True
-12.04,4,62.722187,False
20.21,4,62.729538,True
-11.76,1,62.733649,False
-11.54,4,62.743166,False
-10.35,9,62.762884,False
-12.01,1,62.766509,False
-11.78,3,62.774033,False
-12.01,1,62.777033,False
20.44,6,62.789159,True
20.67,8,62.80785,True
-11.55,5,62.819471,False
-11.55,4,62.828731,False
20.19,6,62.843315,True
-12.01,1,62.845326,False
-10.86,10,62.86664,False
21.43,7,62.880723,True
21.31,18,62.900661,True
-12.01,1,62.903667,False
-12.01,1,62.906667,False
-11.6,9,62.924421,False
21.39,10,62.94562,True
-11.54,3,62.952818,False
21.33,17,62.986544,True
21.2,5,62.997671,True
-10.79,4,63.007767,False
-11.59,9,63.025387,False
-12.01,1,63.028387,False
-11.77,2,63.033418,False
-11.57,7,63.04798,False
20.18,7,63.065504,True
-11.78,3,63.072255,False
-11.8,4,63.07978,False
-12.01,1,63.083311,False
-11.81,6,63.095892,False
-10.32,7,64.008135,False
-11.55,5,64.018644,False
-11.77,2,64.024152,False
-11.54,4,64.031661,False
-11.31,6,64.044832,False
-11.76,1,64.047428,False
-11.57,6,64.059935,False
-11.56,6,64.072976,False
21.14,9,64.091168,True
-10.56,6,64.104913,False
20.44,6,64.117434,True
-11.58,8,64.131408,False
21.18,6,64.145071,True
-11.32,7,64.159726,False
-12.01,1,64.162725,False
-11.8,5,64.172749,False
-12.01,1,64.175749,False
-11.31,6,64.188228,False
-11.78,2,64.193235,False
-10.11,11,64.2158,False
-11.53,3,64.222919,False
-11.77,2,64.226919,False
-11.54,4,64.23563,False
-11.55,5,64.246169,False
21.61,13,64.271759,True
-11.56,6,64.284747,False
-11.52,2,64.289746,False
-11.53,3,64.296272,False
-11.34,8,64.314323,False
-9.62,12,64.338645,False
-11.77,2,64.342638,False
21.41,8,64.35994,True
21.41,9,64.377067,True
-11.35,10,64.397188,False
21.15,9,64.416226,True
20.16,9,64.434779,True
21.36,14,64.461532,True
-11.76,1,64.464542,False
21.16,9,64.482539,True
-11.52,2,64.48811,False
-12.02,2,64.493113,False
-10.32,7,64.507589,False
-11.79,4,64.515111,False
-11.32,6,64.528758,False
20.39,10,64.550752,True
-11.85,10,64.570334,False
-11.57,7,64.587005,False
-11.76,1,64.590007,False
-11.76,1,64.592007,False
-11.33,7,64.607065,False
-12.04,4,64.61683,False
-11.77,2,64.621356,False
19.95,5,64.632721,True
-12.02,2,64.636788,False
-11.35,9,64.656285,False
-12.02,2,64.661796,False
22.88,12,64.685462,True
-11.32,7,64.701491,False
20.17,8,64.717741,True
-11.78,2,64.722744,False
-11.78,2,64.728269,False
-11.54,4,64.737493,False
21.42,8,64.753829,True
20.68,7,64.767373,True
-11.76,1,64.770373,False
-11.53,3,64.776886,False
-11.52,2,64.7819,False
21.13,12,64.806476,True
-10.54,4,64.816564,False
-11.8,5,64.827138,False
-11.78,3,64.835231,False
-11.54,4,64.844226,False
-11.78,3,64.852388,False
-11.53,3,64.859382,False
-11.08,8,64.876103,False
-10.79,4,64.884168,False
-11.32,6,64.897326,False
-12.08,8,64.912466,False
-12.01,1,64.915892,False
-12.01,1,64.918911,False
-11.78,3,64.925903,False
-11.55,5,64.937078,False
-11.77,2,64.94258,False
-11.76,1,64.945591,False
-11.76,1,64.948109,False
-11.31,6,64.961069,False
-11.54,4,64.970165,False
-11.76,1,64.972681,False
-11.56,5,64.982736,False
-11.76,1,64.986881,False
-11.78,3,64.992394,False
-11.58,7,65.006435,False
-12.04,4,65.015747,False
-12.01,1,65.018271,False
-11.76,1,65.020787,False
-11.76,1,65.023792,False
-12.02,2,65.027792,False
-11.77,2,65.03343,False
-11.77,2,65.038429,False
-11.31,6,65.051735,False
20.18,7,65.065746,True
-11.76,1,65.068791,False
20.21,4,65.076837,True
-11.55,5,65.086516,False
-11.59,9,65.104881,False
-11.77,2,65.109875,False
-11.56,5,65.12095,False
-11.77,2,65.126035,False
-11.85,10,65.146129,False
21.17,7,65.161133,True
-11.07,7,65.176141,False
-12.01,1,65.179148,False
-11.35,10,65.200287,False
-10.84,9,65.217874,False
-11.57,7,65.231402,False
-10.6,10,65.252548,False
-11.77,2,65.256548,False
-11.84,8,65.27415,False
-11.76,1,65.27715,False
-11.29,4,65.285223,False
-11.55,5,65.295788,False
21.41,9,65.314081,True
-12.01,1,65.316556,False
-10.8,4,65.325076,False
-11.33,7,65.340121,False
20.39,11,65.362467,True
-12.01,1,65.36548,False
21.41,9,65.383548,True
-11.6,10,65.406973,False
-10.8,5,65.418123,False
-10.56,6,65.431654,False
21.36,13,65.458463,True
-11.79,3,65.46548,False
-11.85,9,65.482991,False
-11.76,1,65.485004,False
-11.53,3,65.492005,False
-11.79,3,65.498184,False
-11.55,5,65.508779,False
-11.79,4,65.517823,False
-11.55,4,65.526839,False
-10.36,11,65.550661,False
-11.79,3,65.557674,False
-12.01,1,65.560943,False
-11.56,5,65.57141,False
-11.54,4,65.580423,False
-11.77,2,65.585367,False
-12.02,2,65.590417,False
-11.76,1,65.593666,False
-11.76,1,65.595662,False
-11.55,5,65.606586,False
-11.08,8,65.62364,False
-11.78,3,65.63016,False
-11.3,5,65.641208,False
-11.77,2,65.645735,False
-11.53,3,65.652864,False
-11.58,7,65.666641,False
-11.54,3,65.672641,False
-11.56,6,65.685925,False
-12.03,3,65.692932,False
-11.54,4,65.701015,False
21.59,16,65.7337,True
-11.76,1,65.7367,False
-11.76,1,65.739699,False
-10.82,7,65.755407,False
-10.64,13,65.780704,False
-11.83,8,65.796777,False
-11.77,2,65.801776,False
-11.78,3,65.808776,False
-11.76,1,65.811908,False
-11.76,1,65.814909,False
21.08,15,65.844554,True
-11.77,2,65.849591,False
-12.01,1,65.852136,False
-11.76,1,65.855136,False
21.6,15,65.884569,True
-12.06,6,65.897577,False
-11.08,7,65.911662,False
-11.53,3,65.918715,False
21.65,10,65.940303,True
-10.35,9,65.959322,False
-11.8,4,65.970587,False
20.88,36,66.037006,True
20.91,9,66.055083,True
21.57,18,66.089557,True
-11.79,4,66.099557,False
-11.76,1,66.102121,False
-12.01,1,66.104125,False
-10.56,6,66.117167,False
-11.56,6,66.129507,False
-12.05,5,66.140491,False
-11.77,2,66.145015,False
-11.77,2,66.150531,False
-12.01,1,66.152531,False
-11.53,3,66.159957,False
-12.01,1,66.162955,False
-11.76,1,66.16595,False
-11.53,3,66.173012,False
-11.76,1,66.176535,False
-11.55,5,66.187577,False
-11.78,2,66.192569,False
-11.55,5,67.094295,False
-11.33,7,67.108355,False
-11.77,2,67.112872,False
-11.77,2,67.118364,False
-11.34,8,67.13335,False
-11.53,3,67.140364,False
-11.34,9,67.158419,False
-11.78,3,67.164929,False
-11.76,1,67.16739,False
-11.77,2,67.172389,False
-11.77,2,67.176911,False
-12.01,1,67.179432,False
-12.01,1,67.181848,False
-12.07,7,67.196414,False
-11.53,3,67.2024,False
-12.01,1,67.2054,False
22.12,13,67.231925,True
-11.8,5,67.242448,False
-11.53,3,67.249412,False
20.21,4,67.256966,True
20.19,6,67.269996,True
-12.02,2,67.27404,False
-11.8,4,67.283034,False
-11.52,2,67.288078,False
-11.8,4,67.2966,False
-11.82,6,67.308672,False
-12.01,1,67.312672,False
-11.77,2,67.317738,False
21.4,10,67.335296,True
-9.65,12,67.359878,False
-11.77,2,67.365885,False
-11.29,4,67.373916,False
20.2,5,67.387016,True
20.68,7,67.402627,True
-11.77,2,67.407651,False
-11.53,3,67.413175,False
-11.32,7,67.427684,False
-10.61,11,67.452232,False
-11.56,5,67.462801,False
20.65,10,67.484657,True
-11.77,2,67.489183,False
-12.01,1,67.492184,False
-12.03,3,67.500368,False
-11.8,4,67.509307,False
21.35,15,67.537983,True
-11.81,6,67.551175,False
-11.56,6,67.563421,False
-12.03,3,67.570133,False
-11.77,2,67.574225,False
-11.76,1,67.577716,False
-12.01,1,67.580714,False
-11.53,3,67.587648,False
20.45,5,67.599449,True
20.17,8,67.615564,True
-11.32,7,67.63015,False
-11.79,3,67.636759,False
20.45,5,67.647285,True
19.95,5,67.659004,True
-10.8,5,67.671046,False
-11.77,2,67.675045,False
-11.31,6,67.687172,False
-11.77,2,67.692187,False
20.67,8,67.708697,True
20.44,6,67.721782,True
-11.77,2,67.725775,False
-12.01,1,67.728782,False
-11.56,5,67.738831,False
22.36,14,68.730678,True
21.09,16,68.764547,True
21.19,6,68.778733,True
-12.02,2,68.783741,False
20.42,7,68.798733,True
-11.78,3,68.80529,False
-10.87,12,68.831903,False
22.36,13,68.860506,True
-11.79,3,68.868187,False
20.2,5,68.879224,True
-12.01,1,68.881223,False
-11.55,5,68.893424,False
-11.34,9,68.912223,False
-11.77,2,68.917772,False
-11.55,5,68.928302,False
-11.52,2,68.933524,False
-11.76,1,68.936523,False
-11.79,4,68.945048,False
-11.77,2,68.95076,False
-11.54,4,68.960281,False
-12.02,2,68.965857,False
21.16,9,68.982542,True
-11.3,5,68.994785,False
-12.01,1,68.997784,False
-11.53,3,69.004402,False
-11.79,4,69.013927,False
-12.01,1,69.017591,False
-11.83,7,69.03265,False
22.36,14,69.060023,True
21.36,12,69.084241,True
-11.76,1,69.08724,False
-11.77,2,69.092237,False
-11.77,2,69.097267,False
19.97,3,69.104802,True
-11.54,4,69.113442,False
20.21,4,69.121967,True
-11.56,6,69.134493,False
-12.02,2,69.14002,False
21.17,7,69.153452,True
-11.3,5,69.163982,False
-11.78,3,69.171047,False
-11.81,6,69.183577,False
-11.56,6,69.196098,False
19.96,4,69.205078,True
-11.77,2,69.210079,False
-11.76,1,69.212078,False
-12.05,5,69.22261,False
-10.57,7,69.238405,False
-11.77,2,69.242399,False
-10.61,10,69.263996,False
-11.32,7,69.27901,False
-10.8,5,69.289014,False
-12.01,1,69.292533,False
21.39,11,69.313708,True
-11.56,6,69.327252,False
-10.64,14,69.355108,False
-11.76,1,69.358107,False
-11.32,6,69.372178,False
-12.02,2,69.376698,False
-11.32,7,69.392466,False
-11.76,1,69.394473,False
-10.6,10,69.415218,False
-11.77,2,69.420423,False
21.38,11,69.443776,True
-11.77,2,69.448523,False
-10.32,6,69.461703,False
20.42,8,69.478322,True
-11.8,5,69.489222,False
-12.01,1,69.49122,False
-12.02,2,69.496221,False
-12.02,2,69.500822,False
-11.56,6,69.514021,False
-11.3,5,69.525076,False
21.34,15,69.556966,True
-10.59,9,69.57701,False
-11.76,1,69.57901,False
-11.78,3,69.58606,False
-11.54,4,69.594212,False
-11.76,1,69.597736,False
-11.76,1,69.600326,False
-11.78,3,69.608346,False
-11.55,4,69.616566,False
-11.56,5,69.628641,False
-11.6,10,69.649318,False
-12.01,1,69.651847,False
20.2,5,69.66186,True
21.13,11,69.685811,True
-12.01,1,69.687816,False
-11.54,4,69.697329,False
20.21,4,69.706471,True
21.13,12,69.731542,True
-12.02,2,69.735543,False
19.97,3,69.743064,True
-10.57,7,69.758576,False
19.96,4,69.767669,True
-11.53,3,69.77519,False
21.29,20,69.815538,True
21.18,7,69.830108,True
-10.85,10,69.851261,False
-11.77,2,69.855777,False
-11.3,5,69.867223,False
-12.06,6,69.879745,False
-11.82,7,69.89442,False
-11.55,5,69.905036,False
-11.54,4,69.915033,False
-11.77,2,69.919609,False
-11.77,2,69.925609,False
-10.37,10,69.946231,False
-11.78,3,69.952711,False
19.97,3,69.959711,True
20.42,8,69.976288,True
-11.78,3,69.982336,False
20.19,6,69.995171,True
20.66,9,70.012834,True
-11.76,1,70.016584,False
-11.08,8,70.033252,False
-11.77,2,70.038284,False
-11.56,6,70.050864,False
-11.76,1,70.053863,False
-11.32,7,70.06904,False
-11.76,1,70.072038,False
-10.65,14,70.100875,False
20.95,5,70.11128,True
-12.03,3,70.117582,False
20.21,4,70.12711,True
-10.11,10,70.148229,False
-11.78,3,70.154945,False
-11.78,3,70.161981,False
-11.52,2,70.167133,False
-11.56,6,70.179319,False
-11.76,1,70.183312,False
-11.77,2,70.187842,False
-11.56,6,70.200782,False
20.44,6,70.213019,True
-11.76,1,70.216667,False
-11.76,1,70.218665,False
21.63,11,70.24223,True
-12.01,1,70.244231,False
21.54,21,71.175312,True
-11.52,2,71.180319,False
-11.56,6,71.193088,False
20.44,6,71.205218,True
-11.07,6,71.218303,False
21.63,11,71.239877,True
-11.06,6,71.252876,False
21.42,8,71.268397,True
-11.77,2,71.273397,False
-11.57,7,71.288943,False
-11.76,1,71.291464,False
20.16,9,71.309012,True
-11.8,4,71.318016,False
-12.01,1,71.320537,False
-11.56,6,71.332505,False
-11.54,4,71.341083,False
-11.53,3,71.348083,False
-10.35,10,71.368528,False
-12.01,1,71.370528,False
-11.77,2,71.37605,False
20.2,5,71.386601,True
-11.54,4,71.394652,False
-12.03,3,71.40172,False
-10.36,11,71.426196,False
21.1,14,71.454941,True
-11.42,15,71.483354,False
20.21,4,71.492407,True
-11.53,3,71.499395,False
20.42,8,71.515875,True
21.17,8,71.532917,True
-12.01,1,71.535473,False
19.97,3,71.542487,True
-11.31,6,71.555474,False
21.65,10,71.579575,True
20.21,4,71.5896,True
-11.82,7,71.607471,False
-11.77,2,71.612348,False
-11.78,2,71.617862,False
-10.55,5,71.633212,False
-11.78,3,71.639888,False
-11.8,5,71.653057,False
21.19,6,71.66876,True
19.96,4,71.677288,True
21.61,13,71.707001,True
21.18,7,71.724632,True
-11.77,2,71.73267,False
-11.29,4,71.742713,False
20.43,7,71.757354,True
21.34,15,71.793085,True
-11.55,5,71.80537,False
20.68,7,71.822374,True
-11.53,3,71.829889,False
-11.78,3,71.839098,False
-11.57,7,71.855181,False
-11.78,3,71.861213,False
-11.77,2,71.867432,False
-11.82,7,71.884529,False
21.19,6,71.898065,True
-11.78,3,71.90521,False
-11.78,3,71.91274,False
-11.56,6,71.927222,False
-11.6,9,71.947794,False
-11.52,2,71.953347,False
-12.03,3,71.960878,False
19.97,3,71.967887,True
-11.54,4,71.977899,False
20.4,9,71.996663,True
-11.87,11,72.021207,False
-11.79,4,72.029731,False
-11.77,2,72.035232,False
-11.82,7,72.051275,False
21.13,12,72.074304,True
-11.3,5,72.086279,False
-10.58,8,72.101793,False
-11.3,5,72.111819,False
-11.53,3,72.122296,False
-11.56,6,72.135834,False
-11.36,11,72.157839,False
-11.79,4,72.16788,False
-11.55,5,72.178405,False
-11.57,7,72.191392,False
20.86,14,72.219404,True
-11.55,5,72.230418,False
-11.57,6,72.243905,False
-12.01,1,72.246429,False
-10.83,8,72.26342,False
-11.54,4,72.271406,False
21.29,20,72.310776,True
-11.34,9,72.328279,False
-12.02,2,72.33327,False
-11.77,2,72.338781,False
21.39,35,72.407833,True
-11.76,1,72.409833,False
-12.03,3,72.419923,False
21.63,11,72.441456,True
22.3,19,72.47953,True
-11.31,6,72.492544,False
-11.54,4,72.501524,False
-11.77,2,72.506049,False
-11.79,3,72.513094,False
-11.55,5,72.524594,False
-11.56,5,72.534575,False
-12.01,1,72.537099,False
20.94,6,72.550066,True
-11.78,3,72.557066,False
-11.77,2,72.56159,False
-11.76,1,72.56459,False
-12.06,6,72.580582,False
-11.32,7,72.596586,False
-10.59,9,72.615497,False
-10.81,5,72.626636,False
19.97,3,72.633143,True
20.45,5,72.650139,True
-11.79,3,72.65654,False
21.15,10,72.684537,True
-11.79,4,72.692062,False
-10.81,6,72.706536,False
-11.79,3,72.713058,False
-11.77,2,72.718044,False
20.68,7,72.733542,True
20.2,5,72.744066,True
20.19,6,72.757084,True
-11.78,3,72.764084,False
-11.36,11,72.791092,False
-11.55,5,72.802157,False
-10.65,14,72.829718,False
-11.78,2,72.835711,False
-11.79,3,72.845799,False
-12.01,1,72.848812,False
-11.53,3,72.860015,False
-11.77,2,72.865134,False
-11.57,6,72.877711,False
20.91,9,72.896273,True
-11.76,1,72.89927,False
-11.38,12,72.924372,False
-11.32,7,72.939008,False
-11.78,3,72.946009,False
-11.55,5,72.957078,False
-11.76,1,72.959995,False
20.21,4,72.970627,True
-11.3,5,72.982198,False
-11.32,7,72.996884,False
-11.77,2,73.00234,False
-11.78,3,73.008861,False
-12.01,1,73.011861,False
-11.77,2,73.016835,False
-11.33,8,73.03538,False
-11.53,3,73.040901,False
-11.78,3,73.04936,False
-11.54,4,73.057925,False
21.13,12,73.082871,True
-11.55,5,73.0934,False
20.44,6,73.106364,True
-12.01,1,73.109363,False
-11.54,4,73.118345,False
-10.6,9,73.136858,False
-12.02,2,73.141372,False
21.16,9,73.160393,True
-11.78,3,73.166926,False
-11.77,2,73.170925,False
-12.01,1,73.173925,False
20.43,7,73.187932,True
-11.77,2,73.19346,False
-12.01,1,73.19646,False
-11.76,1,73.198872,False
-11.36,10,73.220424,False
-11.81,6,73.233379,False
-11.55,5,73.243906,False
-11.52,2,73.249342,False
-11.77,2,73.253902,False
-11.76,1,73.255915,False
-12.02,2,73.260915,False
-11.62,11,73.283896,False
20.41,9,73.30251,True
20.21,4,73.311535,True
-11.77,2,73.316505,False
-11.54,4,73.325025,False
-12.01,1,73.328537,False
-12.03,3,73.335014,False
-11.56,5,73.345067,False
21.63,12,73.369496,True
21.64,11,73.392001,True
20.19,6,73.408104,True
-11.55,5,73.419216,False
-10.84,8,73.436253,False
-12.05,5,73.44697,False
-11.57,7,74.350432,False
-11.52,2,74.354942,False
-11.77,2,74.359958,False
-12.01,1,74.362956,False
-12.02,2,74.366929,False
22.56,19,74.405688,True
20.45,5,74.415749,True
-11.52,2,74.420815,False
20.94,6,74.43229,True
-12.01,1,74.435335,False
21.32,16,74.466335,True
21.39,11,74.488863,True
-11.78,3,74.495383,False
-11.79,4,74.50441,False
-11.76,1,74.50592,False
-11.54,4,74.515613,False
-11.78,3,74.522663,False
21.18,7,74.536194,True
21.11,14,74.567128,True
-11.8,5,74.577663,False
-12.03,3,74.584834,False
-11.35,9,74.600539,False
22.12,13,74.617567,True
-11.53,3,74.624241,False
-12.02,2,74.628944,False
20.42,8,74.646269,True
-11.77,2,74.651296,False
-11.77,2,74.656295,False
-11.76,1,74.658295,False
-11.56,6,74.671298,False
-11.53,3,74.678299,False
-11.77,2,74.683361,False
19.96,4,74.692878,True
-11.33,8,74.711086,False
-11.76,1,74.71361,False
-10.69,19,74.749858,False
-12.02,2,74.755365,False
19.95,5,74.765421,True
-11.76,1,74.768466,False
-10.36,10,74.789527,False
-11.78,3,74.795527,False
-11.29,4,74.804578,False
-11.78,3,74.811051,False
19.96,4,74.819628,True
-11.77,2,74.824822,False
21.39,11,74.847123,True
20.41,9,74.867412,True
21.15,10,74.887181,True
-11.79,4,74.896196,False
-12.02,2,74.90074,False
20.44,6,74.913874,True
-11.54,4,74.922977,False
-11.83,8,74.941592,False
-12.01,1,74.944107,False
-11.61,11,74.966478,False
-11.76,1,74.969529,False
21.14,10,74.990588,True
20.41,8,75.006246,True
21.18,7,75.021889,True
-11.84,9,75.038977,False
-12.08,8,75.055095,False
-10.86,11,75.07869,False
21.42,8,75.094834,True
-11.06,6,75.108486,False
-11.57,7,75.123099,False
-11.78,3,75.129613,False
-11.83,8,75.146285,False
20.2,5,75.156838,True
-12.01,1,75.159342,False
-11.77,2,75.165057,False
-12.02,2,75.170645,False
-11.76,1,75.172646,False
21.39,11,75.194218,True
-11.76,1,75.197218,False
20.43,7,75.210328,True
-10.59,9,75.228978,False
-11.79,4,75.237973,False
-12.02,2,75.241981,False
-11.76,1,75.245494,False
-11.81,6,75.258021,False
-11.76,1,75.260025,False
-11.55,4,75.270064,False
-11.76,1,75.272064,False
20.68,7,75.287168,True
20.16,9,75.305263,True
20.19,6,75.317842,True
-11.53,3,75.323841,False
-11.59,9,75.341933,False
-11.57,7,75.356438,False
20.69,6,75.368485,True
-11.76,1,75.371007,False
20.43,7,75.386089,True
21.59,16,75.417378,True
-12.01,1,75.420377,False
-10.33,8,75.437478,False
-11.78,3,75.443996,False
-11.58,7,75.460222,False
-12.02,2,75.465227,False
-12.04,4,75.473843,False
-10.74,24,75.519703,False
19.96,4,75.528225,True
-11.76,1,75.531225,False
-10.58,8,75.548754,False
-11.56,6,75.560849,False
-11.52,2,75.567445,False
-11.76,1,75.569445,False
-11.77,2,75.575444,False
-11.77,2,75.579959,False
21.39,10,75.600165,True
-11.82,7,75.614584,False
20.45,5,75.624318,True
-11.54,4,75.633367,False
-11.52,2,75.638366,False
-11.77,2,75.641883,False
-11.81,6,75.655447,False
-11.31,5,75.666073,False
-11.76,1,75.669073,False
20.82,43,75.751853,True
-11.53,3,75.758368,False
-11.76,1,75.761369,False
20.19,6,75.773465,True
21.24,26,75.821164,True
-11.33,8,75.839441,False
-11.83,8,75.855041,False
-11.82,7,75.869149,False
-11.56,6,75.883374,False
-11.76,1,75.885373,False
-11.54,4,75.894896,False
-11.34,9,75.913471,False
-11.56,6,75.926542,False
-11.77,2,75.932595,False
21.13,11,75.952693,True
-10.86,10,75.973799,False
20.69,6,75.985873,True
21.83,16,76.01898,True
-11.78,3,76.026498,False
-11.54,4,76.035456,False
-11.57,6,76.047511,False
20.2,5,76.060048,True
-9.39,14,76.087852,False
21.4,10,76.10687,True
-10.61,10,76.127511,False
-10.83,7,76.141956,False
20.4,10,76.162515,True
20.2,5,76.173017,True
-11.77,2,76.178541,False
-12.02,2,76.184059,False
-11.55,5,76.194588,False
21.65,10,76.21406,True
20.2,5,76.225112,True
20.2,5,76.236165,True
-11.77,2,76.240682,False
-11.83,7,76.25496,False
-11.04,4,76.26397,False
-11.54,3,76.270982,False
-11.79,4,76.27951,False
20.18,7,76.294516,True
20.68,7,76.308268,True
-10.35,9,76.327349,False
-11.52,2,76.332286,False
-11.54,4,76.340303,False
-12.02,2,76.345381,False
-11.78,3,76.35296,False
-10.79,4,76.361487,False
-11.76,1,76.364002,False
-11.8,5,76.375082,False
-11.77,2,76.381088,False
-11.76,1,76.383626,False
-11.82,7,76.398144,False
-11.58,7,76.41423,False
20.43,7,76.428475,True
-11.8,4,76.437524,False
-11.77,2,76.442041,False
20.45,5,76.453327,True
-11.38,12,76.477681,False
-11.77,2,76.482193,False
-11.79,4,77.374955,False
-11.6,10,77.39545,False
-11.54,4,77.404484,False
-11.52,2,77.409677,False
19.95,5,77.419798,True
-11.77,2,77.424798,False
20.2,5,77.435319,True
20.69,6,77.447977,True
-11.53,3,77.455028,False
20.2,5,77.465549,True
-11.55,4,77.473586,False
-11.58,8,77.49011,False
22.58,16,77.522382,True
21.18,7,77.536098,True
-11.77,2,77.541098,False
-11.78,3,77.548967,False
-11.55,5,77.55915,False
19.94,6,77.571199,True
-11.59,9,77.589913,False
-11.54,4,77.598769,False
21.38,11,77.621114,True
-11.56,6,77.633232,False
-11.56,6,77.64584,False
21.12,13,77.671766,True
-12.02,2,77.677287,False
-10.58,8,77.693875,False
19.97,3,77.701626,True
-11.76,1,77.705142,False
21.87,13,77.73082,True
20.21,4,77.739971,True
-11.79,4,77.748488,False
-11.58,7,77.764545,False
-12.01,1,77.767545,False
21.4,10,77.787612,True
21.61,13,77.81235,True
-11.77,2,77.817874,False
21.41,9,77.836443,True
-11.81,5,77.846967,False
-11.1,10,77.868755,False
21.18,7,77.883466,True
-11.77,2,77.888986,False
-11.76,1,77.891986,False
21.38,11,77.91303,True
-10.59,8,77.930712,False
-11.53,3,77.936713,False
-11.54,4,77.945234,False
-12.01,1,77.949243,False
-11.81,6,77.961831,False
-11.76,1,77.964832,False
-12.01,1,77.967353,False
-10.56,31,78.027662,False
21.39,10,78.047681,True
20.21,4,78.058199,True
-11.76,1,78.060723,False
21.4,10,78.080748,True
20.21,4,78.08929,True
20.44,6,78.101337,True
-11.53,3,78.108862,False
-11.76,1,78.111862,False
21.17,7,78.125386,True
-11.52,2,78.130909,False
-11.78,3,78.138419,False
-11.8,5,78.148943,False
-12.01,1,78.151415,False
-12.01,1,78.154415,False
20.2,5,78.165455,True
20.2,5,78.174979,True
-10.8,5,78.18553,False
-11.55,5,78.196054,False
-12.02,2,78.201565,False
-11.55,5,78.212088,False
20.68,7,78.226625,True
21.2,5,78.238208,True
-12.01,1,78.240208,False
21.4,10,78.262302,True
-11.8,5,78.273964,False
-11.8,5,78.284188,False
-12.02,2,78.289237,False
21.61,14,78.318552,True
-11.84,8,78.334085,False
-11.77,2,78.338604,False
-11.81,6,78.351128,False
-11.3,5,78.362746,False
22.1,15,78.392511,True
-11.84,9,78.410226,False
-11.77,2,78.415848,False
-11.36,10,78.436003,False
21.18,7,78.450531,True
-11.78,3,78.457054,False
-11.53,3,78.463594,False
21.62,13,78.490751,True
-11.56,6,78.504265,False
20.21,4,78.514091,True
-11.54,4,78.523611,False
-11.08,8,78.541207,False
-11.54,4,78.549934,False
-12.01,1,78.553459,False
-10.56,6,78.566202,False
-12.01,1,78.569201,False
21.17,8,78.58477,True
-11.79,4,78.594303,False
-10.32,7,78.611209,False
21.64,11,78.638553,True
-10.61,11,78.665649,False
-11.8,5,78.67669,False
-11.53,3,78.693723,False
-11.78,3,78.702774,False
-11.84,9,78.747138,False
-10.6,8,78.765917,False
-11.76,1,78.76894,False
20.69,6,78.781469,True
-11.81,6,78.795623,False
-11.77,2,78.800637,False
-11.79,4,78.810152,False
-11.77,2,78.815151,False
-12.01,1,78.81715,False
20.44,6,78.830554,True
-11.77,2,78.835822,False
-11.56,6,78.848955,False
-11.82,7,78.863534,False
-11.78,3,78.871086,False
21.42,8,78.887327,True
-10.79,4,78.896852,False
-11.76,1,78.900508,False
-10.82,7,78.914029,False
20.21,4,78.924018,True
-12.02,2,78.928538,False
20.2,5,78.939737,True
-10.79,4,78.94996,False
-11.76,1,78.95296,False
-11.79,4,78.961411,False
21.04,20,79.000693,True
-11.56,6,79.013219,False
-11.32,7,79.028293,False
-11.56,6,79.04178,False
-12.02,2,79.046302,False
-11.78,3,79.053456,False
-11.76,1,79.055646,False
20.19,6,79.068256,True
-11.52,2,79.07378,False
20.45,5,79.082914,True
-11.78,3,79.089967,False
21.16,9,79.108728,True
-11.78,3,79.116248,False
-11.77,2,79.120254,False
-11.79,4,79.129986,False
-10.61,11,79.151705,False
-11.77,2,79.156704,False
-11.33,7,79.17123,False
-11.56,6,79.184454,False
21.39,11,79.206623,True
-10.57,7,79.219154,False
21.17,7,79.234255,True
-11.57,7,79.249193,False
-11.77,2,79.254223,False
-11.79,3,79.261754,False
-11.55,4,79.270356,False
-11.55,4,79.278896,False
21.89,11,79.301367,True
-10.11,10,79.323743,False
-12.01,1,79.326745,False
-12.02,2,79.332267,False
-11.76,1,79.33526,False
-12.01,1,79.338268,False
-11.32,7,79.353605,False
-11.76,1,79.356605,False
-11.52,2,79.360605,False
-11.29,4,79.371127,False
-11.54,4,79.379166,False
-11.53,3,79.38678,False
20.44,6,79.399798,True
-11.78,3,79.405814,False
21.37,12,79.430064,True
19.96,4,79.438585,True
-11.55,5,79.449792,False
-11.77,2,79.45437,False
-11.76,1,79.45737,False
-12.01,1,79.460372,False
21.42,8,79.476543,True
-11.52,2,79.481971,False
-11.78,3,79.488519,False
-11.54,4,79.49804,False
-11.78,3,79.505033,False
21.36,14,79.532717,True
-11.54,4,79.541904,False
-11.82,7,79.556,False
-11.76,1,79.558001,False
-11.55,5,79.570061,False
-11.62,12,79.593817,False
21.36,13,80.505627,True
20.68,7,80.520226,True
-11.12,12,80.544799,False
-12.01,1,80.546799,False
-11.81,6,80.559286,False
21.19,6,80.571812,True
21.42,8,80.588358,True
20.41,9,80.606397,True
-12.01,1,80.60939,False
-11.79,4,80.6181,False
-12.01,1,80.6211,False
21.2,5,80.632073,True
-11.56,6,80.645162,False
-12.02,2,80.649648,False
-12.01,1,80.652648,False
-12.01,1,80.655158,False
21.18,7,80.669161,True
-11.78,3,80.676672,False
-11.3,5,80.687191,False
-11.77,2,80.692196,False
21.14,11,80.713248,True
-11.76,1,80.716806,False
-11.77,2,80.721331,False
-11.3,5,80.73202,False
20.41,8,80.750444,True
21.44,6,80.762956,True
-11.77,2,80.767498,False
-12.02,2,80.774033,False
20.21,4,80.782136,True
-11.62,11,80.806396,False
-12.02,2,80.810404,False
-12.01,1,80.812403,False
21.4,10,80.8343,True
-11.76,1,80.837765,False
19.97,3,80.843825,True
-11.79,3,80.851903,False
-11.55,5,80.86307,False
-9.37,12,80.888464,False
-11.57,7,80.9034,False
20.19,6,80.916555,True
-11.52,2,80.921555,False
22.38,12,80.947655,True
-11.76,1,80.950319,False
-11.55,5,80.962849,False
-11.81,5,80.974578,False
-11.77,2,80.979094,False
-11.78,3,80.986421,False
-10.86,11,81.009099,False
-12.01,1,81.012102,False
21.16,9,81.030218,True
-11.3,5,81.041367,False
-11.77,2,81.046381,False
-11.76,1,81.050259,False
-11.31,6,81.062306,False
19.95,5,81.073501,True
-11.78,3,81.080024,False
-11.78,3,81.087647,False
-11.77,2,81.09264,False
-10.62,11,81.115777,False
-11.79,4,81.124337,False
20.18,7,81.138944,True
-11.53,3,81.144945,False
-10.57,7,81.159828,False
-11.1,9,81.17783,False
-11.52,2,81.182853,False
22.37,13,81.210028,True
-11.54,4,81.219113,False
-11.77,2,81.224114,False
-11.81,6,81.236686,False
-12.01,1,81.238686,False
-12.01,1,81.241686,False
-11.53,3,81.248672,False
20.21,4,81.25672,True
-11.31,6,81.269771,False
19.96,4,81.277746,True
-12.01,1,81.28119,False
-11.04,4,81.289763,False
-11.76,1,81.292289,False
21.65,10,81.311922,True
-12.03,3,81.319995,False
-11.07,7,81.334056,False
-11.33,8,81.352336,False
20.45,5,81.362863,True
-11.76,1,81.366382,False
-11.79,4,81.373388,False
-11.76,1,81.376915,False
20.2,5,81.388967,True
20.65,9,81.407011,True
20.21,4,81.417526,True
20.19,6,81.429144,True
21.39,11,81.451877,True
-11.31,6,81.463934,False
-12.01,1,81.467567,False
-11.59,8,81.484663,False
-12.04,4,81.493187,False
-11.31,6,81.506755,False
-11.55,5,81.517759,False
-11.35,10,81.537806,False
-11.53,3,81.543805,False
-11.54,4,81.553331,False
20.4,9,81.570379,True
-11.79,4,81.578748,False
-11.78,3,81.586272,False
-10.56,6,81.599655,False
-10.35,10,81.62126,False
-11.56,6,81.633365,False
19.96,4,81.641889,True
-10.61,11,81.664399,False
-12.02,2,81.669912,False
-11.82,6,81.682909,False
-10.34,9,81.701968,False
-11.76,1,81.704536,False
-11.76,1,81.707537,False
-11.78,3,81.71397,False
20.19,6,81.727057,True
20.19,6,81.740276,True
-12.01,1,81.743277,False
-11.35,10,81.764326,False
-12.01,1,81.767326,False
-11.52,2,81.772852,False
-11.54,4,81.781377,False
-10.58,7,81.796902,False
-11.82,7,81.811939,False
-11.54,4,81.820948,False
-12.01,1,81.823457,False
-12.02,2,81.828466,False
21.18,7,81.841992,True
-10.35,10,81.863602,False
-11.78,3,81.870078,False
-12.01,1,81.872077,False
20.2,5,81.882143,True
-11.77,2,81.886713,False
-11.78,3,81.893236,False
19.97,3,81.899786,True
-10.59,9,81.919807,False
-10.56,6,81.932896,False
-11.52,2,81.937896,False
21.13,12,81.960979,True
-11.32,7,81.975553,False
20.44,6,81.988377,True
-10.79,4,81.998556,False
-11.82,7,82.012759,False
-11.53,3,82.019303,False
20.19,6,82.032311,True
21.17,8,82.04815,True
-11.76,1,82.051203,False
-12.04,4,82.059408,False
19.96,4,82.067505,True
-11.84,9,82.085812,False
-11.78,3,82.092334,False
20.91,9,82.111076,True
21.41,8,82.126655,True
21.41,9,82.144927,True
-11.78,3,82.151494,False
-12.01,1,82.154494,False
-11.81,6,82.166534,False
-10.59,9,82.18511,False
-11.57,7,82.19996,False
-11.55,5,82.210482,False
20.21,4,82.219452,True
21.06,19,82.254587,True
-12.01,1,82.257836,False
-11.52,2,82.262846,False
20.88,11,82.283945,True
-11.54,4,82.292973,False
-11.54,4,82.302027,False
-12.05,5,82.312224,False
-11.55,5,82.323434,False
-11.78,3,82.33088,False
-11.76,1,82.333401,False
-11.78,3,82.340913,False
-11.76,1,82.343927,False
21.16,9,82.362107,True
-12.01,1,82.365599,False
-11.77,2,82.370661,False
-11.8,5,82.380182,False
-11.35,9,82.399349,False
20.41,9,82.416946,True
-11.76,1,82.420467,False
-10.79,4,82.428979,False
-11.82,7,82.44309,False
-11.76,1,82.446097,False
-10.58,7,82.461077,False
-11.82,7,82.475137,False
-11.54,4,82.484592,False
21.42,8,82.500122,True
-12.02,2,82.50463,False
-11.79,3,82.511428,False
-11.32,7,82.526475,False
-11.79,4,82.535017,False
-11.77,2,82.539546,False
-10.66,15,82.569105,False
19.97,3,82.576111,True
-11.09,9,82.594694,False
-11.31,6,82.607962,False
-11.84,8,82.623567,False
-11.53,3,82.629567,False
-10.79,4,82.638158,False
-12.03,3,82.645158,False
-11.76,1,82.647688,False
-10.6,10,82.668774,False
-12.01,1,82.671789,False
-11.33,8,82.687782,False
20.2,5,82.699376,True
21.19,6,83.579891,True
21.64,11,83.603536,True
-11.76,1,83.605536,False
21.64,11,83.628657,True
-11.32,7,83.642686,False
-11.82,7,83.656206,False
21.61,13,83.681749,True
-11.53,3,83.688321,False
-12.01,1,83.691314,False
-11.8,5,83.701851,False
-11.77,2,83.70643,False
-11.31,6,83.718967,False
21.44,6,83.731927,True
21.67,8,83.747498,True
-12.03,3,83.754524,False
-11.55,5,83.765128,False
-11.55,5,83.775898,False
-11.29,4,83.783978,False
20.21,4,83.793503,True
-11.77,2,83.798511,False
21.58,16,83.829968,True
-11.77,2,83.835447,False
-11.79,4,83.84398,False
22.31,18,83.879567,True
-11.55,5,83.890143,False
-11.54,4,83.899307,False
20.44,6,83.912084,True
-11.54,4,83.919615,False
-11.77,2,83.92514,False
-10.33,8,83.942625,False
-11.56,6,83.954742,False
-11.57,7,84.846608,False
-10.94,19,84.888967,False
-10.59,9,84.916713,False
-11.78,3,84.924712,False
-11.77,2,84.929687,False
-12.02,2,84.935284,False
-11.76,1,84.939147,False
-11.54,4,84.949405,False
-11.53,3,84.95742,False
-11.78,2,84.961636,False
-11.76,1,84.966546,False
-12.03,3,84.974059,False
21.28,22,85.024823,True
-11.06,6,85.038749,False
-11.59,9,85.058356,False
21.89,11,85.084684,True
-11.78,3,85.091684,False
-10.34,9,85.112274,False
-11.59,9,85.131907,False
-11.53,3,85.13796,False
21.36,13,85.165536,True
-12.01,1,85.168582,False
-11.52,2,85.179094,False
-11.29,4,85.188384,False
-11.33,7,85.203753,False
-11.8,4,85.212753,False
-11.3,5,85.223315,False
-11.54,4,85.232316,False
-11.09,8,85.249582,False
-11.53,3,85.257107,False
20.44,6,85.270304,True
-11.33,8,85.287317,False
-12.01,1,85.289832,False
-11.76,1,85.29284,False
-11.56,6,85.304838,False
-11.55,5,85.31582,False
-12.02,2,85.31982,False
-12.01,1,85.324345,False
-11.65,15,85.365611,False
-12.02,2,85.370611,False
-12.01,1,85.373611,False
-11.3,5,85.384767,False
-11.78,3,85.391299,False
21.39,11,85.412472,True
-11.53,3,85.422529,False
-10.81,6,85.436588,False
21.64,11,85.460471,True
-11.79,4,85.470638,False
-11.53,3,85.476162,False
-11.56,6,85.489843,False
-11.77,2,85.495361,False
-11.77,2,85.500355,False
20.45,5,85.510888,True
-11.77,2,85.517417,False
-11.76,1,85.520421,False
-11.8,5,85.531005,False
21.42,8,85.548813,True
-11.76,1,85.550821,False
-11.79,4,85.559338,False
-11.6,10,85.582117,False
-12.01,1,85.585129,False
20.68,7,85.600175,True
-12.04,4,85.608182,False
-10.56,6,85.622467,False
22.16,9,85.640041,True
21.63,12,85.671333,True
-12.01,1,85.674325,False
-10.58,8,85.692838,False
-11.54,4,85.703376,False
-11.57,7,85.718417,False
20.17,7,85.733482,True
-11.31,6,85.748544,False
-11.8,5,85.761058,False
-11.55,5,85.777486,False
-10.88,13,85.810428,False
-12.02,2,85.815586,False
-11.29,4,85.826104,False
-10.58,7,85.842838,False
-11.78,3,85.850845,False
-11.77,2,85.85637,False
-12.01,1,85.859363,False
-11.05,5,85.872898,False
-10.55,5,85.88643,False
-10.34,9,85.906576,False
-11.76,1,85.910577,False
-10.6,10,85.932645,False
-11.77,2,85.937644,False
21.63,12,85.965101,True
21.27,22,86.01797,True
19.96,4,86.0285,True
21.36,13,86.058972,True
-11.53,3,86.066604,False
-11.31,6,86.082321,False
-11.77,2,86.090319,False
20.45,5,86.102471,True
-10.57,7,86.118056,False
-11.78,3,86.124061,False
-11.78,3,86.132063,False
19.97,3,86.138588,True
-11.76,1,86.142076,False
-12.01,1,86.145077,False
19.93,7,86.159666,True
21.42,8,86.176178,True
21.2,5,86.187185,True
-12.02,2,86.191185,False
-11.56,6,86.204178,False
-11.54,4,86.213698,False
-11.77,2,86.219164,False
-11.79,3,86.225688,False
21.6,15,86.255481,True
-11.76,1,86.258482,False
-12.03,3,86.264438,False
-11.33,8,86.282072,False
21.17,8,86.298553,True
20.68,7,86.313123,True
-12.01,1,86.315545,False
-11.54,4,86.325115,False
-12.04,4,86.333573,False
-11.79,4,86.341625,False
-12.01,1,86.344626,False
-11.56,6,86.358529,False
-11.33,7,86.372939,False
20.21,4,86.381597,True
-11.53,3,86.388139,False
-11.3,5,86.399191,False
-12.01,1,86.40219,False
22.58,16,86.4403,True
-11.29,4,86.449695,False
-11.34,9,86.468249,False
20.2,5,86.479264,True
-11.3,5,86.489799,False
20.19,6,86.503328,True
-10.83,8,86.524917,False
-11.77,2,86.52893,False
-11.54,4,86.538972,False
20.21,4,86.549281,True
21.18,7,86.562333,True
21.62,12,86.588077,True
-11.31,6,86.602457,False
-11.77,2,86.606981,False
-11.53,3,86.61356,False
-11.04,4,86.622759,False
20.19,6,86.636481,True
-12.02,2,86.641481,False
-11.84,8,86.65759,False
-11.78,3,86.665812,False
-11.77,2,86.670351,False
21.4,10,86.694875,True
-11.58,8,86.710925,False
-12.02,2,86.716925,False
-11.31,5,86.727457,False
-11.77,2,86.732375,False
21.42,8,86.748992,True
-11.76,1,86.751992,False
21.36,14,86.780131,True
-11.78,3,86.787234,False
-11.32,7,87.691402,False
-11.78,3,87.697918,False
-11.05,5,87.708491,False
-12.01,1,87.711492,False
21.35,14,87.739013,True
-10.8,5,87.749552,False
21.41,9,87.767071,True
-11.55,5,87.778111,False
-11.53,3,87.784603,False
-10.61,11,87.805857,False
20.2,5,87.816909,True
-11.56,6,87.828949,False
-11.81,6,87.841057,False
-11.76,1,87.844065,False
-11.54,4,87.853132,False
-11.54,4,87.861658,False
-11.55,5,87.873186,False
-11.78,3,87.879186,False
-11.08,8,87.895736,False
19.96,4,87.906778,True
-11.78,3,87.912777,False
21.03,22,87.955943,True
-11.82,7,87.970748,False
-11.76,1,87.973748,False
-11.76,1,87.975748,False
-10.9,15,88.007016,False
-11.31,6,88.01998,False
-12.01,1,88.02398,False
-11.52,2,88.030401,False
-10.81,6,88.043413,False
22.4,10,88.063281,True
-11.76,1,88.066929,False
-12.01,1,88.06945,False
-12.01,1,88.072966,False
-11.78,3,88.07998,False
-11.32,7,88.099509,False
-12.02,2,88.105562,False
21.41,9,88.125618,True
-11.79,3,88.133612,False
-11.53,3,88.141073,False
-11.53,3,88.148073,False
21.17,8,88.166644,True
-11.58,7,88.180699,False
-10.32,7,88.195808,False
21.37,13,88.222697,True
-10.58,8,88.239341,False
-10.34,9,88.259713,False
-11.52,2,88.264917,False
-11.03,3,88.271947,False
21.38,12,88.296125,True
-12.02,2,88.301141,False
-12.01,1,88.30414,False
19.96,4,88.312673,True
21.18,7,88.327203,True
-11.54,4,88.336154,False
21.11,13,88.366737,True
-11.35,9,88.38479,False
-12.03,3,88.39179,False
-11.76,1,88.395308,False
-11.76,1,88.398307,False
21.39,11,88.41937,True
-12.05,5,88.43342,False
-11.81,5,88.443933,False
-11.76,1,88.446934,False
-11.77,2,88.452036,False
-11.76,1,88.454559,False
20.45,5,88.466252,True
-11.53,3,88.473251,False
-11.81,6,88.492301,False
20.19,6,88.508078,True
-10.6,9,88.528135,False
19.96,4,88.538194,True
-11.58,8,88.55735,False
21.19,6,88.572603,True
21.43,7,88.591683,True
19.96,4,88.604816,True
-10.81,6,88.617717,False
-11.39,12,88.651707,False
-12.01,1,88.655235,False
21.32,18,88.688044,True
-11.58,8,88.708544,False
-11.78,3,88.724614,False
-11.77,2,88.745132,False
21.38,11,88.771394,True
21.4,10,88.795859,True
-11.33,8,88.825709,False
-11.55,4,88.836882,False
21.42,8,88.863641,True
-11.54,4,88.874696,False
21.41,8,88.906571,True
-11.55,5,88.920249,False
-11.52,2,88.936773,False
20.44,6,88.953298,True
-11.3,5,88.966839,False
-11.77,2,88.972366,False
20.2,5,88.985489,True
-10.56,6,88.99812,False
-11.31,6,89.012144,False
-11.53,3,89.020154,False
21.43,7,89.035679,True
-11.56,6,89.049726,False
-11.55,5,89.060244,False
20.93,7,89.075815,True
-11.78,3,89.083816,False
-11.52,2,89.088346,False
-11.57,7,89.107872,False
-10.79,4,89.117211,False
-11.78,3,89.125737,False
-12.02,2,89.129737,False
20.16,8,89.148788,True
-11.77,2,89.154788,False
-11.3,5,89.166311,False
-11.8,5,89.178034,False
21.42,8,89.19456,True
-11.53,3,89.202086,False
-10.33,8,89.220707,False
-11.29,4,89.228238,False
-11.52,2,89.233831,False
20.44,6,89.246362,True
-11.53,3,89.253376,False
-11.76,1,89.256369,False
-11.3,5,89.268339,False
20.45,5,89.279389,True
-11.3,5,89.292421,False
-11.31,6,89.306471,False
-11.39,13,89.332532,False
-11.78,3,89.339536,False
-11.32,7,89.35558,False
20.44,6,89.369673,True
21.38,11,89.392252,True
20.44,6,89.405311,True
-11.76,1,89.408309,False
-11.79,4,89.417828,False
-11.77,2,89.422835,False
21.4,9,89.44444,True
-11.76,1,89.449029,False
-11.56,6,89.461555,False
-12.02,2,89.468087,False
21.64,10,89.488127,True
-11.77,2,89.493645,False
21.16,9,89.518708,True
-9.6,9,89.538278,False
-11.53,3,89.545279,False
-12.03,3,89.552803,False
-11.76,1,89.555803,False
-11.53,3,89.562772,False
-11.82,7,89.577858,False
-11.76,1,89.581383,False
20.67,8,89.596909,True
20.94,6,89.60996,True
21.4,10,89.632064,True
22.4,10,89.656633,True
-11.77,2,89.664647,False
21.42,8,89.680169,True
-10.65,12,89.708883,False
-10.58,8,89.725426,False
-11.59,9,89.744041,False
-11.3,5,89.75457,False
-10.84,9,89.772606,False
-11.77,2,89.777606,False
20.45,5,89.788659,True
19.95,5,89.799823,True
-11.76,1,89.80282,False
-11.76,1,89.805836,False
-11.77,2,89.809848,False
20.18,6,89.823043,True
21.63,12,89.852336,True
-11.76,1,89.854337,False
-11.78,3,89.861862,False
-11.33,8,89.878928,False
-11.53,3,89.887588,False
21.15,10,89.908119,True
-11.09,8,89.928193,False
-11.79,3,89.935273,False
-11.78,3,89.942275,False
-12.03,3,89.949968,False
21.37,13,89.976097,True
-12.01,1,89.979106,False
-11.58,7,89.994889,False
-12.01,1,89.998922,False
-11.78,3,90.004972,False
-11.77,2,90.010517,False
-11.77,2,90.015615,False
-11.55,5,90.026137,False
-12.01,1,90.029144,False
-11.76,1,90.032634,False
-11.81,6,90.045152,False
20.43,7,90.06124,True
-11.77,2,90.067783,False
-11.55,5,90.079318,False
-10.35,9,90.099817,False
20.68,7,91.001524,True
-11.52,2,91.006523,False
-12.01,1,91.008523,False
21.41,9,91.027051,True
-11.53,3,91.033527,False
20.43,7,91.047047,True
-11.53,3,91.054038,False
-11.53,3,91.061038,False
-10.54,4,91.070053,False
-11.55,4,91.078573,False
-11.54,4,91.087609,False
-12.01,1,91.090609,False
22.08,15,91.119838,True
-11.78,3,91.126342,False
-11.77,2,91.131352,False
21.18,7,91.145343,True
20.17,7,91.159877,True
-11.77,2,91.164876,False
-11.33,7,91.179403,False
-12.01,1,91.182925,False
-10.56,6,91.196968,False
-10.82,7,91.211681,False
-11.57,7,91.226297,False
-11.76,1,91.228304,False
-11.79,4,91.237907,False
-11.78,3,91.245439,False
-10.55,5,91.256526,False
21.34,15,91.284649,True
-12.02,2,91.290173,False
-12.05,5,91.300788,False
-11.54,4,91.31031,False
-11.54,4,91.319896,False
-11.29,4,91.328418,False
20.94,6,91.342025,True
-11.77,2,91.347025,False
-11.79,4,91.355091,False
-10.81,6,91.368142,False
20.2,5,91.378665,True
21.18,7,91.393159,True
-11.8,5,91.404661,False
21.39,11,91.427076,True
-11.76,1,91.431151,False
20.21,4,91.439226,True
-10.17,17,91.529892,False
-12.01,1,91.533104,False
20.67,8,91.549608,True
-11.77,2,91.554608,False
-12.02,2,91.559127,False
-12.01,1,91.562129,False
20.19,6,91.574211,True
20.42,8,91.591322,True
-11.54,4,91.599481,False
21.35,14,91.626778,True
-11.78,3,91.634234,False
-11.11,10,91.653183,False
-11.78,3,91.660713,False
-11.76,1,91.663713,False
20.43,7,91.677764,True
-12.02,2,91.682726,False
21.43,7,91.698303,True
-11.76,1,91.700364,False
-12.01,1,91.703405,False
-11.54,4,91.712411,False
-10.57,7,91.728248,False
-11.76,1,91.730758,False
-11.76,1,91.733314,False
-11.56,5,91.743839,False
20.21,4,91.753407,True
-11.77,2,91.757928,False
20.21,4,91.766388,True
-12.01,1,91.768388,False
21.4,9,91.787227,True
-11.8,5,91.797388,False
-11.56,6,91.809977,False
21.15,10,91.82961,True
-11.78,3,91.836364,False
-10.59,9,91.85451,False
20.2,5,91.866538,True
-9.18,17,91.902542,False
-10.82,7,91.917121,False
19.97,3,91.923154,True
21.07,18,91.957837,True
-11.79,4,91.966824,False
-12.01,1,91.969823,False
-12.01,1,91.972823,False
-11.77,2,91.978346,False
-11.3,5,91.989645,False
-11.56,6,92.001717,False
-11.32,7,92.016835,False
-11.8,5,92.027353,False
-12.03,3,92.034878,False
-11.54,4,92.0434,False
-12.02,2,92.047869,False
-11.78,3,92.055427,False
-11.76,1,92.057427,False
-12.01,1,92.060953,False
22.38,12,92.085542,True
-11.58,8,92.10113,False
-10.56,6,92.114712,False
-11.78,3,92.122251,False
-12.02,2,92.126781,False
-11.56,5,92.137979,False
-11.78,3,92.144504,False
-11.57,7,92.159557,False
-11.55,5,92.170295,False
-11.78,3,92.177822,False
-11.53,3,92.184886,False
-12.01,1,92.18789,False
20.19,6,92.19996,True
-11.77,2,92.203959,False
21.17,8,92.222073,True
-9.95,19,92.258723,False
-11.07,7,92.274194,False
-11.53,3,92.280194,False
20.19,6,92.293469,True
-10.81,6,92.307029,False
-12.01,1,92.310031,False
-11.76,1,92.312556,False
-11.06,6,92.324502,False
-11.77,2,92.329516,False
-11.77,2,92.335022,False
-11.82,7,92.349515,False
21.38,11,92.370062,True
19.97,3,92.377076,True
21.65,10,92.396582,True
-12.01,1,92.40008,False
-11.32,6,92.413119,False
-11.55,5,92.42365,False
-11.76,1,92.426531,False
-11.52,2,92.43174,False
-11.81,6,92.44433,False
-11.53,3,92.451353,False
-12.01,1,92.454353,False
20.4,10,92.473957,True
-11.35,9,92.491928,False
-10.81,6,92.504007,False
-11.78,3,92.511007,False
-12.01,1,92.513531,False
-11.32,7,92.528562,False
-11.76,1,92.532063,False
-11.53,3,92.538128,False
22.16,9,92.5576,True
20.19,6,92.569774,True
-12.03,3,92.575774,False
20.17,7,92.59032,True
20.91,8,92.606421,True
-11.81,6,92.619672,False
-12.01,1,92.623189,False
20.2,5,92.634772,True
-11.53,3,92.641772,False
-12.02,2,92.646299,False
-11.76,1,92.649841,False
20.66,9,92.667891,True
-10.83,7,92.682996,False
-11.58,8,92.70004,False
-11.57,7,92.716091,False
-11.58,8,92.733765,False
-12.03,3,92.740812,False
-11.79,4,92.74981,False
-12.02,2,92.755245,False
20.45,5,92.766397,True
-11.78,3,92.771922,False
-12.02,2,92.777624,False
22.38,12,92.801461,True
-11.57,7,92.815516,False
-12.02,2,92.820516,False
20.45,5,92.831549,True
20.17,7,92.846582,True
-12.02,2,92.85159,False
-11.77,2,92.857118,False
-12.02,2,92.861118,False
-10.57,6,92.874941,False
-11.53,3,92.881981,False
-11.77,2,92.887495,False
-10.56,6,92.90014,False
-11.76,1,92.903144,False
-11.77,2,92.908671,False
21.38,12,92.933247,True
-11.77,2,92.937253,False
-11.53,3,92.944781,False
-11.54,4,92.953989,False
20.21,4,92.962118,True
-12.03,3,92.969117,False
-11.82,6,92.981643,False
-11.78,3,92.988982,False
-12.01,1,92.992564,False
-11.54,4,93.002103,False
-11.54,4,93.010626,False
-11.55,5,93.022135,False
21.18,7,93.036765,True
21.64,11,93.059808,True
-12.01,1,93.062815,False
21.18,7,93.077538,True
-11.78,3,93.085539,False
-11.76,1,93.08807,False
20.19,6,93.101067,True
-11.79,4,93.108603,False
-12.01,1,93.111608,False
-11.77,2,93.116608,False
21.41,9,93.136662,True
-12.06,6,93.149199,False
-12.01,1,93.152197,False
19.97,3,93.158727,True
-10.58,8,93.174253,False
-10.57,7,93.190776,False
-11.52,2,93.194776,False
-11.81,6,93.207298,False
-11.8,5,93.218819,False
20.19,6,93.231375,True
20.19,6,93.244226,True
20.21,4,93.252749,True
-11.76,1,93.255749,False
-11.76,1,93.25875,False
20.2,5,94.129399,True
-10.33,8,94.146421,False
21.17,8,94.163077,True
-10.81,6,94.175214,False
20.68,7,94.190739,True
-11.78,3,94.197266,False
-11.54,4,94.206332,False
-10.56,6,94.219789,False
-11.79,3,94.226307,False
21.4,10,94.245836,True
-11.58,8,94.261986,False
20.21,4,94.270013,True
20.44,6,94.282056,True
-11.09,8,94.298555,False
-11.58,8,94.314554,False
20.21,4,94.323354,True
-11.78,3,94.330387,False
21.34,15,94.359221,True
-11.79,4,94.368289,False
-11.8,5,94.378814,False
-11.81,6,94.391358,False
-11.78,3,94.39944,False
21.32,18,94.435281,True
20.2,5,94.445809,True
-11.58,7,94.459877,False
-11.77,2,94.465899,False
-11.77,2,94.470909,False
-11.54,4,94.478909,False
-12.09,9,94.495485,False
-12.01,1,94.498973,False
-11.77,2,94.503496,False
20.18,7,94.51844,True
20.2,5,94.529048,True
-9.28,28,94.582241,False
-11.78,3,94.588241,False
-11.78,3,94.595765,False
-11.8,5,94.606811,False
-11.8,5,94.616863,False
20.21,4,94.625387,True
20.91,9,94.643918,True
-11.54,4,94.652498,False
-11.53,3,94.660026,False
-12.02,2,94.66447,False
20.44,6,94.677038,True
-11.77,2,94.682046,False
20.19,6,94.695634,True
-11.81,6,94.707246,False
-11.54,4,94.717322,False
21.26,24,94.764544,True
-10.82,7,94.779242,False
-11.54,4,94.788085,False
-11.62,12,94.811925,False
20.19,6,94.823002,True
-11.31,6,94.83694,False
-12.02,2,94.84145,False
-10.58,8,94.857479,False
-11.77,2,94.863472,False
-11.77,2,94.868443,False
-11.78,3,94.87445,False
19.97,3,94.881601,True
20.16,8,94.897176,True
-11.56,6,94.908791,False
-12.01,1,94.912138,False
-10.56,6,94.925228,False
-10.93,17,94.959309,False
21.67,8,94.97537,True
-11.76,1,94.97837,False
-12.02,2,94.982925,False
-10.35,10,95.003623,False
20.42,8,95.02073,True
-11.8,5,95.031303,False
-12.01,1,95.034318,False
20.21,4,95.042833,True
20.2,5,95.053395,True
21.56,19,95.090529,True
-11.77,2,95.095542,False
-11.77,2,95.100595,False
-12.02,2,95.104595,False
20.42,8,95.122154,True
-11.52,2,95.126154,False
-11.56,6,95.139238,False
-11.53,3,95.146243,False
-11.3,5,95.156818,False
-11.77,2,95.162767,False
-12.01,1,95.164977,False
-11.81,6,95.177546,False
-12.01,1,95.180546,False
19.92,8,95.197133,True
-11.54,4,95.20568,False
-11.78,3,95.213204,False
-12.01,1,95.215725,False
-11.56,6,95.227248,False
-11.54,4,95.236778,False
-12.01,1,95.23958,False
20.2,5,95.250442,True
-11.57,6,95.262482,False
-10.58,8,95.280034,False
20.19,6,95.292091,True
-12.05,5,95.303718,False
20.19,6,95.316288,True
-12.01,1,95.318817,False
-11.78,3,95.325815,False
-11.76,1,95.328343,False
20.2,5,95.338952,True
-11.8,5,95.348485,False
-11.56,6,95.362538,False
-11.53,3,95.369436,False
20.91,9,95.38703,True
20.21,4,95.395541,True
-11.59,8,95.411608,False
-10.56,6,95.42364,False
-12.01,1,95.426643,False
-11.31,6,95.440389,False
-11.77,2,95.445639,False
-10.31,6,95.457767,False
21.4,10,95.479087,True
-11.3,5,95.489162,False
-10.19,16,95.521444,False
19.94,6,95.533948,True
-12.01,1,95.536952,False
21.62,13,95.56259,True
-12.02,2,95.567639,False
-11.78,3,95.57515,False
22.41,9,95.593216,True
-12.01,1,95.596732,False
-10.55,5,95.606776,False
20.44,6,95.620108,True
-11.78,3,95.626431,False
-11.61,10,95.646046,False
-12.01,1,95.649013,False
-12.02,2,95.654086,False
-11.62,12,95.677823,False
20.43,7,95.691438,True
-11.77,2,95.696438,False
19.96,4,95.705485,True
-12.01,1,95.708485,False
-10.38,13,95.734728,False
-11.53,3,95.741252,False
21.17,8,95.758372,True
-12.01,1,95.761379,False
-12.02,2,95.765918,False
21.63,11,95.788481,True
19.94,6,95.800611,True
-11.56,6,95.813136,False
-11.79,4,95.822095,False
21.18,7,95.836291,True
-11.54,4,95.84557,False
-11.81,6,95.85866,False
-10.32,7,95.87324,False
22.35,15,95.903091,True
-11.78,3,95.90961,False
-11.57,6,95.923354,False
20.91,9,95.942767,True
-11.77,2,95.948905,False
-11.53,3,95.955429,False
-11.54,4,95.964461,False
-11.76,1,95.968458,False
-12.01,1,95.97046,False
-11.76,1,95.973465,False
21.63,12,95.996354,True
20.95,5,96.0059,True
-11.3,5,96.01743,False
-11.53,3,96.023957,False
-11.56,6,96.037344,False
-11.54,4,96.045869,False
20.21,4,96.056397,True
-11.31,6,96.070154,False
-11.32,7,96.085689,False
-12.04,4,96.094206,False
21.14,11,96.116245,True
-11.76,1,96.119245,False
-11.32,7,96.135299,False
-12.02,2,96.140298,False
19.96,4,96.149333,True
-12.02,2,96.154846,False
-11.79,4,96.163872,False
19.96,4,96.172887,True
20.66,9,96.190942,True
-11.78,3,96.198453,False
21.39,11,96.221061,True
-11.78,3,96.227517,False
21.42,8,96.243774,True
-11.61,11,96.265542,False
-12.01,1,96.268747,False
-11.76,1,96.271747,False
-12.01,1,96.273747,False
-11.53,3,96.280788,False
-11.76,1,96.283228,False
-11.58,8,97.174763,False
-12.01,1,97.176756,False
-11.56,6,97.189804,False
20.19,6,97.203187,True
-12.01,1,97.205186,False
-11.32,7,97.220212,False
-11.77,2,97.225227,False
-11.57,7,97.239753,False
-11.55,5,97.250324,False
-11.79,4,97.25885,False
-11.78,3,97.265385,False
20.45,5,97.275912,True
21.16,9,97.293951,True
20.21,4,97.301968,True
21.4,10,97.32202,True
21.65,10,97.342075,True
-12.01,1,97.344074,False
-12.02,2,97.349601,False
-11.79,4,97.35764,False
-11.34,8,97.375166,False
-11.58,7,97.390209,False
-11.82,6,97.402428,False
-11.77,2,97.407142,False
-10.88,12,97.42922,False
-11.54,4,97.43942,False
-11.53,3,97.446892,False
-11.77,2,97.451918,False
21.19,6,97.464962,True
-11.08,8,97.481493,False
-11.77,2,97.487024,False
20.68,7,97.501155,True
-11.77,2,97.506677,False
-11.54,4,97.515194,False
-11.78,3,97.522199,False
21.38,11,97.544152,True
20.95,5,97.555244,True
-11.53,3,97.562774,False
-12.01,1,97.565064,False
-11.77,2,97.570125,False
19.95,5,97.57966,True
-10.34,9,97.59933,False
-10.6,10,97.619369,False
21.67,8,97.636475,True
-11.78,3,97.642994,False
-11.79,4,97.652523,False
-11.55,5,97.663571,False
-11.77,2,97.668085,False
-11.77,2,97.673615,False
-11.55,5,97.683829,False
-11.54,4,97.692345,False
21.65,9,97.710876,True
-11.52,2,97.715956,False
-11.56,6,97.729478,False
19.95,5,97.739539,True
-12.11,11,97.760707,False
21.42,8,97.776302,True
21.17,8,97.792408,True
-11.76,1,97.795474,False
-12.01,1,97.798955,False
-10.83,7,97.812498,False
-11.77,2,97.817563,False
-11.57,7,97.831569,False
22.38,12,97.855264,True
-12.01,1,97.858788,False
-12.02,2,97.864285,False
21.18,7,97.878276,True
-10.57,7,97.893564,False
-11.53,3,97.900166,False
20.21,4,97.908165,True
-12.02,2,97.914889,False
-11.76,1,97.917942,False
-11.33,7,97.932972,False
21.4,10,97.953594,True
-11.76,1,97.956594,False
-11.77,2,97.961979,False
-11.38,12,97.987471,False
-12.02,2,97.99245,False
20.95,5,98.002769,True
-12.01,1,98.006783,False
-11.58,8,98.022847,False
21.65,10,98.043427,True
20.67,8,98.061041,True
-12.01,1,98.064584,False
-11.3,5,98.076134,False
-11.79,4,98.084227,False
22.09,15,98.114806,True
19.95,5,98.124377,True
-11.77,2,98.130893,False
-12.01,1,98.133358,False
21.62,13,98.159625,True
-10.55,5,98.170609,False
-11.29,4,98.179133,False
-11.56,6,98.19417,False
-10.55,5,98.205436,False
-11.76,1,98.208436,False
-11.77,2,98.213964,False
-11.77,2,98.218965,False
-10.58,7,98.233655,False
-11.8,5,98.24418,False
-11.59,9,98.263224,False
21.19,6,98.276263,True
-11.6,9,98.295462,False
20.44,6,98.308002,True
-11.81,6,98.321519,False
-11.76,1,98.324519,False
-12.02,2,98.329589,False
-12.01,1,98.332596,False
-11.78,3,98.340126,False
20.44,6,98.353237,True
-11.8,5,98.362768,False
-11.77,2,98.36877,False
-11.81,6,98.38133,False
21.17,7,98.396659,True
19.97,3,98.403185,True
-10.79,4,98.411708,False
-11.59,9,98.430751,False
-11.79,4,98.438563,False
20.19,6,98.452087,True
22.56,19,98.489332,True
-11.54,4,98.497858,False
21.15,10,98.51991,True
-11.52,2,98.52491,False
20.44,6,98.53843,True
-11.76,1,98.541444,False
-11.57,7,98.556962,False
21.18,7,98.571536,True
-11.55,5,98.581577,False
-11.8,5,98.5921,False
20.19,6,98.604625,True
-11.54,4,98.613674,False
21.19,6,98.626127,True
-10.56,6,98.638727,False
20.43,7,98.653261,True
20.45,5,98.663304,True
-11.81,5,98.673832,False
22.35,15,98.702634,True
-11.81,6,98.715685,False
-12.01,1,98.718685,False
20.45,5,98.729209,True
21.43,7,98.743737,True
-11.56,6,98.757384,False
19.96,4,98.765433,True
-12.02,2,98.769954,False
21.43,7,98.784815,True
-11.82,7,98.800853,False
-11.56,6,98.81402,False
-11.77,2,98.818085,False
-11.76,1,98.822612,False
-11.77,2,98.826607,False
20.2,5,98.838708,True
-12.01,1,98.841225,False
19.97,3,98.847239,True
20.93,7,98.861753,True
-12.01,1,98.864273,False
-12.01,1,98.866961,False
-11.52,2,98.871961,False
-11.54,4,98.880485,False
-11.55,5,98.892011,False
-11.55,4,98.900873,False
-11.76,1,98.90388,False
22.4,10,98.924926,True
-11.78,3,98.933435,False
-11.57,7,98.94697,False
21.42,8,98.965343,True
20.43,7,98.980872,True
-11.76,1,98.984395,False
-11.8,5,98.995,False
-11.77,2,99.000509,False
20.19,6,99.016618,True
-11.76,1,99.019133,False
-12.02,2,99.026137,False
-11.81,6,99.043196,False
-11.58,8,99.063169,False
21.36,14,99.117634,True
-12.02,2,99.123164,False
-12.07,7,99.139795,False
-11.34,9,99.159829,False
-11.77,2,99.16444,False
20.68,7,99.178271,True
20.45,5,99.190466,True
21.18,7,99.204682,True
-12.01,1,99.208206,False
-9.81,6,99.222439,False
-11.58,8,99.238964,False
-11.77,2,99.243491,False
20.41,8,99.260937,True
21.19,6,99.273541,True
-11.52,2,99.278107,False
-11.77,2,99.284115,False
-11.54,4,99.292505,False
-12.03,3,99.30003,False
21.43,7,99.313562,True
-11.77,2,99.318562,False
20.19,6,99.330088,True
-10.63,12,99.355407,False
20.41,9,99.37412,True
-12.01,1,99.377627,False
-12.01,1,99.380626,False
21.17,8,99.397304,True
-11.56,6,99.410161,False
-11.8,5,99.420678,False
-11.55,5,100.33575,False
21.37,13,100.361958,True
19.97,3,100.367959,True
-11.55,5,100.37901,False
21.42,8,100.395121,True
20.18,6,100.407638,True
-11.78,3,100.414161,False
-11.76,1,100.417162,False
-11.77,2,100.422161,False
-11.58,7,100.435892,False
-11.52,2,100.440913,False
-11.76,1,100.44343,False
21.07,18,101.417526,True
-11.55,5,101.431052,False
-11.53,3,101.438835,False
-10.58,8,101.455582,False
-11.29,4,101.466112,False
-12.01,1,101.469623,False
20.21,4,101.47763,True
-11.56,6,101.49118,False
-11.76,1,101.494198,False
-11.52,2,101.498771,False
-11.78,3,101.505301,False
-11.56,6,101.518344,False
21.41,9,101.536448,True
-10.58,8,101.553414,False
-12.02,2,101.558414,False
-11.77,2,101.562944,False
20.2,5,101.57399,True
-10.58,8,101.591011,False
-10.56,6,101.604837,False
-11.29,4,101.61392,False
20.43,7,101.628347,True
-11.55,5,101.639862,False
21.14,11,101.662583,True
-12.02,2,101.6678,False
-11.54,4,101.676842,False
-11.32,7,101.691586,False
-11.55,5,101.703107,False
-11.29,4,101.712148,False
-11.31,6,101.72538,False
-11.52,2,101.729895,False
-11.58,8,101.747933,False
-11.55,5,101.758451,False
-11.76,1,101.761459,False
20.18,7,101.775513,True
20.19,6,101.788032,True
-12.02,2,101.793033,False
-12.01,1,101.796032,False
20.45,5,101.807555,True
-11.8,5,101.818604,False
-11.55,5,101.828504,False
21.64,11,101.850559,True
20.44,6,101.863595,True
-12.01,1,101.866604,False
-11.3,5,101.877137,False
-12.02,2,101.88313,False
-11.53,3,101.889208,False
-11.31,5,101.900355,False
-10.34,9,101.920488,False
-11.77,2,101.925487,False
-12.01,1,101.927487,False
-11.53,3,101.934497,False
-11.33,8,101.952023,False
-11.78,3,101.959538,False
-11.52,2,101.963547,False
-9.81,6,101.976577,False
-11.57,7,101.992394,False
21.6,15,102.022693,True
22.6,15,102.052253,True
-11.78,3,102.058267,False
-12.02,2,102.063787,False
20.44,6,102.075501,True
-11.77,2,102.080013,False
-9.87,12,102.106693,False
-11.76,1,102.109685,False
-12.02,2,102.113685,False
-11.53,3,102.122209,False
-11.53,3,102.128736,False
-11.33,8,102.145921,False
19.94,6,102.157959,True
-10.81,6,102.172493,False
22.38,12,102.19551,True
-11.76,1,102.19951,False
-11.76,1,102.201517,False
-11.77,2,102.207044,False
-11.85,10,102.22817,False
-11.78,3,102.235092,False
-11.53,3,102.242596,False
-12.01,1,102.244596,False
-11.59,8,102.263621,False
20.21,4,102.272138,True
20.2,5,102.283194,True
-11.53,3,102.289715,False
-11.76,1,102.292734,False
-12.04,4,102.301739,False
-10.61,9,102.319782,False
-12.01,1,102.321781,False
-11.81,6,102.335295,False
-11.81,6,102.348823,False
-10.58,8,102.365347,False
-12.02,2,102.369873,False
19.96,4,102.379388,True
-11.52,2,102.38339,False
-11.52,2,102.388911,False
-11.36,11,102.411484,False
-11.29,4,102.420528,False
20.42,8,102.438071,True
-11.76,1,102.440589,False
-11.54,4,102.450594,False
-11.3,5,102.460117,False
-10.84,9,102.479158,False
21.19,6,102.49168,True
-11.8,5,102.502198,False
21.65,10,102.522764,True
20.21,4,102.531806,True
-11.77,2,102.536327,False
19.97,3,102.542845,True
-11.76,1,102.547379,False
-11.56,6,102.558902,False
20.21,4,102.568156,True
-11.05,5,102.579958,False
-11.76,1,102.581958,False
20.43,7,102.59701,True
-11.52,2,102.601531,False
-11.77,2,102.606531,False
-11.53,3,102.613564,False
21.57,17,102.647241,True
19.94,6,102.659714,True
-11.78,3,102.666553,False
20.42,8,102.683361,True
-11.33,7,102.696921,False
-11.82,7,102.71149,False
-11.84,8,102.727578,False
-11.37,11,102.749593,False
-11.29,4,102.757103,False
-11.76,1,102.760118,False
22.37,12,102.784346,True
-11.52,2,102.78987,False
-11.79,4,102.798309,False
-11.76,1,102.801377,False
21.39,11,102.822973,True
21.62,13,102.849506,True
20.2,5,102.861031,True
-11.57,7,102.87466,False
19.94,6,102.887725,True
-12.02,2,102.892718,False
-11.35,10,102.912853,False
20.45,5,102.923386,True
-10.82,7,102.938162,False
-11.53,3,102.944154,False
21.13,12,102.970228,True
22.09,15,102.999969,True
-11.78,3,103.00649,False
21.17,7,103.021074,True
-11.55,5,103.03163,False
-11.78,3,103.038681,False
-12.01,1,103.041681,False
-11.32,6,103.054327,False
-10.79,4,103.063336,False
-11.8,5,103.073526,False
-11.77,2,103.080051,False
-11.76,1,103.084566,False
-12.01,1,103.087088,False
19.96,4,103.09609,True
-12.01,1,103.099613,False
-11.78,3,103.105134,False
-11.76,1,103.108658,False
-11.55,4,103.117761,False
21.37,12,103.144102,True
20.2,5,103.154249,True
-12.02,2,103.159775,False
-12.05,5,103.169918,False
21.38,12,103.19462,True
-11.54,4,103.202645,False
-11.76,1,103.205649,False
-11.55,5,103.217181,False
-11.78,3,103.224323,False
-11.32,7,103.240365,False
21.41,9,103.257416,True
-11.83,8,103.275105,False
-11.56,6,103.287613,False
-11.76,1,103.290613,False
-11.56,6,103.305204,False
20.21,4,103.313821,True
-12.01,1,103.316406,False
-11.52,2,103.321938,False
-11.77,2,103.326927,False
20.44,6,103.340118,True
-11.31,6,103.353265,False
20.18,7,103.369421,True
-11.55,5,103.379947,False
-11.78,3,103.388064,False
22.02,22,103.431522,True
-11.77,2,103.437147,False
21.43,7,103.452333,True
21.33,15,103.482062,True
-11.79,4,104.362473,False
-10.81,6,104.375545,False
-11.3,5,104.386556,False
-11.77,2,104.391556,False
-11.78,3,104.398608,False
-11.77,2,104.403607,False
-11.55,5,104.414077,False
20.68,7,104.428727,True
20.18,6,104.440946,True
-12.01,1,104.443947,False
20.2,5,104.455016,True
-11.77,2,104.459538,False
20.44,6,104.471534,True
21.14,11,104.493143,True
-11.77,2,104.497656,False
-11.78,3,104.504225,False
-11.53,3,104.511254,False
-11.79,4,104.51977,False
-12.01,1,104.522291,False
20.2,5,104.532312,True
-11.77,2,104.537837,False
-10.56,6,104.550552,False
22.35,15,104.581045,True
-11.77,2,104.58609,False
-11.79,4,104.596546,False
-11.31,6,104.611641,False
22.31,18,104.648065,True
-10.62,11,104.672775,False
-11.8,5,104.6839,False
-12.03,3,104.690416,False
-11.53,3,104.696938,False
-12.02,2,104.701531,False
22.37,13,104.726094,True
-12.01,1,104.72962,False
-11.8,5,104.740852,False
-12.01,1,104.744847,False
-12.01,1,104.747847,False
-11.78,3,104.754037,False
21.16,9,104.774846,True
-11.57,6,104.786855,False
19.96,4,104.799375,True
-12.01,1,104.810887,False
-12.01,1,104.815398,False
-11.78,3,104.823911,False
-11.6,10,104.845951,False
19.96,4,104.854466,True
-11.52,2,104.85946,False
-11.76,1,104.862995,False
20.45,5,104.873494,True
-11.76,1,104.876494,False
-11.8,5,104.886821,False
-11.53,3,104.893067,False
-11.55,5,104.902246,False
-10.82,6,104.914191,False
20.42,7,104.926754,True
-10.58,7,104.941153,False
-11.77,2,104.946228,False
-12.02,2,104.950555,False
-11.8,5,104.960628,False
-11.31,6,104.972059,False
-11.52,2,104.976565,False
-11.77,2,104.980938,False
-12.02,2,104.986018,False
19.96,4,104.993224,True
-12.01,1,104.996223,False
-10.37,12,105.018387,False
-12.01,1,105.021392,False
-11.53,3,105.028909,False
-12.01,1,105.030914,False
20.43,7,105.044698,True
-11.76,1,105.046698,False
-11.76,1,105.050098,False
-11.77,2,105.054108,False
-10.58,8,105.068931,False
-11.79,4,105.076448,False
-11.83,8,105.091829,False
-11.81,6,105.103995,False
20.45,5,105.114131,True
-11.57,7,105.127198,False
20.66,9,105.144706,True
-10.83,8,105.159536,False
-12.01,1,105.162544,False
22.37,12,105.184298,True
-11.81,6,105.195843,False
-12.02,2,105.200154,False
-11.54,4,105.207678,False
-11.79,4,105.216525,False
-12.02,2,105.221046,False
-12.01,1,105.22405,False
-11.77,2,105.228121,False
-11.77,2,105.23242,False
19.96,4,105.240467,True
-11.53,3,105.247352,False
20.2,5,105.257372,True
-11.56,6,105.267717,False
-11.77,2,105.272731,False
21.65,10,105.291622,True
-11.77,2,105.296132,False
-12.02,2,105.300872,False
-11.54,4,105.309382,False
-12.04,4,105.318056,False
-11.79,3,105.324582,False
-11.78,3,105.330487,False
21.13,12,105.352459,True
-11.82,7,105.365224,False
-11.53,3,105.371739,False
-11.76,1,105.373743,False
20.78,72,105.494349,True
-11.77,2,105.499487,False
-11.76,1,105.501487,False
21.4,10,105.520919,True
-10.58,8,105.535279,False
21.66,9,105.552646,True
-11.55,4,105.561172,False
-11.77,2,105.564767,False
21.19,6,105.577311,True
-11.33,8,105.592148,False
-11.79,3,105.598461,False
21.18,7,105.61149,True
-11.58,8,105.626743,False
-11.54,4,105.634861,False
-10.82,7,105.648354,False
19.97,3,105.654888,True
19.96,4,105.663918,True
-11.55,5,105.673939,False
-11.76,1,105.676454,False
20.44,6,105.688104,True
-11.53,3,105.694104,False
-11.77,2,105.698875,False
-12.03,3,105.705385,False
-11.31,6,105.716732,False
-11.56,6,105.728768,False
21.39,11,105.749434,True
-12.02,2,105.753433,False
-11.77,2,105.757951,False
-11.82,7,105.771792,False
20.18,7,105.784625,True
-12.01,1,105.787626,False
-11.55,4,105.795148,False
20.67,8,105.810438,True
-11.53,3,105.816755,False
-12.01,1,105.819804,False
20.44,6,105.830689,True
-11.78,3,105.836709,False
-11.54,4,105.845747,False
-11.77,2,105.850055,False
20.93,7,105.863404,True
22.13,12,105.886284,True
-11.76,1,105.889285,False
-11.76,1,105.891284,False
21.18,7,105.904637,True
-10.82,7,105.918088,False
-11.76,1,105.920616,False
-11.53,3,105.927132,False
-11.59,9,105.944087,False
-11.59,9,105.961623,False
-10.85,10,105.980704,False
-12.02,2,105.984205,False
20.21,4,105.993388,True
20.43,7,106.006625,True
-11.77,2,106.01115,False
-12.01,1,106.01415,False
21.4,10,106.032061,True
21.61,14,106.058764,True
-12.01,1,106.061283,False
-11.76,1,106.064282,False
-12.02,2,106.068285,False
-11.76,1,106.070801,False
-10.61,9,106.087874,False
-10.82,7,106.1004,False
-11.54,4,106.108926,False
21.92,8,106.124489,True
-12.02,2,106.12949,False
-11.78,3,106.136013,False
-11.54,4,106.142536,False
-11.76,1,106.146061,False
-11.53,3,106.153061,False
-11.54,4,106.160587,False
20.91,9,106.178647,True
-12.01,1,106.18164,False
20.21,4,106.189166,True
20.21,4,106.197694,True
-12.02,2,106.201691,False
19.95,5,106.211222,True
21.33,17,106.240825,True
-11.76,1,106.243826,False
-11.78,3,106.250358,False
19.97,3,106.256355,True
-11.34,9,106.273072,False
21.18,7,106.286614,True
-11.54,4,106.29514,False
-11.55,5,106.30466,False
21.39,10,106.33877,True
-11.79,4,106.348843,False
-12.01,1,106.351847,False
-11.53,3,106.367868,False
19.97,3,106.373879,True
-11.59,9,106.394874,False
21.4,10,106.417049,True
-12.01,1,106.420117,False
-11.61,11,106.445949,False
-11.79,4,106.457112,False
-11.55,5,106.468757,False
21.17,8,107.369585,True
-10.82,7,107.38327,False
-11.8,5,107.395308,False
-11.77,2,107.399797,False
21.19,6,107.411983,True
-11.78,3,107.419045,False
-11.78,3,107.425045,False
21.63,11,107.446377,True
-11.77,2,107.451929,False
-11.31,6,107.464997,False
20.21,4,107.473521,True
-11.76,1,107.476515,False
-10.33,8,107.493051,False
21.36,13,107.519087,True
-11.32,7,107.534629,False
-11.57,7,107.549726,False
19.96,4,107.557677,True
-12.02,2,107.562663,False
19.94,6,107.574178,True
-11.76,1,107.577193,False
19.96,4,107.586294,True
-11.76,1,107.589294,False
-11.55,5,107.59967,False
-11.76,1,107.600669,False
-11.54,4,107.604668,False
20.43,7,107.61126,True
-11.53,3,107.614893,False
20.45,5,107.624468,True
19.96,4,107.634271,True
-11.53,3,107.641737,False
-11.76,1,107.64487,False
-11.08,8,107.661547,False
21.17,8,107.678635,True
-11.55,5,107.689682,False
-11.31,6,107.703048,False
20.21,4,107.711135,True
-11.78,3,107.71822,False
-11.3,5,107.728742,False
-11.56,6,107.741439,False
-11.52,2,107.746213,False
-11.53,3,107.753714,False
-12.01,1,107.756224,False
-11.79,4,107.765844,False
20.66,9,107.784044,True
-11.76,1,107.786044,False
-11.81,6,107.799222,False
-12.01,1,107.802749,False
-10.59,8,107.82091,False
-12.02,2,107.825418,False
-11.07,7,107.840072,False
21.19,6,107.854211,True
-11.8,5,107.865372,False
-11.8,4,107.874909,False
21.18,7,107.889563,True
-11.77,2,107.893562,False
22.4,10,107.915804,True
19.97,3,107.922332,True
-10.85,10,107.941423,False
-11.57,7,107.956236,False
21.41,9,107.973825,True
-12.02,2,107.979051,False
22.38,11,108.002898,True
-10.57,7,108.018725,False
-11.78,3,108.025234,False
20.43,7,108.040371,True
-11.54,4,108.048593,False
-11.55,5,108.058638,False
-10.16,15,108.088937,False
-11.53,3,108.0975,False
-12.03,3,108.104073,False
21.38,11,108.127316,True
-11.77,2,108.130872,False
21.15,10,108.152496,True
-11.78,3,108.160021,False
-11.31,6,108.173629,False
21.37,13,108.201865,True
-11.32,7,108.216946,False
-10.35,10,108.238152,False
-11.54,4,108.246659,False
21.43,7,108.262015,True
-11.78,3,108.269129,False
-10.55,5,108.280257,False
-11.78,3,108.287321,False
-11.82,7,108.302891,False
-11.79,4,108.312418,False
-11.78,3,108.319539,False
-11.77,2,108.324532,False
21.42,8,108.342468,True
-11.31,6,108.357638,False
-11.59,9,108.376254,False
-11.79,4,108.385345,False
20.2,5,108.395872,True
-12.01,1,108.398422,False
-10.85,10,108.418278,False
19.95,5,108.429044,True
-12.02,2,108.433634,False
-11.78,3,108.440692,False
22.32,18,108.475388,True
21.15,10,108.495507,True
-11.79,4,108.504246,False
20.21,4,108.512767,True
19.97,3,108.519837,True
-11.78,3,108.526757,False
-12.02,2,108.534548,False
-11.53,3,108.542589,False
-11.8,5,108.553333,False
-11.76,1,108.556331,False
20.19,6,108.570031,True
-12.01,1,108.573046,False
-12.01,1,108.577046,False
-12.03,3,108.584569,False
-11.78,3,108.592099,False
21.65,10,108.612619,True
-11.83,8,108.631708,False
21.15,9,108.650032,True
-12.05,5,108.661561,False
-12.01,1,108.665083,False
21.41,8,108.682243,True
-11.77,2,108.687757,False
-11.79,4,108.695771,False
20.41,8,108.711823,True
-11.77,2,108.717824,False
-12.01,1,108.720353,False
21.39,10,108.740373,True
-11.32,7,108.758062,False
-11.32,7,108.772594,False
21.18,7,108.788526,True
-12.01,1,108.791518,False
-11.54,3,108.79904,False
-11.78,3,108.806048,False
21.42,8,108.824085,True
-11.54,4,108.833573,False
21.17,8,108.849977,True
-11.77,2,108.855501,False
-11.09,9,108.874646,False
21.08,16,108.906806,True
-11.8,5,108.917619,False
-11.76,1,108.920321,False
19.97,3,108.926314,True
-11.77,2,108.932015,False
-11.52,2,108.937011,False
-11.76,1,108.94053,False
20.43,7,108.955597,True
-11.77,2,108.960104,False
-12.01,1,108.963704,False
-11.58,7,108.979767,False
-11.81,6,108.992392,False
-12.01,1,108.996548,False
-11.77,2,109.001563,False
20.18,7,109.017095,True
-11.79,4,109.025749,False
20.19,6,109.040795,True
-11.59,9,109.060212,False
-11.79,4,109.069984,False
-11.76,1,109.072501,False
-11.54,4,109.081508,False
-11.04,4,109.090564,False
20.21,4,109.100092,True
-12.01,1,109.103098,False
-12.01,1,109.10561,False
-10.59,9,109.126145,False
-11.77,2,109.130672,False
20.19,6,109.143191,True
22.63,12,109.170078,True
-11.76,1,109.173085,False
-11.77,2,109.177397,False
19.96,4,109.188584,True
-11.77,2,109.193592,False
-11.56,6,109.208407,False
-11.31,6,109.224678,False
-11.78,3,109.23249,False
20.19,6,109.245003,True
-11.78,3,109.254056,False
-12.01,1,109.259948,False
19.97,3,109.272536,True
-11.29,4,109.290498,False
-11.77,2,109.298011,False
-11.3,5,109.315923,False
20.41,9,109.336057,True
-11.82,7,109.35212,False
-11.55,5,109.363157,False
-11.77,2,109.368174,False
-11.76,1,109.372171,False
-11.31,6,109.384195,False
-11.77,2,109.388198,False
20.2,5,109.399727,True
-12.01,1,109.402726,False
-11.77,2,109.407254,False
20.94,6,109.420774,True
21.62,13,109.444968,True
20.19,6,109.460271,True
19.96,4,109.46879,True
22.15,10,109.489361,True
21.17,8,109.505906,True
-11.85,10,109.524964,False
-11.77,2,109.530958,False
-10.79,4,109.539489,False
-11.77,2,109.545002,False
-12.01,1,109.548002,False
-10.81,6,109.562614,False
-11.52,2,109.567601,False
22.41,9,109.585718,True
20.44,6,109.600777,True
-11.76,1,109.603783,False
-12.02,2,109.608782,False
21.18,7,109.624841,True
-11.05,5,109.636351,False
20.43,7,110.528849,True
21.42,8,110.546002,True
-12.02,2,110.551581,False
19.96,4,110.560094,True
20.19,5,110.570568,True
-11.77,2,110.575093,False
-11.33,8,110.591691,False
-10.34,9,110.610861,False
-12.01,1,110.613388,False
-10.79,4,110.622077,False
-11.37,12,110.647286,False
20.44,6,110.658857,True
-10.81,6,110.672011,False
-11.55,5,110.682534,False
21.33,17,110.714765,True
-11.76,1,110.717331,False
20.45,5,110.728389,True
-11.56,6,110.740904,False
20.45,5,110.751431,True
-11.78,3,110.758953,False
-11.76,1,110.761979,False
20.41,9,110.780226,True
-12.01,1,110.783286,False
-10.59,9,110.801471,False
-11.76,1,110.804469,False
-11.77,2,110.809463,False
-11.78,3,110.815548,False
-11.54,4,110.825065,False
-12.02,2,110.829065,False
-11.78,3,110.837112,False
-11.78,3,110.843616,False
-11.76,1,110.847133,False
-11.56,6,110.859986,False
-12.02,2,110.866091,False
-12.06,6,110.878142,False
20.21,4,110.886259,True
-11.76,1,110.889259,False
20.19,6,110.902492,True
-11.76,1,110.908992,False
20.45,5,110.93002,True
-11.55,5,110.94054,False
20.68,7,110.95858,True
21.61,14,110.995675,True
20.21,4,111.003999,True
20.19,6,111.01797,True
-11.56,6,111.03001,False
21.39,11,111.05407,True
20.45,5,111.064111,True
-10.81,6,111.076885,False
21.18,7,111.091457,True
-11.77,2,111.09646,False
20.19,6,111.10899,True
-11.77,2,111.113518,False
-11.77,2,111.118523,False
-10.32,7,111.134567,False
-11.54,4,111.143584,False
-11.53,3,111.1501,False
-11.78,3,111.156611,False
-11.77,2,111.161145,False
-11.53,3,111.167663,False
-12.03,3,111.174193,False
-11.78,3,111.181736,False
-11.77,2,111.186727,False
21.41,9,111.204784,True
-11.76,1,111.207777,False
-12.01,1,111.210778,False
-11.77,2,111.215318,False
-11.76,1,111.218319,False
20.67,8,111.234847,True
-11.77,2,111.239365,False
21.77,22,111.281995,True
-11.31,6,111.295526,False
20.44,6,111.308562,True
21.39,11,111.330103,True
-11.56,6,111.342625,False
-10.81,6,111.355369,False
20.2,5,111.366419,True
-11.54,4,111.374936,False
-12.03,3,111.382468,False
-11.77,2,111.387468,False
-12.03,3,111.393562,False
-11.55,5,111.405099,False
-11.77,2,111.4091,False
-11.76,1,111.41363,False
20.43,7,111.428148,True
-12.02,2,111.43368,False
-11.76,1,111.43668,False
-10.36,11,111.459527,False
-12.01,1,111.461534,False
-10.81,6,111.474589,False
-11.76,1,111.477591,False
-11.54,4,111.48664,False
-11.8,5,111.497828,False
-11.33,8,111.514884,False
21.17,8,111.531415,True
-11.76,1,111.534415,False
20.67,8,111.550979,True
-12.02,2,111.555993,False
19.95,5,111.566038,True
-11.78,3,111.573211,False
20.44,6,111.585257,True
-12.01,1,111.588263,False
-11.77,2,111.593306,False
-11.78,3,111.601467,False
-12.02,2,111.605974,False
-11.77,2,111.610181,False
-12.01,1,111.613186,False
-11.09,9,111.631777,False
-11.79,4,111.639912,False
-11.76,1,111.642906,False
-10.4,15,111.691258,False
-10.79,4,111.701781,False
21.18,7,111.72637,True
-11.77,2,111.731369,False
-11.52,2,111.736879,False
20.2,5,111.748388,True
-10.8,5,111.758896,False
-11.03,3,111.765406,False
21.18,7,111.780423,True
-12.02,2,111.78455,False
20.42,8,111.80118,True
21.4,10,111.817241,True
-11.79,4,111.822833,False
19.96,4,111.827751,True
-11.58,8,111.835266,False
-12.06,6,111.840783,False
21.4,9,111.848785,True
-12.02,2,111.851297,False
-11.79,4,111.860296,False
-11.79,3,111.868102,False
-11.77,2,111.873018,False
-11.79,4,111.881649,False
-11.78,3,111.889375,False
19.96,4,111.897892,True
-11.76,1,111.901886,False
-11.33,8,111.918485,False
-12.03,3,111.924485,False
-11.81,6,111.937983,False
-11.77,2,111.943512,False
-11.81,6,111.955043,False
-10.84,8,111.972857,False
-11.77,2,111.978787,False
19.97,3,111.98577,True
20.94,6,111.999973,True
-11.57,7,112.014497,False
-12.01,1,112.016496,False
-11.76,1,112.020021,False
19.97,3,112.026828,True
21.17,8,112.045463,True
21.39,11,112.068058,True
20.67,8,112.085345,True
-11.54,4,112.094877,False
-10.59,8,112.11251,False
19.96,4,112.121037,True
19.96,4,112.128549,True
-11.56,6,112.143161,False
-12.03,3,112.150651,False
-11.79,4,112.159176,False
-11.8,5,112.168705,False
19.92,8,112.18593,True
21.85,15,112.218264,True
-11.77,2,112.223268,False
20.21,4,112.23283,True
-10.62,12,112.257887,False
20.2,5,112.26798,True
-11.32,7,112.283292,False
-10.81,6,112.298895,False
20.44,6,112.311422,True
-10.39,14,112.338479,False
-11.76,1,112.342005,False
21.17,7,112.35653,True
-10.58,8,112.372055,False
-11.79,4,112.381109,False
21.42,8,112.397537,True
-12.01,1,112.402537,False
20.19,6,112.415067,True
-11.76,1,112.417067,False
21.17,8,112.433135,True
21.11,14,112.461747,True
-11.3,5,112.473273,False
-11.78,3,112.481149,False
-11.76,1,112.483149,False
-11.78,3,112.48968,False
-11.79,4,112.500681,False
-11.77,2,112.505207,False
-11.78,3,112.512255,False
20.45,5,112.522737,True
20.21,4,112.531254,True
-11.78,3,112.538787,False
-12.01,1,112.541305,False
-11.54,4,112.55075,False
-11.34,9,112.569993,False
-11.76,1,112.572992,False
21.54,20,112.61531,True
-11.77,2,112.620302,False
-12.01,1,112.622311,False
-11.34,8,112.640353,False
-11.53,3,112.646876,False
-11.61,11,112.670127,False
21.35,15,112.699902,True
-11.55,5,112.710425,False
-10.58,8,112.736541,False
-11.8,5,112.748062,False
-11.76,1,112.751061,False
19.97,3,112.757587,True
-12.01,1,112.760582,False
19.95,5,113.783837,True
-12.02,2,113.787869,False
20.66,9,113.806288,True
-10.59,9,113.826132,False
21.37,13,113.853531,True
-11.52,2,113.858531,False
-11.55,5,113.869706,False
-10.34,9,113.888109,False
20.2,5,113.89818,True
-11.77,2,113.903348,False
-10.62,12,113.927111,False
-12.01,1,113.930111,False
-11.76,1,113.933224,False
21.41,8,113.949347,True
-11.52,2,113.953859,False
-11.07,7,113.968014,False
-11.53,3,113.97554,False
-10.55,5,113.987355,False
-12.03,3,113.993355,False
-11.53,3,114.000338,False
-11.07,7,114.015474,False
-11.81,6,114.028,False
-12.01,1,114.031472,False
-11.56,6,114.044002,False
-12.01,1,114.046993,False
-11.78,3,114.052946,False
-11.56,6,114.066006,False
-12.01,1,114.069006,False
20.42,8,114.08629,True
-12.02,2,114.093573,False
-12.02,2,114.098869,False
-11.54,4,114.107869,False
19.96,4,114.116339,True
-11.54,4,114.125869,False
21.62,13,114.152095,True
-12.01,1,114.155625,False
20.18,7,114.169858,True
-12.01,1,114.172857,False
-11.76,1,114.175858,False
-11.34,8,114.193837,False
-11.78,3,114.200891,False
20.43,7,114.216203,True
-11.53,3,114.223725,False
-10.84,9,114.241944,False
21.15,10,114.262133,True
20.42,8,114.279228,True
-11.56,6,114.293621,False
-12.02,2,114.298145,False
-11.32,7,114.312368,False
-12.02,2,114.318202,False
-11.82,7,114.334886,False
-12.01,1,114.3369,False
-11.76,1,114.3399,False
-11.78,3,114.345901,False
-11.77,2,114.352206,False
-11.77,2,114.357206,False
-11.76,1,114.359623,False
-10.34,9,114.377961,False
-11.54,4,114.387755,False
-11.56,6,114.401252,False
20.2,5,114.411773,True
-11.57,6,114.424144,False
-10.82,6,114.437455,False
-12.01,1,114.440455,False
-12.01,1,114.444455,False
-11.78,3,114.45112,False
-10.56,6,114.464569,False
-10.66,16,114.496751,False
-11.56,6,114.509068,False
-11.8,5,114.519235,False
20.43,7,114.53425,True
-11.76,1,114.536765,False
-11.76,1,114.53978,False
-11.84,9,114.556741,False
-12.01,1,114.560252,False
21.66,9,114.582089,True
-11.56,6,114.59465,False
-12.01,1,114.598026,False
-11.54,3,114.605018,False
-11.8,5,114.615768,False
21.14,11,114.639016,True
-12.03,3,114.646029,False
20.2,5,114.656239,True
-11.57,7,114.670013,False
20.44,6,114.682531,True
-11.78,3,114.688646,False
-11.53,3,114.695621,False
21.66,9,114.713784,True
-10.32,7,114.728856,False
-11.81,6,114.742002,False
-11.54,4,114.751975,False
21.36,14,114.778503,True
21.38,12,114.801729,True
19.97,3,114.808254,True
-11.76,1,114.811255,False
-11.77,2,114.81694,False
-11.79,4,114.825463,False
-9.83,8,114.841586,False
-11.33,8,114.857722,False
-12.01,1,114.860722,False
20.68,7,114.876222,True
21.16,9,114.896899,True
19.93,7,114.910282,True
-11.52,2,114.914934,False
21.65,10,114.935594,True
-12.01,1,114.938594,False
-10.84,9,114.95614,False
20.68,7,114.971089,True
-11.56,6,114.982177,False
-11.77,2,114.987751,False
-11.76,1,114.990751,False
-11.53,3,114.998456,False
19.94,6,115.011286,True
-12.01,1,115.013285,False
21.37,13,115.037421,True
-12.04,4,115.045951,False
-10.59,9,115.064577,False
-11.54,4,115.073811,False
20.43,7,115.088381,True
19.97,3,115.096458,True
-10.82,7,115.112772,False
21.63,12,115.139231,True
-11.78,3,115.145755,False
20.15,9,115.164553,True
20.45,5,115.175104,True
21.37,13,115.201928,True
21.42,8,115.219496,True
-12.01,1,115.221496,False
-11.82,7,115.235955,False
-12.02,2,115.241231,False
21.43,7,115.256789,True
21.2,5,115.268082,True
-12.05,5,115.279095,False
21.61,14,115.307554,True
-12.01,1,115.310553,False
20.44,6,115.322778,True
-11.77,2,115.327307,False
-11.31,6,115.341494,False
-11.76,1,115.344494,False
-12.02,2,115.34967,False
19.96,4,115.357669,True
-12.01,1,115.360191,False
-11.31,6,115.373315,False
-11.56,6,115.386463,False
20.19,6,115.400787,True
-12.01,1,115.403814,False
-11.8,5,115.414206,False
20.44,6,115.426837,True
20.43,7,115.440955,True
20.21,4,115.450524,True
21.64,10,115.472351,True
-12.07,7,115.486532,False
-11.05,5,115.498147,False
21.6,14,115.524891,True
-11.57,7,115.53943,False
-12.03,3,115.54643,False
-11.77,2,115.55145,False
-11.78,3,115.556971,False
21.37,12,115.580685,True
19.96,4,115.589306,True
-11.79,4,115.598409,False
-11.56,6,115.611453,False
19.95,5,115.621173,True
20.2,5,115.63102,True
-11.76,1,115.63455,False
-11.8,5,115.645063,False
-11.77,2,115.649715,False
-11.8,5,115.660228,False
20.45,5,115.670403,True
22.35,14,115.697623,True
-11.76,1,115.700639,False
-12.04,4,115.709161,False
-10.8,5,115.719244,False
-12.01,1,115.723145,False
21.18,7,115.736224,True
-12.04,4,115.745346,False
-11.79,4,115.753966,False
-12.02,2,115.758404,False
-12.01,1,115.761487,False
21.19,6,115.773428,True
-11.82,7,115.788387,False
-11.79,4,115.798298,False
-11.77,2,115.803295,False
20.2,5,115.813263,True
-11.76,1,115.816109,False
-11.54,4,115.824633,False
21.15,10,115.844736,True
20.2,5,115.855831,True
21.42,8,116.790195,True
19.95,5,116.804653,True
-11.55,5,116.815741,False
-11.53,3,116.821794,False
21.18,7,116.835515,True
-11.77,2,116.840515,False
-11.54,4,116.85052,False
21.27,23,116.894188,True
-12.01,1,116.896698,False
-11.52,2,116.90101,False
21.41,9,117.801238,True
21.41,9,117.810744,True
-12.02,2,117.813744,False
-11.55,5,117.81979,False
-11.79,4,117.824318,False
-12.01,1,117.825825,False
-11.79,4,117.829744,False
20.2,5,117.835762,True
-11.77,2,117.837762,False
-11.53,3,117.840868,False
20.43,7,117.849137,True
-11.55,4,117.852643,False
-11.56,6,117.858643,False
-11.33,8,117.865678,False
-11.54,4,117.870181,False
-11.56,5,117.876185,False
21.43,7,117.884232,True
-12.01,1,117.885231,False
-11.56,6,117.892914,False
-12.01,1,117.893913,False
-11.57,7,117.901104,False
-11.07,7,117.91011,False
-11.53,3,117.91333,False
-11.56,6,117.920349,False
20.19,6,117.928487,True
20.19,6,117.93518,True
-11.34,9,117.945686,False
20.42,8,117.955757,True
-11.76,1,117.956758,False
-11.78,3,117.959757,False
21.36,13,117.981582,True
-11.54,4,117.98615,False
-11.54,4,117.990159,False
-11.76,1,117.992159,False
-11.53,3,117.99416,False
-12.01,1,117.996255,False
21.24,26,118.017979,True
-11.78,3,118.020978,False
-11.78,3,118.023648,False
20.2,5,118.028172,True
20.94,6,118.033478,True
-12.01,1,118.035478,False
-11.76,1,118.036479,False
-11.54,4,118.040002,False
-12.01,1,118.041002,False
20.19,6,118.046002,True
-12.02,2,118.04823,False
-11.06,6,118.053245,False
-12.01,1,118.054245,False
-11.78,3,118.057245,False
-12.01,1,118.058761,False
-11.77,2,118.060777,False
20.44,6,118.065996,True
-12.04,4,118.069513,False
-11.78,3,118.072518,False
-10.57,7,118.078517,False
-11.55,5,118.083252,False
22.4,10,118.091784,True
-11.79,4,118.095784,False
-11.8,5,118.10014,False
20.43,7,118.106381,True
-10.57,7,118.112914,False
-11.59,9,118.120701,False
-11.76,1,118.121718,False
-11.77,2,118.123716,False
-11.32,7,118.129242,False
-11.79,4,118.133004,False
-11.31,6,118.14039,False
-11.78,3,118.142909,False
-11.53,3,118.145911,False
-11.76,1,118.14691,False
20.44,6,118.152443,True
20.44,6,118.157446,True
-12.01,1,118.158446,False
-11.77,2,118.161443,False
20.92,8,118.168217,True
-10.34,9,118.175743,False
-10.62,12,118.1855,False
20.2,5,118.1905,True
-11.77,2,118.192499,False
-11.55,5,118.196023,False
21.36,13,118.207767,True
20.44,6,118.212766,True
-10.62,12,118.222553,False
-11.79,3,118.225072,False
-11.31,6,118.230535,False
-11.79,4,118.233527,False
21.39,11,118.243054,True
-12.01,1,118.245561,False
-11.76,1,118.246568,False
21.38,11,118.254819,True
-11.79,4,118.258343,False
-10.34,9,118.267095,False
-11.79,4,118.2711,False
-12.01,1,118.272095,False
-11.76,1,118.273094,False
-11.54,4,118.27661,False
20.21,4,118.280854,True
-11.56,6,118.28585,False
-11.56,6,118.290543,False
-11.55,5,118.295539,False
-11.54,4,118.29929,False
-11.84,9,118.306289,False
-10.59,9,118.315072,False
-11.36,11,118.324581,False
-12.01,1,118.32558,False
19.96,4,118.328632,True
21.42,8,118.334881,True
-11.76,1,118.336881,False
-10.8,5,118.341176,False
19.97,3,118.343176,True
-11.56,6,118.348412,False
-10.34,9,118.356916,False
-11.77,2,118.358916,False
-11.53,3,118.361439,False
-11.32,7,118.367668,False
-11.54,4,118.371202,False
-11.81,6,118.376817,False
-11.54,4,118.380327,False
-11.32,7,118.386561,False
-11.53,3,118.38956,False
-10.84,8,118.396086,False
-11.77,2,118.398329,False
-12.03,3,118.401825,False
-11.79,4,118.404832,False
-10.57,7,118.410832,False
-11.79,4,118.414615,False
-11.54,4,118.418611,False
-12.02,2,118.42061,False
-11.32,7,118.427136,False
21.39,11,118.436094,True
-11.77,2,118.439094,False
-11.76,1,118.440094,False
20.44,6,118.444607,True
-11.76,1,118.445606,False
-11.56,6,118.451076,False
-11.76,1,118.453599,False
-12.03,3,118.456185,False
-12.01,1,118.457186,False
-12.02,2,118.459184,False
-11.8,5,118.464095,False
-11.56,6,118.470196,False
-12.01,1,118.471193,False
-11.53,3,118.474124,False
-11.77,2,118.475647,False
-12.01,1,118.477647,False
-12.01,1,118.478651,False
-10.87,12,118.488671,False
-12.01,1,118.489671,False
-11.33,8,118.497591,False
21.64,11,118.507111,True
21.41,8,118.513551,True
19.94,6,118.519107,True
-11.35,10,118.526622,False
-12.01,1,118.527639,False
20.96,29,118.553767,True
-10.34,9,118.561298,False
20.2,5,118.565547,True
21.43,7,118.571071,True
20.91,9,118.578573,True
21.18,7,118.58483,True
-11.53,3,118.587837,False
-11.76,1,118.589351,False
-11.78,3,118.592355,False
20.44,6,118.597574,True
-11.77,2,118.599085,False
21.65,10,118.608099,True
-11.56,6,118.613872,False
-11.55,5,118.617867,False
21.42,8,118.625392,True
-11.77,2,118.627392,False
-12.02,2,118.629392,False
-11.77,2,118.630655,False
-12.01,1,118.63267,False
-11.79,4,118.636436,False
-12.02,2,118.638435,False
19.95,5,118.642948,True
-11.54,4,118.645948,False
-11.53,3,118.649201,False
-11.17,16,118.663219,False
21.43,7,118.67046,True
-11.53,3,118.672973,False
-10.6,9,118.681046,False
22.62,13,118.690718,True
-11.53,3,118.694314,False
-11.79,4,118.698937,False
19.95,5,118.702526,True
-11.77,2,118.704619,False
21.38,12,118.715474,True
-11.53,3,118.717474,False
-11.53,3,118.720474,False
-11.78,3,118.723474,False
-12.01,1,118.723992,False
-11.78,3,118.726989,False
-11.81,6,118.732745,False
-12.02,2,118.734264,False
-11.32,7,118.740268,False
-11.78,3,118.743141,False
21.65,10,118.751896,True
22.38,12,119.10933,True
21.14,10,119.11982,True
-11.53,3,119.124327,False
20.2,5,119.129327,True
-11.56,6,119.135898,False
21.1,15,119.15259,True
-11.56,6,119.159603,False
21.43,7,119.168566,True
-12.03,3,119.172566,False
-10.81,6,119.180071,False
-11.76,1,119.18158,False
21.42,8,119.193086,True
-11.54,4,119.198138,False
20.19,6,119.205642,True
20.2,5,119.212644,True
20.18,7,119.22015,True
-12.01,1,119.22215,False
-11.78,3,119.226655,False
-12.01,1,119.227656,False
20.19,6,119.235191,True
-11.77,2,119.237699,False
20.2,5,119.244334,True
-11.77,2,119.246836,False
20.21,4,119.252253,True
20.18,7,119.259758,True
-11.78,3,119.263758,False
-10.32,7,119.271724,False
-11.52,2,119.274723,False
-11.8,5,119.280719,False
20.43,7,119.289224,True
19.94,6,119.296225,True
-11.76,1,119.297612,False
-12.01,1,119.299115,False
-11.31,6,119.307126,False
-11.77,2,119.309629,False
-11.77,2,119.31164,False
20.92,8,119.320017,True
-11.76,1,119.321527,False
-11.32,7,119.329439,False
21.15,10,119.338772,True
20.21,4,119.343296,True
21.14,11,119.35328,True
-11.76,1,119.35528,False
-12.03,3,119.35828,False
-11.82,7,119.366229,False
-11.78,3,119.369228,False
-11.76,1,119.371229,False
-11.79,3,119.374753,False
-12.03,3,119.377746,False
-11.08,8,119.386735,False
22.39,10,119.3966,True
-11.76,1,119.397624,False
-12.01,1,119.398621,False
-11.08,8,119.406848,False
20.43,7,119.413146,True
-11.59,8,119.420348,False
-11.76,1,119.421355,False
-11.83,8,119.428872,False
-11.55,5,119.433749,False
-11.3,5,119.437842,False
-11.53,3,119.440841,False
22.61,12,119.450679,True
-11.78,3,119.454204,False
21.14,11,119.46415,True
20.21,4,119.467663,True
20.19,6,119.472663,True
-11.79,4,119.476663,False
21.42,8,119.483522,True
-11.55,5,119.488047,False
20.97,28,119.511397,True
20.43,7,119.518312,True
20.2,5,119.522326,True
-11.52,2,119.525322,False
-11.77,2,119.527322,False
-11.79,4,119.531247,False
-10.36,9,119.538922,False
-11.78,3,119.541937,False
21.17,8,119.548218,True
-11.78,3,119.551457,False
21.65,10,119.559973,True
-11.31,6,119.56522,False
21.19,6,119.569732,True
-11.53,3,119.572746,False
-11.37,12,119.583488,False
-11.58,8,119.590488,False
21.35,15,119.602865,True
-11.79,3,119.605865,False
-12.01,1,119.606865,False
22.22,27,119.62931,True
20.43,7,119.634657,True
21.67,8,119.641657,True
21.41,8,119.649207,True
-10.57,7,119.654732,False
-11.76,1,119.655731,False
-11.76,1,119.656731,False
-11.54,4,119.660733,False
-11.76,1,119.661731,False
-11.77,2,119.66448,False
-11.57,7,119.669479,False
20.19,6,119.675003,True
20.2,5,119.680002,True
21.87,12,119.689763,True
20.43,7,119.695288,True
-12.01,1,119.69628,False
-11.55,4,119.70048,False
20.44,6,119.704999,True
-12.01,1,119.706999,False
-11.55,4,119.711003,False
-10.63,12,119.720907,False
-11.77,2,119.723907,False
-12.07,7,119.729434,False
-11.6,9,119.737483,False
-11.57,7,119.744162,False
-11.54,4,119.747566,False
-11.54,4,119.75156,False
-11.76,1,119.75256,False
-11.77,2,119.754565,False
20.67,8,119.761084,True
21.42,8,119.76858,True
20.21,4,119.772579,True
-11.78,3,119.774579,False
21.39,10,119.783352,True
-11.78,3,119.786348,False
-11.78,3,119.78886,False
-10.81,6,119.794861,False
-12.01,1,119.795861,False
-12.01,1,119.797677,False
-11.79,4,119.801688,False
-12.01,1,119.802682,False
-11.56,5,119.806688,False
-11.77,2,119.809216,False
-10.84,9,119.816503,False
19.96,4,119.821014,True
-11.77,2,119.823013,False
21.41,9,119.830952,True
-10.56,6,119.837463,False
21.63,12,119.847518,True
-11.55,5,119.852696,False
-11.31,6,119.857696,False
21.19,6,119.862221,True
-11.77,2,119.864616,False
-11.58,8,119.872136,False
-11.32,6,119.877135,False
19.96,4,119.880547,True
19.95,5,119.885097,True
-11.34,9,119.892381,False
22.4,10,119.900833,True
22.37,13,119.913294,True
21.36,14,119.923869,True
-11.55,5,119.928868,False
-11.3,5,119.933798,False
-11.78,3,119.936811,False
-12.02,2,119.938812,False
-11.58,7,119.944018,False
-11.78,3,119.947446,False
-11.78,3,119.949467,False
20.44,6,119.955503,True
-11.78,3,119.9591,False
-11.77,2,119.961099,False
-11.81,6,119.966629,False
20.43,6,119.971628,True
-11.78,3,119.975147,False
22.4,9,119.982414,True
-11.31,6,119.987461,False
-12.01,1,119.988461,False
21.14,10,119.996692,True
-12.01,1,119.99796,False
20.45,5,120.002955,True
20.42,8,120.010467,True
-12.01,1,120.011467,False
-12.02,2,120.013882,False
21.42,8,120.020429,True
20.2,5,120.025427,True
-12.05,5,120.029942,False
-11.77,2,120.031323,False
-11.53,3,120.034841,False
-12.01,1,120.035487,False
-12.01,1,120.037015,False
20.44,6,120.042021,True
-11.78,3,120.04502,False
-12.02,2,120.04602,False
-11.77,2,120.048457,False
19.97,3,120.051452,True
21.66,9,120.059964,True
21.18,7,120.066607,True
-11.55,5,120.071127,False
21.18,7,120.077127,True
-11.79,4,120.07965,False
21.43,7,120.085892,True
21.43,7,120.092417,True
20.21,4,120.469358,True
21.17,8,120.478863,True
22.14,11,120.492787,True
-11.82,7,120.501845,False
21.17,8,120.511349,True
-11.79,4,120.514913,False
-11.53,3,120.52042,False
-12.01,1,120.52142,False
-12.01,1,120.52342,False
20.45,5,120.529407,True
-12.02,2,120.532426,False
-11.54,4,120.537434,False
-11.81,6,120.544438,False
-12.01,1,120.546438,False
-12.02,2,120.549052,False
-11.77,2,120.551052,False
20.43,7,120.559559,True
-11.54,4,120.565121,False
-11.79,4,120.569633,False
-11.53,3,120.572639,False
-12.01,1,120.573639,False
20.2,5,120.578639,True
22.33,17,120.59561,True
21.37,12,120.607542,True
-11.58,8,120.616594,False
-11.78,3,120.621006,False
19.94,6,120.627838,True
20.21,4,120.632535,True
-11.78,3,120.636658,False
21.37,13,120.6514,True
-11.6,9,120.661464,False
-11.82,7,120.670061,False
-11.78,3,120.673573,False
-12.02,2,120.675591,False
21.17,7,120.681938,True
20.45,5,120.68746,True
21.62,12,120.699263,True
-10.8,5,120.704772,False
-11.77,2,120.706786,False
21.64,10,120.716622,True
-12.03,3,120.719622,False
-11.3,5,120.724623,False
-12.01,1,120.725622,False
-12.02,2,120.727142,False
-11.32,7,120.733396,False
-11.77,2,120.734396,False
-11.77,2,120.73744,False
-11.84,9,120.744445,False
20.93,7,120.750758,True
-11.06,6,120.757076,False
-11.77,2,120.75808,False
-11.76,1,120.75908,False
-11.78,3,120.762077,False
-11.78,3,120.765506,False
-10.09,9,120.774033,False
21.19,6,120.778559,True
-11.53,3,120.782026,False
21.59,16,120.795549,True
-11.76,1,120.796549,False
-11.56,6,120.802059,False
-11.55,5,120.806059,False
-12.01,1,120.807059,False
-11.56,6,120.813025,False
19.96,4,120.817059,True
-11.78,3,120.819561,False
-11.78,3,120.822575,False
21.34,16,120.835642,True
21.93,7,120.841681,True
-11.8,5,120.846046,False
20.18,7,120.852601,True
-11.33,7,120.858674,False
21.63,12,120.868475,True
21.02,21,120.885937,True
-11.82,7,120.891938,False
20.44,6,120.897846,True
-11.53,3,120.900845,False
21.18,7,120.906666,True
20.42,7,120.912747,True
21.15,10,120.920583,True
-11.76,1,120.922575,False
21.14,10,120.931299,True
-10.05,5,120.935825,False
22.14,11,120.945494,True
-11.53,3,120.948101,False
20.19,6,120.9531,True
19.96,4,120.957608,True
-11.79,4,120.960607,False
21.12,13,120.971541,True
20.21,4,120.975541,True
-11.77,2,120.977051,False
19.94,6,120.982452,True
-12.02,2,120.983963,False
-11.57,7,120.99011,False
-11.53,3,120.993109,False
-11.29,4,120.997109,False
-11.81,6,121.002371,False
20.45,5,121.007373,True
21.66,9,121.015191,True
-11.82,7,121.021704,False
21.64,11,121.032012,True
-11.52,2,121.034011,False
-11.29,4,121.037009,False
-11.77,2,121.038527,False
-11.77,2,121.041053,False
20.44,6,121.046052,True
-11.76,1,121.047304,False
-11.58,8,121.054818,False
-12.01,1,121.055818,False
20.68,7,121.061336,True
19.96,4,121.064807,True
-10.61,11,121.075336,False
-12.02,2,121.077336,False
19.97,3,121.079336,True
-11.1,10,121.089109,False
-11.56,6,121.093634,False
20.45,5,121.098083,True
-11.78,3,121.101083,False
-12.01,1,121.102592,False
20.44,6,121.107116,True
21.36,14,121.119932,True
-11.77,2,121.121931,False
-11.77,2,121.122931,False
21.19,6,121.128458,True
21.32,17,121.143029,True
-11.06,6,121.147973,False
-11.56,6,121.152972,False
21.18,7,121.158495,True
-11.32,5,121.163888,False
19.96,4,121.167412,True
-11.77,2,121.169411,False
-11.82,7,121.175411,False
-11.77,2,121.176922,False
-12.03,3,121.180171,False
-11.57,7,121.186175,False
-11.77,2,121.188703,False
21.56,19,121.203169,True
-11.78,3,121.20617,False
-10.55,5,121.211705,False
-11.76,1,121.212688,False
-11.77,2,121.215237,False
20.15,10,121.222759,True
19.93,7,121.228759,True
-11.83,8,121.23534,False
20.18,7,121.241381,True
-11.78,3,121.244383,False
21.09,15,121.256535,True
-11.3,5,121.261034,False
20.44,6,121.266617,True
-10.59,9,121.274141,False
-11.78,3,121.277141,False
-11.78,3,121.280141,False
-11.82,7,121.285919,False
20.44,6,121.290918,True
20.45,5,121.295444,True
-12.01,1,121.296444,False
21.17,8,121.304249,True
21.42,8,121.310249,True
-12.06,6,121.316523,False
-11.54,4,121.320527,False
-12.01,1,121.321525,False
-11.76,1,121.322525,False
21.2,5,121.327053,True
-12.01,1,121.328052,False
20.93,6,121.334049,True
20.2,5,121.337575,True
-11.55,5,121.343095,False
21.67,8,121.349762,True
-11.31,6,121.354769,False
21.17,8,121.361293,True
-11.77,2,121.36364,False
-12.02,2,121.366206,False
-11.76,1,121.367204,False
21.41,9,121.374204,True
-11.52,2,121.376731,False
-11.53,3,121.379725,False
20.2,5,121.38416,True
20.96,4,121.387675,True
-11.76,1,121.388675,False
21.4,10,121.398214,True
-11.53,3,121.401214,False
20.44,6,121.406215,True
-11.57,7,121.413133,False
-11.81,6,121.417824,False
20.44,6,121.423843,True
-11.53,3,121.426838,False
-11.34,9,121.435071,False
-12.04,4,121.815284,False
21.42,8,121.823793,True
20.2,5,121.830933,True
22.37,13,121.844945,True
-11.53,3,121.847955,False
-12.01,1,121.849957,False
20.19,6,121.855957,True
-11.78,3,121.859463,False
-12.01,1,121.861462,False
20.18,7,121.869967,True
-11.76,1,121.871967,False
21.38,12,121.884982,True
-12.02,2,121.887982,False
-11.78,3,121.891489,False
21.32,18,121.909488,True
21.17,8,121.916588,True
-11.52,2,121.918588,False
21.44,6,121.926095,True
-11.57,7,121.934236,False
-11.1,9,121.944766,False
21.18,7,121.952927,True
-11.77,2,121.955929,False
-11.54,4,121.961929,False
20.66,8,121.970021,True
-11.82,7,121.97854,False
20.2,5,121.984187,True
20.43,6,121.991191,True
-12.02,2,121.994191,False
-11.54,4,121.999266,False
-11.77,2,122.002264,False
20.41,9,122.012779,True
20.44,6,122.018667,True
21.09,16,122.032481,True
21.41,9,122.040004,True
-11.31,6,122.045528,False
-11.77,2,122.047915,False
-11.31,6,122.053911,False
-11.77,2,122.055909,False
-12.02,2,122.05743,False
19.97,3,122.060433,True
20.2,5,122.065746,True
-11.55,5,122.069278,False
-12.01,1,122.071277,False
-11.76,1,122.072277,False
-12.01,1,122.073277,False
-11.32,7,122.079803,False
-11.53,3,122.082073,False
-10.79,4,122.086073,False
20.2,5,122.09059,True
-11.76,1,122.09159,False
-11.79,4,122.095665,False
-11.77,2,122.096667,False
-11.55,5,122.102582,False
-11.8,5,122.106269,False
-11.52,2,122.108849,False
-11.76,1,122.109866,False
-11.3,5,122.115253,False
21.34,16,122.127771,True
-11.76,1,122.129667,False
-11.77,2,122.131691,False
-11.76,1,122.132691,False
-12.02,2,122.134691,False
20.18,7,122.141687,True
-11.76,1,122.142705,False
22.39,11,122.151761,True
-10.59,9,122.159091,False
20.21,4,122.162767,True
20.2,5,122.167682,True
21.4,10,122.176346,True
22.41,9,122.184196,True
-11.3,5,122.189203,False
-11.56,5,122.193721,False
-11.78,3,122.196997,False
21.64,11,122.205514,True
20.42,8,122.213032,True
-12.01,1,122.214287,False
-11.76,1,122.215285,False
20.44,6,122.220279,True
20.45,5,122.225815,True
-11.78,3,122.227814,False
21.41,9,122.236562,True
20.19,6,122.240561,True
21.41,9,122.249102,True
-11.78,2,122.251115,False
20.19,6,122.256337,True
-11.56,6,122.26086,False
-12.01,1,122.26187,False
-12.01,1,122.262874,False
-10.83,8,122.269889,False
21.4,10,122.278412,True
-11.53,3,122.281754,False
-11.77,2,122.283754,False
20.69,6,122.28828,True
-12.02,2,122.29028,False
19.93,7,122.297168,True
20.44,6,122.302708,True
-12.01,1,122.303708,False
-12.01,1,122.304708,False
19.96,4,122.308233,True
-11.76,1,122.309233,False
-11.54,4,122.313505,False
-11.76,1,122.314501,False
-12.01,1,122.315503,False
-11.82,6,122.321043,False
20.44,6,122.325564,True
20.18,7,122.332385,True
-11.78,3,122.335384,False
20.65,10,122.34324,True
-11.53,3,122.346636,False
-12.02,2,122.348176,False
-11.6,9,122.355715,False
20.16,9,122.363614,True
-11.78,3,122.366633,False
-11.55,5,122.371158,False
-11.77,2,122.373158,False
-11.8,4,122.377165,False
-11.3,5,122.381983,False
-12.03,3,122.384983,False
-11.82,7,122.390502,False
-11.54,4,122.394507,False
-11.79,4,122.398506,False
19.97,3,122.401026,True
-11.78,3,122.404029,False
-11.78,3,122.407029,False
-11.85,10,122.415937,False
-12.01,1,122.416938,False
-11.76,1,122.417937,False
20.67,8,122.425464,True
-10.82,7,122.431795,False
-10.57,7,122.437318,False
-10.8,5,122.442318,False
-10.38,13,122.45311,False
-11.77,2,122.454812,False
-11.76,1,122.457567,False
-11.56,6,122.461573,False
-11.77,2,122.465065,False
-11.55,5,122.469079,False
-11.32,7,122.475606,False
-11.77,2,122.477605,False
21.66,9,122.485502,True
-11.77,2,122.487501,False
-11.76,1,122.488501,False
20.67,8,122.496025,True
20.21,4,122.499263,True
-11.32,6,122.504774,False
21.18,7,122.510789,True
-11.77,2,122.512789,False
20.93,7,122.519524,True
21.18,7,122.52553,True
19.96,4,122.529503,True
19.9,10,122.538056,True
-11.77,2,122.540056,False
-11.54,4,122.543581,False
-11.54,4,122.547567,False
-11.78,3,122.550578,False
20.94,6,122.555565,True
-12.01,1,122.557079,False
-10.39,14,122.568225,False
19.95,5,122.57322,True
-11.78,3,122.576221,False
-11.58,8,122.583122,False
20.45,5,122.588122,True
-12.02,2,122.589646,False
-11.05,5,122.594645,False
-11.56,6,122.599439,False
-12.05,5,122.603439,False
20.18,7,122.609964,True
22.25,24,122.629344,True
-11.52,2,122.631807,False
-12.01,1,122.632806,False
-11.52,2,122.634806,False
-12.03,3,122.637805,False
-11.31,6,122.643852,False
-11.57,7,122.650215,False
-11.77,2,122.651737,False
-12.01,1,122.652737,False
-12.03,3,122.655729,False
-12.01,1,122.656737,False
20.44,6,122.662259,True
-11.78,3,122.665497,False
21.64,11,122.674545,True
-11.77,2,122.675544,False
-11.53,3,122.678543,False
-11.78,3,122.6813,False
-12.04,4,122.685314,False
-11.79,4,122.688314,False
-11.76,1,122.689314,False
21.39,10,122.698068,True
20.2,5,122.702585,True
-11.81,6,122.707584,False
-11.79,4,122.71159,False
-11.76,1,122.71259,False
-11.56,6,122.717374,False
-11.76,1,122.719374,False
-12.02,2,122.721375,False
-10.6,9,122.727901,False
21.18,7,122.73474,True
-12.02,2,122.736732,False
-12.03,3,122.739742,False
20.18,7,122.745264,True
20.4,10,122.754273,True
-11.57,7,122.760288,False
-10.81,6,122.765603,False
19.97,3,122.769608,True
21.15,10,122.777133,True
-12.01,1,122.778133,False
-11.76,1,122.779134,False
-11.59,9,123.159165,False
-11.76,1,123.161165,False
-10.34,9,123.171998,False
-12.01,1,123.174504,False
-12.01,1,123.175504,False
-11.76,1,123.177504,False
19.97,3,123.181822,True
-11.77,2,123.184322,False
-11.77,2,123.18633,False
20.21,4,123.19033,True
20.2,5,123.196407,True
-11.79,4,123.201502,False
-11.84,8,123.210952,False
-12.01,1,123.212953,False
-12.01,1,123.214494,False
-10.35,10,123.226503,False
21.36,14,123.242767,True
-11.53,3,123.246872,False
-11.77,2,123.249894,False
-11.55,5,123.254894,False
21.16,9,123.264985,True
20.19,6,123.272996,True
-12.01,1,123.273996,False
19.95,5,123.280646,True
21.43,7,123.287646,True
-12.02,2,123.291235,False
-11.76,1,123.292235,False
-12.01,1,123.294235,False
-11.79,4,123.299542,False
-11.53,3,123.303552,False
-11.78,3,123.306553,False
21.43,7,123.313543,True
-10.56,6,123.31956,False
19.97,3,123.323072,True
-12.01,1,123.324072,False
-12.01,1,123.32607,False
20.93,7,123.3332,True
-10.85,10,123.344696,False
-11.81,6,123.350515,False
-11.53,3,123.354041,False
-11.78,3,123.357041,False
-11.55,5,123.362936,False
-11.77,2,123.364953,False
-11.56,6,123.370952,False
20.67,8,123.378474,True
20.44,6,123.38439,True
-11.76,1,123.38539,False
-11.53,3,123.38839,False
-11.77,2,123.39039,False
-11.54,4,123.394915,False
21.43,7,123.402263,True
-11.78,3,123.40478,False
-11.77,2,123.406785,False
-12.01,1,123.408784,False
-11.58,8,123.415785,False
-12.01,1,123.416778,False
20.19,6,123.421776,True
-11.79,4,123.425289,False
20.45,5,123.430959,True
-11.29,4,123.43395,False
21.44,6,123.438475,True
-12.01,1,123.440475,False
21.62,13,123.450653,True
-11.56,6,123.456179,False
-11.52,2,123.457697,False
-10.59,9,123.466617,False
21.32,18,123.48123,True
-11.77,2,123.483226,False
-11.77,2,123.485226,False
-11.53,3,123.487745,False
21.4,10,123.495749,True
-11.77,2,123.498622,False
-12.02,2,123.500621,False
-12.01,1,123.501621,False
-11.55,4,123.504621,False
-11.78,3,123.508134,False
20.45,5,123.512504,True
20.93,7,123.518523,True
-12.06,6,123.524038,False
-12.04,4,123.527046,False
-12.04,4,123.530943,False
21.43,7,123.536941,True
-11.78,3,123.540444,False
20.42,8,123.547462,True
-12.01,1,123.548494,False
-11.76,1,123.550005,False
-11.55,5,123.554022,False
-11.76,1,123.55502,False
-12.03,3,123.55802,False
-11.53,3,123.561547,False
19.93,7,123.567455,True
20.21,4,123.570982,True
-12.01,1,123.572002,False
21.39,11,123.581538,True
-11.76,1,123.582055,False
-10.55,5,123.58706,False
-12.02,2,123.58906,False
-10.8,5,123.593583,False
20.69,6,123.598846,True
21.4,9,123.607369,True
20.19,6,123.611374,True
-12.07,7,123.619131,False
-12.01,1,123.620162,False
-11.3,5,123.624519,False
-11.79,3,123.627274,False
-11.76,1,123.628352,False
-10.79,4,123.631959,False
-12.02,2,123.634465,False
-12.01,1,123.635471,False
-11.54,4,123.638469,False
19.93,7,123.644987,True
21.15,10,123.653418,True
-11.78,3,123.656942,False
-11.32,7,123.663045,False
-12.01,1,123.664072,False
-11.8,5,123.668574,False
21.28,22,123.686432,True
-11.55,4,123.689436,False
20.21,4,123.693436,True
-11.76,1,123.69444,False
22.53,22,123.71227,True
-11.79,4,123.715673,False
-10.83,8,123.723199,False
20.44,6,123.728719,True
-11.79,4,123.732267,False
20.21,4,123.735266,True
-11.76,1,123.736266,False
-12.01,1,123.737777,False
-11.8,5,123.742788,False
-11.77,2,123.744787,False
-11.78,3,123.748279,False
-11.52,2,123.750293,False
-11.78,3,123.752293,False
-11.35,10,123.76082,False
-12.02,2,123.762813,False
-11.55,5,123.767643,False
21.41,9,123.775168,True
20.16,9,123.782993,True
-11.76,1,123.783993,False
22.08,17,123.798956,True
-11.09,9,123.806592,False
21.4,10,123.81546,True
-11.79,4,123.819466,False
-12.02,2,123.821994,False
21.66,9,123.828992,True
20.2,5,123.833354,True
-12.01,1,123.835353,False
-11.57,6,123.840353,False
-11.77,2,123.841863,False
-11.77,2,123.844877,False
-11.54,4,123.848401,False
20.2,5,123.852931,True
21.18,7,123.85793,True
21.15,9,123.865844,True
-11.77,2,123.867843,False
-11.53,3,123.870844,False
-12.01,1,123.871843,False
-11.34,9,123.879369,False
-12.01,1,123.880645,False
20.19,6,123.886168,True
21.38,11,123.894693,True
-11.54,4,123.898939,False
-11.52,2,123.900939,False
-11.31,6,123.906462,False
-11.55,5,123.910457,False
-11.29,4,123.913463,False
20.92,7,123.919752,True
-11.07,7,123.927268,False
-11.32,7,123.933644,False
-11.64,14,123.945166,False
-11.78,3,123.948073,False
-12.04,4,123.951088,False
-12.01,1,123.952088,False
20.44,6,123.958613,True
-11.83,8,123.966123,False
20.66,9,124.356128,True
-11.54,4,124.360132,False
-11.31,5,124.365012,False
-11.77,2,124.36702,False
-11.56,6,124.372531,False
-11.77,2,124.375073,False
-11.81,6,124.381571,False
-12.01,1,124.382566,False
-12.01,1,124.383566,False
-11.77,2,124.386089,False
-10.58,8,124.393082,False
-12.02,2,124.395089,False
-11.8,5,124.399613,False
21.54,21,124.416655,True
-11.76,1,124.41766,False
-11.81,6,124.422659,False
-11.76,1,124.423659,False
-11.55,5,124.429166,False
22.47,27,124.451639,True
-11.77,2,124.453641,False
-10.84,9,124.461443,False
21.86,13,124.472621,True
22.36,13,124.482551,True
22.4,10,124.49106,True
22.41,9,124.499065,True
-11.59,9,124.880445,False
-11.76,1,124.881445,False
21.17,8,124.890949,True
-11.53,3,124.894949,False
20.2,5,124.901002,True
-12.01,1,124.902508,False
-11.77,2,124.905508,False
-11.76,1,124.906508,False
-11.53,3,124.911013,False
-11.77,2,124.914546,False
-12.01,1,124.915546,False
-11.8,5,124.922052,False
-12.03,3,124.926052,False
-12.01,1,124.927052,False
19.95,5,124.933019,True
20.44,6,124.939018,True
-11.52,2,124.941532,False
-11.82,7,124.949042,False
-11.8,4,124.952049,False
-11.78,3,124.955051,False
-11.53,3,124.958051,False
-11.57,7,124.966641,False
20.41,9,124.976654,True
20.18,6,124.983612,True
-11.53,3,124.988117,False
-11.31,6,124.995125,False
19.97,3,124.998744,True
-11.55,5,125.004249,False
-11.56,6,125.010753,False
-12.03,3,125.013889,False
-11.32,7,125.022409,False
21.58,17,125.042418,True
-11.53,3,125.046467,False
-11.56,5,125.052003,False
-11.53,3,125.056534,False
-12.01,1,125.057534,False
21.16,9,125.067416,True
-11.76,1,125.069416,False
20.44,6,125.076419,True
-11.76,1,125.077933,False
-11.76,1,125.079397,False
-12.04,4,125.08342,False
21.37,13,125.095945,True
20.2,5,125.100302,True
-11.78,3,125.104295,False
-11.54,4,125.107813,False
-11.8,4,125.112628,False
19.96,4,125.115962,True
21.17,8,125.125195,True
-11.77,2,125.127195,False
20.41,9,125.134494,True
-10.6,9,125.142015,False
-11.78,3,125.145015,False
20.95,5,125.149757,True
-11.54,4,125.153305,False
-11.55,5,125.158299,False
-11.29,4,125.161829,False
-11.79,4,125.166056,False
-12.01,1,125.167053,False
-11.54,4,125.170563,False
-10.81,6,125.175577,False
-11.76,1,125.177099,False
-11.3,5,125.181824,False
21.63,12,125.191409,True
-12.01,1,125.192932,False
21.55,20,125.20872,True
-12.02,2,125.21072,False
20.19,6,125.216719,True
-11.81,6,125.221719,False
-11.57,7,125.228243,False
21.62,13,125.23923,True
-12.01,1,125.240229,False
20.91,8,125.247976,True
-11.54,4,125.250975,False
-10.86,11,125.261031,False
-11.77,2,125.26333,False
-10.58,8,125.270854,False
-11.57,7,125.276386,False
20.45,5,125.281609,True
-11.79,4,125.285124,False
-11.78,3,125.28814,False
-11.54,4,125.291211,False
-11.78,3,125.294208,False
-11.56,6,125.299693,False
-12.01,1,125.300685,False
-11.52,2,125.302694,False
-11.76,1,125.303615,False
-11.85,10,125.312129,False
19.95,5,125.316643,True
20.21,4,125.320734,True
-11.8,5,125.324731,False
21.57,18,125.340161,True
-12.01,1,125.341923,False
-11.76,1,125.342927,False
-11.34,8,125.350381,False
-11.78,3,125.352883,False
20.21,4,125.356889,True
-12.02,2,125.358888,False
-12.01,1,125.359889,False
-11.76,1,125.360889,False
-11.76,1,125.361889,False
-11.31,6,125.36818,False
-11.79,4,125.371182,False
-11.8,5,125.375852,False
-11.55,5,125.380734,False
-11.77,2,125.381731,False
-11.78,3,125.385327,False
21.18,7,125.391332,True
-11.78,3,125.393842,False
20.2,5,125.398088,True
-11.77,2,125.401089,False
-11.77,2,125.403088,False
-11.38,13,125.413854,False
20.44,6,125.41938,True
21.34,16,125.432171,True
-11.54,4,125.435165,False
19.97,3,125.438692,True
-10.8,5,125.443195,False
21.62,12,125.453315,True
-11.76,1,125.453833,False
19.94,6,125.458924,True
-11.8,5,125.464188,False
-11.52,2,125.466184,False
-11.31,5,125.47071,False
-11.77,2,125.472219,False
21.39,10,125.480596,True
-11.79,4,125.484594,False
-11.55,4,125.487593,False
-11.55,5,125.492116,False
20.16,9,125.499875,True
21.42,33,125.527144,True
20.68,7,125.532913,True
20.42,8,125.539913,True
20.18,7,125.546426,True
20.2,5,125.550689,True
20.2,5,125.555735,True
-11.54,4,125.56073,False
-11.8,5,125.565244,False
-11.81,6,125.570756,False
-11.6,9,125.578293,False
21.41,9,125.586232,True
-11.78,3,125.589233,False
-11.32,7,125.595756,False
-12.01,1,125.597158,False
-11.06,6,125.602154,False
21.64,11,125.611673,True
-11.76,1,125.612673,False
21.16,9,125.620524,True
20.17,8,125.628048,True
-11.08,8,125.635524,False
20.42,8,125.641638,True
-11.84,9,125.649409,False
21.4,9,125.657465,True
-11.53,3,125.660461,False
-11.54,3,125.663733,False
-11.29,4,125.667229,False
-11.78,3,125.670237,False
20.18,7,125.675237,True
-11.53,3,125.67876,False
-10.55,5,125.682983,False
21.13,12,125.693502,True
20.44,6,125.698225,True
-10.86,11,125.707239,False
21.42,8,125.71498,True
-11.79,4,125.718985,False
-11.76,1,125.719507,False
-10.55,5,125.724511,False
-11.78,3,125.727511,False
-11.52,2,125.729835,False
19.97,3,125.732147,True
19.96,4,125.736146,True
-12.02,2,125.738146,False
20.45,5,125.742657,True
-12.01,1,125.743658,False
-11.78,3,125.746658,False
-11.53,3,125.750569,False
-12.05,5,125.754241,False
-11.76,1,125.755328,False
-11.3,5,125.759254,False
-11.76,1,125.761842,False
21.09,16,125.774712,True
-11.79,4,125.778636,False
20.21,4,125.782537,True
-11.77,2,125.784542,False
20.42,8,125.79054,True
20.45,5,125.795208,True
-12.02,2,125.797453,False
-11.77,2,125.799453,False
-12.02,2,125.801958,False
-11.07,7,125.807965,False
-11.55,5,125.812634,False
-12.01,1,125.813912,False
-11.54,4,125.817911,False
-11.77,2,125.819913,False
-11.77,2,125.820917,False
-10.79,4,125.825589,False
-11.53,3,125.828593,False
19.96,4,125.831916,True
-11.8,5,125.836519,False
22.14,11,125.845034,True
-11.59,9,126.227405,False
19.97,3,126.230945,True
-10.58,7,126.239948,False
-11.8,5,126.245456,False
-12.01,1,126.247925,False
22.13,12,126.258938,True
-11.53,3,126.26296,False
21.19,6,126.268277,True
20.2,5,126.273798,True
19.97,3,126.277316,True
-11.3,4,126.280864,False
20.19,6,126.287385,True
20.2,5,126.291906,True
-11.78,3,126.295962,False
22.4,9,126.304863,True
-11.3,5,126.30987,False
-11.78,3,126.313205,False
-11.8,5,126.318744,False
-11.58,7,126.326264,False
20.68,7,126.332782,True
21.17,8,126.340921,True
19.96,4,126.344921,True
19.96,4,126.349009,True
19.96,4,126.353009,True
-11.81,6,126.360522,False
-11.77,2,126.363164,False
-12.02,2,126.36522,False
20.19,6,126.371739,True
-11.77,2,126.373739,False
20.18,7,126.380857,True
21.17,8,126.388367,True
-11.76,1,126.390376,False
21.63,12,126.402575,True
-12.03,3,126.406571,False
-11.76,1,126.407571,False
-11.77,2,126.411084,False
-11.76,1,126.412561,False
-12.02,2,126.414577,False
-11.55,5,126.419576,False
-11.78,3,126.423082,False
-10.37,11,126.433493,False
20.2,5,126.438492,True
-11.8,5,126.444014,False
-10.86,11,126.454841,False
-12.01,1,126.456356,False
19.94,6,126.462785,True
20.68,7,126.468805,True
21.37,13,126.480304,True
-11.55,5,126.484513,False
-12.05,5,126.488513,False
-11.33,8,126.496033,False
-11.81,6,126.50148,False
21.13,12,126.511004,True
21.38,12,126.520836,True
21.6,14,126.532654,True
19.96,4,126.535181,True
-11.77,2,126.53718,False
21.65,10,126.546317,True
-11.76,1,126.547339,False
-11.77,2,126.549338,False
-12.01,1,126.550338,False
-11.79,4,126.554338,False
-11.76,1,126.555338,False
-11.53,3,126.558375,False
19.95,5,126.562991,True
21.17,8,126.56951,True
19.95,5,126.575022,True
20.21,4,126.578531,True
20.21,4,126.582317,True
-11.31,6,126.587668,False
-10.58,8,126.594636,False
-12.02,2,126.596956,False
20.43,7,126.603498,True
-12.02,2,126.605497,False
-11.77,2,126.607008,False
-12.01,1,126.608032,False
20.42,8,126.615553,True
-11.53,3,126.61858,False
-11.55,5,126.623369,False
-11.76,1,126.624416,False
-11.77,2,126.626922,False
-11.79,4,126.63062,False
21.38,11,126.640398,True
-11.33,8,126.646886,False
-11.54,4,126.650432,False
-11.78,3,126.653436,False
-11.78,3,126.6562,False
-10.57,7,126.662232,False
21.66,9,126.669525,True
-11.79,4,126.673696,False
20.43,7,126.680035,True
-11.76,1,126.681068,False
-11.58,8,126.688083,False
20.68,7,126.694609,True
-11.78,3,126.697964,False
-11.03,3,126.700957,False
-11.57,7,126.706483,False
-11.78,2,126.708483,False
-11.76,1,126.709484,False
22.32,18,126.725905,True
-12.01,1,126.726906,False
21.42,8,126.734676,True
21.16,9,126.741675,True
21.42,8,126.749548,True
-11.78,3,126.752548,False
-12.02,2,126.754061,False
20.17,7,126.760602,True
20.18,7,126.767536,True
-12.01,1,126.768536,False
-11.55,5,126.772536,False
20.18,7,126.778561,True
-11.78,3,126.78193,False
20.19,6,126.787619,True
-11.56,6,126.792617,False
-11.53,3,126.794618,False
21.43,7,126.80109,True
-11.57,7,126.807613,False
-12.01,1,126.808613,False
-12.01,1,126.809613,False
-11.77,2,126.811614,False
20.45,5,126.816518,True
-11.56,6,126.821532,False
-12.01,1,126.822532,False
20.4,10,126.831837,True
-11.54,4,126.835836,False
-11.29,4,126.838362,False
20.2,5,126.843354,True
-12.05,5,126.84776,False
21.42,8,126.854775,True
20.91,9,126.861834,True
-12.01,1,126.863184,False
-11.55,5,126.867202,False
-11.81,5,126.872726,False
-11.76,1,126.873726,False
-12.02,2,126.875722,False
-11.55,5,126.880575,False
-11.78,3,126.882581,False
20.44,6,126.888107,True
-11.78,3,126.891635,False
-10.34,9,126.899076,False
-11.76,1,126.900595,False
19.96,4,126.903599,True
20.4,10,126.912246,True
-11.56,6,126.917479,False
-11.76,1,126.918479,False
21.19,6,126.923998,True
20.18,7,126.930004,True
-11.76,1,126.930004,False
20.44,6,126.936795,True
-11.35,10,126.944319,False
-11.76,1,126.945319,False
21.67,8,126.953082,True
20.43,7,126.959086,True
-11.77,2,126.960541,False
19.94,6,126.966303,True
22.37,12,126.976816,True
-11.8,5,126.98161,False
-11.52,2,126.983614,False
20.43,7,126.989143,True
20.2,5,126.993143,True
-10.59,9,127.001583,False
20.45,5,127.005102,True
-11.55,5,127.0101,False
-10.82,7,127.01603,False
-12.01,1,127.01703,False
21.4,10,127.025541,True
-10.32,7,127.031869,False
-11.78,3,127.033863,False
21.38,12,127.044386,True
-10.56,6,127.049793,False
-11.29,4,127.052793,False
-11.36,11,127.062829,False
-11.79,4,127.066066,False
-11.31,5,127.071109,False
21.85,14,127.082881,True
-11.29,4,127.085881,False
-11.56,6,127.091406,False
21.4,10,127.100343,True
-10.6,10,127.108845,False
19.96,4,127.11186,True
21.15,10,127.120885,True
-11.04,4,127.124898,False
20.43,7,127.131213,True
-12.02,2,127.133211,False
20.2,5,127.138216,True
22.11,14,127.149738,True
21.19,6,127.15526,True
-12.01,1,127.15626,False
22.2,30,127.543034,True
-10.81,6,127.550672,False
-11.76,1,127.552731,False
-10.91,16,127.570841,False
-12.01,1,127.571844,False
20.66,8,127.58142,True
20.45,5,127.586126,True
21.18,7,127.593633,True
-11.54,4,127.599173,False
-11.1,10,127.610677,False
21.37,13,127.624067,True
-11.82,7,127.633053,False
-11.55,4,127.637055,False
20.42,8,127.64705,True
-11.76,1,127.649049,False
-12.01,1,127.650049,False
20.86,14,127.666118,True
-11.78,3,127.67111,False
20.67,8,127.679615,True
21.62,13,127.694013,True
19.94,6,127.70108,True
-10.8,5,127.707599,False
-10.9,14,127.72368,False
20.2,5,127.729762,True
-11.77,2,127.732779,False
20.21,4,127.736779,True
-11.56,6,127.743307,False
-11.78,3,127.746306,False
19.97,3,127.749125,True
-12.01,1,127.751125,False
-11.53,3,127.754124,False
-11.09,9,127.763154,False
21.17,8,127.770967,True
19.97,3,127.773966,True
-11.52,2,127.775469,False
-12.01,1,127.777475,False
20.67,8,127.784941,True
-11.53,3,127.786942,False
-11.78,3,127.790462,False
-12.02,2,127.792467,False
-11.77,2,127.793466,False
21.2,5,127.798793,True
-12.01,1,127.800304,False
21.64,11,127.808318,True
-11.54,4,127.812843,False
-11.78,3,127.815221,False
20.18,7,127.821738,True
21.18,7,127.827737,True
-11.53,3,127.83113,False
-12.01,1,127.831642,False
-11.78,3,127.834657,False
-11.76,1,127.835656,False
-11.76,1,127.836656,False
21.12,13,127.847742,True
-11.76,1,127.848737,False
-11.79,4,127.852736,False
-12.01,1,127.853254,False
-11.77,2,127.855259,False
-11.77,2,127.857259,False
20.44,6,127.863259,True
-11.76,1,127.864873,False
20.92,8,127.87087,True
19.96,4,127.874396,True
-12.01,1,127.875394,False
-11.78,3,127.87839,False
-10.56,6,127.884022,False
-11.3,5,127.888046,False
-12.03,3,127.892046,False
21.85,15,127.902796,True
21.41,9,127.911319,True
-11.82,7,127.917744,False
20.67,8,127.925252,True
-11.78,3,127.927267,False
-12.02,2,127.929401,False
21.42,8,127.936172,True
-11.76,1,127.937179,False
-12.02,2,127.939177,False
-11.56,6,127.944176,False
20.17,8,127.951834,True
-10.58,8,127.958352,False
-12.01,1,127.959352,False
21.38,12,127.970041,True
-11.58,8,127.977476,False
21.15,10,127.98628,True
-11.76,1,127.987786,False
-11.54,4,127.990799,False
-12.05,5,127.994797,False
20.43,7,128.001441,True
-11.52,2,128.003433,False
-11.76,1,128.004433,False
-11.53,3,128.00744,False
19.97,3,128.009966,True
20.19,6,128.015461,True
-11.56,6,128.02099,False
-11.56,6,128.025991,False
-11.54,4,128.028984,False
20.2,5,128.033627,True
20.91,9,128.041152,True
-12.01,1,128.042151,False
19.97,3,128.045158,True
20.21,4,128.049533,True
-12.01,1,128.050533,False
19.97,3,128.053056,True
-11.77,2,128.055056,False
-11.76,1,128.056056,False
19.96,4,128.060051,True
-11.77,2,128.062563,False
20.19,6,128.067563,True
-11.57,6,128.073089,False
-9.86,11,128.083061,False
20.19,6,128.087586,True
-11.78,3,128.090582,False
-11.31,6,128.096094,False
20.45,5,128.101384,True
21.62,13,128.111908,True
-11.33,8,128.11926,False
20.44,6,128.125771,True
-11.57,7,128.131289,False
20.44,6,128.136816,True
-11.53,3,128.139808,False
-11.77,2,128.141808,False
-11.3,5,128.14663,False
21.18,7,128.15263,True
-11.8,5,128.157153,False
-11.53,3,128.160153,False
20.42,8,128.166438,True
20.2,5,128.171443,True
-11.55,5,128.175443,False
-10.33,8,128.182409,False
-11.8,5,128.187915,False
21.39,10,128.196491,True
-11.78,3,128.199608,False
-10.56,6,128.205608,False
20.21,4,128.209121,True
21.41,9,128.217504,True
-11.58,8,128.225016,False
-11.76,1,128.226016,False
21.4,10,128.234697,True
20.44,6,128.240218,True
-11.78,3,128.243218,False
-11.55,5,128.247675,False
-11.78,3,128.25119,False
21.36,14,128.262834,True
20.21,4,128.266148,True
-11.63,13,128.27766,False
21.39,10,128.285983,True
-11.31,6,128.291238,False
-11.76,1,128.292327,False
-11.76,1,128.293334,False
-12.01,1,128.295664,False
-12.01,1,128.296692,False
-10.56,6,128.302206,False
-11.54,4,128.30521,False
21.39,11,128.314273,True
20.43,7,128.32027,True
20.43,7,128.327787,True
20.41,8,128.334702,True
-12.01,1,128.335702,False
-11.79,4,128.338702,False
-11.79,4,128.343214,False
-11.54,4,128.346596,False
20.21,4,128.350628,True
21.16,9,128.358151,True
-11.76,1,128.359151,False
21.18,7,128.365642,True
-11.31,6,128.370657,False
-11.56,6,128.376182,False
20.44,6,128.38107,True
-11.77,2,128.383084,False
-11.79,4,128.387607,False
20.95,5,128.391605,True
-12.01,1,128.392605,False
-11.79,4,128.396017,False
-11.53,3,128.399043,False
-11.53,3,128.402043,False
-11.77,2,128.404043,False
-11.77,2,128.406043,False
20.41,9,128.413803,True
21.42,8,128.420338,True
-11.04,4,128.424325,False
20.44,6,128.429409,True
-12.01,1,128.430436,False
-11.77,2,128.432432,False
-11.56,6,128.437959,False
-11.78,3,128.439959,False
-11.56,6,128.445959,False
-11.76,1,128.447074,False
-11.53,3,128.45009,False
20.43,7,128.456604,True
21.17,8,128.463275,True
21.13,12,128.472935,True
-10.56,6,128.478445,False
21.63,12,128.487944,True
21.35,14,128.499044,True
20.21,4,128.503059,True
19.96,4,128.506058,True
19.95,5,128.879946,True
21.17,8,128.889628,True
22.14,11,128.902785,True
-11.55,5,128.908309,False
-11.8,5,128.91283,False
20.9,10,128.924378,True
-11.78,3,128.928893,False
-10.81,6,128.935437,False
-11.54,4,128.93894,False
-11.54,4,128.942943,False
-12.01,1,128.944943,False
-11.35,9,128.953876,False
-11.78,3,128.956876,False
-11.53,3,128.959378,False
21.41,9,128.969897,True
-11.32,6,128.975899,False
-11.79,4,128.979434,False
-11.8,5,128.984954,False
-11.77,2,128.986953,False
-10.62,11,128.998158,False
20.68,7,129.006662,True
20.21,4,129.012163,True
-11.78,3,129.015824,False
20.18,6,129.023329,True
-11.77,2,129.025329,False
22.39,11,129.03743,True
-11.53,3,129.04043,False
-11.78,3,129.044534,False
21.94,6,129.051008,True
-11.76,1,129.052008,False
-11.56,6,129.057513,False
-11.3,5,129.063936,False
-11.82,7,129.070945,False
-12.01,1,129.071945,False
-12.01,1,129.072945,False
20.17,8,129.080805,True
-12.01,1,129.082804,False
-11.77,2,129.085315,False
-11.77,2,129.087329,False
21.37,13,129.099119,True
-11.55,5,129.104119,False
20.45,5,129.109633,True
-11.79,3,129.111632,False
20.92,8,129.119,True
-12.03,3,129.121999,False
-11.55,5,129.125998,False
21.19,6,129.131806,True
-12.01,1,129.132805,False
-11.77,2,129.134805,False
20.21,4,129.139331,True
21.32,18,129.153108,True
-12.02,2,129.155104,False
20.43,7,129.161617,True
-12.01,1,129.162924,False
-11.58,8,129.170206,False
-11.78,3,129.1732,False
22.63,12,129.18258,True
-11.78,3,129.185583,False
-11.3,5,129.190096,False
20.68,7,129.19647,True
19.97,3,129.198491,True
-12.02,2,129.201019,False
-11.31,6,129.206017,False
-12.03,3,129.209017,False
-12.01,1,129.209017,False
-11.79,3,129.212904,False
-11.57,7,129.219936,False
-11.79,4,129.223459,False
20.64,10,129.232333,True
-11.83,8,129.238343,False
-11.57,7,129.244868,False
-12.02,2,129.246867,False
20.93,7,129.253017,True
-12.01,1,129.254015,False
-11.8,5,129.258015,False
-11.58,8,129.265864,False
20.21,4,129.26937,True
-11.53,3,129.272377,False
-12.04,4,129.276969,False
-11.76,1,129.277972,False
-12.01,1,129.278894,False
-11.79,4,129.282967,False
-11.53,3,129.285425,False
20.16,8,129.29252,True
21.15,10,129.301303,True
-10.61,11,129.31082,False
-11.76,1,129.311827,False
20.45,5,129.316592,True
-11.6,10,129.325103,False
-11.76,1,129.326111,False
21.14,11,129.33558,True
20.43,7,129.341104,True
-11.76,1,129.342106,False
-11.53,3,129.345104,False
-11.76,1,129.347448,False
-11.77,2,129.349447,False
-11.54,4,129.352455,False
-11.77,2,129.354455,False
20.19,6,129.359667,True
-12.02,2,129.361674,False
-11.53,3,129.365035,False
-11.76,1,129.366035,False
-11.77,2,129.368246,False
20.91,9,129.375772,True
-11.78,3,129.378298,False
-11.77,2,129.380672,False
-11.79,4,129.384197,False
-10.8,5,129.388722,False
-11.77,2,129.39072,False
21.18,6,129.396089,True
20.18,7,129.401639,True
-11.79,4,129.405639,False
-11.82,6,129.410163,False
-10.81,6,129.415393,False
21.41,9,129.42428,True
-11.77,2,129.426257,False
-10.8,5,129.431627,False
-11.79,4,129.434627,False
-11.56,6,129.440655,False
-11.79,4,129.444741,False
21.4,10,129.454291,True
22.36,13,129.466182,True
20.44,6,129.471715,True
20.41,9,129.481153,True
-11.79,4,129.484881,False
-11.52,2,129.486882,False
-11.76,1,129.488881,False
20.2,5,129.493393,True
-11.54,4,129.496919,False
-11.54,4,129.502019,False
-11.55,5,129.507023,False
21.17,8,129.513442,True
-12.02,2,129.515436,False
20.45,5,129.519952,True
20.43,7,129.525966,True
-11.32,7,129.533544,False
-11.56,5,129.53755,False
-11.78,3,129.541083,False
-11.56,6,129.547742,False
-11.55,5,129.552239,False
20.19,6,129.557246,True
20.18,7,129.563878,True
-11.77,2,129.565894,False
-11.32,7,129.571405,False
-12.01,1,129.573407,False
-11.8,5,129.578415,False
-12.03,3,129.581756,False
-11.58,8,129.588283,False
-12.01,1,129.589283,False
20.64,10,129.598089,True
20.45,5,129.602616,True
20.4,10,129.611089,True
21.55,20,129.628362,True
-12.01,1,129.629982,False
-12.01,1,129.631059,False
-10.8,5,129.635321,False
-11.56,6,129.640832,False
-11.79,4,129.644336,False
-11.56,6,129.64964,False
-11.53,3,129.652633,False
20.42,8,129.659162,True
20.21,4,129.663478,True
20.45,5,129.667839,True
19.95,5,129.671849,True
-11.78,3,129.673849,False
22.39,11,129.684205,True
-11.8,5,129.68873,False
-12.01,1,129.68973,False
-11.52,2,129.69173,False
19.96,4,129.695255,True
-11.53,3,129.698512,False
-11.03,3,129.701511,False
-11.54,4,129.704511,False
-11.78,3,129.708035,False
-11.29,4,129.712034,False
-11.29,4,129.715274,False
-11.76,1,129.716786,False
-12.02,2,129.718801,False
-11.33,7,129.724801,False
-11.78,3,129.727311,False
-11.77,2,129.729705,False
21.32,18,129.744295,True
-11.76,1,129.746289,False
-11.82,7,129.751976,False
22.59,16,129.766054,True
20.2,5,129.77058,True
21.17,8,129.777582,True
21.19,6,129.781619,True
-12.03,3,129.785145,False
-11.55,5,129.789655,False
19.96,4,129.793662,True
19.94,6,129.799137,True
21.13,11,129.808161,True
-10.55,5,129.813708,False
21.42,8,129.819702,True
19.92,8,129.828224,True
20.21,4,129.831704,True
20.2,5,129.836228,True
20.19,5,129.840228,True
21.18,7,129.846284,True
-12.03,3,130.204895,False
-11.57,7,130.213896,False
20.2,5,130.22039,True
-11.78,3,130.22439,False
-11.85,10,130.236433,False
20.45,5,130.242937,True
19.96,4,130.247483,True
-11.76,1,130.249279,False
-11.82,7,130.256283,False
20.68,7,130.264229,True
-12.01,1,130.266222,False
-11.76,1,130.267221,False
20.87,13,130.280149,True
21.41,9,130.290178,True
20.15,10,130.301228,True
19.95,5,130.305736,True
20.4,9,130.313614,True
20.96,4,130.317613,True
-11.77,2,130.320614,False
19.97,3,130.323121,True
-11.77,2,130.325121,False
-11.8,5,130.331609,False
19.97,3,130.335744,True
-12.01,1,130.337745,False
-11.77,2,130.340744,False
-11.78,3,130.34525,False
21.17,8,130.357755,True
-11.39,13,130.373135,False
21.17,8,130.38208,True
20.2,5,130.388579,True
-11.76,1,130.389579,False
-12.01,1,130.391579,False
-11.77,2,130.394579,False
-11.76,1,130.396422,False
-11.55,5,130.401939,False
21.16,9,130.411474,True
20.18,7,130.418357,True
-11.52,2,130.420351,False
-11.55,5,130.425358,False
-11.76,1,130.426869,False
-11.76,1,130.427883,False
-11.77,2,130.430306,False
-11.76,1,130.431305,False
-11.78,3,130.434304,False
-12.02,2,130.4363,False
-11.53,3,130.439812,False
20.41,9,130.447746,True
-11.77,2,130.44976,False
20.21,4,130.45376,True
-11.78,3,130.45676,False
21.18,7,130.461795,True
-11.77,2,130.46437,False
-12.01,1,130.465692,False
20.42,8,130.472252,True
-12.01,1,130.473252,False
-12.01,1,130.474252,False
-11.81,6,130.479769,False
20.94,6,130.48542,True
20.95,5,130.489445,True
-12.02,2,130.491452,False
20.85,14,130.503782,True
21.12,13,130.513495,True
-10.54,4,130.517512,False
-12.01,1,130.518512,False
19.97,3,130.522035,True
-11.81,6,130.528029,False
-11.56,6,130.533053,False
21.15,10,130.542563,True
-11.56,6,130.547116,False
-11.78,3,130.550115,False
21.4,10,130.558645,True
21.57,18,130.574822,True
21.92,7,130.581235,True
-11.53,3,130.583745,False
-11.81,6,130.58927,False
-11.77,2,130.59127,False
-11.56,6,130.597274,False
-11.56,6,130.6018,False
-12.07,7,130.60832,False
-12.01,1,130.60932,False
-12.01,1,130.61032,False
-11.76,1,130.61232,False
-11.77,2,130.613978,False
19.89,11,130.623203,True
19.96,4,130.627727,True
-11.76,1,130.628726,False
21.34,16,130.642297,True
-12.02,2,130.644297,False
-11.77,2,130.646438,False
-11.3,5,130.651461,False
-11.54,4,130.654456,False
-11.53,3,130.657968,False
-11.77,2,130.659968,False
-11.31,6,130.665514,False
21.36,13,130.676924,True
-10.35,10,130.685015,False
20.67,8,130.6921,True
21.25,24,130.711536,True
-11.77,2,130.713787,False
-11.78,3,130.716785,False
-10.55,5,130.721308,False
-11.76,1,130.722308,False
-11.77,2,130.724308,False
-11.05,5,130.728308,False
-12.02,2,130.730686,False
20.65,10,130.738693,True
-11.53,3,130.742216,False
-12.01,1,130.743216,False
-11.56,6,130.748652,False
-11.76,1,130.750164,False
-12.05,5,130.754179,False
-12.03,3,130.757179,False
20.45,5,130.761706,True
22.16,9,130.769277,True
-11.76,1,130.770277,False
-11.58,8,130.777795,False
21.19,6,130.783467,True
20.45,5,130.786976,True
-11.87,12,130.797231,False
-10.85,10,130.805275,False
-11.78,3,130.808276,False
-11.76,1,130.809275,False
-11.36,10,130.818208,False
21.53,22,130.836728,True
-11.56,6,130.841728,False
-11.79,4,130.845247,False
-11.06,6,130.849677,False
-11.77,2,130.851677,False
-11.77,2,130.853677,False
20.2,5,130.857922,True
-12.02,2,130.859915,False
-11.31,5,130.864923,False
-10.82,7,130.870068,False
20.94,6,130.875586,True
20.2,5,130.879997,True
-12.01,1,130.881026,False
-12.01,1,130.882021,False
-11.78,3,130.88402,False
-11.52,2,130.887546,False
-10.79,4,130.891068,False
-11.77,2,130.893061,False
-11.52,2,130.895068,False
-12.02,2,130.89746,False
-12.01,1,130.898455,False
-11.55,5,130.902457,False
-11.07,7,130.908977,False
-11.78,3,131.265797,False
-11.53,3,131.268797,False
-11.56,6,131.273309,False
21.4,10,131.283073,True
-10.35,10,131.292028,False
19.96,4,131.296036,True
-11.78,3,131.298494,False
-11.03,3,131.301493,False
20.18,7,131.308013,True
-12.01,1,131.309011,False
-12.01,1,131.31001,False
21.01,24,131.332206,True
-10.56,6,131.336732,False
20.15,9,131.345808,True
-11.58,8,131.352832,False
-11.55,5,131.357339,False
-11.32,7,131.363827,False
-11.77,2,131.366355,False
-12.02,2,131.368354,False
-11.78,3,131.371363,False
19.97,3,131.374356,True
-11.79,4,131.377879,False
-12.01,1,131.379209,False
-12.08,8,131.386733,False
-11.83,8,131.393259,False
21.65,10,131.401799,True
22.53,22,131.421154,True
-12.07,7,131.427154,False
-12.03,3,131.430418,False
-11.55,5,131.434407,False
-11.57,6,131.440922,False
20.89,11,131.450278,True
-11.32,7,131.456735,False
-12.02,2,131.45924,False
-11.78,3,131.461763,False
-11.33,8,131.469808,False
-11.56,6,131.476008,False
19.97,3,131.479008,True
-12.02,2,131.480681,False
-11.56,6,131.486356,False
-11.79,4,131.489359,False
-12.03,3,131.492619,False
-11.79,4,131.496277,False
-11.76,1,131.497306,False
-11.35,9,131.504826,False
-11.77,2,131.506349,False
-12.04,4,131.510349,False
20.2,5,131.515044,True
-11.55,5,131.519043,False
-11.56,6,131.524565,False
20.19,6,131.532177,True
-11.78,3,131.534703,False
-12.02,2,131.536703,False
21.17,8,131.925885,True
-11.53,3,131.928885,False
-11.55,5,131.935395,False
-11.56,6,131.942931,False
21.15,10,131.955126,True
-11.85,10,131.966155,False
-11.54,4,131.971155,False
21.18,7,131.980071,True
-11.53,3,131.984091,False
-11.76,1,131.985093,False
-11.77,2,131.988093,False
21.3,20,132.009116,True
22.31,19,132.031078,True
19.97,3,132.03407,True
20.65,9,132.044574,True
-11.76,1,132.045933,False
20.2,5,132.051951,True
-11.8,5,132.056457,False
-11.2,20,132.080359,False
20.21,4,132.085358,True
-12.01,1,132.087358,False
20.21,4,132.092367,True
-10.61,11,132.105357,False
20.21,4,132.11088,True
-11.54,4,132.114917,False
-12.01,1,132.116919,False
-11.77,2,132.119423,False
21.18,7,132.125431,True
-12.03,3,132.129404,False
-12.01,1,132.13042,False
-11.56,6,132.13642,False
20.44,6,132.14244,True
-11.54,4,132.146446,False
-11.77,2,132.148736,False
-11.81,6,132.153261,False
-11.78,3,132.15626,False
21.3,20,132.173516,True
-11.77,2,132.174516,False
21.41,9,132.182306,True
-11.77,2,132.184297,False
19.96,4,132.188297,True
-11.52,2,132.190297,False
22.39,11,132.200045,True
-11.77,2,132.202042,False
-11.76,1,132.202563,False
21.19,6,132.208083,True
-11.55,5,132.212977,False
-11.76,1,132.21389,False
-11.78,3,132.215884,False
-11.54,4,132.219884,False
21.38,11,132.228409,True
-11.53,3,132.231611,False
-11.56,6,132.237135,False
19.97,3,132.239135,True
20.43,7,132.245509,True
-11.54,4,132.248736,False
20.21,4,132.252737,True
-11.77,2,132.254736,False
-11.55,5,132.258769,False
20.19,6,132.264019,True
-11.3,5,132.269538,False
20.45,5,132.273538,True
22.38,11,132.283596,True
20.21,4,132.286772,True
20.42,8,132.294299,True
22.38,12,132.304304,True
21.1,15,132.31685,True
-11.76,1,132.31839,False
20.18,6,132.323399,True
-11.76,1,132.324398,False
-11.56,6,132.329931,False
-11.55,5,132.334397,False
-11.77,2,132.336396,False
21.62,13,132.347307,True
-11.8,5,132.35183,False
-11.77,2,132.353828,False
19.94,6,132.35883,True
-11.32,7,132.36563,False
20.19,6,132.371127,True
-11.77,2,132.37313,False
-10.58,8,132.380486,False
-11.76,1,132.382013,False
-12.01,1,132.383012,False
21.17,8,132.390012,True
-11.56,6,132.395057,False
20.44,6,132.40041,True
-11.78,3,132.403941,False
19.96,4,132.40794,True
-11.78,3,132.410441,False
-12.02,2,132.412448,False
21.14,10,132.421736,True
-12.01,1,132.423241,False
-10.35,10,132.431729,False
21.34,16,132.444916,True
21.05,20,132.462096,True
-11.03,3,132.465607,False
21.01,24,132.485357,True
-11.76,1,132.485875,False
-11.78,3,132.48888,False
21.16,9,132.496974,True
22.18,7,132.502973,True
-11.76,1,132.503973,False
21.12,12,132.513758,True
-11.77,2,132.515752,False
20.41,9,132.52429,True
-12.01,1,132.525288,False
-11.77,2,132.527294,False
-11.76,1,132.528918,False
21.5,25,132.548989,True
-10.82,7,132.554989,False
21.2,54,132.59951,True
-11.54,4,132.604517,False
-11.3,5,132.608517,False
-10.56,6,132.614933,False
-11.76,1,132.615935,False
-11.53,3,132.617858,False
-12.02,2,132.620553,False
19.95,5,132.624737,True
-12.01,1,132.626505,False
20.2,5,132.630726,True
-11.52,2,132.6333,False
-12.01,1,132.63531,False
-10.82,7,132.640815,False
21.39,11,132.649524,True
21.32,18,132.665064,True
21.65,10,132.673585,True
-11.76,1,132.674585,False
-11.54,4,132.677585,False
20.44,6,132.683722,True
-12.09,9,132.690722,False
20.89,11,132.699997,True
-11.77,2,132.701996,False
-12.03,3,132.705521,False
20.64,11,132.714767,True
-11.76,1,132.715765,False
21.41,9,132.723289,True
-11.79,4,132.727806,False
19.96,4,132.731071,True
-11.56,6,132.736597,False
-12.01,1,132.737597,False
-11.77,2,132.739597,False
-11.77,2,132.741599,False
-11.54,4,132.745109,False
21.16,9,132.752332,True
-11.07,7,132.758858,False
-11.54,4,132.761858,False
20.96,4,132.766066,True
20.94,6,132.771199,True
-11.52,2,132.773199,False
-11.78,3,132.7762,False
21.19,6,132.780944,True
-11.52,2,132.78294,False
-11.53,3,132.78494,False
20.45,5,132.790465,True
21.66,9,132.798479,True
-11.54,4,132.801699,False
-11.8,5,132.806699,False
-11.53,3,132.809226,False
20.18,7,132.815473,True
-11.77,2,132.817473,False
20.45,5,132.821001,True
-11.32,7,132.827001,False
21.35,15,132.840904,True
-11.79,4,132.843921,False
-11.56,6,132.849701,False
20.42,8,132.857224,True
-10.58,8,132.864246,False
-11.76,1,132.865247,False
20.39,11,132.873771,True
-12.01,1,132.875771,False
-11.53,3,133.264054,False
-11.56,6,133.270556,False
-11.78,3,133.273559,False
20.42,8,133.281437,True
21.18,6,133.287437,True
21.38,12,133.301529,True
21.38,12,133.315881,True
-12.03,3,133.319881,False
21.17,8,133.330045,True
-10.56,6,133.336549,False
-11.78,3,133.340548,False
-11.57,7,133.349547,False
-12.01,1,133.350547,False
-11.77,2,133.354046,False
-12.02,2,133.357046,False
-12.03,3,133.360046,False
-10.9,15,133.376431,False
20.18,7,133.382863,True
-12.02,2,133.386384,False
-10.33,8,133.393384,False
20.41,9,133.403986,True
22.14,11,133.417635,True
22.1,15,133.434226,True
19.96,4,133.437723,True
-11.77,2,133.440723,False
-11.77,2,133.441723,False
-11.53,3,133.446976,False
19.97,3,133.449978,True
-11.35,9,133.458482,False
-11.78,3,133.461987,False
-12.01,1,133.463373,False
-11.77,2,133.465412,False
-10.57,7,133.472478,False
20.4,9,133.481857,True
22.15,10,133.490994,True
-11.79,4,133.494994,False
-11.76,1,133.495994,False
-11.78,3,133.499244,False
-11.52,2,133.500772,False
22.29,20,133.51882,True
-12.02,2,133.520338,False
-11.55,5,133.525342,False
-11.53,3,133.527342,False
-12.01,1,133.528343,False
20.21,4,133.533105,True
-11.78,3,133.535105,False
20.45,5,133.539101,True
20.41,9,133.547911,True
-11.53,3,133.55091,False
20.2,5,133.555434,True
-11.81,6,133.560434,False
19.96,4,133.564194,True
-11.8,5,133.568187,False
21.44,6,133.574723,True
20.2,5,133.578731,True
21.43,7,133.585793,True
-11.77,2,133.587786,False
-12.01,1,133.588786,False
-10.86,11,133.597724,False
-11.53,3,133.601235,False
-12.02,2,133.603249,False
-11.54,4,133.606771,False
-11.8,5,133.610771,False
-11.77,2,133.613212,False
-11.33,8,133.620733,False
-11.76,1,133.621733,False
20.43,7,133.627247,True
-10.61,11,133.64023,False
21.8,20,133.658449,True
-11.3,5,133.665066,False
-11.77,2,133.667146,False
-9.82,7,133.673371,False
-11.77,2,133.675427,False
-12.01,1,133.677331,False
-11.55,5,133.68253,False
-12.01,1,133.684457,False
-11.78,3,133.686451,False
-11.61,11,133.695977,False
21.17,8,133.702723,True
-11.55,4,133.705722,False
-11.77,2,133.707722,False
-11.76,1,133.70924,False
-10.82,7,133.71495,False
-10.88,13,133.726475,False
-10.86,11,133.735286,False
-12.02,2,133.737286,False
-11.76,1,133.738286,False
20.17,8,133.7458,True
22.39,11,133.755009,True
20.68,7,133.76001,True
-11.81,6,133.766083,False
-11.53,3,133.769077,False
-12.01,1,133.770084,False
20.19,6,133.775609,True
-11.53,3,133.777608,False
-11.77,2,133.780133,False
-11.57,7,133.785677,False
-11.59,9,133.794199,False
-11.59,8,133.800595,False
-10.34,9,133.808648,False
-11.33,8,133.815609,False
-11.52,2,133.818612,False
-12.01,1,133.819609,False
-11.78,3,133.822609,False
19.95,5,133.826134,True
-10.6,9,133.834868,False
20.18,7,133.840878,True
-11.77,2,133.842872,False
21.64,11,133.852709,True
20.44,6,133.857222,True
20.65,9,133.864721,True
19.93,7,133.871246,True
-11.82,7,133.876762,False
-11.78,2,133.879075,False
-12.01,1,133.880094,False
-11.79,4,133.883089,False
-10.86,10,133.891601,False
-11.79,4,133.895909,False
20.17,8,133.902463,True
-11.76,1,133.90348,False
-11.55,5,133.90801,False
-11.77,2,133.91001,False
-12.02,2,133.91214,False
-11.92,17,133.926428,False
-11.81,6,133.931338,False
20.63,12,133.940861,True
-11.77,2,133.94331,False
-12.01,1,133.944309,False
-11.53,3,133.947841,False
-11.76,1,133.948838,False
-11.79,4,133.952506,False
20.19,6,133.957506,True
21.11,14,133.970002,True
-12.01,1,133.971008,False
-11.52,2,133.973008,False
20.2,5,133.977012,True
-11.77,2,133.979012,False
-10.8,5,133.98383,False
-12.01,1,133.984846,False
-11.76,1,133.986845,False
-11.79,4,133.990505,False
-12.01,1,133.991008,False
-11.77,2,133.993015,False
21.42,8,133.999477,True
-11.83,7,134.006523,False
-11.83,8,134.013474,False
-11.29,4,134.017105,False
-11.76,1,134.018105,False
-11.77,2,134.020104,False
-10.83,8,134.026628,False
20.37,13,134.038489,True
20.44,6,134.044011,True
-11.77,2,134.046006,False
-11.76,1,134.048006,False
20.2,5,134.052004,True
-11.79,4,134.056536,False
21.4,10,134.065163,True
-12.06,6,134.070156,False
21.16,9,134.077668,True
-11.55,5,134.082366,False
20.89,11,134.091963,True
-11.32,7,134.098802,False
-11.77,2,134.100796,False
-11.57,7,134.105834,False
-11.77,2,134.107848,False
-11.77,2,134.109848,False
-12.02,2,134.111848,False
-11.81,6,134.117608,False
22.36,13,134.128633,True
-11.55,5,134.134119,False
-11.76,1,134.135118,False
19.96,4,134.138643,True
-11.56,6,134.143643,False
-11.82,7,134.149943,False
-11.82,7,134.155942,False
21.38,12,134.165892,True
-11.57,6,134.171416,False
-12.07,7,134.177418,False
-11.79,4,134.181668,False
-11.32,7,134.187668,False
-9.86,11,134.197478,False
-11.52,2,134.198477,False
-11.54,4,134.202002,False
20.2,5,134.206527,True
-11.54,4,134.211046,False
21.67,8,134.217797,True
-11.09,9,134.225333,False
-10.58,8,134.590946,False
-12.01,1,134.592946,False
-11.53,3,134.596387,False
-11.57,7,134.605422,False
20.42,8,134.614509,True
21.85,15,134.633252,True
-11.76,1,134.634252,False
20.15,10,134.645757,True
-11.77,2,134.648334,False
-11.78,3,134.650836,False
-11.77,2,134.653838,False
21.19,6,134.659838,True
-11.8,5,134.664717,False
19.96,4,134.668717,True
-12.03,3,134.672221,False
-11.78,3,134.675222,False
-12.03,3,134.678222,False
21.19,6,134.685248,True
-11.78,3,134.689248,False
-12.01,1,134.691248,False
20.37,13,134.706261,True
-12.01,1,134.708262,False
21.43,7,134.71569,True
-11.78,3,134.71869,False
21.08,17,134.737231,True
-11.56,6,134.74423,False
-11.52,2,134.74731,False
-11.76,1,134.748309,False
21.17,8,134.758816,True
-11.77,2,134.760816,False
-11.54,4,134.766409,False
-11.8,4,134.769914,False
22.4,10,134.779882,True
-11.31,6,134.785882,False
-12.01,1,134.788389,False
-11.55,5,134.793398,False
20.19,6,134.798864,True
-11.76,1,134.800864,False
-11.76,1,134.801863,False
-11.78,3,134.804863,False
-11.76,1,134.806376,False
20.21,4,134.81066,True
-11.54,4,134.81399,False
20.2,5,134.819489,True
21.41,9,134.826495,True
-11.76,1,134.828,False
20.21,4,134.832004,True
-11.52,2,134.83393,False
-12.02,2,134.835942,False
-12.01,1,134.836934,False
20.45,5,134.841457,True
-11.77,2,134.843457,False
20.43,7,134.850351,True
-11.76,1,134.851366,False
22.41,9,134.858366,True
-11.77,2,134.860877,False
-11.52,2,134.863239,False
20.16,9,134.871228,True
21.41,9,134.878739,True
21.99,26,134.899625,True
-11.79,4,134.90315,False
-10.56,6,134.908679,False
20.4,10,134.917018,True
-12.01,1,134.918018,False
-11.77,2,134.920018,False
22.58,16,134.933857,True
21.41,9,134.940871,True
22.4,10,134.949865,True
21.41,9,134.957915,True
-11.81,6,134.963245,False
-11.76,1,134.964245,False
-11.77,2,134.966757,False
-11.77,2,134.968262,False
-11.76,1,134.969269,False
-11.77,2,134.971269,False
20.67,8,134.978781,True
20.79,46,135.015563,True
21.13,12,135.025157,True
20.95,5,135.030795,True
-11.76,1,135.031881,False
21.65,10,135.041318,True
-11.77,2,135.043318,False
-11.8,5,135.047429,False
-11.78,3,135.050519,False
-12.01,1,135.052442,False
-10.55,5,135.057442,False
-12.01,1,135.05895,False
21.41,9,135.066406,True
-11.76,1,135.068408,False
20.18,7,135.073931,True
-11.78,3,135.076931,False
-11.31,6,135.081304,False
-11.61,10,135.090827,False
19.95,5,135.095823,True
-11.58,8,135.102354,False
-10.87,12,135.11272,False
21.19,6,135.118735,True
-12.01,1,135.119735,False
-11.53,3,135.123246,False
-11.79,4,135.126757,False
-11.8,5,135.131487,False
21.11,13,135.143005,True
20.21,4,135.146508,True
-11.53,3,135.149502,False
-11.53,3,135.151659,False
-12.04,4,135.155752,False
-11.57,7,135.162176,False
-11.04,4,135.165661,False
-11.54,4,135.16966,False
-11.57,7,135.176184,False
21.17,8,135.183152,True
21.33,17,135.198134,True
19.96,4,135.201132,True
19.95,5,135.205657,True
-11.55,5,135.210164,False
21.38,12,135.221049,True
21.17,8,135.227572,True
20.19,6,135.232371,True
-10.31,6,135.237907,False
-11.81,5,135.242907,False
-12.01,1,135.243906,False
-11.78,3,135.247221,False
-12.01,1,135.248213,False
20.43,7,135.255208,True
-11.53,3,135.257719,False
-12.01,1,135.258719,False
-11.31,6,135.264097,False
20.18,7,135.270616,True
-11.77,2,135.272616,False
20.17,8,135.280035,True
-11.56,6,135.285053,False
-11.79,4,135.288564,False
-10.81,6,135.293565,False
-11.79,4,135.298032,False
-12.02,2,135.300049,False
-11.3,5,135.304049,False
20.38,11,135.314079,True
-11.81,6,135.319886,False
-11.76,1,135.320886,False
-11.78,3,135.323886,False
-11.3,5,135.328398,False
-12.01,1,135.329986,False
-11.76,1,135.331083,False
19.94,6,135.337014,True
20.44,6,135.341534,True
-11.56,5,135.346017,False
-11.77,2,135.348041,False
-12.05,5,135.352576,False
20.19,6,135.358576,True
-11.34,9,135.365731,False
20.44,6,135.371243,True
-12.05,5,135.375256,False
-11.78,3,135.378256,False
-10.65,14,135.389847,False
-11.78,3,135.393075,False
-12.04,4,135.396079,False
-11.53,3,135.39933,False
-11.53,3,135.402331,False
20.21,4,135.404853,True
-12.01,1,135.406853,False
21.66,9,135.41413,True
-12.01,1,135.415128,False
21.67,8,135.421651,True
20.19,6,135.428173,True
-11.77,2,135.429628,False
19.97,3,135.432662,True
-11.58,8,135.440186,False
-11.81,6,135.445216,False
-10.79,4,135.448687,False
-11.77,2,135.450685,False
-12.02,2,135.452684,False
20.45,5,135.457209,True
-12.02,2,135.459204,False
-11.55,5,135.463788,False
-11.79,4,135.468303,False
20.68,7,135.475006,True
21.66,9,135.482667,True
20.44,6,135.48818,True
-12.01,1,135.489257,False
20.18,7,135.495856,True
-11.81,6,135.501345,False
20.21,4,135.504869,True
20.17,8,135.511224,True
-11.58,8,135.519038,False
21.41,9,135.526549,True
-12.02,2,135.528872,False
-11.79,4,135.532416,False
-11.82,7,135.537947,False
-12.01,1,135.539944,False
-12.02,2,135.541945,False
22.14,11,135.551349,True
21.17,8,135.929817,True
-11.81,5,135.93633,False
22.07,18,135.956535,True
21.42,8,135.965069,True
20.21,4,135.969068,True
-12.03,3,135.97307,False
-11.81,6,135.979929,False
-12.04,4,135.983959,False
-11.33,8,135.992999,False
-11.77,2,135.996001,False
20.95,5,136.002028,True
-11.79,4,136.006522,False
-11.52,2,136.009525,False
-10.8,5,136.014669,False
20.9,10,136.026675,True
-11.55,5,136.032226,False
-11.76,1,136.033226,False
21.42,8,136.043385,True
-11.76,1,136.045385,False
-12.07,7,136.053286,False
-11.76,1,136.055286,False
22.49,25,136.084417,True
-11.76,1,136.085417,False
-11.78,3,136.089919,False
21.09,41,136.132322,True
-11.29,4,136.136321,False
-11.77,2,136.139321,False
-11.78,3,136.141832,False
21.17,8,136.150181,True
20.2,5,136.154238,True
-11.77,2,136.157238,False
-11.76,1,136.158237,False
-11.55,5,136.163762,False
-11.76,1,136.164762,False
20.21,4,136.168761,True
-12.01,1,136.169762,False
-11.55,5,136.175287,False
-10.62,12,136.186262,False
-10.84,9,136.194781,False
-11.76,1,136.195785,False
-11.56,6,136.201026,False
-11.76,1,136.202026,False
-12.06,6,136.207553,False
-11.53,3,136.211054,False
-10.36,11,136.219975,False
-11.77,2,136.221975,False
-11.82,7,136.228499,False
-11.79,4,136.232248,False
-11.54,4,136.235772,False
-11.34,9,136.242778,False
-11.54,4,136.246696,False
-12.01,1,136.247721,False
-12.02,2,136.249716,False
21.09,16,136.263023,True
-10.38,13,136.274218,False
21.41,9,136.281142,True
21.61,14,136.293666,True
-11.8,5,136.298051,False
-12.02,2,136.299572,False
-12.01,1,136.300573,False
-11.55,5,136.305572,False
-11.35,10,136.314044,False
20.43,7,136.319561,True
-10.89,14,136.331042,False
-11.57,6,136.336391,False
-12.02,2,136.338391,False
21.16,9,136.346323,True
21.38,11,136.355965,True
20.44,6,136.359966,True
-12.01,1,136.361483,False
-12.01,1,136.363096,False
20.44,6,136.36812,True
21.33,17,136.382303,True
-12.01,1,136.383303,False
-11.8,5,136.38831,False
21.43,7,136.394837,True
-12.01,1,136.39623,False
-12.02,2,136.398251,False
-11.53,3,136.401331,False
-11.76,1,136.402835,False
-11.79,4,136.405841,False
-11.77,2,136.407841,False
-11.84,9,136.41672,False
19.96,4,136.419719,True
-12.01,1,136.42072,False
-11.31,6,136.428246,False
22.11,13,136.437922,True
-12.04,4,136.441927,False
20.44,6,136.446935,True
-11.53,3,136.449957,False
-11.77,2,136.451957,False
-11.76,1,136.452957,False
-12.02,2,136.455484,False
20.2,5,136.459477,True
21.41,9,136.467501,True
-10.59,8,136.474014,False
-12.01,1,136.475549,False
-11.76,1,136.476557,False
-11.76,1,136.477426,False
-11.32,6,136.482696,False
-12.02,2,136.484695,False
20.19,6,136.491124,True
-11.76,1,136.492124,False
-10.84,9,136.500153,False
-11.76,1,136.501153,False
-11.55,5,136.506152,False
21.18,7,136.512187,True
-11.78,3,136.514528,False
21.4,9,136.522054,True
-11.78,3,136.525054,False
-11.77,2,136.527054,False
21.66,9,136.53547,True
20.19,6,136.539978,True
-11.76,1,136.541992,False
-11.78,3,136.544993,False
-12.02,2,136.546426,False
-12.01,1,136.547425,False
-11.54,4,136.550945,False
19.96,4,136.554949,True
20.21,4,136.557949,True
-11.77,2,136.55995,False
20.2,5,136.564898,True
-11.83,8,136.572418,False
20.44,6,136.576924,True
-11.55,5,136.581694,False
20.2,5,136.58623,True
21.16,8,136.593284,True
20.19,6,136.59871,True
-10.8,5,136.603228,False
21.19,6,136.607757,True
20.67,8,136.615825,True
-11.76,1,136.616825,False
-11.77,2,136.618825,False
-11.54,4,136.621825,False
-12.02,2,136.623335,False
-12.01,1,136.625349,False
22.07,18,136.639939,True
-11.76,1,136.640938,False
-11.79,3,136.642933,False
-11.53,3,136.646003,False
-11.77,2,136.648023,False
-11.77,2,136.650023,False
-11.77,2,136.653023,False
-10.57,7,136.658547,False
-11.76,1,136.659539,False
-11.55,5,136.664014,False
19.96,4,136.66854,True
-11.54,4,136.672536,False
22.36,14,136.684068,True
-12.02,2,136.686579,False
21.38,12,136.696962,True
-11.76,1,136.697978,False
-12.01,1,136.699977,False
-11.76,1,136.700976,False
21.35,14,136.711502,True
21.33,17,136.725414,True
-11.77,2,136.727412,False
-11.81,6,136.733874,False
-12.1,10,136.741408,False
-11.59,9,136.749372,False
-10.8,5,136.754381,False
-12.01,1,136.755382,False
-12.07,7,136.762336,False
-11.59,9,136.770365,False
-11.53,3,136.772875,False
-12.01,1,136.773875,False
20.41,9,136.782078,True
22.62,13,136.792748,True
22.38,12,136.803816,True
-11.53,3,136.805814,False
-11.79,4,136.809814,False
21.39,11,136.819417,True
-11.76,1,136.820417,False
-11.53,3,136.822943,False
21.4,10,136.830819,True
-11.79,4,136.835334,False
-11.76,1,136.836334,False
-12.02,2,136.838334,False
-12.01,1,136.839334,False
-11.76,1,136.840334,False
-11.61,11,136.850222,False
20.16,9,136.857733,True
-12.01,1,136.858734,False
-10.32,7,136.865166,False
20.18,7,136.871164,True
-11.54,4,136.874676,False
20.18,7,136.882156,True
-11.55,5,136.886679,False
-12.01,1,136.887678,False
-12.03,3,136.889678,False
-11.78,3,136.892678,False
21.19,6,137.262174,True
-11.53,3,137.26566,False
20.88,12,137.279531,True
21.18,7,137.288694,True
-12.03,3,137.292695,False
-11.31,6,137.300255,False
21.4,10,137.309283,True
-12.04,4,137.31448,False
-11.76,1,137.316004,False
-12.01,1,137.318003,False
-11.79,4,137.321999,False
-11.77,2,137.324506,False
-11.53,3,137.327513,False
-11.33,8,137.335713,False
-11.78,3,137.339216,False
21.33,16,137.354945,True
-11.53,3,137.358451,False
20.93,7,137.365418,True
-11.76,1,137.366421,False
-11.76,1,137.367421,False
22.02,22,137.39052,True
-12.02,2,137.393518,False
-12.01,1,137.394519,False
-10.61,8,137.401926,False
-12.02,2,137.404927,False
-11.59,9,137.415364,False
-12.02,2,137.417868,False
-12.01,1,137.41987,False
20.19,6,137.426871,True
-12.02,2,137.429829,False
-12.01,1,137.430926,False
21.4,10,137.4434,True
-11.78,3,137.446839,False
21.43,7,137.454347,True
-11.76,1,137.456343,False
-11.52,2,137.458351,False
-12.01,1,137.459855,False
21.13,12,137.472104,True
-11.79,4,137.47662,False
20.44,6,137.482543,True
-11.79,4,137.486544,False
21.19,6,137.493067,True
-11.55,5,137.497404,False
20.18,7,137.503919,True
22.39,11,137.513855,True
-12.06,6,137.518384,False
19.97,3,137.521381,True
-12.01,1,137.522899,False
-11.76,1,137.523903,False
-11.77,2,137.525904,False
-11.79,4,137.529423,False
-11.05,5,137.535163,False
21.92,8,137.542168,True
20.16,9,137.549933,True
20.2,5,137.55446,True
-11.77,2,137.555459,False
-11.84,9,137.562459,False
-11.79,4,137.568213,False
-11.76,1,137.569212,False
-11.79,3,137.571826,False
-11.79,4,137.576758,False
-11.76,1,137.577758,False
21.18,7,137.584272,True
20.19,6,137.589685,True
-12.03,3,137.59235,False
-12.01,1,137.593351,False
20.17,7,137.599055,True
-11.77,2,137.601069,False
-10.78,3,137.604069,False
-11.8,5,137.60859,False
20.42,8,137.615569,True
-11.11,10,137.624215,False
-12.01,1,137.625215,False
-11.54,4,137.629739,False
-11.76,1,137.630984,False
-11.54,4,137.633981,False
20.45,5,137.638507,True
21.17,8,137.64564,True
-12.02,2,137.647896,False
21.38,12,137.656419,True
20.45,5,137.661946,True
-12.02,2,137.663184,False
20.95,5,137.667181,True
-12.02,2,137.669706,False
-11.77,2,137.671705,False
22.23,25,137.693127,True
-11.76,1,137.694127,False
-12.05,5,137.698367,False
-12.01,1,137.699878,False
-11.76,1,137.700892,False
21.17,8,137.707891,True
-12.01,1,137.708892,False
-11.76,1,137.710402,False
21.54,20,137.726676,True
-12.04,4,137.731046,False
-12.02,2,137.73306,False
-11.78,3,137.736054,False
-12.01,1,137.737053,False
21.38,12,137.747586,True
-12.01,1,137.748586,False
-12.03,3,137.7521,False
-11.54,4,137.755115,False
20.81,69,137.809604,True
19.95,5,137.815063,True
-11.77,2,137.816589,False
-10.56,6,137.821603,False
-12.02,2,137.823603,False
-12.01,1,137.825114,False
20.21,4,137.82913,True
-11.76,1,137.830348,False
20.41,9,137.836867,True
20.44,6,137.843392,True
-12.01,1,137.844387,False
20.42,8,138.21328,True
21.62,13,138.227305,True
-11.33,8,138.23578,False
20.45,5,138.240765,True
20.44,6,138.246285,True
19.97,3,138.249284,True
-11.3,5,138.253813,False
20.19,6,138.259806,True
20.2,5,138.26432,True
-11.53,3,138.26732,False
20.44,6,138.27232,True
21.14,11,138.2826,True
-11.55,5,138.287111,False
-11.78,3,138.290111,False
-11.76,1,138.291111,False
-12.01,1,138.292622,False
21.4,10,138.30116,True
20.19,6,138.306687,True
-12.01,1,138.307688,False
-12.02,2,138.30968,False
20.94,6,138.315537,True
-10.82,7,138.321067,False
-12.02,2,138.323068,False
-12.01,1,138.324067,False
-11.56,6,138.32989,False
-11.52,2,138.331971,False
19.96,4,138.335969,True
-11.76,1,138.335969,False
-11.83,8,138.343919,False
-11.8,5,138.348731,False
21.13,11,138.358255,True
-10.79,4,138.362459,False
-12.02,2,138.363741,False
-11.33,7,138.370254,False
-11.76,1,138.371253,False
20.21,4,138.375249,True
-11.54,4,138.379571,False
19.96,4,138.383061,True
20.21,4,138.38706,True
20.93,7,138.392586,True
21.31,18,138.407507,True
-11.78,3,138.411018,False
-11.77,2,138.412497,False
19.96,4,138.41652,True
-11.54,4,138.420047,False
19.97,3,138.423057,True
-11.76,1,138.424056,False
-11.77,2,138.426057,False
20.42,8,138.43293,True
21.26,24,138.452889,True
-11.56,6,138.458814,False
-11.76,1,138.459808,False
-11.53,3,138.463218,False
22.14,11,138.472732,True
-12.02,2,138.474732,False
21.65,10,138.482752,True
-12.03,3,138.485757,False
-12.02,2,138.487756,False
21.3,20,138.50426,True
-11.52,2,138.50626,False
-12.02,2,138.50826,False
19.95,5,138.512259,True
-11.56,6,138.517997,False
-11.77,2,138.519515,False
-11.77,2,138.521519,False
20.2,5,138.526042,True
20.21,4,138.529042,True
-11.83,8,138.536775,False
21.63,12,138.546513,True
-11.78,3,138.550504,False
-11.57,7,138.556022,False
21.19,6,138.561036,True
20.67,8,138.567842,True
-12.02,2,138.569841,False
-10.59,9,138.578359,False
21.66,9,138.587103,True
-11.76,1,138.588109,False
20.88,12,138.967501,True
21.22,53,139.039336,True
20.43,7,139.047565,True
-11.77,2,139.049565,False
-12.01,1,139.051484,False
-12.03,3,139.054491,False
-12.01,1,139.05549,False
21.1,15,139.070271,True
-10.61,11,139.082129,False
-10.58,7,139.089633,False
20.45,5,139.094633,True
-12.01,1,139.095634,False
-11.56,6,139.101602,False
-12.01,1,139.103602,False
-11.54,4,139.107602,False
20.19,6,139.113684,True
-12.02,2,139.116684,False
20.44,6,139.122209,True
19.96,4,139.128205,True
20.17,8,139.137368,True
-11.3,5,139.144573,False
-11.76,1,139.146159,False
20.2,5,139.150678,True
-12.02,2,139.152682,False
-11.05,5,139.158206,False
-11.53,3,139.161727,False
20.69,6,139.167264,True
19.96,4,139.170195,True
-11.06,6,139.176723,False
-11.35,10,139.185484,False
20.18,7,139.191491,True
-11.8,5,139.196246,False
-11.55,5,139.20125,False
-10.82,6,139.205777,False
-10.8,5,139.210777,False
-11.3,5,139.214537,False
-11.33,8,139.222051,False
19.95,5,139.225575,True
-10.57,7,139.23193,False
-12.02,2,139.234448,False
-11.54,4,139.237452,False
20.45,5,139.241969,True
22.4,10,139.250745,True
-11.78,3,139.253744,False
20.19,6,139.258269,True
-11.54,4,139.262583,False
21.18,7,139.269127,True
21.05,20,139.284903,True
-11.76,1,139.28642,False
19.97,3,139.289425,True
21.17,8,139.296339,True
20.95,5,139.300352,True
21.7,30,139.325371,True
21.15,10,139.333137,True
-10.06,6,139.339187,False
-11.76,1,139.340186,False
-12.03,3,139.344181,False
-11.53,3,139.346522,False
-11.54,4,139.351038,False
21.06,19,139.366573,True
-11.76,1,139.367573,False
-11.76,1,139.368573,False
-11.32,7,139.375237,False
-11.53,3,139.378237,False
-11.76,1,139.378237,False
20.69,6,139.383997,True
-10.32,7,139.390497,False
-11.11,11,139.400421,False
21.43,7,139.406435,True
19.94,6,139.411961,True
20.17,7,139.417407,True
22.14,11,139.427445,True
21.19,6,139.432323,True
20.95,5,139.437324,True
-11.62,12,139.447893,False
21.38,12,139.458425,True
22.65,10,139.466435,True
-11.52,2,139.46845,False
20.19,6,139.473964,True
-10.58,8,139.480097,False
20.42,8,139.487613,True
-11.79,4,139.490613,False
-11.76,1,139.491613,False
-11.77,2,139.494126,False
-11.56,6,139.499455,False
-12.01,1,139.500456,False
-11.03,3,139.503456,False
20.45,5,139.508966,True
20.43,7,139.514807,True
20.19,6,139.519815,True
-11.32,7,139.52684,False
-10.8,5,139.53114,False
-11.77,2,139.533139,False
-12.01,1,139.534139,False
-11.3,5,139.539183,False
-11.77,2,139.5412,False
21.42,8,139.549009,True
-12.01,1,139.550009,False
-12.01,1,139.551008,False
-11.53,3,139.554008,False
-12.01,1,139.555008,False
-11.81,6,139.560529,False
-11.54,4,139.564033,False
-10.6,10,139.572554,False
-10.32,7,139.580066,False
-11.54,4,139.583081,False
20.93,7,139.589603,True
-11.54,4,139.593601,False
-12.01,1,139.5946,False
20.95,5,139.599589,True
21.41,9,139.607608,True
-11.77,2,139.610139,False
-11.78,3,139.612608,False
20.19,6,139.619183,True
-11.3,5,139.6237,False
-11.77,2,139.625714,False
-11.76,1,139.626714,False
-12.06,6,139.633333,False
-12.01,1,139.634333,False
-11.76,1,139.635333,False
-11.64,13,139.647802,False
20.43,7,139.653321,True
-11.76,1,139.655329,False
-10.79,4,139.658328,False
21.92,8,139.666207,True
-11.76,1,139.667198,False
-11.78,3,139.670205,False
-12.01,1,139.670205,False
-11.76,1,139.672722,False
-10.64,14,139.685136,False
20.19,6,139.690125,True
-11.55,4,139.693314,False
19.96,4,139.698272,True
19.96,4,139.701264,True
-11.56,5,139.706778,False
-12.01,1,139.707778,False
22.38,12,139.717678,True
-12.01,1,139.719678,False
-11.76,1,139.720678,False
-12.01,1,139.721678,False
20.21,4,139.725202,True
-11.55,5,139.729202,False
-11.78,3,139.732454,False
-11.56,5,139.737491,False
-10.33,8,139.743505,False
-11.78,3,139.747425,False
-11.76,1,139.748426,False
-11.54,4,139.752424,False
-11.54,4,139.754934,False
20.21,4,139.758487,True
-11.84,9,139.767441,False
-11.34,9,139.774436,False
-11.76,1,139.776965,False
21.44,6,139.781556,True
-11.76,1,139.782555,False
20.68,57,139.828316,True
20.17,8,139.834831,True
-12.01,1,139.83583,False
-11.78,3,139.838857,False
-11.76,1,139.839872,False
21.17,8,139.847197,True
-12.03,3,139.849716,False
-11.77,2,139.852242,False
19.95,5,139.856241,True
-11.79,4,139.859746,False
-12.01,1,139.860756,False
20.95,5,139.865756,True
-11.06,6,139.870267,False
-12.01,1,139.872281,False
-12.03,3,139.87528,False
-11.05,5,139.879749,False
-11.77,2,139.882264,False
-11.76,1,139.883263,False
-11.79,4,139.886263,False
-11.54,4,139.890259,False
-11.77,2,139.892771,False
-11.76,1,139.893771,False
-11.77,2,139.896249,False
-11.55,5,139.900238,False
-11.81,6,139.905763,False
-11.77,2,139.907763,False
-12.01,1,139.908763,False
-12.01,1,139.909756,False
-10.56,6,139.915562,False
20.18,7,139.921556,True
20.16,9,139.929475,True
-11.53,3,140.310969,False
-12.01,1,140.312536,False
20.21,4,140.318088,True
-11.77,2,140.320604,False
-12.01,1,140.322613,False
-11.54,4,140.327611,False
-11.77,2,140.330162,False
-11.79,4,140.334168,False
-11.76,1,140.335169,False
20.45,5,140.341177,True
-12.02,2,140.34418,False
19.96,4,140.349685,True
-11.78,3,140.353189,False
20.2,5,140.360193,True
-11.79,4,140.364315,False
-11.76,1,140.365313,False
-12.01,1,140.366313,False
-11.76,1,140.368313,False
-12.01,1,140.369313,False
-11.77,2,140.372808,False
-11.8,5,140.379205,False
-12.01,1,140.380703,False
-12.01,1,140.382702,False
-11.78,3,140.386207,False
20.45,5,140.392901,True
-12.02,2,140.395406,False
-12.01,1,140.397407,False
20.95,5,140.403407,True
20.42,8,140.412581,True
20.2,5,140.418601,True
-10.88,13,140.431499,False
-12.01,1,140.433499,False
-11.93,18,140.45049,False
-11.76,1,140.451489,False
-11.56,6,140.456995,False
-11.55,5,140.462964,False
21.41,9,140.47363,True
-11.55,5,140.480098,False
-12.01,1,140.485114,False
-12.01,1,140.486616,False
-11.78,3,140.489618,False
20.21,4,140.493618,True
-11.78,3,140.498098,False
-11.53,3,140.502105,False
-11.78,3,140.506104,False
-11.77,2,140.50863,False
20.21,4,140.512629,True
-11.53,3,140.516004,False
-12.01,1,140.517004,False
-11.61,11,140.527526,False
19.96,4,140.531968,True
-11.77,2,140.533968,False
-11.57,6,140.540496,False
-12.01,1,140.541511,False
21.19,6,140.546839,True
20.17,8,140.554898,True
21.62,12,140.565879,True
-11.8,5,140.57039,False
-10.57,7,140.576397,False
20.67,8,140.583784,True
20.93,7,140.58979,True
20.21,4,140.593318,True
-12.01,1,140.594317,False
-11.77,2,140.596821,False
-12.03,3,140.599814,False
-11.76,1,140.600814,False
-11.76,1,140.601814,False
21.19,6,140.607337,True
-11.8,5,140.611337,False
-11.77,2,140.61373,False
-11.53,3,140.616729,False
-11.53,3,140.618723,False
-12.01,1,140.619729,False
21.19,6,140.625389,True
21.42,8,140.631795,True
-11.56,6,140.638315,False
-11.79,4,140.642829,False
-11.52,2,140.644335,False
-11.79,4,140.648751,False
-11.36,11,140.659689,False
-11.78,3,140.662149,False
-12.01,1,140.664251,False
-11.76,1,140.664757,False
-11.85,10,140.673839,False
20.44,6,140.678766,True
19.97,3,140.681786,True
-12.01,1,140.682786,False
-12.01,1,140.683786,False
-10.56,6,140.689312,False
20.2,5,140.693311,True
21.37,13,140.704362,True
21.36,14,140.716713,True
-11.77,2,140.717729,False
-12.01,1,140.719728,False
-10.59,7,140.724728,False
21.09,16,140.739146,True
-11.77,2,140.740146,False
-11.77,2,140.742667,False
-11.07,7,140.748498,False
-11.56,6,140.754027,False
-11.76,1,140.755027,False
-12.05,5,140.760547,False
-11.55,5,140.76598,False
20.92,8,140.772381,True
-11.77,2,140.774381,False
-11.76,1,140.776374,False
22.35,14,140.788785,True
21.39,11,140.798385,True
-11.77,2,140.800392,False
-10.75,23,140.818859,False
-12.02,2,140.819859,False
20.19,6,140.826383,True
-11.53,3,140.829383,False
-11.54,4,140.832432,False
-12.01,1,140.834438,False
20.2,5,140.838438,True
-11.57,6,140.843455,False
-11.78,3,140.846938,False
-12.01,1,140.847942,False
-11.76,1,140.848938,False
20.96,4,140.85194,True
-11.54,4,140.857291,False
21.41,9,140.865336,True
20.44,6,140.870261,True
-11.82,7,140.875774,False
-11.37,11,140.885918,False
19.94,6,140.890923,True
19.97,3,140.893923,True
-11.76,1,140.894928,False
-12.01,1,140.895798,False
-12.02,2,140.897888,False
21.37,12,140.907948,True
-12.02,2,140.909947,False
21.18,7,140.916708,True
-11.79,4,140.920707,False
-10.84,9,140.928218,False
-11.77,2,140.930294,False
-12.01,1,140.932301,False
21.14,11,140.941747,True
-12.01,1,140.94225,False
-11.56,6,140.948948,False
21.42,8,140.956029,True
-12.02,2,140.958219,False
-11.61,11,140.967674,False
21.19,6,140.973197,True
-12.02,2,140.975198,False
21.35,15,140.987201,True
-11.78,3,140.990892,False
-11.81,6,140.996356,False
-10.61,11,141.004877,False
-11.79,4,141.008876,False
-11.79,4,141.012655,False
20.21,4,141.016653,True
-11.55,5,141.020653,False
-10.78,3,141.023176,False
19.94,6,141.028176,True
19.94,6,141.033958,True
-12.02,2,141.035958,False
-11.76,1,141.036958,False
-9.81,6,141.04403,False
-12.04,4,141.047426,False
21.93,31,141.072846,True
21.16,9,141.080167,True
-11.77,2,141.082167,False
-11.78,3,141.08469,False
21.16,34,141.113819,True
-11.79,4,141.117342,False
-11.78,3,141.120344,False
-10.56,6,141.125861,False
-11.77,2,141.126866,False
-11.8,5,141.132102,False
21.63,12,141.141623,True
21.14,11,141.152128,True
19.97,3,141.155135,True
-12.05,5,141.159657,False
-11.54,4,141.16311,False
-11.76,1,141.164109,False
-11.76,1,141.165109,False
-11.77,2,141.167109,False
-11.78,3,141.170563,False
-11.56,6,141.175563,False
-11.78,3,141.179374,False
20.88,12,141.188905,True
21.17,8,141.195904,True
-12.01,1,141.197159,False
20.18,7,141.202668,True
-11.79,4,141.206669,False
20.19,6,141.21218,True
-11.3,5,141.216703,False
20.91,9,141.223375,True
-11.8,5,141.228368,False
20.94,6,141.233718,True
-11.57,7,141.240158,False
-11.78,3,141.242173,False
21.17,8,141.249101,True
-11.78,3,141.252627,False
20.17,8,141.259151,True
20.44,6,141.265144,True
-11.55,5,141.269147,False
-11.55,5,141.273662,False
-11.82,7,141.279752,False
-11.76,1,141.280751,False
-12.03,3,141.284274,False
-11.54,4,141.665754,False
-11.33,8,141.675022,False
22.19,31,141.710867,True
19.96,4,141.716266,True
20.16,8,141.725771,True
-11.33,8,141.735689,False
20.21,4,141.739689,True
-11.33,8,141.749123,False
-12.01,1,141.750122,False
20.19,6,141.756128,True
21.17,8,141.765512,True
-11.77,2,141.767512,False
-11.76,1,141.769512,False
-11.79,4,141.775016,False
-12.05,5,141.780551,False
-11.76,1,141.781551,False
-11.79,4,141.788055,False
-11.81,6,141.79456,False
19.95,5,141.799966,True
-12.01,1,141.800966,False
-10.58,8,141.80947,False
-12.03,3,141.812922,False
-11.07,7,141.819443,False
-11.52,2,141.821443,False
-11.55,5,141.826955,False
19.96,4,141.832362,True
-12.02,2,141.83588,False
-11.76,1,141.836885,False
-12.02,2,141.839884,False
-11.78,3,141.843877,False
-10.82,7,141.851411,False
-11.53,3,141.855411,False
-11.55,5,141.861916,False
21.36,14,141.87502,True
20.21,4,141.879128,True
-11.52,2,141.881395,False
-12.04,4,141.885395,False
20.44,6,141.89092,True
20.2,5,141.894919,True
-11.53,3,141.89878,False
-11.77,2,141.900784,False
21.41,9,141.907784,True
-11.55,5,141.912306,False
-12.03,3,141.91555,False
-12.03,3,141.91755,False
21.13,11,141.928075,True
-11.54,4,141.931819,False
21.37,13,141.942341,True
-12.02,2,141.944341,False
-12.01,1,141.945341,False
-11.79,4,141.94858,False
-12.02,2,141.952102,False
21.39,11,141.961154,True
21.19,6,141.966436,True
-12.01,1,141.967434,False
-12.01,1,141.969434,False
-11.58,8,141.975959,False
-11.35,9,141.984426,False
19.97,3,141.986431,True
-11.8,5,141.99043,False
19.97,3,141.993956,True
19.97,3,141.996963,True
20.16,9,142.004213,True
-11.78,3,142.007213,False
-12.01,1,142.008213,False
20.93,7,142.014999,True
-10.55,5,142.018998,False
21.87,13,142.029823,True
-11.77,2,142.031819,False
20.2,5,142.036344,True
-12.01,1,142.037344,False
-11.77,2,142.039344,False
-10.56,6,142.044864,False
-11.8,5,142.049699,False
-11.77,2,142.051691,False
20.44,6,142.057216,True
-12.01,1,142.058215,False
-12.01,1,142.059853,False
20.18,7,142.065777,True
-11.77,2,142.067776,False
-11.54,4,142.071299,False
21.4,10,142.080546,True
-11.54,4,142.084544,False
20.93,7,142.090067,True
19.96,4,142.094067,True
21.41,9,142.101555,True
19.95,5,142.105555,True
20.14,11,142.116292,True
19.97,3,142.118678,True
21.62,13,142.130252,True
21.15,10,142.138752,True
-12.04,4,142.142755,False
-11.79,4,142.145762,False
-11.77,2,142.14858,False
-11.76,1,142.150105,False
-12.03,3,142.152105,False
-11.53,3,142.154839,False
-11.3,5,142.159366,False
20.95,5,142.164184,True
-11.58,8,142.170726,False
-11.31,6,142.176717,False
20.43,7,142.18306,True
-7.56,80,142.246965,False
20.19,6,142.252481,True
-11.77,2,142.254004,False
-12.02,2,142.256004,False
-12.01,1,142.257004,False
-12.01,1,142.258004,False
-11.77,2,142.260515,False
-11.77,2,142.263046,False
-11.77,2,142.265054,False
20.21,4,142.269054,True
-11.78,3,142.272065,False
20.21,4,142.275592,True
22.15,10,142.284055,True
-10.8,5,142.288579,False
-11.58,7,142.294583,False
21.34,16,142.306885,True
20.2,5,142.313138,True
-11.08,8,142.319657,False
-11.55,5,142.323657,False
-12.01,1,142.324657,False
-11.78,3,142.328174,False
-11.76,1,142.329414,False
21.19,6,142.33441,True
-11.54,4,142.337934,False
-11.77,2,142.339934,False
-11.56,6,142.344934,False
21.11,14,142.357488,True
-11.76,1,142.358493,False
21.17,8,142.365719,True
20.18,7,142.371243,True
-12.01,1,142.372246,False
21.66,9,142.380152,True
-10.82,7,142.387144,False
-11.76,1,142.38814,False
19.89,11,142.39691,True
20.45,5,142.401436,True
-11.78,3,142.404432,False
-11.81,6,142.409945,False
-11.76,1,142.410944,False
19.96,4,142.414358,True
-11.76,1,142.415356,False
-11.52,2,142.418303,False
-11.77,2,142.420341,False
20.43,7,142.42634,True
21.14,11,142.435706,True
-12.01,1,142.436712,False
20.16,9,142.444237,True
21.62,13,142.455462,True
-12.02,2,142.457462,False
-12.05,5,142.462425,False
-11.56,6,142.467996,False
-11.76,1,142.468996,False
21.89,11,142.479604,True
-11.77,2,142.481022,False
-12.01,1,142.482533,False
-11.81,6,142.487537,False
-11.76,1,142.489537,False
-11.77,2,142.491537,False
21.42,8,142.498434,True
20.19,6,142.503959,True
20.67,8,142.509958,True
-11.8,5,142.514504,False
-11.77,2,142.516502,False
-11.76,1,142.517503,False
21.64,11,142.527027,True
-11.76,1,142.528029,False
-11.54,4,142.532026,False
-11.53,3,142.534538,False
-10.8,5,142.539552,False
20.42,8,142.546384,True
-11.81,6,142.551906,False
21.84,14,142.563532,True
20.43,7,142.570045,True
-11.77,2,142.571045,False
20.2,5,142.57655,True
-11.53,3,142.578558,False
-11.76,1,142.580928,False
20.2,5,142.584922,True
21.34,16,142.597901,True
-11.55,5,142.602897,False
-11.33,8,142.609406,False
-12.05,5,142.613903,False
-11.79,4,142.61841,False
-11.76,1,142.619415,False
-11.76,1,142.620414,False
22.57,18,143.019199,True
20.2,5,143.024199,True
-11.77,2,143.026703,False
-11.31,6,143.033276,False
-11.53,3,143.035777,False
-12.02,2,143.037779,False
20.18,7,143.04478,True
-11.76,1,143.046803,False
-11.76,1,143.04883,False
22.18,7,143.056828,True
-12.01,1,143.058831,False
19.95,5,143.064513,True
-11.79,4,143.069057,False
-11.77,2,143.071057,False
-11.55,5,143.076057,False
-11.55,5,143.082563,False
-11.8,5,143.089068,False
20.21,4,143.094068,True
-11.77,2,143.097651,False
-11.78,3,143.101173,False
-11.77,2,143.104166,False
21.13,12,143.118237,True
-11.31,6,143.124742,False
-12.01,1,143.125742,False
20.21,4,143.13023,True
-11.53,3,143.133233,False
19.95,5,143.139233,True
-12.01,1,143.140734,False
-12.02,2,143.143737,False
-11.76,1,143.145737,False
21.39,10,143.157287,True
-11.33,8,143.168406,False
19.93,7,143.176909,True
20.44,6,143.183974,True
-12.04,4,143.188973,False
-11.76,1,143.190973,False
-11.79,4,143.196022,False
-12.01,1,143.198046,False
-11.32,7,143.20454,False
-11.56,6,143.210542,False
-11.76,1,143.21255,False
-12.02,2,143.214397,False
21.12,13,143.226937,True
21.42,8,143.234216,True
-12.04,4,143.238737,False
20.67,8,143.24619,True
-11.77,2,143.248257,False
22.36,14,143.261858,True
-11.85,9,143.26941,False
-11.77,2,143.272405,False
-11.78,3,143.274405,False
19.96,4,143.279283,True
21.63,12,143.288842,True
-10.81,6,143.294842,False
-11.77,2,143.29715,False
-12.04,4,143.300673,False
-11.53,3,143.303673,False
20.44,6,143.308673,True
21.4,10,143.316255,True
20.98,27,143.338036,True
20.2,5,143.34255,True
-11.03,3,143.345938,False
-11.77,2,143.34796,False
22.39,11,143.357672,True
20.17,8,143.364445,True
19.96,4,143.367444,True
-11.76,1,143.369444,False
-12.01,1,143.370444,False
20.42,8,143.37697,True
20.44,6,143.382759,True
-11.53,3,143.385754,False
-12.02,2,143.387755,False
-12.01,1,143.388754,False
-10.6,9,143.396528,False
-11.77,2,143.398521,False
-12.01,1,143.399521,False
-12.03,3,143.403043,False
-12.01,1,143.404048,False
21.18,7,143.410047,True
21.19,6,143.415295,True
-10.55,5,143.421295,False
-11.32,7,143.427821,False
20.16,9,143.434997,True
-12.01,1,143.436002,False
-11.56,6,143.441002,False
-11.76,1,143.443002,False
-12.04,4,143.446523,False
-12.03,3,143.449536,False
20.18,7,143.456244,True
22.32,17,143.470412,True
-11.31,5,143.474412,False
-12.01,1,143.475922,False
21.16,9,143.484308,True
19.96,4,143.487831,True
-11.77,2,143.489831,False
-11.78,3,143.492831,False
-11.34,9,143.500406,False
-11.81,6,143.505406,False
-11.77,2,143.506916,False
-12.03,3,143.50993,False
-11.76,1,143.510932,False
-11.78,3,143.514458,False
-11.79,4,143.517457,False
-11.87,12,143.526981,False
-10.82,7,143.533031,False
-11.53,3,143.536031,False
-11.3,5,143.540556,False
-11.78,3,143.543558,False
21.16,9,143.551551,True
-12.01,1,143.552552,False
-11.53,3,143.555077,False
-11.3,5,143.560249,False
20.41,9,143.56763,True
-10.8,5,143.572153,False
21.42,8,143.580146,True
20.44,6,143.585655,True
-11.54,4,143.589654,False
21.36,14,143.602327,True
-11.79,4,143.606406,False
20.2,5,143.610404,True
-11.54,4,143.614487,False
-11.53,3,143.617416,False
-12.02,2,143.619416,False
-11.79,4,143.623426,False
-11.78,3,143.625687,False
-11.53,3,143.629113,False
19.93,7,143.634658,True
-11.77,2,143.637658,False
-11.54,4,143.640658,False
-12.01,1,143.641658,False
-11.77,2,143.644177,False
-11.3,5,143.648738,False
20.19,6,143.654249,True
-11.56,6,143.659259,False
-11.77,2,143.661259,False
-10.82,7,143.668199,False
-12.02,2,143.669724,False
-11.52,2,143.671724,False
-12.02,2,143.674234,False
-11.54,4,143.678244,False
21.17,8,143.684753,True
-11.31,6,143.690769,False
21.12,38,143.721484,True
-11.78,3,143.724484,False
-12.01,1,143.724484,False
21.02,23,143.744073,True
-11.56,6,143.749454,False
-12.02,2,143.751461,False
-12.02,2,143.754461,False
21.66,9,143.761839,True
-11.77,2,143.764538,False
-11.76,1,143.765537,False
-12.02,2,143.767047,False
-11.78,3,143.770054,False
21.4,10,143.778586,True
20.19,6,143.784059,True
-12.03,3,143.786058,False
21.37,13,143.79702,True
20.94,6,143.802548,True
-11.79,4,143.806548,False
-11.55,5,143.811075,False
-11.77,2,143.81243,False
-11.77,2,143.814468,False
20.43,7,143.82099,True
-11.57,7,143.826984,False
20.19,6,143.832902,True
21.19,6,143.837902,True
-11.79,4,143.84143,False
20.21,4,143.845429,True
21.19,6,143.849889,True
-10.34,8,143.857607,False
-11.77,2,143.85961,False
-12.02,2,143.86112,False
-11.55,5,143.866382,False
-11.76,1,143.867382,False
21.3,20,143.883811,True
-11.79,3,143.886811,False
-12.02,2,143.888811,False
-11.52,2,143.890811,False
-12.06,6,143.895696,False
-12.01,1,143.896721,False
-11.79,4,143.900716,False
21.37,13,143.911237,True
20.2,5,143.915477,True
20.2,5,143.920471,True
-10.82,7,143.926003,False
-12.01,1,143.927002,False
21.18,7,143.93325,True
-11.88,13,143.943774,False
-11.76,1,143.944774,False
20.45,5,143.948517,True
-10.59,8,143.956049,False
-12.02,2,143.958048,False
-11.78,3,143.961048,False
-12.02,2,143.962048,False
-11.78,3,143.965843,False
-12.02,2,143.967543,False
19.94,6,143.972542,True
-11.78,3,143.975542,False
-11.54,4,143.979465,False
20.19,6,144.359118,True
21.5,25,144.386949,True
-11.55,5,144.393466,False
-11.77,2,144.395904,False
20.17,7,144.40344,True
-11.57,7,144.411435,False
-12.01,1,144.413416,False
-10.8,5,144.420438,False
-11.76,1,144.421431,False
20.2,5,144.427935,True
-12.01,1,144.429308,False
-10.56,6,144.436766,False
-12.01,1,144.438769,False
21.41,9,144.448868,True
19.96,4,144.45386,True
-11.77,2,144.456364,False
20.2,5,144.461366,True
-11.58,8,144.469936,False
-11.76,1,144.471936,False
-12.03,3,144.475438,False
-12.01,1,144.477441,False
-12.03,3,144.480374,False
20.92,8,144.489897,True
20.18,7,144.498836,True
-11.04,4,144.503828,False
-12.02,2,144.506828,False
20.2,5,144.512719,True
-11.79,4,144.518264,False
21.41,9,144.526264,True
-11.52,2,144.528779,False
19.97,3,144.53235,True
-11.76,1,144.53435,False
-11.82,7,144.541854,False
-11.53,3,144.546352,False
-11.32,7,144.554883,False
20.43,7,144.561918,True
20.19,6,144.567362,True
-11.76,1,144.568362,False
21.16,9,144.576887,True
-11.76,1,144.578891,False
21.14,11,144.588705,True
-11.77,2,144.589705,False
-11.83,8,144.597481,False
19.95,5,144.601999,True
-12.01,1,144.603003,False
20.44,6,144.608002,True
21.4,10,144.617243,True
20.18,7,144.622987,True
21.37,13,144.634014,True
21.18,7,144.640028,True
-11.57,7,144.646985,False
19.97,3,144.649981,True
-11.76,1,144.650981,False
-11.77,2,144.651981,False
21.42,8,144.659771,True
20.21,4,144.663702,True
-12.02,2,144.665716,False
-12.01,1,144.666716,False
-11.77,2,144.668715,False
-11.76,1,144.669715,False
-11.78,3,144.672423,False
-11.55,5,144.676948,False
-11.81,6,144.683399,False
-12.03,3,144.685922,False
-12.02,2,144.687915,False
-11.55,5,144.692915,False
-10.58,8,144.700976,False
-12.03,3,144.702978,False
19.96,4,144.706502,True
20.2,5,144.711502,True
20.2,5,144.715927,True
-12.01,1,144.716445,False
-10.36,10,144.725449,False
21.16,9,144.733433,True
-10.56,6,144.73896,False
-10.79,4,144.74196,False
21.41,9,144.750711,True
-11.55,5,144.75471,False
-11.77,2,144.75671,False
19.96,4,144.760237,True
-11.78,3,144.763509,False
20.19,5,144.767303,True
20.17,8,144.774826,True
-11.54,4,144.777827,False
-11.53,3,144.781089,False
-10.8,5,144.786076,False
-12.01,1,144.787076,False
-11.78,3,144.789582,False
-11.53,3,144.792588,False
-12.01,1,144.793588,False
-11.34,9,144.801504,False
-11.79,4,144.805504,False
-11.04,4,144.808504,False
20.21,4,144.81241,True
-11.76,1,144.814497,False
-11.78,3,144.81741,False
-12.05,5,144.820935,False
21.19,6,144.825939,True
20.44,6,144.831795,True
-11.54,4,144.834795,False
20.19,6,144.839795,True
20.2,5,144.845645,True
-11.77,2,144.847666,False
21.18,7,145.251648,True
20.21,4,145.257643,True
21.18,7,145.265179,True
-11.53,3,145.268179,False
-11.78,3,145.271486,False
-11.76,1,145.272441,False
-12.01,1,145.273447,False
-11.76,1,145.274447,False
21.34,16,145.287966,True
-12.02,2,145.289966,False
-11.81,6,145.295489,False
-11.79,4,145.299475,False
21.12,13,145.31,True
-12.03,3,145.313224,False
-12.01,1,145.313736,False
20.19,6,145.31975,True
-11.78,3,145.32275,False
-11.78,3,145.325278,False
20.16,9,145.33352,True
-11.78,3,145.336033,False
-12.01,1,145.338033,False
21.43,7,145.344033,True
-12.03,3,145.346274,False
-11.56,6,145.352282,False
-12.06,6,145.357796,False
-11.8,5,145.362568,False
-12.01,1,145.363216,False
20.2,5,145.367753,True
-11.8,5,145.372753,False
22.16,9,145.380525,True
20.2,5,145.38452,True
19.94,6,145.390046,True
-11.83,8,145.397274,False
19.96,4,145.400798,True
-11.52,2,145.401798,False
-11.8,5,145.406797,False
20.44,6,145.412538,True
-11.54,4,145.415534,False
-12.03,3,145.418045,False
-12.01,1,145.42006,False
-11.77,2,145.422059,False
-11.77,2,145.423059,False
-11.77,2,145.426069,False
-11.81,6,145.430796,False
19.96,4,145.433796,True
-11.77,2,145.435796,False
-11.79,4,145.440318,False
-11.77,2,145.441315,False
-11.54,4,145.445462,False
-10.78,3,145.448704,False
-12.01,1,145.449704,False
20.44,6,145.454227,True
-12.01,1,145.456227,False
-11.77,2,145.460222,False
-12.02,2,145.46207,False
-11.77,2,145.464094,False
-11.54,4,145.468616,False
-11.56,6,145.474005,False
20.42,8,145.480746,True
-11.77,2,145.482751,False
20.45,5,145.486756,True
21.19,6,145.492284,True
-11.78,3,145.494281,False
-11.32,7,145.500551,False
19.92,8,145.508074,True
-11.53,3,145.510074,False
-7.55,80,145.575522,False
21.89,11,145.585442,True
-11.77,2,145.586446,False
-12.01,1,145.587446,False
-12.01,1,145.589446,False
-11.81,6,145.594447,False
-11.76,1,145.595855,False
-12.02,2,145.597878,False
-11.81,6,145.602876,False
22.15,10,145.612408,True
20.44,6,145.617325,True
21.38,12,145.627332,True
-12.01,1,145.628215,False
21.28,22,145.647234,True
-10.33,8,145.653755,False
-12.02,2,145.655756,False
-10.83,7,145.662918,False
20.44,6,145.667942,True
-11.6,10,145.676186,False
22.06,19,145.694229,True
20.44,6,145.699228,True
21.42,8,145.706753,True
21.19,6,145.712555,True
-11.76,1,145.713551,False
-11.56,6,145.718551,False
20.17,8,145.726074,True
-11.09,8,146.117492,False
-11.78,3,146.121003,False
-11.78,3,146.124998,False
21.38,11,146.134576,True
-11.76,1,146.136575,False
-11.8,5,146.142082,False
20.43,7,146.151199,True
20.8,20,146.173023,True
20.45,5,146.177024,True
21.1,15,146.192499,True
-12.02,2,146.194874,False
-12.03,3,146.198888,False
-12.04,4,146.204393,False
21.11,13,146.218374,True
-12.01,1,146.220373,False
20.43,7,146.226878,True
-11.77,2,146.229879,False
-11.56,6,146.236384,False
21.8,45,146.286468,True
-11.77,2,146.288471,False
-11.3,5,146.295483,False
-12.01,1,146.296321,False
19.92,8,146.305323,True
-11.78,3,146.309827,False
-11.79,4,146.31438,False
-11.78,3,146.317379,False
20.91,9,146.326581,True
20.21,4,146.330339,True
-12.01,1,146.331337,False
-12.01,1,146.332337,False
21.37,13,146.342861,True
-11.07,7,146.349622,False
-10.64,14,146.362388,False
-10.88,12,146.37243,False
-11.83,8,146.379199,False
-11.55,5,146.383715,False
21.37,13,146.394247,True
-12.01,1,146.396471,False
20.19,6,146.400995,True
21.41,9,146.408994,True
-11.78,3,146.41152,False
19.96,4,146.41574,True
21.16,9,146.423264,True
-11.55,5,146.427264,False
21.18,7,146.434012,True
-12.01,1,146.435009,False
19.96,4,146.439008,True
20.43,7,146.44452,True
-10.8,5,146.449775,False
-12.02,2,146.451766,False
21.16,9,146.460453,True
-11.79,4,146.464408,False
-12.01,1,146.465913,False
-12.03,3,146.467423,False
-12.02,2,146.470224,False
-10.64,14,146.48373,False
21.18,7,146.490241,True
20.21,4,146.493241,True
20.2,5,146.498325,True
19.97,3,146.501404,True
22.06,19,146.51687,True
21.86,14,146.529789,True
19.97,3,146.531782,True
20.43,7,146.538305,True
20.91,9,146.546551,True
-11.8,5,146.550568,False
-11.77,2,146.552568,False
-11.76,1,146.553568,False
22.12,13,146.565866,True
19.97,3,146.569384,True
-11.55,5,146.574224,False
-11.76,1,146.575229,False
21.37,13,146.585655,True
20.18,7,146.591967,True
-12.05,5,146.59645,False
20.2,5,146.600971,True
-12.02,2,146.60297,False
-12.01,1,146.60397,False
-11.77,2,146.605662,False
21.54,20,146.622665,True
-11.77,2,146.624657,False
-11.76,1,146.625657,False
-11.53,3,146.628657,False
-11.77,2,146.630612,False
-11.53,3,146.63361,False
20.94,6,146.638606,True
-11.76,1,146.640112,False
-11.77,2,146.642119,False
-11.34,9,146.649375,False
-11.77,2,146.651695,False
20.18,7,146.657691,True
-11.76,1,146.658691,False
-11.54,4,146.662421,False
-11.56,6,146.668157,False
-10.56,6,146.672697,False
-11.78,3,146.675696,False
-11.76,1,146.676697,False
-11.81,6,146.682591,False
22.41,9,146.690601,True
-11.31,6,146.696186,False
-12.01,1,146.697214,False
-11.54,4,146.701209,False
21.18,7,146.706735,True
-11.76,1,146.707735,False
-12.02,2,146.709735,False
-11.53,3,146.713837,False
-12.02,2,146.715863,False
-11.8,5,146.719848,False
21.14,11,146.729781,True
-11.76,1,146.730778,False
19.97,3,146.732785,True
-11.81,6,146.739312,False
20.21,4,146.742313,True
-11.54,4,146.746922,False
-11.77,2,146.749929,False
-12.02,2,146.751928,False
-11.58,8,146.758454,False
-12.01,1,146.759447,False
-11.82,7,146.766955,False
20.2,5,146.770961,True
-11.81,6,146.777117,False
21.38,12,146.787504,True
-11.76,1,146.788008,False
-11.04,4,146.792015,False
-10.39,14,146.803998,False
21.4,10,146.812931,True
20.44,6,146.818936,True
-11.78,3,146.821607,False
-11.53,3,146.824607,False
-11.31,6,146.829188,False
-11.54,4,146.833492,False
-11.76,1,146.834489,False
-11.79,4,146.837488,False
21.35,15,146.849842,True
20.43,7,146.856852,True
20.21,4,146.860358,True
20.18,7,146.865613,True
20.2,5,146.87081,True
20.18,7,146.877407,True
-12.02,2,146.87876,False
19.97,3,146.882313,True
19.95,5,146.886313,True
20.18,7,146.892832,True
21.17,8,146.899327,True
22.14,11,146.909449,True
20.45,5,146.913976,True
-11.76,1,146.914976,False
-11.77,2,146.916978,False
-11.53,3,146.919976,False
-11.54,4,146.923493,False
-11.78,3,146.925497,False
-12.02,2,146.927497,False
-11.76,1,146.928803,False
-11.03,3,146.931811,False
-12.02,2,146.934342,False
20.43,7,146.940341,True
20.17,8,146.947073,True
-12.02,2,146.949074,False
-11.76,1,146.950073,False
-11.78,3,146.953073,False
-11.78,3,146.955596,False
20.21,4,146.959596,True
21.66,9,146.96733,True
20.21,4,146.970854,True
-11.77,2,146.972854,False
-11.79,4,146.976372,False
21.22,27,146.998541,True
-11.3,5,147.003541,False
22.37,13,147.014275,True
-11.81,6,147.019797,False
-11.54,4,147.022797,False
-11.55,5,147.027317,False
-11.76,1,147.028322,False
20.45,5,147.032534,True
20.2,5,147.037044,True
-11.54,4,147.040058,False
20.21,4,147.044058,True
-11.58,8,147.050796,False
19.97,3,147.053797,True
-11.53,3,147.056796,False
22.39,11,147.066548,True
21.42,8,147.072717,True
21.38,12,147.473478,True
-11.32,6,147.481009,False
-11.56,6,147.48802,False
-11.77,2,147.49002,False
21.15,10,147.500003,True
-12.01,1,147.501003,False
-11.76,1,147.503002,False
20.19,6,147.508508,True
-11.32,7,147.515918,False
20.19,6,147.521423,True
-12.01,1,147.522423,False
-11.76,1,147.524423,False
-11.77,2,147.526423,False
20.21,4,147.53182,True
21.18,7,147.539322,True
-12.01,1,147.541324,False
20.2,5,147.547697,True
-11.77,2,147.550201,False
-11.78,3,147.553201,False
-11.32,7,147.560707,False
-10.33,8,147.570106,False
-12.02,2,147.573616,False
20.45,5,147.580177,True
-11.79,4,147.585024,False
20.21,4,147.590601,True
-11.76,1,147.592106,False
-11.32,7,147.599458,False
-11.56,6,147.607964,False
20.19,6,147.614901,True
-11.77,2,147.616901,False
-11.76,1,147.618402,False
-11.54,4,147.62357,False
-12.01,1,147.625203,False
-11.59,9,147.635616,False
-11.77,2,147.638616,False
-12.01,1,147.639616,False
-11.55,5,147.646446,False
20.91,9,147.656961,True
19.94,6,147.663708,True
21.15,10,147.672657,True
21.42,8,147.681641,True
-11.8,5,147.68601,False
-12.01,1,147.68701,False
-11.78,3,147.69001,False
-11.8,5,147.69501,False
-10.84,9,147.7033,False
19.97,3,147.705804,True
-11.55,5,147.710811,False
-12.02,2,147.712142,False
20.44,6,147.717693,True
-12.01,1,147.718695,False
-12.01,1,147.720695,False
-11.54,4,147.723695,False
20.45,5,147.728669,True
-11.52,2,147.730704,False
-11.54,4,147.733703,False
20.43,7,147.739226,True
-12.02,2,147.741226,False
20.68,7,147.748158,True
-12.04,4,147.752159,False
20.44,6,147.75616,True
-12.02,2,147.758672,False
-12.01,1,147.760671,False
-12.01,1,147.761672,False
-10.58,7,147.7687,False
21.09,16,147.781751,True
-12.03,3,147.784766,False
-11.81,6,147.789276,False
19.96,4,147.793282,True
-11.06,5,147.797798,False
-10.55,5,147.802319,False
-11.77,2,147.804318,False
-10.56,6,147.809318,False
20.41,9,147.817133,True
20.67,8,147.824658,True
-12.01,1,147.825658,False
-11.78,3,147.828658,False
-11.76,1,147.829661,False
-12.01,1,147.829661,False
-11.55,4,147.834187,False
-12.07,7,147.840187,False
21.17,8,147.847117,True
-11.31,6,147.852634,False
21.66,9,147.86064,True
-11.78,3,147.863546,False
-12.01,1,147.864544,False
20.95,5,147.868544,True
-11.76,1,147.870543,False
-11.78,3,147.873068,False
21.56,19,147.889591,True
19.97,3,147.892591,True
20.44,6,147.898541,True
21.05,19,147.913424,True
-11.78,3,147.916951,False
-11.8,5,147.920952,False
-12.02,2,147.922951,False
-11.76,1,147.923951,False
20.68,7,147.930923,True
-12.05,5,147.934922,False
-12.02,2,147.937435,False
20.2,5,147.941435,True
-12.01,1,147.943435,False
-12.02,2,147.945435,False
21.66,9,147.95338,True
20.39,11,147.962334,True
-11.77,2,147.96435,False
-11.03,3,147.96735,False
19.93,7,147.973157,True
-11.53,3,147.976154,False
-11.57,7,147.981987,False
-11.55,5,147.987149,False
-11.78,3,147.990671,False
-11.76,1,147.991671,False
-11.77,2,147.992671,False
-12.03,3,147.99645,False
-12.03,3,147.998963,False
-12.01,1,147.999969,False
-11.76,1,148.000968,False
-10.59,9,148.008968,False
-12.01,1,148.009485,False
20.44,6,148.016068,True
-11.79,4,148.01958,False
20.44,6,148.024585,True
20.2,5,148.028585,True
-11.54,4,148.032418,False
20.87,13,148.043944,True
-11.76,1,148.044944,False
-11.55,5,148.048763,False
-12.01,1,148.050344,False
-11.68,18,148.066167,False
20.69,6,148.071685,True
20.21,4,148.074711,True
21.15,10,148.082529,True
-12.01,1,148.084528,False
-11.79,4,148.088039,False
-11.82,7,148.093575,False
21.42,8,148.100763,True
22.28,22,148.119063,True
20.65,10,148.126586,True
19.97,3,148.129825,True
-11.78,3,148.131822,False
22.62,13,148.143858,True
-11.78,3,148.147107,False
20.2,5,148.151107,True
-11.77,2,148.153106,False
-11.76,1,148.154624,False
20.95,5,148.159629,True
22.16,9,148.167387,True
19.97,3,148.170386,True
19.95,5,148.17544,True
21.13,12,148.185266,True
19.97,3,148.188277,True
-11.76,1,148.189272,False
-11.77,2,148.191271,False
-12.01,1,148.192271,False
-10.83,8,148.200129,False
-11.52,2,148.201129,False
21.18,32,148.227467,True
-12.02,2,148.229768,False
-12.05,5,148.234776,False
-11.79,4,148.238299,False
-11.76,1,148.239299,False
-11.29,4,148.242298,False
22.17,8,148.250279,True
19.96,4,148.253277,True
21.11,14,148.265242,True
-10.55,5,148.269773,False
-11.76,1,148.270772,False
20.94,6,148.276293,True
-12.04,4,148.279683,False
-11.76,1,148.281671,False
-11.79,4,148.284677,False
-11.78,3,148.287678,False
-12.02,2,148.289196,False
-11.53,3,148.292725,False
20.21,4,148.295979,True
-12.02,2,148.297976,False
-12.02,2,148.300498,False
-11.77,2,148.302498,False
-11.79,4,148.305498,False
-11.78,3,148.308498,False
-11.81,6,148.314313,False
20.21,4,148.317313,True
-11.04,4,148.320837,False
-12.01,1,148.322837,False
20.44,6,148.327837,True
-10.82,7,148.334191,False
-11.57,7,148.339191,False
-11.79,4,148.343709,False
19.9,10,148.35249,True
-12.05,5,148.35649,False
21.39,11,148.366789,True
-12.04,4,148.369787,False
-11.79,4,148.373815,False
-11.52,2,148.375823,False
-12.02,2,148.37883,False
21.19,6,148.383356,True
19.95,5,148.387877,True
-11.76,1,148.388877,False
22.13,11,148.399536,True
-12.06,6,148.404061,False
20.21,4,148.40806,True
-11.79,4,148.41206,False
-11.81,6,148.417392,False
-11.55,5,148.421395,False
-11.54,4,148.424917,False
-11.77,2,148.427917,False
20.18,7,148.433308,True
-11.8,5,148.810159,False
-11.76,1,148.811661,False
-11.76,1,148.813072,False
21.18,7,148.821573,True
20.91,9,148.832117,True
20.2,5,148.837631,True
-11.53,3,148.841636,False
21.15,10,148.85157,True
-11.56,6,148.859249,False
-11.8,5,148.865272,False
-11.78,3,148.869272,False
-12.04,4,148.873774,False
-11.53,3,148.878284,False
-11.54,4,148.883285,False
20.2,5,148.888789,True
-12.01,1,148.890789,False
-11.78,3,148.894789,False
-11.29,4,148.899443,False
20.15,10,148.911463,True
21.43,7,148.918343,True
-11.57,7,148.925343,False
-12.02,2,148.927858,False
-11.29,4,148.932401,False
20.94,6,148.937905,True
20.64,11,148.948413,True
-11.31,6,148.955412,False
-11.53,3,148.960102,False
-11.53,3,148.963516,False
20.93,7,148.972032,True
-11.32,7,148.979646,False
22.16,9,148.988673,True
-11.76,1,148.989676,False
19.97,3,148.992675,True
-11.53,3,148.996926,False
-11.53,3,149.000615,False
21.63,12,149.013485,True
20.45,5,149.018407,True
21.19,6,149.023932,True
22.11,14,149.037287,True
-11.76,1,149.038287,False
21.41,9,149.047089,True
-12.02,2,149.050089,False
-11.82,7,149.056613,False
-11.53,3,149.059609,False
-11.85,10,149.068513,False
22.06,18,149.083496,True
-11.53,3,149.086501,False
-11.78,3,149.089504,False
-12.05,5,149.094002,False
-11.81,6,149.098995,False
19.88,12,149.109524,True
20.18,7,149.115301,True
-11.52,2,149.117305,False
21.4,10,149.125824,True
-11.54,4,149.130076,False
-11.79,4,149.134076,False
20.21,4,149.137602,True
-11.77,2,149.139601,False
-11.76,1,149.140601,False
-11.36,10,149.148361,False
-11.79,4,149.152363,False
-11.77,2,149.154361,False
20.2,5,149.158883,True
-11.53,3,149.161883,False
20.21,4,149.165116,True
-10.8,5,149.170642,False
-11.79,4,149.17416,False
-11.55,5,149.178619,False
-12.03,3,149.180641,False
-11.54,4,149.184642,False
-12.02,2,149.186641,False
20.17,8,149.193663,True
-12.01,1,149.195002,False
20.45,5,149.199433,True
-10.79,4,149.203428,False
20.17,8,149.209951,True
-11.57,7,149.216194,False
19.97,3,149.218705,True
-11.76,1,149.22072,False
-10.32,7,149.22672,False
-11.78,3,149.229566,False
-11.79,3,149.232595,False
-11.79,4,149.235595,False
-11.54,4,149.240113,False
20.44,6,149.245118,True
19.97,3,149.248414,True
21.14,11,149.257943,True
-12.02,2,149.258943,False
-12.01,1,149.261462,False
-11.55,5,149.265944,False
-11.82,7,149.272044,False
21.18,7,149.279005,True
21.19,6,149.284565,True
-11.54,4,149.287558,False
-11.54,4,149.292076,False
-11.76,1,149.293083,False
20.18,7,149.299418,True
-12.01,1,149.300418,False
-12.02,2,149.302936,False
-11.76,1,149.303941,False
-11.79,4,149.30694,False
-10.58,8,149.314878,False
-11.3,5,149.318878,False
-11.79,4,149.321877,False
19.97,3,149.325395,True
-11.77,2,149.327396,False
-11.77,2,149.329804,False
-11.8,5,149.334315,False
-11.78,3,149.336318,False
-11.31,6,149.342319,False
-12.02,2,149.344319,False
-11.77,2,149.346065,False
-10.59,8,149.353062,False
-11.77,2,149.354573,False
-11.83,8,149.360588,False
-12.02,2,149.362816,False
20.44,6,149.368338,True
-11.77,2,149.370338,False
-11.35,10,149.379677,False
19.96,4,149.382672,True
-12.01,1,149.383672,False
-11.81,6,149.390186,False
-11.08,8,149.397048,False
-12.02,2,149.399044,False
-11.77,2,149.401044,False
-10.58,8,149.408571,False
20.44,6,149.413571,True
-11.55,5,149.418098,False
20.43,7,149.424097,True
-12.02,2,149.425097,False
20.19,6,149.430846,True
21.16,9,149.438366,True
-11.41,16,149.452359,False
-11.78,3,149.455359,False
-11.53,3,149.457359,False
20.2,5,149.461884,True
21.33,17,149.476666,True
20.2,5,149.481298,True
-11.78,3,149.483937,False
-12.01,1,149.485945,False
-12.01,1,149.486944,False
-11.77,2,149.488944,False
20.18,7,149.495467,True
21.42,8,149.502378,True
20.19,6,149.507377,True
19.96,4,149.511196,True
20.18,7,149.517305,True
-11.83,8,149.523828,False
21.64,11,149.534158,True
20.21,4,149.537567,True
21.16,9,149.545583,True
-11.76,1,149.546607,False
20.41,9,149.55413,True
-11.76,1,149.555129,False
-11.53,3,149.558129,False
20.2,5,149.563032,True
-11.56,6,149.568046,False
21.39,11,149.578075,True
-12.01,1,149.579235,False
-11.53,3,149.581524,False
-11.3,5,149.58605,False
-11.76,1,149.58705,False
-10.57,7,149.593043,False
-11.79,4,149.597113,False
20.2,5,149.601639,True
20.21,4,149.606165,True
-11.79,4,149.609155,False
20.44,6,149.615241,True
20.18,7,149.621265,True
-11.78,3,149.623781,False
-11.76,1,149.624781,False
-12.01,1,149.6263,False
20.2,5,149.629889,True
19.95,5,149.634888,True
-11.76,1,149.636395,False
-11.77,2,149.638402,False
-11.76,1,149.639402,False
-11.79,4,149.642403,False
-11.53,3,149.645402,False
-10.6,10,149.653924,False
19.97,3,149.65745,True
-11.76,1,149.658454,False
-11.79,4,149.662034,False
-11.77,2,149.664061,False
-11.77,2,149.666061,False
-11.55,5,149.67057,False
21.14,11,149.679708,True
-11.77,2,149.681702,False
-11.53,3,149.684698,False
21.19,6,149.690208,True
21.65,10,149.699059,True
-12.01,1,149.700063,False
21.14,11,149.710082,True
-12.01,1,149.712164,False
22.63,12,149.723948,True
21.64,11,149.73296,True
20.2,5,149.737952,True
-11.79,4,149.742458,False
22.37,13,149.754357,True
-12.02,2,149.756331,False
-11.54,4,149.760834,False
-11.54,4,149.765287,False
20.2,5,149.770287,True
-11.78,3,149.772795,False
22.84,15,150.15088,True
20.2,5,150.156879,True
-11.55,5,150.162978,False
-11.77,2,150.165981,False
-11.53,3,150.170405,False
21.17,8,150.177907,True
-11.76,1,150.179382,False
-12.01,1,150.179382,False
-11.53,3,150.183893,False
-11.79,4,150.189893,False
-11.76,1,150.191397,False
-11.77,2,150.193902,False
-11.78,3,150.198367,False
20.43,7,150.205871,True
-11.52,2,150.207871,False
-12.03,3,150.211375,False
-11.58,8,150.219785,False
-12.04,4,150.22529,False
-12.01,1,150.22729,False
-11.78,3,150.230762,False
20.87,13,150.245731,True
21.57,16,150.264336,True
20.2,5,150.269337,True
-12.03,3,150.272337,False
-10.83,7,150.281195,False
21.41,9,150.292207,True
-12.01,1,150.293207,False
-11.53,3,150.29725,False
-12.01,1,150.298249,False
20.44,6,150.30629,True
-11.77,2,150.30829,False
-11.76,1,150.310291,False
-12.02,2,150.312656,False
20.42,8,150.32216,True
-12.01,1,150.32416,False
-11.32,7,150.332156,False
20.43,7,150.33867,True
-11.3,5,150.344665,False
-11.76,1,150.346109,False
21.88,11,150.357644,True
-11.86,11,150.366987,False
-11.77,2,150.369508,False
21.65,10,150.378847,True
-11.77,2,150.381379,False
20.16,9,150.388907,True
20.21,4,150.392914,True
19.96,4,150.396825,True
-11.78,3,150.399349,False
20.44,6,150.404362,True
-11.77,2,150.406362,False
20.2,5,150.410888,True
-11.76,1,150.411888,False
-12.02,2,150.41354,False
-11.76,1,150.414539,False
-11.77,2,150.416539,False
-11.33,8,150.424207,False
-12.01,1,150.425208,False
20.2,5,150.430139,True
-11.77,2,150.431667,False
20.17,8,150.438662,True
20.2,5,150.442174,True
21.66,9,150.450659,True
-12.01,1,150.45207,False
-11.54,4,150.455919,False
21.55,20,150.471778,True
-11.78,3,150.474956,False
22.32,17,150.489919,True
-11.79,4,150.492919,False
-11.82,7,150.499609,False
-11.77,2,150.501607,False
-11.55,5,150.506654,False
-11.56,6,150.511649,False
-12.01,1,150.513036,False
20.39,11,150.522609,True
19.9,10,150.53247,True
21.19,6,150.536994,True
-11.78,3,150.539993,False
-11.81,6,150.544994,False
-11.76,1,150.546262,False
-11.77,2,150.548277,False
21.39,11,150.557794,True
20.2,5,150.562118,True
-12.02,2,150.564137,False
21.4,10,150.572654,True
-11.29,4,150.576659,False
-11.76,1,150.577659,False
19.95,5,150.581506,True
-11.53,3,150.584028,False
21.36,13,150.596052,True
-11.52,2,150.597565,False
21.41,9,150.606101,True
-11.77,2,150.608093,False
19.96,4,150.611813,True
-11.78,3,150.614838,False
-12.04,4,150.617833,False
-11.77,2,150.621346,False
-11.8,5,150.625881,False
21.62,38,150.65756,True
-11.53,3,150.66056,False
-12.01,1,150.661559,False
20.2,5,150.665504,True
21.18,7,150.671503,True
-11.3,5,150.676027,False
-11.36,11,150.685503,False
-11.14,14,150.698401,False
-11.77,2,150.700401,False
21.1,15,150.713215,True
-11.77,2,150.714728,False
19.91,9,150.722742,True
-11.79,4,150.726264,False
-11.6,10,150.734561,False
-12.01,1,150.736072,False
20.94,6,150.741086,True
-11.55,5,150.745572,False
-11.6,10,150.754599,False
20.45,5,150.75912,True
-12.01,1,150.760119,False
-12.03,3,150.763663,False
21.37,13,150.77517,True
-12.02,2,150.77717,False
21.19,6,150.783276,True
-11.83,8,150.789796,False
20.85,15,150.802202,True
-11.76,1,150.803202,False
-11.76,1,150.805207,False
-11.79,4,150.809202,False
21.19,6,150.813194,True
-11.77,2,150.816194,False
-12.02,2,150.818193,False
21.38,12,150.828273,True
21.19,6,150.833113,True
-11.8,5,150.838113,False
-11.78,3,150.841113,False
-12.03,3,150.843635,False
21.19,6,150.849031,True
-11.78,3,150.852528,False
21.27,23,150.871012,True
-12.02,2,150.872011,False
20.42,8,150.878905,True
21.65,10,150.886997,True
-12.01,1,150.888998,False
20.21,4,150.891997,True
-10.78,3,150.894501,False
-11.8,5,150.898921,False
-11.31,6,150.903917,False
22.36,14,150.916903,True
-11.86,10,150.924903,False
-12.02,2,150.926408,False
-11.79,4,150.931078,False
-10.57,7,150.937741,False
-11.55,5,150.941741,False
-11.77,2,150.94374,False
21.66,9,150.952883,True
-12.02,2,150.954884,False
19.97,3,150.957389,True
20.2,5,150.962474,True
20.17,8,150.968693,True
-12.02,2,150.970699,False
20.21,4,150.9747,True
-12.01,1,150.975695,False
-11.8,5,150.980566,False
-12.01,1,150.981566,False
-11.76,1,150.982566,False
19.97,3,150.985077,True
-12.02,2,150.987583,False
20.19,6,150.993394,True
-12.02,2,150.99543,False
-11.78,3,150.99802,False
21.15,10,151.006561,True
20.9,9,151.014472,True
20.2,5,151.018983,True
-10.97,22,151.037725,False
19.97,3,151.040225,True
-12.01,1,151.041231,False
-11.79,4,151.045231,False
20.2,5,151.048707,True
-10.78,3,151.052233,False
19.97,3,151.05524,True
-11.78,3,151.058232,False
-12.03,3,151.060745,False
21.14,11,151.071144,True
-12.02,2,151.072702,False
20.2,5,151.076699,True
22.52,23,151.096406,True
21.18,7,151.102491,True
21.18,7,151.108156,True
22.04,46,151.538434,True
20.2,5,151.542947,True
-11.78,3,151.547385,False
20.2,5,151.55189,True
-11.82,7,151.559889,False
-11.77,2,151.562766,False
-11.53,3,151.565765,False
-10.8,5,151.572268,False
-10.83,8,151.580758,False
20.21,4,151.584262,True
21.15,10,151.594773,True
-11.53,3,151.598229,False
-11.78,3,151.600735,False
20.69,6,151.607834,True
-11.52,2,151.610834,False
-11.79,4,151.615785,False
21.53,22,151.640717,True
-12.02,2,151.642717,False
20.2,5,151.649576,True
-11.8,5,151.656077,False
21.42,8,151.663625,True
-11.76,1,151.664625,False
21.15,10,151.67663,True
19.97,3,151.68028,True
21.54,21,151.70242,True
-11.79,4,151.70642,False
-11.58,8,151.714812,False
20.2,5,151.719329,True
-11.54,4,151.722334,False
20.68,7,151.728333,True
20.21,4,151.732656,True
19.97,3,151.734656,True
-11.78,3,151.737656,False
-11.79,4,151.74118,False
20.19,6,151.747412,True
-11.76,1,151.748411,False
-11.77,2,151.750412,False
20.2,5,151.753933,True
20.94,6,151.759933,True
-12.01,1,151.760935,False
-11.3,5,151.765662,False
-11.55,5,151.769662,False
19.97,3,151.772186,True
-10.56,6,151.778179,False
-11.36,10,151.786461,False
-11.54,4,151.790474,False
19.96,4,151.794003,True
-10.86,11,151.803307,False
-11.53,3,151.806306,False
-12.01,1,151.808307,False
20.2,5,151.811306,True
-11.31,6,151.817075,False
-11.3,5,151.822075,False
-11.79,4,151.825591,False
21.82,16,151.839427,True
20.2,5,151.843426,True
-11.77,2,151.845274,False
-11.77,2,151.8473,False
21.37,13,151.858826,True
-11.8,5,151.863165,False
20.18,7,152.282568,True
-11.54,4,152.287234,False
21.4,9,152.299417,True
21.35,14,152.311524,True
20.17,8,152.318034,True
20.94,6,152.324034,True
-11.81,6,152.32953,False
19.96,4,152.33253,True
-12.01,1,152.33353,False
20.2,5,152.338639,True
-12.01,1,152.339637,False
-11.1,10,152.348547,False
21.44,6,152.35462,True
21.2,5,152.359293,True
-11.78,3,152.362618,False
20.16,9,152.3716,True
-12.01,1,152.373602,False
-10.56,6,152.380435,False
-11.54,4,152.384429,False
19.97,3,152.387429,True
-11.29,4,152.390945,False
-11.55,5,152.396348,False
-11.76,1,152.397346,False
20.17,8,152.404783,True
-12.02,2,152.406783,False
21.41,8,152.413168,True
21.15,10,152.421597,True
-12.01,1,152.422602,False
-11.78,3,152.425603,False
21.39,11,152.43557,True
-11.76,1,152.436569,False
20.19,6,152.442075,True
21.63,12,152.452378,True
-11.08,8,152.458889,False
20.93,7,152.465261,True
-11.57,7,152.470846,False
-12.01,1,152.472592,False
20.2,5,152.477361,True
-11.77,2,152.47964,False
-12.02,2,152.481641,False
-11.76,1,152.48264,False
20.18,7,152.489168,True
-11.78,3,152.492174,False
-11.3,5,152.497065,False
20.4,9,152.504566,True
-12.01,1,152.504566,False
-12.01,1,152.506104,False
19.96,4,152.510112,True
-11.76,1,152.511425,False
20.21,4,152.515433,True
20.2,5,152.518956,True
20.2,5,152.523957,True
-12.01,1,152.524956,False
20.44,6,152.530772,True
-10.58,8,152.537282,False
-11.78,3,152.540295,False
19.95,5,152.545296,True
-10.8,5,152.550215,False
-11.76,1,152.551214,False
21.42,8,152.558214,True
20.95,5,152.56314,True
-10.82,7,152.568645,False
21.36,13,152.580191,True
22.15,10,152.587704,True
-11.78,3,152.591269,False
19.97,3,152.594262,True
-12.04,4,152.59765,False
-11.59,9,152.605693,False
19.97,3,152.608698,True
-11.84,9,152.616516,False
-11.8,5,152.621022,False
21.43,7,152.627545,True
-11.76,1,152.628883,False
21.07,18,152.641921,True
19.97,3,152.644926,True
-12.05,5,152.649216,False
-11.3,5,152.653742,False
-11.52,2,152.654741,False
-11.33,8,152.662242,False
20.2,5,152.667465,True
-12.02,2,152.669461,False
-11.76,1,152.67046,False
20.2,5,152.674973,True
-11.77,2,152.676973,False
-11.54,4,152.681285,False
-11.76,1,152.682284,False
20.45,5,152.686795,True
21.18,7,152.693307,True
-11.54,4,152.696684,False
-11.53,3,152.700603,False
-11.55,5,152.703603,False
21.41,9,152.711626,True
21.43,7,152.718516,True
-12.05,5,152.722516,False
-12.03,3,152.724516,False
20.2,5,152.729397,True
-12.01,1,152.730322,False
19.94,6,152.735322,True
21.42,8,152.742831,True
-11.31,6,152.748708,False
-11.81,6,152.753708,False
-12.01,1,152.754708,False
21.42,8,152.76262,True
-11.53,3,152.764547,False
20.19,6,152.77007,True
20.19,6,152.776066,True
21.16,9,152.78354,True
20.44,6,152.789044,True
-12.01,1,152.790555,False
-12.01,1,152.791555,False
-12.02,2,152.793563,False
-11.32,7,152.800398,False
-10.55,5,152.804922,False
-11.37,11,152.81374,False
20.66,8,152.821265,True
-11.77,2,152.823259,False
-11.77,2,152.825259,False
-11.79,4,152.828566,False
20.44,6,152.834098,True
19.97,3,152.836098,True
22.39,10,152.845947,True
-11.77,2,152.847935,False
21.15,10,152.85646,True
20.94,6,152.86046,True
-11.8,5,152.865277,False
-12.02,2,152.867273,False
-11.77,2,152.870197,False
19.97,3,152.872702,True
19.95,5,152.877708,True
-12.01,1,152.879029,False
-11.76,1,152.880121,False
-11.77,2,152.882118,False
21.66,9,153.276767,True
-12.01,1,153.278205,False
21.66,9,153.28723,True
19.97,3,153.29123,True
21.17,8,153.300283,True
-11.77,2,153.3028,False
21.14,11,153.315799,True
-11.53,3,153.320304,False
-12.01,1,153.321304,False
-11.77,2,153.32481,False
-12.01,1,153.32681,False
-10.63,12,153.34079,False
20.43,7,153.347661,True
21.37,12,153.360165,True
-12.02,2,153.362708,False
-11.81,5,153.368771,False
20.89,11,153.381759,True
20.2,5,153.387265,True
-12.01,1,153.389265,False
-10.8,5,153.393771,False
21.17,8,153.401879,True
21.34,16,153.417862,True
-11.54,4,153.421861,False
-12.02,2,153.423861,False
-11.76,1,153.424861,False
-11.77,2,153.427363,False
-12.01,1,153.428997,False
-11.31,6,153.435011,False
-11.77,2,153.438515,False
20.2,5,153.444663,True
-11.79,4,153.449239,False
-12.01,1,153.451238,False
-11.53,3,153.455238,False
-12.01,1,153.456238,False
-11.79,4,153.461743,False
-12.01,1,153.46336,False
-11.77,2,153.466359,False
-12.01,1,153.467367,False
-12.05,5,153.472144,False
-10.09,9,153.48131,False
-11.76,1,153.48231,False
-11.78,3,153.48631,False
22.18,7,153.492867,True
-11.78,3,153.496307,False
20.93,7,153.501832,True
-11.77,2,153.504342,False
21.43,7,153.510355,True
-11.78,3,153.513382,False
-11.32,7,153.519377,False
-11.54,4,153.52289,False
-10.79,4,153.52689,False
20.42,8,153.533931,True
21.37,13,153.543849,True
21.17,8,153.551126,True
-11.76,1,153.552131,False
-12.04,4,153.555657,False
20.17,8,153.563522,True
-11.6,10,153.571517,False
21.42,8,153.579323,True
-11.79,4,153.58283,False
22.53,22,153.600628,True
20.63,12,153.610154,True
21.3,20,153.628601,True
-12.01,1,153.629499,False
21.17,8,153.63669,True
21.16,9,153.64369,True
20.18,7,153.650215,True
-11.55,5,153.654214,False
-11.32,7,153.660743,False
-10.62,12,153.671376,False
20.18,6,153.676879,True
-11.79,4,153.680192,False
-11.76,1,153.6822,False
-10.8,5,153.686713,False
-10.58,8,153.692731,False
21.43,7,153.700002,True
-11.59,9,153.707527,False
-11.76,1,153.708541,False
-12.01,1,153.709534,False
-11.78,3,153.711847,False
20.44,6,153.718353,True
-12.02,2,153.720359,False
21.84,16,153.733815,True
-10.57,7,153.740476,False
-12.01,1,153.74148,False
-10.58,8,153.747745,False
-12.02,2,153.750423,False
-10.33,8,153.757351,False
21.65,9,153.765264,True
-10.8,5,153.769265,False
-11.56,6,153.774788,False
-12.02,2,153.776782,False
-11.76,1,153.778789,False
-11.8,5,153.782595,False
19.97,3,153.785595,True
20.21,4,153.789595,True
-11.54,4,153.793112,False
20.92,8,153.799851,True
-11.31,6,153.805377,False
22.37,13,153.816621,True
-11.76,1,153.817635,False
20.43,7,153.823155,True
22.16,9,153.831422,True
21.43,7,153.836946,True
20.44,6,153.841945,True
-11.79,4,153.846691,False
19.96,4,153.84969,True
-11.55,5,153.854222,False
-11.77,2,153.856216,False
-11.57,7,153.862216,False
-12.01,1,153.863942,False
-10.91,16,153.877466,False
21.17,8,153.883729,True
-11.76,1,153.885236,False
-11.76,1,153.886242,False
-12.01,1,153.888247,False
-11.54,4,153.891246,False
21.11,14,153.903534,True
-12.01,1,153.904534,False
-11.53,3,153.907048,False
19.95,5,153.912298,True
-11.79,4,153.915294,False
-11.81,6,153.920826,False
-11.78,3,153.923825,False
19.96,4,153.927826,True
-11.77,2,153.929556,False
-11.55,5,153.934548,False
-11.76,1,153.935548,False
-12.02,2,153.936548,False
20.19,6,153.94206,True
-11.79,4,153.946315,False
-11.76,1,153.948313,False
21.35,15,153.959367,True
-11.54,4,153.964109,False
20.16,9,153.970628,True
-11.8,5,153.97515,False
21.19,6,153.981667,True
-11.79,4,153.985195,False
-11.76,1,153.986193,False
-11.76,1,153.988193,False
21.38,11,153.997294,True
-11.6,10,154.004817,False
21.29,21,154.022851,True
-11.76,1,154.02385,False
-12.01,1,154.024851,False
-11.79,4,154.028278,False
20.92,8,154.035825,True
19.96,4,154.038825,True
-11.77,2,154.040825,False
-11.3,5,154.045573,False
20.19,6,154.050569,True
-5.8,80,154.114085,False
-11.76,1,154.115084,False
21.42,8,154.122607,True
21.16,9,154.1294,True
20.2,5,154.134389,True
20.18,7,154.139905,True
22.09,16,154.153649,True
-10.58,8,154.161167,False
-11.77,2,154.163406,False
-12.01,1,154.164405,False
-11.31,6,154.169913,False
-11.55,5,154.173919,False
-11.76,1,154.17592,False
-12.01,1,154.176919,False
-11.77,2,154.178919,False
-11.76,1,154.180425,False
-11.78,3,154.183432,False
-12.01,1,154.183432,False
19.94,6,154.189023,True
-11.77,2,154.191705,False
-11.77,2,154.193707,False
-10.78,53,154.617734,False
22.14,11,154.628758,True
-12.01,1,154.630271,False
20.21,4,154.635275,True
22.16,9,154.64624,True
-11.76,1,154.64724,False
19.97,3,154.65024,True
-11.77,2,154.652746,False
-12.01,1,154.653746,False
21.18,7,154.662155,True
-12.03,3,154.665167,False
19.95,5,154.671167,True
-12.02,2,154.674672,False
-12.01,1,154.675672,False
-11.77,2,154.678672,False
21.85,40,154.720319,True
-11.76,1,154.722316,False
19.97,3,154.72582,True
-11.79,4,154.731342,False
21.36,14,154.745752,True
-11.76,1,154.746778,False
20.43,7,154.754775,True
-11.09,9,154.76468,False
-12.01,1,154.766189,False
19.96,4,154.771193,True
-11.34,8,154.781174,False
-11.76,1,154.782174,False
19.92,8,154.791687,True
21.65,10,154.802107,True
-11.79,4,154.806107,False
20.19,6,154.81163,True
-11.77,2,154.813931,False
-12.01,1,154.81493,False
-12.07,7,154.822455,False
21.42,8,154.828797,True
-11.82,7,154.834812,False
-11.32,7,154.841336,False
-11.79,4,154.844336,False
-11.78,3,154.847608,False
-11.53,3,154.850127,False
-11.56,6,154.855131,False
-12.03,3,154.858131,False
-11.56,6,154.863872,False
-11.63,12,154.873396,False
21.16,9,154.881263,True
-12.01,1,154.882268,False
20.19,6,154.887268,True
-11.76,1,154.888268,False
19.96,4,154.891774,True
-11.57,7,154.897114,False
-11.54,4,154.901639,False
-12.01,1,154.902156,False
-12.02,2,154.904161,False
-11.77,2,154.906161,False
-11.54,4,154.910161,False
-11.77,2,154.912459,False
-12.02,2,154.914474,False
21.18,7,154.919995,True
-11.76,1,154.920995,False
20.45,5,154.92551,True
-12.01,1,154.926503,False
22.33,42,154.960573,True
-11.79,4,154.964529,False
-11.76,1,154.965535,False
-12.01,1,154.966535,False
-10.82,6,154.972535,False
20.21,4,154.976048,True
-11.54,4,154.979558,False
-11.52,2,154.981555,False
-9.9,15,154.994818,False
-11.78,3,154.997411,False
-11.8,5,155.002105,False
-11.3,5,155.006098,False
-12.03,3,155.009169,False
20.38,12,155.019626,True
19.94,6,155.024625,True
-10.84,9,155.032923,False
-11.79,4,155.035923,False
21.15,10,155.044443,True
-11.77,2,155.046905,False
19.97,3,155.049411,True
21.1,15,155.0619,True
-11.78,3,155.06559,False
-11.76,1,155.06667,False
-11.3,5,155.071596,False
21.15,9,155.079202,True
21.9,10,155.087763,True
-11.58,7,155.093286,False
-11.77,2,155.0951,False
19.97,3,155.098114,True
-11.77,2,155.100638,False
19.96,4,155.103638,True
-11.3,5,155.108145,False
-11.77,2,155.110166,False
20.42,8,155.116986,True
20.19,6,155.122486,True
-11.82,7,155.129461,False
-11.76,1,155.130455,False
20.43,7,155.135455,True
-11.53,3,155.13898,False
21.42,8,155.144983,True
-11.52,2,155.147279,False
-11.77,2,155.149802,False
20.19,6,155.154802,True
-12.01,1,155.155802,False
-12.02,2,155.157802,False
20.43,7,155.164568,True
21.65,9,155.171084,True
21.2,5,155.17608,True
20.19,6,155.182035,True
-12.02,2,155.184036,False
20.16,9,155.191052,True
-11.53,3,155.194131,False
-11.78,3,155.196551,False
20.2,5,155.201075,True
20.65,10,155.210074,True
-10.8,5,155.213834,False
20.42,8,155.220865,True
21.17,8,155.228872,True
-11.56,6,155.234394,False
-11.32,7,155.240394,False
21.63,12,155.250148,True
19.96,4,155.253674,True
21.44,6,155.258674,True
-10.57,7,155.264462,False
-12.01,1,155.265462,False
-11.54,4,155.269458,False
-11.85,10,155.277858,False
-12.03,3,155.280118,False
-11.31,6,155.285637,False
-11.78,3,155.288639,False
-11.78,3,155.291639,False
-10.81,6,155.297536,False
-11.77,2,155.299537,False
21.18,7,155.305575,True
-12.01,1,155.306574,False
22.57,17,155.321031,True
-11.78,3,155.324031,False
22.73,26,155.34465,True
-11.77,2,155.347206,False
20.18,7,155.353206,True
-11.8,5,155.357735,False
-12.02,2,155.359735,False
-11.32,7,155.365035,False
-12.01,1,155.366553,False
-12.01,1,155.367558,False
-12.01,1,155.368557,False
-11.53,3,155.371558,False
20.45,5,155.375558,True
-10.61,11,155.385299,False
20.45,5,155.389825,True
21.17,8,155.397233,True
-12.01,1,155.397751,False
-11.77,2,155.399755,False
-11.04,4,155.403276,False
-11.79,4,155.406276,False
-11.56,6,155.413046,False
-11.78,3,155.41504,False
19.97,3,155.41856,True
-11.76,1,155.419564,False
-11.31,6,155.424089,False
21.4,10,155.43299,True
20.21,4,155.436985,True
-12.02,2,155.438985,False
-12.01,1,155.439488,False
20.2,5,155.444669,True
20.2,5,155.44916,True
-11.52,2,155.450686,False
-11.77,2,155.452686,False
-11.79,4,155.456685,False
-11.05,5,155.461514,False
-11.77,2,155.462525,False
-11.57,7,155.468521,False
-12.02,2,155.471047,False
-11.77,2,155.473052,False
-11.78,3,155.476047,False
21.16,9,155.484094,True
19.95,5,155.488605,True
20.44,6,155.494277,True
-11.76,1,155.495714,False
21.76,24,155.516097,True
-11.76,1,155.517096,False
-12.02,2,155.519018,False
20.2,5,155.52353,True
20.43,7,155.530036,True
21.4,10,155.538546,True
-11.76,1,155.539546,False
-12.02,2,155.541546,False
20.21,4,155.54557,True
-11.78,3,155.548571,False
-11.53,3,155.907766,False
-11.78,3,155.91173,False
-11.77,2,155.914745,False
-11.77,2,155.916745,False
-11.77,2,155.919248,False
19.96,4,155.92476,True
20.44,6,155.930336,True
-11.78,3,155.934336,False
-11.57,7,155.940842,False
-11.31,6,155.948193,False
-11.78,3,155.951697,False
-12.02,2,155.954697,False
-11.78,3,155.958697,False
22.14,11,155.972053,True
20.2,5,155.978474,True
21.43,7,155.986494,True
-11.76,1,155.988034,False
-12.02,2,155.991042,False
-12.01,1,155.992545,False
-11.78,3,155.996047,False
19.95,5,156.001045,True
-12.01,1,156.002547,False
20.21,4,156.00755,True
-11.77,2,156.00955,False
-11.56,6,156.015194,False
-11.54,4,156.019194,False
19.94,6,156.025699,True
21.39,11,156.035588,True
-12.01,1,156.037588,False
20.44,6,156.044576,True
21.19,6,156.052591,True
-11.77,2,156.055095,False
21.14,11,156.067201,True
-10.82,7,156.075706,False
20.2,5,156.081291,True
20.2,5,156.087803,True
-11.78,3,156.091803,False
20.16,9,156.101515,True
-12.01,1,156.10403,False
21.55,20,156.122545,True
20.43,7,156.129589,True
-11.55,5,156.133583,False
19.96,4,156.137583,True
21.19,6,156.142106,True
-12.04,4,156.146404,False
-12.01,1,156.147402,False
22.62,13,156.157927,True
-11.53,3,156.161451,False
20.45,5,156.165746,True
-11.52,2,156.167746,False
-11.78,3,156.170258,False
-11.53,3,156.173272,False
-11.31,6,156.179731,False
21.19,6,156.184246,True
-11.78,3,156.187246,False
-11.77,2,156.188246,False
20.21,4,156.19333,True
19.97,3,156.195663,True
-11.8,5,156.199684,False
-11.54,4,156.203721,False
21.66,9,156.210726,True
-11.78,3,156.213529,False
-12.04,4,156.217052,False
-12.02,2,156.219052,False
-11.81,6,156.224576,False
-11.78,3,156.227576,False
-10.56,6,156.231964,False
-11.55,5,156.237475,False
-11.31,6,156.242552,False
-12.01,1,156.243556,False
21.41,9,156.251366,True
-10.63,13,156.263222,False
-11.76,1,156.264221,False
-11.81,6,156.269457,False
19.96,4,156.273458,True
20.94,6,156.277986,True
-12.06,6,156.282413,False
20.44,6,156.287929,True
-11.57,7,156.29443,False
-12.01,1,156.296442,False
-12.01,1,156.297441,False
-11.53,3,156.300458,False
-11.53,3,156.303446,False
-11.79,4,156.306106,False
-11.54,4,156.310103,False
21.59,16,156.324016,True
-11.79,4,156.327529,False
-11.57,7,156.333952,False
20.44,6,156.338464,True
-11.77,2,156.340464,False
-10.56,6,156.345464,False
-12.01,1,156.346808,False
20.44,6,156.3514,True
-11.76,1,156.3534,False
20.2,5,156.357905,True
-11.76,1,156.358912,False
21.41,9,156.366444,True
20.84,16,156.379848,True
20.21,4,156.384461,True
-11.8,5,156.388969,False
20.45,5,156.392478,True
-11.77,2,156.394795,False
-11.54,4,156.397814,False
-11.76,1,156.400326,False
-11.8,5,156.403831,False
-11.77,2,156.405838,False
20.16,9,156.414528,True
20.19,6,156.419039,True
-12.01,1,156.42057,False
19.97,3,156.423574,True
-11.54,4,156.42757,False
20.82,18,156.442081,True
21.87,13,156.452898,True
22.4,10,156.460897,True
-11.79,4,156.465281,False
19.95,5,156.469281,True
-11.56,6,156.474804,False
20.93,7,156.481082,True
-12.02,2,156.482593,False
20.2,5,156.487253,True
20.2,5,156.491768,True
21.35,15,156.505205,True
21.78,22,156.52197,True
21.42,8,156.528773,True
-11.78,3,156.531771,False
-11.77,2,156.533773,False
-11.77,2,156.53529,False
-12.01,1,156.537295,False
-11.8,5,156.541295,False
-12.02,2,156.543294,False
22.49,26,156.565475,True
-10.8,5,156.569024,False
-11.52,2,156.571024,False
20.69,6,156.576535,True
-11.55,5,156.580844,False
-11.77,2,156.583836,False
21.38,12,156.593374,True
20.43,7,156.600335,True
20.44,6,156.604852,True
20.94,6,156.610398,True
-11.79,4,156.613901,False
-11.79,4,156.616901,False
20.91,9,156.625835,True
-11.81,6,156.632128,False
-11.55,5,156.636355,False
-10.78,3,156.639871,False
19.97,3,156.642876,True
-12.04,4,156.647141,False
-12.01,1,156.64814,False
19.95,5,156.653653,True
-11.78,3,156.656654,False
21.13,12,156.667415,True
20.42,8,156.674674,True
-12.01,1,156.675688,False
-11.78,3,156.678203,False
-11.53,3,156.680777,False
-11.77,2,156.682791,False
-11.78,3,156.68579,False
-12.01,1,156.68679,False
20.18,7,156.693306,True
-12.02,2,156.695791,False
-11.55,5,156.700866,False
-10.85,10,156.709213,False
-11.56,6,156.713984,False
21.36,14,156.726034,True
-12.01,1,156.727035,False
-11.76,1,156.728419,False
-11.54,4,156.731426,False
20.42,7,156.737938,True
20.43,7,156.744853,True
-11.77,2,156.745948,False
-10.33,8,156.753947,False
20.18,7,156.759609,True
-11.53,3,156.762022,False
-10.9,15,156.775213,False
-11.77,2,156.777209,False
-11.54,4,156.781648,False
-11.53,3,156.784648,False
20.67,8,156.791175,True
-11.54,4,156.795635,False
21.42,8,156.803719,True
21.03,47,156.840562,True
22.39,11,156.85039,True
-11.54,4,156.85439,False
-11.3,5,156.858901,False
-11.54,4,156.863323,False
-11.76,1,156.864323,False
-11.52,2,156.866323,False
-11.03,3,157.24169,False
19.95,5,157.24781,True
-12.01,1,157.24981,False
-11.76,1,157.25081,False
-12.02,2,157.253809,False
-12.01,1,157.255311,False
-11.77,2,157.259314,False
19.96,4,157.263799,True
21.41,9,157.274844,True
-12.03,3,157.277349,False
19.93,7,157.284827,True
-12.02,2,157.287333,False
20.18,7,157.295863,True
-12.01,1,157.297879,False
-11.54,4,157.302879,False
-9.82,7,157.311364,False
-12.03,3,157.315377,False
-11.76,1,157.316377,False
-11.58,8,157.326387,False
-11.77,2,157.329319,False
-11.78,3,157.334318,False
-11.53,3,157.337318,False
-11.55,5,157.342822,False
20.19,6,157.348322,True
-11.54,4,157.353827,False
20.42,8,157.363331,True
-11.78,3,157.366331,False
21.18,7,157.374835,True
-11.8,5,157.380917,False
-12.01,1,157.382921,False
21.41,9,157.393426,True
20.41,9,157.403444,True
-11.79,4,157.407966,False
-11.78,3,157.411516,False
22.17,8,157.419065,True
-11.76,1,157.420076,False
20.2,5,157.425592,True
-12.02,2,157.428138,False
21.39,11,157.439712,True
20.16,9,157.449222,True
-10.8,5,157.454216,False
-11.53,3,157.45681,False
-11.53,3,157.45982,False
-11.53,3,157.463087,False
-11.77,2,157.464599,False
-11.53,3,157.467613,False
20.19,6,157.472616,True
21.4,10,157.481378,True
-11.76,1,157.482378,False
-11.78,3,157.485425,False
-12.04,4,157.488944,False
-11.8,5,157.493956,False
-11.77,2,157.495787,False
-11.52,2,157.497802,False
-12.01,1,157.498794,False
21.35,14,157.510855,True
20.18,7,157.516625,True
-12.01,1,157.51764,False
20.43,7,157.523634,True
21.64,11,157.534169,True
-11.53,3,157.536165,False
-12.01,1,157.538677,False
-11.3,5,157.542677,False
-11.76,1,157.543677,False
-11.76,1,157.545191,False
20.93,7,157.551785,True
21.16,9,157.559377,True
-11.53,3,157.561871,False
-12.01,1,157.562963,False
19.95,5,157.567887,True
-11.78,3,157.571396,False
-11.78,3,157.574111,False
-11.53,3,157.576743,False
20.19,6,157.58248,True
21.92,8,157.589363,True
-11.78,3,157.592911,False
-11.6,10,157.601584,False
-11.8,5,157.606069,False
19.91,9,157.614582,True
21.62,13,157.624518,True
-11.8,5,157.629819,False
-12.01,1,157.630813,False
-11.55,5,157.635338,False
-10.8,5,157.640333,False
20.44,6,157.646129,True
22.05,20,157.663102,True
20.45,5,157.667615,True
-11.78,3,157.670615,False
-11.62,12,157.680697,False
21.19,6,157.686202,True
-11.76,1,157.687209,False
-11.76,1,157.689207,False
-11.78,3,157.692207,False
21.37,13,157.704705,True
-11.53,3,157.70721,False
21.42,8,157.713378,True
-10.82,6,157.718832,False
-11.79,4,157.722832,False
-12.02,2,157.724832,False
-11.8,5,157.728719,False
-11.78,3,157.731266,False
-12.02,2,157.733266,False
-12.01,1,157.735266,False
20.67,8,157.742438,True
-12.01,1,157.743431,False
22.63,12,157.753269,True
-10.58,8,157.760798,False
22.12,13,157.771646,True
22.12,13,157.782766,True
-11.53,3,157.785691,False
-12.03,3,157.788691,False
-11.77,2,157.791195,False
22.33,17,157.80548,True
-11.54,4,157.810115,False
20.21,4,157.813372,True
-11.77,2,157.815365,False
-11.8,5,157.820369,False
-11.77,2,157.821369,False
-11.84,9,157.828824,False
20.43,7,157.835372,True
21.32,18,157.850328,True
20.2,5,157.854329,True
-10.67,17,157.868747,False
19.93,7,157.873747,True
-11.77,2,157.877334,False
-12.01,1,157.87872,False
-12.02,2,157.879816,False
-11.57,7,157.886487,False
-11.88,13,157.897921,False
-11.77,2,157.899921,False
-11.77,2,157.901921,False
-11.8,5,157.906426,False
-12.01,1,157.908433,False
-12.01,1,157.908937,False
-11.79,4,157.913484,False
-11.77,2,157.915484,False
-11.54,4,157.918996,False
20.21,4,157.922996,True
20.21,4,157.926071,True
-12.03,3,157.929184,False
-11.53,3,157.932183,False
-11.3,5,157.935851,False
-11.77,2,157.938442,False
21.4,10,157.94685,True
20.68,7,157.953362,True
-12.01,1,157.954362,False
-10.81,6,157.959875,False
21.43,7,157.966376,True
-11.82,7,157.972901,False
-10.55,5,157.976901,False
20.37,13,157.989022,True
-11.78,3,157.991694,False
-12.02,2,157.993693,False
21.37,13,158.004505,True
-11.77,2,158.006505,False
21.35,14,158.017581,True
-11.77,2,158.019591,False
-11.58,8,158.027117,False
20.86,14,158.038451,True
-11.54,4,158.041963,False
20.92,8,158.049373,True
-11.77,2,158.05138,False
21.31,19,158.067218,True
-11.6,10,158.074731,False
-11.55,5,158.080021,False
-10.8,5,158.084532,False
-11.56,6,158.089539,False
21.19,6,158.094989,True
-11.76,1,158.096207,False
-11.54,4,158.100211,False
-11.3,5,158.104218,False
-12.02,2,158.106742,False
-11.57,7,158.112764,False
19.97,3,158.115761,True
20.18,7,158.121807,True
-11.53,3,158.123806,False
20.45,5,158.129728,True
-11.79,4,158.132721,False
-11.57,7,158.139246,False
-11.78,3,158.141246,False
21.14,11,158.152007,True
-11.56,6,158.157007,False
-11.86,11,158.166022,False
21.18,7,158.171927,True
19.94,6,158.17685,True
-10.08,7,158.183868,False
-11.77,2,158.185866,False
19.94,6,158.191217,True
-12.01,1,158.192712,False
21.41,9,158.200678,True
-12.02,2,158.202681,False
-12.01,1,158.203681,False
-11.76,1,158.204681,False
-11.54,4,158.208681,False
-11.82,7,158.594111,False
-11.54,4,158.599415,False
-11.77,2,158.602415,False
-11.53,3,158.605414,False
-11.56,6,158.612514,False
-12.01,1,158.615038,False
21.42,8,158.623675,True
-12.03,3,158.628284,False
-11.76,1,158.630329,False
-10.59,8,158.640336,False
-12.02,2,158.642339,False
21.18,7,158.650314,True
-11.33,8,158.660819,False
-12.01,1,158.662191,False
-11.82,7,158.67019,False
20.94,6,158.67733,True
-12.02,2,158.679681,False
-11.76,1,158.680681,False
19.95,5,158.685187,True
-11.53,3,158.688187,False
-12.01,1,158.690187,False
-11.77,2,158.692689,False
-12.01,1,158.693692,False
-11.55,5,158.698208,False
-12.01,1,158.700208,False
-10.82,7,158.707713,False
-11.3,5,158.713047,False
-11.53,3,158.71756,False
-11.77,2,158.72056,False
-11.76,1,158.72256,False
20.42,8,158.729888,True
-12.01,1,158.731888,False
-11.76,1,158.732888,False
-11.82,7,158.740403,False
-11.76,1,158.741403,False
-11.54,4,158.745904,False
20.43,7,158.752906,True
21.36,14,158.767144,True
-11.53,3,158.770144,False
-11.78,3,158.773144,False
-11.77,2,158.774143,False
-11.05,5,158.780477,False
21.19,6,158.786982,True
-12.01,1,158.789061,False
-11.53,3,158.792063,False
-11.8,5,158.79779,False
20.2,5,158.802793,True
-11.12,12,158.813741,False
-11.77,2,158.816265,False
20.19,6,158.82179,True
20.2,5,158.826791,True
-11.76,1,158.828646,False
20.17,8,158.835665,True
-11.54,4,158.839723,False
-11.76,1,158.840722,False
-12.02,2,158.842721,False
21.66,9,158.849591,True
21.42,8,158.856595,True
20.19,6,159.216446,True
-11.76,1,159.217539,False
-12.09,9,159.226968,False
-11.53,3,159.230006,False
20.15,10,159.23855,True
-12.02,2,159.24055,False
-11.76,1,159.24255,False
-11.78,3,159.245552,False
-11.77,2,159.247065,False
-11.77,2,159.24908,False
-11.76,1,159.250079,False
-12.05,5,159.25508,False
21.16,9,159.262605,True
-10.56,6,159.268112,False
21.44,31,159.29358,True
20.43,7,159.300628,True
21.39,11,159.310201,True
-11.55,5,159.315782,False
20.62,13,159.326123,True
-12.02,2,159.328047,False
-11.57,7,159.333861,False
-11.78,3,159.336861,False
-11.77,2,159.339385,False
-11.78,3,159.341901,False
-11.76,1,159.342906,False
-11.77,2,159.344907,False
21.17,8,159.351705,True
-12.01,1,159.352712,False
-10.81,6,159.357712,False
-11.56,6,159.363673,False
-11.76,1,159.364672,False
21.19,6,159.369672,True
-11.55,5,159.374184,False
-12.01,1,159.375184,False
-12.01,1,159.377184,False
-10.78,3,159.379695,False
-11.56,6,159.385207,False
21.39,11,159.395338,True
-12.01,1,159.396342,False
-12.01,1,159.398344,False
-11.78,3,159.401343,False
-12.02,2,159.402344,False
-11.56,6,159.40893,False
-11.32,7,159.414142,False
-11.33,7,159.420831,False
-12.02,2,159.422902,False
-11.77,2,159.424419,False
-12.01,1,159.425436,False
-11.83,7,159.43184,False
-11.78,3,159.434859,False
-12.02,2,159.436865,False
20.21,4,159.440865,True
-12.01,1,159.441865,False
19.96,4,159.445749,True
-11.05,5,159.450843,False
-11.57,7,159.457221,False
20.19,6,159.461591,True
-11.76,1,159.463686,False
-11.76,1,159.464684,False
-11.76,1,159.464684,False
-11.78,3,159.468355,False
-11.35,10,159.477786,False
-12.01,1,159.478863,False
-12.01,1,159.479863,False
19.96,4,159.48286,True
-10.8,5,159.487878,False
-11.53,3,159.491389,False
-11.76,1,159.492396,False
-12.01,1,159.493394,False
-11.79,4,159.497124,False
-11.53,3,159.500342,False
-11.76,1,159.501342,False
21.39,11,159.510865,True
20.2,5,159.515257,True
21.37,13,159.525782,True
-12.01,1,159.526783,False
-11.76,1,159.528602,False
20.21,4,159.53161,True
-11.54,4,159.535614,False
21.18,7,159.541132,True
21.42,8,159.549051,True
-12.01,1,159.550057,False
-11.56,6,159.555057,False
21.07,18,159.570848,True
22.29,21,159.587663,True
-12.02,2,159.589664,False
19.95,5,159.592711,True
-11.79,4,159.597479,False
-11.33,8,159.604519,False
-11.77,2,159.606519,False
-12.01,1,159.607518,False
-11.76,1,159.608518,False
21.38,12,159.618458,True
-11.77,2,159.620984,False
21.16,9,159.629406,True
20.45,5,159.633788,True
-12.01,1,159.634885,False
20.16,9,159.641419,True
-12.01,1,159.64345,False
-11.76,1,159.644454,False
20.21,4,159.647756,True
19.96,4,159.651756,True
20.18,7,159.657279,True
-12.01,1,159.65828,False
19.94,6,159.664085,True
-10.81,6,159.6691,False
-12.01,1,159.6701,False
20.43,7,159.676521,True
-10.8,5,159.680917,False
19.96,4,159.683917,True
-11.76,1,159.685429,False
-11.54,4,159.689443,False
-11.33,8,159.696826,False
20.2,5,159.700825,True
-11.54,4,159.704825,False
-11.76,1,159.706336,False
-11.77,2,159.708351,False
-11.79,4,159.71135,False
-11.77,2,159.713642,False
-11.76,1,159.714641,False
-11.54,4,159.718168,False
-11.76,1,159.719182,False
20.2,5,159.724187,True
-12.02,2,159.726183,False
-12.01,1,159.728173,False
-11.31,6,159.733691,False
-11.79,4,159.737691,False
21.18,7,159.743201,True
-11.52,2,159.745725,False
-11.8,5,159.749393,False
21.17,8,159.756399,True
-12.01,1,159.757985,False
-11.8,5,159.76253,False
-11.79,4,159.76653,False
-12.01,1,159.768035,False
20.2,5,159.772042,True
21.16,9,159.780102,True
21.41,9,159.78811,True
-11.77,2,159.78969,False
19.97,3,159.79277,True
-12.01,1,159.793765,False
20.67,8,159.8009,True
-12.01,1,159.802823,False
20.21,4,159.806828,True
20.21,4,159.81034,True
-12.01,1,159.811345,False
-11.79,4,159.814805,False
-11.77,2,159.816801,False
21.4,10,159.824873,True
-11.82,7,159.831694,False
-11.53,3,159.834696,False
20.19,6,159.8397,True
-12.02,2,159.842382,False
-12.02,2,159.845745,False
-12.01,1,159.846744,False
-11.57,7,159.853254,False
-11.78,3,159.856252,False
20.17,8,159.864436,True
-11.55,5,159.869396,False
20.17,8,159.876928,True
-12.04,4,159.881331,False
-11.04,4,159.884864,False
-11.34,9,159.892863,False
-12.07,7,159.899274,False
19.95,5,159.904796,True
-10.81,6,159.909792,False
-10.81,6,159.915691,False
-12.01,1,159.916691,False
20.94,6,159.922219,True
-11.55,5,159.928129,False
20.45,5,160.293246,True
-12.01,1,160.295766,False
-12.01,1,160.296766,False
-12.01,1,160.298766,False
-11.53,3,160.300766,False
-12.01,1,160.302268,False
-11.77,2,160.305271,False
-11.76,1,160.306271,False
-11.86,11,160.316855,False
-11.32,7,160.32451,False
20.44,6,160.330214,True
21.4,10,160.340251,True
-11.52,2,160.342251,False
-11.77,2,160.344727,False
-11.78,3,160.347754,False
22.14,11,160.358272,True
-11.76,1,160.360269,False
-11.77,2,160.362708,False
22.61,14,160.376717,True
-12.01,1,160.37823,False
20.44,6,160.385247,True
-12.01,1,160.386752,False
20.65,10,160.398796,True
-11.76,1,160.400796,False
-11.78,3,160.404795,False
20.45,5,160.410299,True
-12.02,2,160.414039,False
-11.76,1,160.415042,False
-11.78,3,160.419726,False
-11.78,3,160.42332,False
-11.8,5,160.429288,False
-11.82,7,160.43581,False
-11.78,3,160.439316,False
20.42,8,160.449356,True
-12.01,1,160.451357,False
-11.78,3,160.455356,False
-11.55,5,160.461482,False
-11.52,2,160.464496,False
-11.76,1,160.465496,False
-12.02,2,160.468495,False
-11.78,3,160.472999,False
-11.77,2,160.474999,False
20.19,6,160.482132,True
19.97,3,160.486635,True
-11.81,6,160.493012,False
-11.77,2,160.495589,False
-12.01,1,160.496696,False
-10.8,5,160.501704,False
-11.8,5,160.507142,False
19.95,5,160.512033,True
-11.52,2,160.515052,False
21.66,9,160.523589,True
20.66,9,160.531895,True
-12.01,1,160.533415,False
-11.77,2,160.536418,False
20.19,6,160.541942,True
21.17,8,160.549463,True
-11.31,6,160.554977,False
-12.02,2,160.556977,False
-11.57,7,160.563378,False
19.97,3,160.566043,True
19.97,3,160.569049,True
-11.55,4,160.572041,False
-11.76,1,160.573041,False
-11.77,2,160.574628,False
-11.77,2,160.576679,False
-11.08,8,160.584057,False
-12.01,1,160.585057,False
-11.54,4,160.588581,False
21.42,8,160.596264,True
-10.56,6,160.601253,False
-11.79,4,160.604248,False
-12.01,1,160.606761,False
20.67,8,160.61427,True
20.21,4,160.617795,True
20.78,22,160.635026,True
20.21,4,160.638547,True
-11.76,1,160.640547,False
-11.78,3,160.642547,False
19.97,3,160.64598,True
19.95,5,160.649507,True
-11.76,1,160.6515,False
-11.59,9,160.659035,False
20.95,30,160.683331,True
-11.76,1,160.68433,False
20.42,8,160.691765,True
20.43,7,160.698082,True
-12.01,1,160.69908,False
-11.76,1,160.699678,False
-11.58,8,160.707675,False
20.44,6,160.712597,True
20.2,5,160.717602,True
-12.01,1,160.718518,False
21.61,14,160.730517,True
-11.77,2,160.732592,False
20.21,4,160.735514,True
22.32,18,160.751831,True
21.35,14,160.764054,True
-11.54,4,160.767648,False
20.91,9,160.775165,True
20.44,6,160.780983,True
-12.02,2,160.782983,False
20.44,6,160.788494,True
-11.78,3,160.790494,False
-11.57,7,160.797322,False
-11.82,7,160.804116,False
-11.53,3,160.806115,False
-11.77,2,160.808115,False
22.16,9,160.816953,True
-11.77,2,160.819458,False
-11.79,4,160.822977,False
-11.77,2,160.824977,False
20.18,7,160.830781,True
-11.76,1,160.83178,False
20.4,10,160.840302,True
-11.8,5,160.844819,False
20.21,4,160.84812,True
21.06,18,160.863455,True
21.36,14,160.874978,True
-11.77,2,160.876978,False
-12.01,1,160.877978,False
-11.79,4,160.881744,False
-11.79,4,160.885758,False
-11.81,6,160.890754,False
-12.05,5,160.895583,False
21.19,6,160.900649,True
20.44,6,160.906253,True
20.92,8,160.913161,True
21.89,11,160.922682,True
-11.53,3,160.925694,False
-11.76,1,160.926693,False
21.65,10,160.935676,True
-11.04,4,160.939676,False
-11.53,3,160.942676,False
-11.56,6,160.947652,False
21.64,11,160.957082,True
-10.88,13,160.968962,False
-11.79,4,160.972962,False
20.44,6,160.977473,True
-11.79,4,160.980845,False
20.43,7,160.987787,True
-11.78,3,160.990788,False
21.31,19,161.007788,True
-12.05,5,161.012473,False
-11.76,1,161.014471,False
-11.77,2,161.016479,False
20.45,5,161.019978,True
20.19,6,161.025517,True
-11.76,1,161.026509,False
21.42,8,161.033464,True
-11.29,4,161.036463,False
-12.03,3,161.039968,False
20.18,7,161.045333,True
-11.56,6,161.051333,False
-11.79,4,161.054842,False
-11.76,1,161.055842,False
-11.54,4,161.059842,False
-12.02,2,161.062144,False
-11.55,5,161.067166,False
-11.79,4,161.070165,False
19.95,5,161.074688,True
19.97,3,161.077683,True
21.16,9,161.086195,True
20.19,6,161.091195,True
-11.53,3,161.094726,False
-10.68,18,161.108685,False
21.17,8,161.115573,True
-11.57,7,161.121572,False
-11.52,2,161.123083,False
-11.76,1,161.124632,False
-11.61,11,161.133436,False
-11.53,3,161.136968,False
-11.53,3,161.139968,False
-11.8,5,161.144271,False
-11.53,3,161.147442,False
19.97,3,161.150364,True
-12.01,1,161.151364,False
21.41,9,161.158876,True
21.62,13,161.169916,True
19.95,5,161.174835,True
-11.52,2,161.17634,False
-11.78,3,161.179729,False
-12.01,1,161.180719,False
-11.52,2,161.182719,False
-11.29,4,161.186642,False
-11.81,6,161.191152,False
-12.01,1,161.193152,False
-11.31,6,161.197903,False
20.2,5,161.202492,True
-12.01,1,161.204533,False
-10.81,6,161.210249,False
-11.76,1,161.21125,False
-11.76,1,161.212595,False
-11.54,4,161.215601,False
20.19,5,161.220109,True
-10.8,5,161.224621,False
-12.01,1,161.225621,False
20.44,6,161.23152,True
19.97,3,161.23444,True
22.14,10,161.242954,True
-11.8,4,161.24678,False
20.19,6,161.251293,True
20.43,7,161.257293,True
-11.8,5,161.625174,False
20.21,4,161.629257,True
-11.79,4,161.634257,False
22.39,11,161.646221,True
-12.01,1,161.647734,False
20.68,7,161.65574,True
-11.78,3,161.659245,False
-10.59,9,161.66869,False
-11.78,3,161.672838,False
21.39,11,161.685878,True
-11.3,5,161.692382,False
-11.76,1,161.694382,False
20.43,6,161.700264,True
20.2,5,161.706267,True
-12.02,2,161.709267,False
20.44,6,161.716213,True
-11.77,2,161.719213,False
21.93,7,161.727221,True
-11.77,2,161.729806,False
-11.77,2,161.732314,False
-11.78,3,161.737314,False
20.41,9,161.747187,True
-12.05,5,161.753692,False
-12.02,2,161.756691,False
-12.01,1,161.757692,False
20.2,5,161.763544,True
20.38,12,161.777049,True
20.43,7,161.786093,True
-11.76,1,161.788093,False
-11.76,1,161.790093,False
-11.32,7,161.79794,False
-12.02,2,161.80094,False
-11.78,3,161.805444,False
20.17,8,161.814564,True
-12.01,1,161.816566,False
20.15,10,161.827616,True
21.04,21,161.845925,True
20.94,6,161.850451,True
19.93,7,161.856987,True
-11.77,2,161.859995,False
21.19,6,161.864403,True
21.18,7,161.870928,True
20.19,6,161.875934,True
-12.01,1,161.876934,False
-12.01,1,161.878362,False
21.16,9,161.886382,True
20.19,6,161.891892,True
-11.77,2,161.892892,False
-12.01,1,161.894892,False
-12.02,2,161.896309,False
-10.81,6,161.901829,False
20.64,11,161.911765,True
-11.76,1,161.912788,False
-12.03,3,161.915787,False
-10.8,5,161.920307,False
21.38,12,161.930916,True
-12.02,2,161.932909,False
21.17,8,161.938914,True
-11.78,3,161.941961,False
19.97,3,161.945379,True
-11.56,6,161.949399,False
-12.02,2,161.951926,False
-11.78,3,161.954925,False
-11.55,5,161.959921,False
-10.83,8,161.966977,False
20.21,4,161.970977,True
-11.76,1,161.971977,False
20.44,6,161.976502,True
19.95,5,161.981053,True
-11.76,1,161.982572,False
21.43,32,162.007832,True
20.44,6,162.014984,True
-10.56,6,162.019983,False
-11.54,4,162.023495,False
-12.03,3,162.025511,False
-12.02,2,162.028356,False
-11.54,4,162.031363,False
19.96,4,162.034876,True
20.2,5,162.038876,True
21.16,9,162.046879,True
-12.01,1,162.048882,False
20.45,5,162.052555,True
-11.76,1,162.054557,False
-11.78,3,162.057149,False
-11.77,2,162.059148,False
-11.86,11,162.068347,False
20.2,5,162.073267,True
-12.01,1,162.074772,False
19.97,3,162.077779,True
-11.76,1,162.078241,False
20.21,4,162.082374,True
-12.01,1,162.083375,False
-11.57,7,162.08997,False
21.84,16,162.103981,True
-11.77,2,162.106497,False
-12.02,2,162.108501,False
21.35,14,162.120342,True
21.4,10,162.127869,True
-11.76,1,162.12887,False
-11.54,4,162.132868,False
-12.01,1,162.133871,False
-12.01,1,162.135869,False
19.97,3,162.138395,True
-11.55,5,162.14239,False
-11.32,7,162.1488,False
-12.01,1,162.149795,False
-11.78,3,162.152794,False
-11.79,4,162.156795,False
20.19,6,162.161755,True
20.67,8,162.169426,True
21.41,9,162.176426,True
-12.03,3,162.179474,False
20.44,6,162.184572,True
-10.85,10,162.193234,False
20.89,11,162.20261,True
-11.31,6,162.207609,False
-11.58,8,162.21498,False
-11.77,2,162.21698,False
-11.76,1,162.21898,False
-11.78,3,162.221486,False
21.43,7,162.228004,True
21.4,9,162.235087,True
-11.79,3,162.238673,False
22.16,9,162.246403,True
20.18,7,162.252252,True
21.4,10,162.261341,True
21.17,8,162.26775,True
21.4,10,162.275799,True
-12.02,2,162.277806,False
20.2,5,162.282209,True
-12.01,1,162.283729,False
20.21,4,162.286255,True
-10.94,19,162.303137,False
19.95,5,162.308649,True
-10.57,7,162.314706,False
-11.79,4,162.318794,False
-11.54,4,162.322717,False
20.2,5,162.326229,True
-11.76,1,162.328205,False
-11.8,5,162.332299,False
-11.81,6,162.33797,False
-11.56,6,162.342968,False
21.13,12,162.353506,True
-11.78,3,162.357017,False
-12.02,2,162.358016,False
21.43,7,162.364512,True
-11.3,5,162.369038,False
-11.76,1,162.370037,False
21.35,15,162.382853,True
21.42,8,162.38936,True
-11.77,2,162.39136,False
21.42,8,162.399336,True
-10.32,7,162.405384,False
-12.03,3,162.407994,False
-12.02,2,162.411085,False
-11.79,4,162.41454,False
-11.77,2,162.416539,False
19.96,4,162.420284,True
-11.53,3,162.423285,False
-11.79,4,162.427288,False
20.94,6,162.432698,True
-12.02,2,162.434697,False
21.18,7,162.440207,True
-11.76,1,162.441214,False
-11.79,4,162.444685,False
-11.53,3,162.447779,False
-11.76,1,162.44936,False
20.42,8,162.456451,True
-11.76,1,162.457446,False
20.45,5,162.461123,True
-11.78,3,162.464483,False
-11.77,2,162.466482,False
-11.54,4,162.469486,False
-12.01,1,162.471071,False
-12.02,2,162.473147,False
-11.76,1,162.474146,False
19.97,3,162.477147,True
-11.81,6,162.482072,False
19.96,4,162.485071,True
20.18,7,162.491367,True
19.96,4,162.495417,True
-11.76,1,162.496661,False
20.21,4,162.499668,True
-11.77,2,162.502185,False
-12.08,8,162.509185,False
-11.81,6,162.514149,False
-11.78,3,162.517147,False
21.17,8,162.523674,True
19.96,4,162.527988,True
-11.6,10,162.536634,False
20.15,10,162.5446,True
-12.01,1,162.546606,False
-11.77,2,162.547606,False
-11.54,4,162.552119,False
-11.76,1,162.553119,False
-11.78,3,162.555788,False
-10.58,8,162.562259,False
-11.79,4,162.565942,False
-12.02,2,162.567942,False
-12.01,1,162.568941,False
-11.78,3,162.571903,False
21.19,6,162.577119,True
-10.56,6,162.582584,False
-11.8,5,162.587747,False
20.16,9,162.595205,True
-11.55,5,162.979856,False
-11.76,1,162.98086,False
-11.77,2,162.983369,False
-11.55,5,162.987898,False
-12.01,1,162.989898,False
-12.01,1,162.990897,False
-11.77,2,162.993961,False
-11.77,2,162.996548,False
-11.77,2,162.999546,False
20.19,6,163.00605,True
21.15,10,163.01798,True
-12.02,2,163.02098,False
22.16,9,163.031699,True
21.42,8,163.041203,True
19.96,4,163.047838,True
-11.79,4,163.056845,False
20.42,8,163.070891,True
-11.77,2,163.073894,False
-11.32,7,163.081058,False
21.15,10,163.092564,True
-11.04,4,163.097002,False
20.21,4,163.102509,True
21.16,9,163.112678,True
21.17,8,163.122184,True
19.91,9,163.132938,True
21.37,12,163.146371,True
-11.54,4,163.151875,False
21.6,15,163.168437,True
-12.03,3,163.17194,False
21.43,7,163.179574,True
-11.76,1,163.180539,False
-12.02,2,163.18325,False
-12.02,2,163.185246,False
21.13,12,163.197698,True
-11.76,1,163.198697,False
-10.79,4,163.202728,False
-12.02,2,163.204742,False
-11.31,6,163.211048,False
21.12,13,163.223728,True
20.2,5,163.228271,True
-11.78,3,163.231294,False
-11.78,3,163.234328,False
21.41,9,163.241343,True
-11.77,2,163.243336,False
-12.01,1,163.245174,False
20.21,4,163.249194,True
19.95,5,163.25372,True
-12.01,1,163.25372,False
-11.55,5,163.259243,False
-11.09,9,163.26646,False
-11.76,1,163.268448,False
21.2,5,163.272448,True
21.34,16,163.286371,True
21.43,7,163.291895,True
-12.02,2,163.293895,False
21.4,10,163.302672,True
-12.03,3,163.305666,False
21.42,8,163.312562,True
22.39,11,163.322084,True
20.9,10,163.33044,True
-10.81,6,163.335966,False
-11.56,6,163.340499,False
-11.53,3,163.343498,False
20.2,5,163.347381,True
-12.01,1,163.348893,False
20.21,4,163.35291,True
22.36,14,163.364809,True
-11.77,2,163.366809,False
-11.77,2,163.368814,False
19.95,5,163.373335,True
20.42,8,163.380168,True
-11.57,7,163.386182,False
20.2,5,163.390694,True
-11.56,6,163.39501,False
-10.85,10,163.404545,False
-11.8,5,163.408531,False
20.2,5,163.412904,True
21.39,11,163.423405,True
20.96,29,163.446847,True
20.45,5,163.451846,True
-11.56,6,163.457373,False
20.64,36,163.485979,True
21.2,5,163.490507,True
-11.78,3,163.493505,False
-12.01,1,163.494843,False
-11.77,2,163.496395,False
-11.56,6,163.501409,False
-11.54,4,163.504922,False
-11.78,3,163.507936,False
-12.02,2,163.509936,False
22.4,10,163.518773,True
-11.78,3,163.521773,False
22.58,16,163.535208,True
21.19,6,163.540876,True
21.19,6,163.545161,True
-11.57,7,163.552214,False
21.4,10,163.560381,True
-10.11,11,163.569368,False
-12.04,4,163.573448,False
-11.57,7,163.579586,False
-10.82,7,163.585589,False
-11.53,3,163.588177,False
-10.09,9,163.595619,False
-11.79,4,163.59971,False
-11.76,1,163.600709,False
21.63,12,163.612856,True
20.2,5,163.616849,True
-11.3,5,163.621373,False
20.19,6,163.627373,True
-11.36,11,163.637153,False
20.92,8,163.643832,True
-12.02,2,163.645738,False
21.36,14,163.658278,True
-11.77,2,163.660278,False
-12.01,1,163.660278,False
-11.76,1,163.662098,False
22.38,12,163.672117,True
21.19,6,163.676641,True
20.13,12,163.686521,True
-11.59,8,163.693033,False
-11.77,2,163.695419,False
-11.8,5,163.699411,False
-12.02,2,163.701417,False
-11.76,1,163.702417,False
-12.05,5,163.706935,False
-12.01,1,163.707942,False
-11.77,2,163.709942,False
-12.02,2,163.711318,False
20.2,5,163.716859,True
20.45,5,163.720865,True
21.41,9,163.72839,True
-11.76,1,163.729389,False
-11.57,7,163.735918,False
-11.77,2,163.737441,False
-11.55,5,163.74144,False
-12.02,2,163.743433,False
19.97,3,163.746535,True
-11.77,2,163.74855,False
-11.53,3,163.75055,False
-11.54,4,163.75455,False
20.67,8,163.761516,True
-12.02,2,163.763534,False
-12.04,4,163.767534,False
-11.76,1,163.768053,False
-11.77,2,163.770057,False
21.15,10,163.779517,True
20.17,7,163.785517,True
-11.78,3,163.787517,False
-11.54,4,163.792026,False
-11.78,3,163.7941,False
-12.01,1,163.795513,False
-11.57,7,163.802186,False
-11.78,3,163.805187,False
-12.01,1,163.806186,False
-11.07,7,163.813078,False
-11.53,3,163.815077,False
20.2,5,163.819078,True
-11.78,3,163.822601,False
-11.78,3,163.825601,False
-11.76,1,163.826593,False
-11.77,2,163.828959,False
-11.76,1,163.828959,False
20.2,5,163.833997,True
20.42,8,163.840016,True
-11.76,1,163.841531,False
-11.77,2,163.843536,False
-11.77,2,163.845826,False
-11.76,1,163.846825,False
-11.84,9,163.853874,False
-11.31,6,163.859874,False
20.17,8,163.866717,True
22.21,29,163.891139,True
21.19,6,163.89614,True
-11.57,7,163.902141,False
-12.02,2,163.904753,False
-12.01,1,163.905753,False
-12.01,1,163.906753,False
-11.83,8,163.914191,False
-12.02,2,163.915715,False
-12.03,3,163.918717,False
-11.54,4,163.922714,False
21.43,7,163.928698,True
21.42,8,163.935717,True
-11.53,3,163.938723,False
21.19,6,163.943723,True
-11.82,7,164.365756,False
-12.01,1,164.366756,False
-12.01,1,164.367756,False
-12.04,4,164.372755,False
21.17,8,164.379612,True
-11.79,4,164.383612,False
20.4,9,164.394638,True
-12.03,3,164.398661,False
21.37,13,164.413846,True
-12.04,4,164.418352,False
-12.02,2,164.421353,False
20.44,6,164.42786,True
21.43,7,164.434438,True
20.45,5,164.439445,True
-11.79,4,164.443444,False
-11.78,3,164.447017,False
-10.79,4,164.451525,False
-12.01,1,164.453524,False
-11.77,2,164.456524,False
-11.76,1,164.457524,False
20.94,6,164.465511,True
20.19,6,164.472015,True
-11.84,9,164.483668,False
19.97,3,164.487668,True
-11.76,1,164.488668,False
20.95,5,164.493173,True
-12.04,4,164.497534,False
21.37,13,164.510042,True
-12.01,1,164.511474,False
-12.02,2,164.514489,False
-11.31,6,164.521991,False
20.2,5,164.527994,True
21.19,6,164.534008,True
20.2,5,164.538513,True
-11.52,2,164.540513,False
20.91,9,164.550402,True
-10.8,5,164.555413,False
-11.78,3,164.559417,False
-11.76,1,164.560856,False
20.2,5,164.565476,True
19.96,4,164.569476,True
20.21,4,164.573987,True
-11.76,1,164.575001,False
-11.77,2,164.577002,False
20.44,6,164.583353,True
21.17,8,164.590876,True
19.96,4,164.594877,True
-11.55,5,164.59921,False
-11.77,2,164.601209,False
-11.77,2,164.603209,False
-11.53,3,164.605728,False
-12.01,1,164.606733,False
-12.04,4,164.610726,False
-11.78,3,164.614053,False
-10.58,8,164.62058,False
19.94,6,164.625831,True
-11.79,4,164.629228,False
-12.01,1,164.630227,False
22.6,15,164.643215,True
-11.77,2,164.645479,False
21.41,9,164.652527,True
-11.52,2,164.654527,False
-12.02,2,164.657046,False
-11.53,3,164.66005,False
20.19,6,164.664352,True
-12.03,3,164.666865,False
20.45,5,164.671873,True
-11.8,5,164.675878,False
20.42,8,164.682824,True
21.66,9,164.690349,True
-11.76,1,164.691349,False
20.18,7,164.698255,True
20.21,4,164.702262,True
21.39,11,164.711143,True
20.41,9,164.719158,True
21.19,6,164.724674,True
-12.01,1,164.725674,False
21.17,8,164.732594,True
20.76,24,164.75261,True
-11.76,1,164.75361,False
-11.78,3,164.75661,False
-11.56,6,164.762087,False
20.2,5,164.767187,True
-11.09,9,164.774489,False
-11.8,5,164.779494,False
-11.59,9,164.787018,False
20.9,10,164.795911,True
-11.55,5,164.799907,False
-12.01,1,164.800908,False
21.4,10,164.809428,True
-11.76,1,164.81043,False
-12.02,2,164.813172,False
-11.53,3,164.816182,False
-11.06,6,164.821182,False
-11.54,4,164.824704,False
-10.57,7,164.830942,False
21.14,11,164.840989,True
-11.76,1,164.841991,False
20.18,6,164.846928,True
-12.01,1,164.847928,False
-12.01,1,164.849928,False
20.44,6,164.854947,True
21.19,6,164.860032,True
20.2,5,164.863563,True
-12.02,2,164.866238,False
-11.33,8,164.874235,False
-12.04,4,164.877906,False
-11.76,1,164.87831,False
-11.77,2,164.880331,False
-11.76,1,164.88133,False
-12.01,1,164.88333,False
20.21,4,164.886746,True
20.42,8,164.89376,True
20.88,37,164.924052,True
20.41,9,164.932119,True
-11.78,3,164.935041,False
20.21,4,164.938553,True
20.68,7,164.944565,True
-11.77,2,164.946571,False
20.17,8,164.953823,True
-11.77,2,164.955828,False
-11.53,3,164.958411,False
-11.78,3,164.961502,False
20.44,6,164.966507,True
21.15,10,164.975037,True
-11.76,1,164.976037,False
-11.77,2,164.978037,False
-11.54,4,164.982327,False
-12.04,4,164.985836,False
-12.01,1,164.986836,False
19.94,6,164.992347,True
20.43,7,164.998507,True
19.97,3,165.001019,True
20.65,10,165.01002,True
-11.76,1,165.010523,False
-11.77,2,165.014189,False
19.96,4,165.01719,True
19.92,8,165.023863,True
-12.01,1,165.024791,False
19.96,4,165.029264,True
-11.77,2,165.031779,False
-11.11,11,165.040305,False
-11.29,4,165.043829,False
-12.03,3,165.047317,False
21.44,6,165.052317,True
-11.82,7,165.058359,False
22.18,7,165.064289,True
-11.76,1,165.065288,False
-10.85,10,165.073805,False
19.96,4,165.07781,True
-11.78,3,165.08011,False
20.21,4,165.083621,True
-11.77,2,165.085634,False
20.19,6,165.090634,True
-11.34,9,165.098439,False
20.95,5,165.102439,True
20.95,5,165.107956,True
-11.56,6,165.113458,False
-12.02,2,165.115971,False
-12.01,1,165.11697,False
-11.78,3,165.11997,False
-11.77,2,165.122044,False
-11.59,9,165.130092,False
21.43,7,165.135672,True
20.44,6,165.142359,True
-11.8,5,165.146167,False
20.45,5,165.150182,True
-11.77,2,165.152181,False
20.21,4,165.155182,True
-11.79,4,165.159708,False
19.9,10,165.166978,True
-10.86,11,165.175991,False
21.19,6,165.181831,True
20.86,14,165.193342,True
-10.86,11,165.203039,False
-11.57,7,165.208545,False
-11.77,2,165.211552,False
-11.55,5,165.215068,False
-11.55,4,165.219499,False
-11.76,1,165.220505,False
-11.52,2,165.222505,False
-12.03,3,165.225505,False
-11.55,5,165.229641,False
21.12,13,165.24032,True
-11.54,4,165.244845,False
20.44,6,165.250522,True
19.96,4,165.253597,True
-12.01,1,165.254598,False
-11.58,8,165.261242,False
-11.57,7,165.267263,False
-11.76,1,165.268264,False
-10.81,6,165.27379,False
21.43,7,165.280904,True
-10.69,19,165.296456,False
-11.77,2,165.298452,False
19.9,10,165.306977,True
-11.78,3,165.30997,False
-11.8,5,165.314508,False
-10.86,11,165.695545,False
-11.76,1,165.696566,False
-12.01,1,165.697565,False
-11.76,1,165.70007,False
-11.77,2,165.70207,False
21.67,8,165.709574,True
-12.02,2,165.712864,False
-12.01,1,165.714864,False
-11.54,4,165.719865,False
-11.54,4,165.725371,False
-11.76,1,165.726371,False
-11.77,2,165.72988,False
-11.76,1,165.731386,False
-10.57,7,165.739386,False
-11.76,1,165.741395,False
-11.53,3,165.744856,False
20.43,7,165.754372,True
-11.78,3,165.757874,False
-11.77,2,165.761211,False
-12.01,1,165.762726,False
-11.54,4,165.767725,False
-12.01,1,165.768726,False
-11.76,1,165.770725,False
19.96,4,165.774231,True
-11.3,5,165.781664,False
-12.01,1,165.783167,False
-11.77,2,165.786169,False
21.32,18,165.803744,True
21.43,7,165.811123,True
21.18,7,165.81864,True
22.07,18,165.836663,True
21.39,11,166.265352,True
20.2,5,166.27035,True
-11.3,5,166.274876,False
-11.53,3,166.278218,False
20.2,5,166.28226,True
20.21,4,166.286773,True
-11.76,1,166.287772,False
19.94,6,166.292773,True
-12.06,6,166.298466,False
-11.76,1,166.299465,False
21.37,13,166.310882,True
20.43,7,166.317421,True
-11.79,4,166.320423,False
-11.77,2,166.322433,False
20.44,6,166.329425,True
-12.01,1,166.330425,False
-11.78,3,166.333427,False
-11.76,1,166.334433,False
20.92,7,166.34096,True
-11.76,1,166.341954,False
-11.77,2,166.344839,False
-11.76,1,166.345871,False
-11.8,5,166.351149,False
-11.77,2,166.354148,False
-12.03,3,166.357148,False
21.17,8,166.364685,True
22.37,13,166.376729,True
20.21,4,166.380113,True
-11.55,5,166.385642,False
-11.76,1,166.386649,False
-12.02,2,166.38864,False
-11.3,5,166.39264,False
20.2,5,166.39745,True
-11.33,7,166.40345,False
-11.56,6,166.408974,False
-11.77,2,166.410975,False
-11.81,6,166.415882,False
21.43,7,166.422892,True
20.44,6,166.428899,True
21.39,11,166.437404,True
20.19,6,166.442411,True
-11.8,5,166.447451,False
-12.01,1,166.449039,False
20.44,6,166.45404,True
20.19,6,166.459057,True
-12.03,3,166.461536,False
-11.81,6,166.468058,False
20.95,5,166.472065,True
20.45,5,166.476065,True
-12.05,5,166.481157,False
20.18,7,166.487234,True
-11.76,1,166.488816,False
19.96,4,166.492179,True
-11.77,2,166.494796,False
-11.81,6,166.498995,False
20.68,7,166.505077,True
-10.61,11,166.515562,False
20.21,4,166.518562,True
-11.54,4,166.522239,False
-11.78,3,166.525238,False
-11.78,3,166.528164,False
-11.8,5,166.532089,False
20.44,6,166.537089,True
-11.78,3,166.539089,False
-12.01,1,166.541611,False
-11.53,3,166.544537,False
-11.3,5,166.549554,False
-11.77,2,166.551066,False
20.2,5,166.55508,True
-12.06,6,166.56008,False
-12.01,1,166.561971,False
-11.76,1,166.562978,False
-12.01,1,166.563978,False
-12.01,1,166.564978,False
20.42,8,166.571994,True
-12.01,1,166.574081,False
20.42,8,166.580437,True
20.21,4,166.58411,True
-11.3,5,166.588702,False
-11.79,4,166.592712,False
-11.78,3,166.595124,False
21.62,12,166.60553,True
-12.01,1,166.60653,False
-12.01,1,166.607529,False
-11.76,1,166.609536,False
-11.76,1,166.610538,False
22.37,13,166.621353,True
-12.01,1,166.622352,False
22.39,11,166.63124,True
-11.79,4,166.634745,False
-11.77,2,166.636755,False
-11.76,1,166.638755,False
21.18,7,166.644637,True
19.97,3,166.64718,True
-11.59,9,166.65418,False
20.21,4,166.658706,True
21.42,8,166.664302,True
-10.37,10,166.674057,False
-12.02,2,166.675056,False
20.2,5,166.680221,True
-11.76,1,166.681222,False
20.42,8,166.688839,True
-11.8,5,166.692839,False
19.97,3,166.69549,True
19.97,3,166.699036,True
-11.83,8,166.705036,False
19.96,4,166.708562,True
-12.02,2,166.711107,False
-11.81,6,166.716123,False
20.2,5,166.720648,True
20.2,5,166.724648,True
20.21,4,166.72858,True
21.36,14,166.740184,True
-11.54,4,166.743177,False
-12.02,2,166.746053,False
-11.79,4,166.749572,False
-12.05,5,166.753575,False
20.2,5,166.7581,True
-12.01,1,166.7591,False
19.95,5,166.76302,True
-11.77,2,166.765018,False
-11.78,3,166.768018,False
20.45,5,166.772543,True
20.2,5,166.776539,True
20.2,5,166.781383,True
19.96,4,166.785383,True
20.45,5,166.789384,True
20.21,4,166.79297,True
-11.31,6,166.798572,False
-11.85,10,166.807084,False
20.19,6,166.812445,True
21.64,11,166.821526,True
-11.55,5,166.82687,False
-11.55,5,166.830278,False
20.43,7,166.83779,True
-12.02,2,166.83979,False
-11.54,4,166.843302,False
19.95,5,166.848215,True
-11.77,2,166.850217,False
22.61,14,166.862308,True
21.2,5,166.866419,True
-12.01,1,166.867419,False
-11.3,5,166.871415,False
-12.01,1,166.872414,False
-11.54,4,166.876926,False
-11.77,2,166.878335,False
-12.01,1,166.880356,False
-11.77,2,166.882355,False
-12.01,1,166.883355,False
-11.52,2,166.885942,False
-11.3,5,166.889941,False
-12.02,2,166.891945,False
19.96,4,166.895456,True
-11.76,1,166.896548,False
-12.01,1,166.897471,False
-11.76,1,166.89847,False
-11.77,2,166.901473,False
-12.02,2,166.90347,False
21.19,6,166.907996,True
19.94,6,166.913346,True
19.97,3,166.916346,True
19.92,8,166.923827,True
-11.78,3,166.925828,False
20.43,7,166.932939,True
-11.55,5,166.937526,False
-12.01,1,166.938613,False
20.44,6,166.943616,True
21.18,7,166.95021,True
20.44,6,166.955207,True
-11.76,1,166.95621,False
-12.02,2,166.958803,False
20.19,6,166.964368,True
19.97,3,166.966364,True
-12.01,1,166.968367,False
21.36,14,166.980062,True
-11.76,1,166.981056,False
-11.76,1,166.982055,False
-12.02,2,166.984584,False
22.32,18,166.999469,True
-12.01,1,167.000994,False
19.96,4,167.003993,True
20.15,10,167.012962,True
21.15,10,167.021473,True
21.38,12,167.031586,True
21.2,5,167.036661,True
-11.76,1,167.037666,False
-11.77,2,167.039337,False
20.15,10,167.048113,True
-11.83,8,167.054564,False
21.18,7,167.060565,True
20.2,5,167.064385,True
-11.76,1,167.065896,False
20.19,6,167.449342,True
-11.76,1,167.451342,False
-11.82,7,167.459846,False
-11.77,2,167.462193,False
-12.01,1,167.46419,False
-12.01,1,167.46619,False
-11.78,3,167.469692,False
-11.79,4,167.474196,False
20.2,5,167.480222,True
-11.76,1,167.482225,False
-11.53,3,167.486225,False
-11.79,4,167.491229,False
-11.76,1,167.493024,False
-12.02,2,167.495602,False
-12.01,1,167.496601,False
-11.77,2,167.499106,False
-12.03,3,167.503612,False
-11.53,3,167.507612,False
21.16,9,167.517534,True
-11.76,1,167.518534,False
-12.02,2,167.520534,False
-11.56,6,167.528039,False
-11.55,5,167.534112,False
-12.01,1,167.535112,False
-11.76,1,167.537105,False
20.68,7,167.546147,True
-11.79,4,167.550644,False
20.92,7,167.559148,True
-11.76,1,167.560695,False
-12.01,1,167.561715,False
20.21,4,167.56728,True
-11.79,4,167.572284,False
-12.02,2,167.575799,False
-11.76,1,167.577798,False
-12.01,1,167.578373,False
19.95,5,167.5844,True
-12.03,3,167.587467,False
-11.78,3,167.591475,False
-11.79,4,167.59658,False
21.11,13,167.611264,True
-11.77,2,167.613315,False
20.2,5,167.619823,True
-10.79,4,167.625606,False
19.96,4,167.630725,True
20.44,6,167.637229,True
20.92,8,167.64701,True
19.97,3,167.650522,True
-12.02,2,167.652522,False
-10.84,9,167.660889,False
-11.76,1,167.661898,False
20.94,6,167.667409,True
-11.78,3,167.671423,False
-10.34,9,167.680275,False
-11.79,4,167.683935,False
-12.01,1,167.685935,False
-11.8,5,167.690461,False
-12.03,3,167.692461,False
20.39,11,167.702283,True
20.21,4,167.706283,True
20.95,5,167.710801,True
-11.81,6,167.716112,False
-11.78,3,167.718112,False
20.93,7,167.724642,True
21.18,7,167.731441,True
21.88,12,167.740946,True
-11.79,4,167.745299,False
20.66,9,167.753346,True
-11.77,2,167.755348,False
-10.33,8,167.762689,False
-12.01,1,167.763684,False
-10.38,13,167.775733,False
20.16,9,167.783477,True
-12.03,3,167.785476,False
20.2,5,167.790477,True
-12.01,1,167.791476,False
19.97,3,167.794002,True
-11.03,3,167.797755,False
21.39,11,167.807276,True
-10.84,9,167.816023,False
-11.78,3,167.819021,False
20.69,6,167.824529,True
-12.02,2,167.827536,False
-12.03,3,167.829874,False
-11.77,2,167.831875,False
-10.31,6,167.837548,False
-11.77,2,167.839548,False
-11.78,3,167.842547,False
21.43,7,167.848226,True
20.45,5,167.85275,True
21.39,11,167.861494,True
-11.53,3,167.864491,False
-11.3,5,167.869018,False
-11.76,1,167.870018,False
19.96,4,167.874017,True
-11.55,5,167.877541,False
-12.02,2,167.879742,False
21.13,12,167.890267,True
-12.01,1,167.891267,False
-11.77,2,167.892633,False
-11.79,4,167.896371,False
-11.76,1,167.89738,False
22.35,15,167.910376,True
-10.57,7,167.917176,False
-11.76,1,167.918183,False
-11.81,6,167.923183,False
-11.55,5,167.928164,False
-11.32,7,167.934212,False
21.41,9,167.941736,True
20.19,6,167.946968,True
-11.33,8,167.953493,False
19.95,5,167.958018,True
-11.78,3,167.961018,False
-12.01,1,167.962021,False
-11.77,2,167.964018,False
-11.59,9,167.972068,False
-11.76,1,167.973068,False
-12.02,2,167.975064,False
-11.33,8,167.981843,False
-11.3,5,167.986912,False
-11.77,2,167.988436,False
-11.82,7,167.994128,False
19.94,6,167.999869,True
-11.78,3,168.002869,False
-11.77,2,168.004869,False
21.25,25,168.025126,True
20.15,10,168.033904,True
19.97,3,168.035903,True
-12.01,1,168.037909,False
-11.77,2,168.039426,False
-11.76,1,168.040431,False
20.41,9,168.048817,True
-10.6,9,168.056342,False
-10.32,7,168.062592,False
-11.77,2,168.064599,False
-12.02,2,168.066598,False
22.11,13,168.077613,True
21.17,7,168.084566,True
-11.79,4,168.087644,False
-11.78,3,168.089642,False
19.94,6,168.09561,True
20.19,6,168.101606,True
-11.59,9,168.10827,False
-10.61,11,168.119139,False
-11.3,5,168.123973,False
-12.02,2,168.125061,False
-12.04,4,168.129264,False
20.21,4,168.132785,True
-9.48,23,168.151089,False
20.21,4,168.154614,True
-11.76,1,168.155613,False
21.42,8,168.161834,True
21.64,11,168.17134,True
20.44,6,168.176384,True
-11.78,3,168.179021,False
-12.01,1,168.180019,False
20.69,6,168.185546,True
-11.54,4,168.188545,False
-11.76,1,168.189545,False
-11.78,3,168.192545,False
-12.01,1,168.193552,False
-11.77,2,168.196396,False
-11.76,1,168.197394,False
-11.77,2,168.199251,False
-11.78,3,168.202265,False
21.42,8,168.207788,True
21.41,9,168.216259,True
-11.78,3,168.219263,False
-11.76,1,168.220263,False
-11.77,2,168.222263,False
-11.78,3,168.225257,False
-11.54,4,168.229254,False
-11.03,3,168.231251,False
-12.02,2,168.233251,False
21.67,8,168.240777,True
-11.79,4,168.243778,False
-12.02,2,168.246328,False
21.19,6,168.251381,True
-11.78,3,168.254381,False
22.35,15,168.26683,True
21.16,9,168.273353,True
-12.01,1,168.275865,False
-12.03,3,168.278389,False
-12.03,3,168.281625,False
21.12,13,168.292152,True
21.17,7,168.297909,True
20.44,6,168.30343,True
-12.02,2,168.30543,False
-11.76,1,168.30643,False
20.94,6,168.312181,True
-11.54,4,168.315177,False
21.15,10,168.324344,True
-11.77,2,168.326349,False
19.97,3,168.329952,True
-10.8,5,168.332951,False
21.43,7,168.339484,True
-12.02,2,168.341485,False
-12.01,1,168.342484,False
-11.76,1,168.343485,False
-11.78,3,168.346397,False
21.93,7,168.352911,True
21.4,10,168.36189,True
19.96,4,168.364883,True
20.2,5,168.369406,True
-11.79,4,168.372406,False
-10.81,6,168.377452,False
-12.02,2,168.380663,False
-10.57,7,168.386663,False
-11.53,3,168.389187,False
21.36,14,168.401021,True
20.4,10,168.409545,True
20.2,5,168.41376,True
-11.77,2,168.415761,False
-11.1,10,168.820143,False
21.39,11,168.832231,True
-11.55,5,168.838736,False
-11.77,2,168.841736,False
-11.81,6,168.849482,False
21.43,7,168.85749,True
20.2,5,168.864056,True
-11.53,3,168.867559,False
-10.79,4,168.872069,False
20.17,8,168.879928,True
21.4,9,168.890432,True
-12.02,2,168.893833,False
20.67,8,168.90335,True
-11.78,3,168.906855,False
-10.58,8,168.916634,False
21.37,13,168.930748,True
21.82,17,168.956664,True
-12.01,1,168.959664,False
-11.56,6,168.966498,False
21.42,8,168.975003,True
-12.01,1,168.976003,False
-11.78,3,168.979462,False
20.66,9,168.990003,True
-11.55,5,168.995915,False
-11.77,2,168.998914,False
-10.63,13,169.015573,False
-11.77,2,169.01758,False
-11.77,2,169.01958,False
-11.59,8,169.028105,False
20.69,6,169.034105,True
-11.85,9,169.042628,False
-12.01,1,169.043982,False
-11.76,1,169.045522,False
-12.01,1,169.046522,False
-11.56,6,169.052033,False
-12.02,2,169.055047,False
-11.81,6,169.06057,False
-11.56,6,169.065377,False
20.2,5,169.070384,True
-11.77,2,169.072384,False
-10.61,11,169.081875,False
-12.02,2,169.083876,False
20.44,6,169.089407,True
20.44,6,169.094927,True
20.4,10,169.103479,True
-11.66,16,169.116381,False
-11.56,6,169.121902,False
-11.81,6,169.126901,False
19.96,4,169.131206,True
-12.01,1,169.132206,False
20.2,5,169.136206,True
-12.02,2,169.138728,False
-11.77,2,169.140732,False
-11.81,6,169.146199,False
-12.01,1,169.147198,False
-12.01,1,169.148705,False
20.19,6,169.154223,True
-11.8,5,169.158223,False
-10.56,6,169.164266,False
-12.02,2,169.165271,False
-11.84,9,169.173459,False
21.4,9,169.181776,True
20.2,5,169.185776,True
-11.77,2,169.187776,False
20.2,5,169.19245,True
-11.8,5,169.195857,False
-11.56,6,169.201378,False
-11.81,6,169.20637,False
19.96,4,169.210411,True
-11.87,12,169.220237,False
-11.78,3,169.222762,False
21.41,9,169.230093,True
-11.77,2,169.232617,False
20.98,52,169.272433,True
-11.79,4,169.276958,False
-11.8,5,169.281173,False
-11.8,5,169.285701,False
19.95,5,169.289701,True
-11.78,3,169.292701,False
-11.77,2,169.295212,False
20.43,7,169.300542,True
21.43,7,169.307065,True
-12.02,2,169.309214,False
-11.8,5,169.313747,False
-12.03,3,169.316201,False
-12.03,3,169.319204,False
20.42,8,169.326204,True
-11.76,1,169.326721,False
-12.01,1,169.327726,False
-12.01,1,169.328977,False
21.91,9,169.336624,True
-11.8,5,169.341634,False
-11.82,6,169.347047,False
-11.06,6,169.35257,False
-11.77,2,169.354081,False
-11.56,6,169.359612,False
20.2,5,169.364016,True
-11.76,1,169.365016,False
-10.55,5,169.369543,False
-11.08,7,169.375068,False
-12.02,2,169.377424,False
-11.54,3,169.37996,False
-11.53,3,169.38296,False
-10.57,7,169.389468,False
-12.02,2,169.391468,False
-11.83,8,169.397877,False
-11.76,1,169.399398,False
-11.6,10,169.407401,False
22.61,14,169.418307,True
-11.77,2,169.420834,False
-12.02,2,169.422833,False
-10.84,9,169.430782,False
-11.78,3,169.433789,False
20.41,8,169.440789,True
20.17,8,169.448357,True
-11.8,5,169.452867,False
20.44,6,169.458467,True
-12.01,1,169.459458,False
-10.78,3,169.461931,False
-12.01,1,169.463946,False
-12.02,2,169.465463,False
-12.01,1,169.466468,False
-11.76,1,169.467467,False
-10.81,6,169.472985,False
20.21,4,169.47699,True
-12.01,1,169.47699,False
20.19,6,169.482788,True
-11.76,1,169.483802,False
-11.76,1,169.484802,False
-11.81,6,169.489802,False
-12.01,1,169.491802,False
22.6,15,169.504579,True
-10.61,11,169.513704,False
20.2,5,169.518786,True
-11.76,1,169.519786,False
-12.05,5,169.524376,False
20.21,4,169.528055,True
-11.76,1,169.529153,False
20.18,7,169.535601,True
21.42,8,169.541599,True
-12.01,1,169.543595,False
-11.32,7,169.549114,False
-11.54,4,169.553111,False
20.44,6,169.55864,True
-11.77,2,169.561022,False
-12.01,1,169.562044,False
20.21,4,169.565048,True
-11.76,1,169.566564,False
21.04,21,169.583033,True
-12.01,1,169.584033,False
-11.76,1,169.586033,False
-11.77,2,169.587554,False
-11.78,3,169.590557,False
20.2,5,169.594875,True
21.6,15,169.606433,True
-10.83,8,169.613358,False
20.38,11,169.621881,True
-11.54,4,169.625881,False
-11.32,7,169.63172,False
-10.84,9,169.639232,False
-11.81,6,169.645719,False
-10.88,13,169.656743,False
-12.01,1,169.657743,False
-11.76,1,169.658741,False
21.43,7,169.66477,True
-11.81,6,169.670432,False
-11.32,7,169.677094,False
-12.01,1,169.678102,False
21.19,6,169.682726,True
-11.61,11,169.691383,False
20.21,4,169.695751,True
20.16,9,169.702802,True
-11.77,2,169.705216,False
20.2,5,169.708744,True
20.17,8,169.715552,True
20.18,7,169.723055,True
-11.54,4,169.726675,False
20.18,7,169.732239,True
-11.56,6,169.738765,False
20.43,7,169.744672,True
-12.01,1,169.745692,False
-11.78,3,169.748691,False
20.19,6,169.754687,True
-11.31,6,169.759702,False
-11.54,4,169.763327,False
-10.94,19,169.780045,False
-12.01,1,169.781045,False
-10.81,6,170.163812,False
19.96,4,170.168316,True
20.9,10,170.18023,True
-11.53,3,170.18423,False
-12.01,1,170.185736,False
-12.04,4,170.191735,False
21.35,14,170.205856,True
-11.76,1,170.206859,False
19.95,5,170.213443,True
-11.55,5,170.219938,False
-11.77,2,170.222939,False
-11.8,5,170.228987,False
-11.76,1,170.229986,False
-12.01,1,170.231986,False
22.14,11,170.246001,True
-11.06,6,170.252505,False
20.44,6,170.260011,True
-11.3,5,170.265382,False
-11.53,3,170.267884,False
-11.52,2,170.270887,False
20.2,5,170.276887,True
21.14,11,170.29039,True
-11.08,8,170.299529,False
-11.78,3,170.303657,False
20.19,6,170.311163,True
21.02,22,170.334522,True
19.97,3,170.337523,True
20.18,7,170.344027,True
-12.05,5,170.34975,False
-12.12,12,170.362652,False
21.62,13,170.375177,True
-11.78,3,170.378565,False
20.19,6,170.384086,True
-11.79,4,170.389085,False
19.96,4,170.393085,True
-12.01,1,170.394208,False
-12.02,2,170.396519,False
-12.01,1,170.397519,False
-12.02,2,170.399519,False
-12.01,1,170.40152,False
-12.04,4,170.404726,False
-11.77,2,170.406726,False
-12.02,2,170.408725,False
21.17,8,170.415565,True
19.96,4,170.419565,True
-10.57,7,170.425973,False
-9.66,41,170.458844,False
-11.78,3,170.462188,False
20.85,15,170.474708,True
21.38,12,170.484105,True
-10.8,5,170.488619,False
-12.03,3,170.491633,False
-11.53,3,170.49448,False
-11.76,1,170.495506,False
-10.56,6,170.500593,False
-11.8,5,170.504607,False
-11.56,6,170.510135,False
21.36,13,170.521056,True
20.2,5,170.526055,True
21.16,8,170.531929,True
20.19,6,170.536939,True
-11.77,2,170.53893,False
-11.76,1,170.540442,False
-11.32,7,170.546831,False
-9.65,15,170.559356,False
20.19,6,170.564853,True
19.97,3,170.567854,True
-11.76,1,170.568854,False
20.16,8,170.575378,True
19.96,4,170.579108,True
20.98,27,170.60139,True
-11.58,8,170.607934,False
20.2,5,170.61193,True
20.92,8,170.620438,True
20.42,8,170.628005,True
-11.77,2,170.630041,False
-11.54,4,170.634039,False
20.44,6,170.638544,True
22.39,11,170.648546,True
20.44,6,170.653552,True
-12.01,1,170.654552,False
22.33,17,170.668533,True
-11.56,6,170.674058,False
-12.03,3,170.677058,False
20.45,5,170.681317,True
-11.78,3,170.684317,False
19.94,6,170.688829,True
21.38,11,170.698145,True
-12.03,3,170.70067,False
-11.76,1,170.701669,False
-12.04,4,170.705669,False
20.19,6,170.710469,True
20.44,6,170.715492,True
-11.82,6,170.721011,False
20.41,8,170.728471,True
-11.8,5,170.73299,False
20.19,6,170.738988,True
-11.32,7,170.745185,False
-12.01,1,170.746183,False
-12.02,2,170.748191,False
21.25,25,170.768572,True
21.59,15,170.780871,True
-12.01,1,170.782382,False
21.19,6,170.788395,True
20.19,6,170.792905,True
21.4,10,170.802125,True
-11.58,8,170.808388,False
-11.54,4,170.811704,False
-12.03,3,170.815232,False
21.41,9,170.822227,True
-11.82,7,170.829323,False
21.18,7,170.8354,True
20.16,9,170.843398,True
-11.53,3,170.845745,False
-11.79,4,170.849744,False
-11.76,1,170.850743,False
-11.78,3,170.853743,False
-11.79,4,170.857266,False
-12.03,3,170.859266,False
-11.3,5,170.864016,False
20.42,7,170.870536,True
21.64,11,170.879982,True
-12.01,1,170.880988,False
-12.03,3,170.883982,False
20.14,10,170.892506,True
-11.55,5,170.896317,False
-11.81,6,170.902331,False
22.36,14,170.913131,True
21.14,11,170.922369,True
-12.01,1,170.923369,False
22.59,16,170.936835,True
-10.79,4,170.940358,False
-11.77,2,170.942358,False
21.16,9,170.950319,True
20.2,5,170.955318,True
22.13,12,170.964895,True
-11.76,1,170.965897,False
-11.79,4,170.969485,False
-11.57,6,170.975582,False
-11.53,3,170.978014,False
-11.77,2,170.980525,False
20.21,4,170.984036,True
-11.78,3,170.986553,False
-11.8,5,170.991058,False
20.2,5,170.995646,True
-11.76,1,170.99764,False
20.44,6,171.002312,True
21.18,7,171.008315,True
-12.05,5,171.012743,False
20.19,6,171.017742,True
-11.54,4,171.022418,False
19.96,4,171.025496,True
-11.76,1,171.026499,False
21.41,9,171.034451,True
-12.01,1,171.035451,False
-12.01,1,171.036451,False
-11.76,1,171.038449,False
20.43,7,171.045613,True
-12.02,2,171.047621,False
19.93,7,171.053204,True
-11.76,1,171.054291,False
20.43,7,171.060291,True
22.6,15,171.072817,True
-11.53,3,171.076328,False
-12.02,2,171.077845,False
-10.83,8,171.085945,False
20.17,8,171.092946,True
20.44,6,171.097548,True
-11.8,5,171.102543,False
21.18,7,171.108073,True
-11.79,4,171.111072,False
-12.03,3,171.11437,False
-12.02,2,171.476641,False
20.2,5,171.482655,True
-11.83,8,171.490182,False
-11.55,5,171.495353,False
-11.56,6,171.501624,False
21.17,8,171.510138,True
-11.52,2,171.512624,False
-11.53,3,171.51568,False
20.18,7,171.524177,True
-11.77,2,171.52618,False
22.15,9,171.535109,True
-11.76,1,171.536111,False
-11.57,7,171.544493,False
-11.77,2,171.547015,False
20.44,6,171.554015,True
-11.78,3,171.558522,False
19.95,5,171.564523,True
-12.01,1,171.566024,False
-11.77,2,171.569026,False
-11.81,6,171.576529,False
21.41,9,171.584319,True
-11.78,3,171.588332,False
20.68,7,171.597373,True
-12.02,2,171.599879,False
-12.01,1,171.601466,False
21.39,11,171.614528,True
21.39,11,171.627237,True
-11.79,4,171.632495,False
-11.76,1,171.634056,False
19.95,5,171.639737,True
-11.8,5,171.645107,False
-12.01,1,171.646122,False
20.91,9,171.656627,True
-11.78,3,171.660594,False
-11.77,2,171.664112,False
-11.8,5,171.670626,False
-10.8,5,171.676633,False
-11.6,10,171.686145,False
20.2,5,171.691163,True
-11.56,6,171.697379,False
-11.54,4,171.701379,False
-11.79,4,171.704901,False
20.43,7,171.712092,True
-11.77,2,171.714115,False
-11.53,3,171.718115,False
20.88,12,171.728951,True
-12.03,3,171.730946,False
-11.54,4,171.735471,False
-11.57,6,171.740471,False
21.11,14,171.752301,True
-12.01,1,171.753301,False
-12.01,1,171.75382,False
-11.03,3,171.756828,False
-11.8,5,171.762203,False
-12.03,3,171.764729,False
-11.78,3,171.767252,False
21.62,12,171.778491,True
-11.81,6,171.783042,False
21.17,8,171.790243,True
-11.78,3,171.793244,False
-11.76,1,171.795212,False
20.83,16,171.807963,True
20.21,4,171.811339,True
-11.76,1,171.81245,False
-12.02,2,171.814449,False
21.13,12,171.82412,True
20.41,9,171.832344,True
-11.76,1,171.833273,False
-10.35,10,171.84279,False
-11.53,3,171.845169,False
20.19,6,171.851203,True
21.39,11,171.859728,True
22.16,9,171.867712,True
19.97,3,171.870719,True
-11.58,8,171.878083,False
21.16,9,171.88528,True
-12.02,2,171.887373,False
-11.8,5,171.891374,False
-11.81,6,171.896635,False
20.21,4,171.900895,True
-12.01,1,171.901902,False
-11.78,3,171.904902,False
20.66,9,171.912717,True
21.39,11,171.922248,True
20.4,10,171.931106,True
22.36,13,171.942618,True
-11.53,3,171.946508,False
-11.56,6,171.951511,False
-10.8,5,171.957029,False
-11.77,2,171.959043,False
20.21,4,171.963334,True
-11.33,8,171.970376,False
-11.54,4,171.973375,False
20.93,7,171.980023,True
-11.52,2,171.982022,False
19.97,3,171.984691,True
20.2,5,171.988201,True
-11.56,6,171.993828,False
-11.55,5,171.998655,False
-11.77,2,171.999668,False
20.19,6,172.005668,True
19.96,4,172.00918,True
-12.04,4,172.013581,False
-11.54,4,172.016581,False
-11.76,1,172.017581,False
-10.79,4,172.022168,False
-12.03,3,172.024166,False
-11.82,7,172.030147,False
-11.76,1,172.031232,False
20.19,6,172.037159,True
-11.77,2,172.039234,False
-11.54,4,172.042908,False
21.4,10,172.050575,True
20.2,5,172.055563,True
-12.01,1,172.056559,False
-11.55,5,172.061375,False
20.15,9,172.068653,True
-12.02,2,172.071164,False
-12.01,1,172.072178,False
-11.77,2,172.074177,False
20.45,5,172.079423,True
-12.02,2,172.081422,False
-12.01,1,172.081941,False
-12.01,1,172.083946,False
20.19,6,172.088945,True
20.2,5,172.093468,True
20.44,6,172.098685,True
20.69,6,172.10321,True
-11.54,4,172.107209,False
-11.78,3,172.10921,False
-11.55,4,172.112985,False
20.43,7,172.119995,True
-11.76,1,172.120994,False
-11.32,7,172.127928,False
-11.77,2,172.129982,False
-11.6,10,172.138139,False
-11.57,7,172.143132,False
21.42,8,172.150817,True
-12.01,1,172.151818,False
20.93,7,172.157343,True
-11.05,5,172.162711,False
19.96,4,172.165228,True
20.42,8,172.172754,True
21.66,9,172.18009,True
20.21,4,172.18309,True
20.44,6,172.188614,True
-11.59,9,172.196547,False
20.66,8,172.20355,True
-11.55,4,172.206551,False
21.42,8,172.2135,True
19.96,4,172.217012,True
-11.59,9,172.22502,False
-11.77,2,172.22754,False
20.2,5,172.231555,True
21.54,21,172.249183,True
-10.32,7,172.255182,False
-11.54,4,172.258697,False
20.95,5,172.263164,True
-11.54,4,172.267164,False
20.21,4,172.270243,True
-11.55,5,172.275155,False
21.67,8,172.282476,True
-11.77,2,172.284477,False
21.19,6,172.288551,True
20.2,5,172.293234,True
-11.59,9,172.3012,False
-11.53,3,172.304203,False
-10.81,6,172.309199,False
22.15,10,172.317104,True
21.19,6,172.322629,True
-12.03,3,172.325628,False
19.96,4,172.328968,True
-12.01,1,172.329967,False
-11.77,2,172.331472,False
19.97,3,172.334479,True
-11.76,1,172.335478,False
-10.81,6,172.341559,False
-11.76,1,172.342153,False
-11.54,4,172.345716,False
19.96,4,172.348714,True
21.18,7,172.355139,True
-11.78,3,172.358221,False
-11.76,1,172.359224,False
20.95,5,172.363895,True
-12.03,3,172.365897,False
21.16,9,172.374245,True
-11.79,4,172.377247,False
19.92,8,172.384853,True
-11.81,6,172.389853,False
-11.55,5,172.394737,False
-11.54,4,172.397727,False
-12.01,1,172.398727,False
20.19,5,172.403727,True
-11.29,4,172.406251,False
-11.77,2,172.408251,False
22.37,13,172.41915,True
-11.76,1,172.420142,False
-11.79,4,172.42315,False
20.44,6,172.429074,True
19.96,4,172.433073,True
-11.77,2,172.435073,False
20.14,10,172.817379,True
22.14,11,173.237973,True
-10.58,8,173.247492,False
-11.55,5,173.252016,False
20.2,5,173.257011,True
-10.61,11,173.266527,False
21.15,10,173.275697,True
-11.81,6,173.281198,False
19.95,5,173.285204,True
-12.01,1,173.286204,False
-12.01,1,173.288224,False
19.96,4,173.291726,True
-11.78,3,173.294045,False
20.44,6,173.300063,True
-12.01,1,173.301063,False
-12.01,1,173.302582,False
-11.77,2,173.304587,False
-11.76,1,173.305587,False
21.17,7,173.310587,True
-11.76,1,173.312388,False
-10.6,9,173.319405,False
19.94,6,173.324921,True
-12.01,1,173.325921,False
-12.01,1,173.328297,False
-11.04,4,173.331295,False
19.96,4,173.334888,True
-11.78,3,173.337892,False
21.16,9,173.346024,True
21.15,9,173.354614,True
-11.58,7,173.359611,False
-11.79,4,173.362998,False
21.63,12,173.374201,True
20.21,4,173.378465,True
-12.01,1,173.379558,False
-11.77,2,173.381202,False
20.43,7,173.387216,True
-11.79,4,173.390743,False
-11.54,4,173.394742,False
-11.77,2,173.396139,False
20.44,6,173.401661,True
-11.76,1,173.40266,False
-11.55,5,173.40666,False
-11.77,2,173.40866,False
-11.77,2,173.410534,False
21.42,8,173.417554,True
-10.8,5,173.423074,False
20.2,5,173.427392,True
21.42,8,173.433938,True
-10.57,7,173.439937,False
-11.35,9,173.448023,False
-11.79,4,173.451023,False
-11.56,6,173.456259,False
-11.77,2,173.458259,False
20.2,5,173.463274,True
-11.53,3,173.465273,False
20.44,6,173.470273,True
19.97,3,173.473799,True
-10.34,9,173.481996,False
-11.85,10,173.490523,False
21.58,17,173.505725,True
20.19,6,173.510723,True
-12.01,1,173.511066,False
-11.8,5,173.51561,False
-12.01,1,173.516609,False
20.44,6,173.521602,True
21.43,7,173.528515,True
21.43,7,173.534021,True
21.61,14,173.546045,True
-12.02,2,173.548048,False
-11.55,5,173.552973,False
-12.02,2,173.554972,False
-11.12,12,173.563975,False
-11.54,4,173.568572,False
-11.53,3,173.572078,False
-12.01,1,173.573085,False
-11.78,3,173.575084,False
19.93,7,173.581205,True
20.2,5,173.585061,True
-12.01,1,173.586643,False
-11.33,8,173.59373,False
20.21,4,173.59718,True
21.2,5,173.60229,True
-11.56,6,173.607463,False
-12.01,1,173.608477,False
-11.77,2,173.610811,False
19.96,4,173.61383,True
22.4,10,173.622336,True
-11.57,7,173.628752,False
-11.8,5,173.633756,False
21.18,7,173.640172,True
-12.04,4,173.643178,False
-11.78,3,173.646504,False
-11.78,3,173.649022,False
20.88,12,173.658038,True
21.16,9,173.665956,True
-11.57,7,173.672468,False
-12.01,1,173.67398,False
-11.78,3,173.677364,False
-11.76,1,173.678398,False
21.17,8,173.68492,True
20.2,5,173.688918,True
20.19,6,173.694775,True
-12.02,2,173.696768,False
-12.01,1,173.697769,False
-10.83,8,173.704295,False
-12.02,2,173.706294,False
-11.79,4,173.710295,False
-11.78,3,173.713195,False
-10.05,5,173.717195,False
-12.01,1,173.718195,False
-11.58,8,173.725706,False
-12.02,2,173.727706,False
-11.82,7,173.732783,False
-11.35,10,173.741414,False
21.16,9,173.750592,True
20.2,5,173.755101,True
-11.76,1,173.756146,False
-11.77,2,173.758101,False
-12.01,1,173.760107,False
21.15,10,173.768014,True
21.34,16,173.781194,True
21.88,11,173.790422,True
-11.55,5,173.794928,False
-11.85,10,173.803936,False
-12.03,3,173.807451,False
22.4,10,173.815744,True
19.95,5,173.820267,True
-11.76,1,173.82126,False
-11.53,3,173.824267,False
19.97,3,173.826779,True
20.44,6,173.832034,True
-12.01,1,173.833036,False
20.4,10,173.841561,True
20.45,5,173.8458,True
-11.3,5,173.850314,False
-11.77,2,173.852321,False
21.18,7,173.857822,True
-11.76,1,173.859827,False
21.42,8,173.866229,True
-10.8,5,173.870756,False
-11.77,2,173.873267,False
20.4,10,173.881871,True
-11.53,3,173.88487,False
-11.8,4,173.888372,False
21.63,12,173.897656,True
19.96,4,173.901182,True
-10.59,9,173.90893,False
-10.82,7,173.915198,False
19.91,9,173.922722,True
-12.01,1,173.923721,False
20.18,7,173.929464,True
-11.53,3,173.932479,False
-12.01,1,173.933479,False
-11.78,3,173.936479,False
20.38,12,173.947284,True
21.1,15,173.9598,True
-12.02,2,173.962122,False
-11.56,5,173.966121,False
-11.81,6,173.971641,False
-12.01,1,173.972645,False
-11.54,4,173.976171,False
-11.53,3,173.978561,False
-11.8,5,173.983591,False
-12.01,1,173.984606,False
22.14,11,173.993839,True
-12.01,1,173.99523,False
19.97,3,173.997228,True
-12.02,2,173.999228,False
-11.57,7,174.005752,False
-10.8,30,174.030643,False
20.2,5,174.035156,True
20.2,5,174.039155,True
-11.78,3,174.042156,False
-11.55,5,174.046607,False
-11.58,8,174.053529,False
-11.77,2,174.056954,False
20.42,7,174.062558,True
20.44,6,174.068074,True
20.19,6,174.073074,True
-11.77,2,174.075603,False
-11.55,5,174.080107,False
22.71,29,174.103289,True
-12.01,1,174.105289,False
20.65,10,174.11336,True
-12.01,1,174.115359,False
-12.01,1,174.115359,False
22.35,14,174.127745,True
-12.02,2,174.129865,False
-11.77,2,174.131866,False
20.18,7,174.512725,True
21.19,6,174.518242,True
-12.05,5,174.524238,False
-11.79,4,174.528137,False
21.66,9,174.53764,True
-11.77,2,174.54064,False
20.21,4,174.545012,True
20.17,8,174.55403,True
-12.01,1,174.556532,False
-11.55,5,174.561982,False
-11.76,1,174.563979,False
-11.56,6,174.570486,False
-12.03,3,174.574486,False
-11.77,2,174.576485,False
-12.02,2,174.578464,False
20.21,4,174.583047,True
-11.76,1,174.584051,False
19.96,4,174.589557,True
20.39,11,174.601663,True
22.41,9,174.612757,True
20.44,6,174.620258,True
20.41,9,174.630062,True
-11.57,7,174.636804,False
21.42,8,174.644389,True
-11.78,3,174.648424,False
-11.77,2,174.649424,False
-10.8,5,174.655929,False
-11.76,1,174.656929,False
-11.55,5,174.662853,False
20.45,5,174.668487,True
-11.54,4,174.671989,False
21.43,7,174.67944,True
20.19,6,174.686945,True
21.41,9,174.698079,True
21.67,8,174.708126,True
21.19,6,174.714341,True
21.42,8,174.722387,True
-11.55,5,174.727354,False
20.19,6,174.732391,True
21.19,6,174.738913,True
-11.78,3,174.741919,False
21.34,15,174.755583,True
20.17,8,174.761109,True
-11.54,4,174.765355,False
20.44,6,174.770537,True
-10.81,6,174.775537,False
21.4,10,174.784668,True
-11.53,3,174.788397,False
-11.54,4,174.791911,False
21.15,10,174.800769,True
-11.54,4,174.803767,False
19.96,4,174.807775,True
-12.01,1,174.809287,False
-11.77,2,174.810616,False
-10.83,8,174.817626,False
20.69,6,174.823151,True
-12.02,2,174.82515,False
21.43,7,174.830988,True
-11.55,4,174.834987,False
-12.02,2,174.836987,False
-11.32,6,174.842513,False
20.67,8,174.850868,True
-12.01,1,174.851386,False
-11.76,1,174.853394,False
20.68,7,174.859402,True
21.39,11,174.86894,True
-11.76,1,174.869941,False
-12.02,2,174.871941,False
-11.56,6,174.876461,False
-12.09,9,174.884449,False
20.9,10,174.892452,True
-11.53,3,174.895913,False
19.97,3,174.897912,True
-11.76,1,174.898911,False
-11.79,4,174.902911,False
-11.77,2,174.905412,False
-11.77,2,174.906419,False
-12.01,1,174.907418,False
-11.29,4,174.912787,False
-12.02,2,174.915287,False
-11.76,1,174.916304,False
21.18,7,174.922297,True
20.21,4,174.925806,True
-11.53,3,174.929277,False
19.97,3,174.932276,True
20.43,7,174.937803,True
20.43,7,174.944126,True
21.43,7,174.950665,True
-11.78,3,174.953665,False
-11.76,1,174.954665,False
-11.77,2,174.957813,False
20.95,5,174.962187,True
20.41,9,174.970721,True
-11.54,4,174.974719,False
-12.02,2,174.976712,False
-12.01,1,174.977719,False
20.2,5,174.982541,True
19.96,4,174.98563,True
-11.09,9,174.993844,False
-11.77,2,174.995216,False
-12.01,1,174.996215,False
-12.02,2,174.998215,False
-12.01,1,174.999727,False
-12.01,1,175.000734,False
-11.77,2,175.003737,False
-11.09,9,175.011561,False
20.43,7,175.017552,True
20.2,5,175.022094,True
20.2,5,175.027093,True
-11.8,5,175.031008,False
-12.04,4,175.035023,False
20.21,4,175.039023,True
20.17,8,175.045831,True
19.95,5,175.050833,True
-10.79,4,175.054358,False
20.95,5,175.058358,True
20.21,4,175.061743,True
20.21,4,175.06527,True
22.35,15,175.078106,True
-11.8,5,175.083108,False
-11.77,2,175.085124,False
-11.53,3,175.088124,False
-11.82,7,175.093974,False
20.44,6,175.099841,True
-11.78,3,175.10284,False
-12.03,3,175.105369,False
-12.01,1,175.106367,False
-11.76,1,175.107367,False
20.21,4,175.110786,True
-11.55,5,175.115328,False
19.96,4,175.119332,True
21.18,7,175.124332,True
-11.54,4,175.128237,False
-11.33,8,175.135737,False
-11.54,4,175.138744,False
-11.56,5,175.144056,False
-11.77,2,175.146734,False
-11.76,1,175.147804,False
21.39,11,175.156722,True
-11.53,3,175.159485,False
20.19,6,175.164777,True
-11.77,2,175.166779,False
19.96,4,175.169999,True
-10.67,17,175.184749,False
-11.78,3,175.187988,False
-11.79,4,175.191003,False
-11.3,5,175.195215,False
-11.58,8,175.201738,False
-12.02,2,175.203732,False
21.41,9,175.211474,True
-11.78,3,175.214471,False
-11.76,1,175.215471,False
-11.77,2,175.217471,False
-11.54,4,175.220987,False
-11.58,8,175.22792,False
-11.52,2,175.229437,False
-10.84,9,175.237442,False
20.64,11,175.246359,True
-11.78,3,175.248359,False
20.21,4,175.253882,True
-11.55,5,175.257882,False
19.96,4,175.261872,True
-11.76,1,175.26386,False
-11.32,7,175.269856,False
21.32,18,175.284405,True
20.2,5,175.288405,True
-11.31,6,175.292923,False
-10.33,8,175.300273,False
20.19,6,175.304798,True
-11.54,4,175.308799,False
20.21,4,175.313041,True
21.19,6,175.317565,True
20.42,8,175.32509,True
-10.55,5,175.329304,False
-12.01,1,175.330304,False
-11.58,8,175.33683,False
-11.77,2,175.33883,False
-11.32,7,175.345823,False
21.43,7,175.35181,True
-11.78,3,175.353811,False
19.96,4,175.35834,True
-11.59,9,175.366089,False
-12.02,2,175.368093,False
-11.53,3,175.371093,False
-11.53,3,175.374094,False
21.43,7,175.38019,True
-10.56,6,175.386204,False
-11.76,1,175.38721,False
-11.05,5,175.391864,False
-11.8,5,175.396656,False
-11.76,1,175.397743,False
21.41,9,175.404744,True
21.19,6,175.410419,True
-11.31,6,175.415701,False
-11.76,1,175.415701,False
-11.79,3,175.419369,False
21.42,8,175.426291,True
-11.55,5,175.430205,False
-12.02,2,175.432196,False
-11.56,6,175.438639,False
-11.78,3,175.440654,False
-11.77,2,175.443472,False
-11.76,1,175.443989,False
-11.76,1,175.445004,False
-12.03,3,175.448003,False
20.43,7,175.454526,True
21.4,10,175.462657,True
20.43,7,175.470181,True
-12.02,2,175.472191,False
-11.78,3,175.47519,False
-11.79,4,175.478543,False
20.2,5,175.865601,True
-11.77,2,175.868118,False
20.44,6,175.874111,True
-11.78,3,175.877508,False
20.21,4,175.882524,True
-12.07,7,175.889118,False
-11.76,1,175.890117,False
20.2,5,175.895554,True
-11.55,5,175.90106,False
20.2,5,175.907059,True
21.17,8,175.916564,True
-11.8,5,175.923069,False
-11.77,2,175.926069,False
-11.56,6,175.933011,False
-11.77,2,175.93601,False
-11.54,4,175.940011,False
19.97,3,175.943516,True
-11.53,3,175.945898,False
20.16,9,175.957403,True
20.19,6,175.964328,True
-11.78,3,175.968328,False
-11.76,1,175.969328,False
19.95,5,175.975833,True
-10.85,10,175.987256,False
19.96,4,175.992256,True
20.21,4,175.996733,True
20.42,8,176.005238,True
21.38,12,176.016258,True
-11.54,4,176.020258,False
-12.05,5,176.025763,False
-12.01,1,176.027225,False
-11.54,4,176.031238,False
20.45,5,176.035743,True
-11.54,4,176.039743,False
21.41,9,176.050623,True
-11.77,2,176.053623,False
-11.77,2,176.056129,False
-11.76,1,176.058129,False
20.2,5,176.064577,True
21.4,10,176.073172,True
21.16,9,176.082366,True
-11.77,2,176.084367,False
-12.01,1,176.084885,False
21.42,8,176.092028,True
-11.08,8,176.09941,False
-12.02,2,176.101409,False
-11.8,5,176.105932,False
20.92,8,176.112747,True
-11.55,5,176.117747,False
19.96,4,176.12095,True
-11.53,3,176.123943,False
22.64,11,176.132476,True
21.14,11,176.142,True
-11.56,6,176.147257,False
-11.79,4,176.150777,False
20.4,9,176.157784,True
21.39,11,176.168577,True
-11.77,2,176.170098,False
19.95,5,176.174102,True
-12.03,3,176.177103,False
-11.33,8,176.183866,False
21.42,8,176.190908,True
-11.05,5,176.19529,False
22.14,11,176.20447,True
-10.81,6,176.209471,False
-10.8,5,176.213322,False
-11.77,2,176.215321,False
22.36,13,176.227365,True
-11.76,1,176.227708,False
-11.81,6,176.233254,False
21.43,7,176.239254,True
20.19,6,176.2445,True
-11.31,6,176.249974,False
-11.77,2,176.251974,False
-11.58,8,176.258493,False
-11.82,7,176.265229,False
-12.01,1,176.266228,False
-11.77,2,176.268228,False
-11.57,6,176.273739,False
-11.55,5,176.277843,False
21.17,8,176.284373,True
-12.02,2,176.286889,False
-11.77,2,176.289562,False
21.41,9,176.296996,True
-12.02,2,176.298996,False
20.43,7,176.304996,True
-11.8,5,176.310632,False
-11.55,5,176.31565,False
20.16,9,176.323239,True
-10.8,5,176.327403,False
-12.01,1,176.328508,False
-11.54,4,176.332503,False
-12.03,3,176.334508,False
19.96,4,176.338187,True
-11.77,2,176.340186,False
-11.79,4,176.343184,False
-11.79,4,176.347054,False
19.96,4,176.350058,True
20.2,5,176.355059,True
-11.77,2,176.357059,False
-11.81,6,176.361822,False
-12.02,2,176.36382,False
20.21,4,176.368347,True
-12.02,2,176.370345,False
-11.58,8,176.376349,False
21.14,11,176.385761,True
20.18,7,176.392301,True
-11.77,2,176.393301,False
-12.02,2,176.3956,False
-12.03,3,176.399107,False
-11.77,2,176.40111,False
20.45,5,176.405111,True
-11.56,6,176.41064,False
21.18,7,176.416947,True
-11.31,6,176.422458,False
-11.81,6,176.427459,False
19.97,3,176.430429,True
-12.02,2,176.432518,False
-11.3,5,176.437513,False
-12.02,2,176.439522,False
20.2,5,176.44311,True
-11.78,3,176.447204,False
-11.54,4,176.450611,False
20.18,7,176.45662,True
-11.3,5,176.461514,False
19.97,3,176.464536,True
-12.01,1,176.465536,False
-10.84,9,176.473062,False
-11.54,4,176.476061,False
-12.01,1,176.478519,False
-10.79,4,176.481519,False
-11.54,4,176.486028,False
21.42,8,176.491539,True
21.39,11,176.501823,True
22.4,10,176.510435,True
-11.54,4,176.51437,False
-11.77,2,176.516375,False
-12.01,1,176.517375,False
-11.79,4,176.520374,False
-11.78,3,176.523374,False
-11.76,1,176.524704,False
-11.59,9,176.532044,False
-11.77,2,176.534044,False
-11.81,6,176.539555,False
-10.6,9,176.548512,False
-12.02,2,176.550511,False
-12.01,1,176.551511,False
-12.01,1,176.552511,False
-12.01,1,176.553511,False
21.4,10,176.5616,True
-11.81,6,176.567197,False
20.2,5,176.572194,True
-12.02,2,176.574194,False
20.2,5,176.578043,True
19.97,3,176.581046,True
-11.53,3,176.584043,False
22.4,10,176.591615,True
-12.01,1,176.592798,False
20.44,6,176.59761,True
22.04,21,176.61409,True
21.92,8,176.621605,True
-12.01,1,176.622604,False
20.19,6,176.627266,True
20.19,6,176.632087,True
-11.76,1,176.633087,False
20.19,6,176.638088,True
20.2,5,176.642613,True
-11.56,6,176.647922,False
21.16,9,176.655436,True
-11.55,5,176.660436,False
19.95,5,176.664869,True
-12.01,1,176.665869,False
-11.55,5,176.669868,False
21.67,8,176.676393,True
-11.31,6,176.68222,False
-11.77,2,176.684216,False
-11.55,5,176.687733,False
-12.01,1,176.688738,False
-11.54,4,176.692238,False
-11.53,3,176.695732,False
-12.05,5,176.70034,False
-12.01,1,176.70134,False
-11.8,5,176.705863,False
21.31,19,176.720684,True
-11.55,5,176.725208,False
-11.76,1,176.726208,False
19.97,3,176.729497,True
-12.01,1,176.730495,False
-11.77,2,176.732495,False
21.67,8,176.739019,True
-11.53,3,176.742019,False
-11.55,5,176.746427,False
-11.53,3,176.749435,False
-12.01,1,176.750435,False
-11.53,3,176.752435,False
-12.02,2,176.754946,False
-12.01,1,176.755961,False
21.43,7,176.762299,True
-11.55,5,176.765816,False
20.18,7,176.77182,True
20.93,7,176.778061,True
-11.76,1,176.779588,False
20.2,5,176.783595,True
-12.02,2,176.785595,False
-11.54,4,176.788635,False
-11.06,6,176.794233,False
-12.02,2,176.797,False
-11.77,2,176.799009,False
21.19,6,176.804015,True
-11.76,1,176.805016,False
-10.35,10,176.813904,False
20.43,7,177.196712,True
21.2,5,177.201715,True
-11.77,2,177.203715,False
21.41,9,177.211687,True
20.44,6,177.220191,True
-11.77,2,177.222191,False
-11.1,10,177.233158,False
21.18,7,177.240663,True
-11.76,1,177.242663,False
-12.02,2,177.24556,False
-11.57,7,177.253567,False
20.92,8,177.263469,True
20.67,8,177.276578,True
-10.32,7,177.28323,False
-12.02,2,177.286229,False
-11.56,6,177.29224,False
19.96,4,177.29782,True
-11.56,6,177.304325,False
20.21,4,177.30983,True
21.09,15,177.325815,True
-11.77,2,177.328207,False
21.18,7,177.337222,True
-11.8,5,177.342727,False
-11.76,1,177.344164,False
22.16,9,177.354681,True
-11.76,1,177.356681,False
21.17,8,177.366297,True
-11.76,1,177.368297,False
19.97,3,177.371802,True
-11.81,6,177.379294,False
22.16,9,177.390306,True
-12.01,1,177.391309,False
20.21,4,177.396191,True
21.41,9,177.404452,True
-10.81,6,177.410753,False
19.95,5,177.41528,True
20.44,6,177.420277,True
-12.03,3,177.423285,False
-11.76,1,177.424383,False
21.17,8,177.431714,True
-11.62,12,177.441237,False
-11.78,3,177.443883,False
21.19,6,177.449119,True
19.95,5,177.454118,True
21.39,11,177.462943,True
19.95,5,177.467471,True
-11.81,6,177.472471,False
-11.77,2,177.47347,False
20.18,7,177.48228,True
-11.6,10,177.502749,False
20.21,4,177.506335,True
-11.77,2,177.509892,False
-11.77,2,177.511641,False
20.44,6,177.517665,True
-10.8,5,177.523344,False
-11.57,6,177.528001,False
20.94,6,177.533557,True
-12.02,2,177.535557,False
-12.02,2,177.536557,False
-12.04,4,177.541071,False
-12.03,3,177.543596,False
20.18,7,177.549619,True
19.93,7,177.556136,True
-11.78,3,177.559143,False
20.2,5,177.563568,True
20.19,6,177.568568,True
21.16,9,177.577156,True
-11.55,5,177.580624,False
21.44,6,177.586219,True
20.4,10,177.594751,True
-12.02,2,177.59685,False
20.64,11,177.605572,True
-11.54,4,177.610732,False
21.4,10,177.618755,True
-11.77,2,177.621755,False
-11.76,1,177.622754,False
21.42,8,177.630458,True
-12.01,1,177.631676,False
-11.79,4,177.635597,False
-11.6,10,177.643535,False
-11.77,2,177.644881,False
21.64,11,177.654895,True
22.09,16,177.667629,True
-11.55,5,177.672628,False
20.2,5,177.676144,True
19.95,5,177.680434,True
-11.54,4,177.684433,False
-11.56,6,177.689958,False
-11.78,3,177.692475,False
21.56,19,177.707497,True
-12.02,2,177.709502,False
-11.77,2,177.711953,False
20.2,5,177.71596,True
-11.76,1,177.717465,False
20.45,5,177.722472,True
-11.76,1,177.723472,False
21.65,10,177.732524,True
-11.79,4,177.735523,False
20.21,4,177.739125,True
-11.77,2,177.741199,False
21.38,11,177.751013,True
20.68,7,177.757012,True
-11.57,7,177.763122,False
-11.76,1,177.764125,False
20.45,5,177.769121,True
19.95,5,177.772796,True
-11.78,3,177.77579,False
20.45,5,177.780528,True
20.41,9,177.787543,True
-12.02,2,177.789635,False
20.19,6,177.794981,True
-12.01,1,177.795979,False
-12.02,2,177.797972,False
-12.01,1,177.798982,False
-11.76,1,177.799979,False
-11.76,1,177.801491,False
-11.76,1,177.802505,False
-11.79,4,177.806205,False
-11.57,7,177.812094,False
-11.55,5,177.817109,False
21.42,8,177.824646,True
-11.03,3,177.826646,False
-11.55,5,177.831942,False
-12.01,1,177.831942,False
20.45,5,177.837469,True
-10.6,10,177.845294,False
-12.02,2,177.847293,False
-11.54,4,177.851293,False
-10.81,6,177.856811,False
-11.79,4,177.860811,False
-12.02,2,177.862234,False
-11.3,5,177.866755,False
21.15,9,177.873751,True
-11.77,2,177.876263,False
21.65,10,177.88566,True
-11.76,1,177.887184,False
22.38,12,177.896526,True
21.39,10,177.905168,True
20.44,6,177.910689,True
20.43,7,177.916499,True
-11.76,1,177.917514,False
-12.03,3,177.920513,False
-11.05,5,177.924513,False
20.43,7,177.930935,True
-10.57,7,177.93744,False
-11.77,2,177.939447,False
-11.32,7,177.945672,False
20.2,5,177.950191,True
-11.76,1,177.951191,False
21.33,17,177.965022,True
-12.02,2,177.967022,False
19.97,3,177.969548,True
21.42,8,177.976543,True
20.43,7,177.982041,True
-10.82,7,177.989101,False
20.21,4,177.992218,True
-10.56,6,177.99772,False
-11.77,2,177.999226,False
21.44,6,178.004233,True
20.42,8,178.012079,True
20.17,8,178.018078,True
20.2,5,178.023673,True
20.45,5,178.028673,True
20.18,7,178.034185,True
-11.53,3,178.038186,False
20.18,7,178.044211,True
20.66,9,178.051721,True
21.43,7,178.058802,True
21.18,7,178.065534,True
-11.56,6,178.07054,False
-11.53,3,178.074052,False
20.45,5,178.078525,True
-11.78,3,178.081531,False
20.44,6,178.087041,True
-12.03,3,178.090042,False
-11.55,5,178.094992,False
-11.76,1,178.095993,False
-11.55,5,178.100638,False
-12.01,1,178.101644,False
20.43,7,178.108155,True
-11.84,9,178.115464,False
-11.77,2,178.117462,False
-10.07,7,178.123893,False
-12.05,5,178.128379,False
19.96,4,178.132475,True
-11.52,2,178.134474,False
-11.8,5,178.13814,False
-11.79,4,178.142529,False
-11.76,1,178.143527,False
21.12,13,178.154388,True
-12.01,1,178.154388,False
-11.78,3,178.157913,False
-11.52,2,178.16022,False
-12.03,3,178.163228,False
21.66,9,178.170751,True
21.19,6,178.175753,True
-11.76,1,178.55611,False
-11.31,6,178.56411,False
20.16,9,178.573615,True
-11.78,3,178.576121,False
20.2,5,178.581577,True
20.44,6,178.588084,True
21.16,9,178.59851,True
20.45,5,178.604041,True
-11.76,1,178.606042,False
20.68,7,178.614905,True
20.42,8,178.624411,True
-11.56,6,178.631265,False
-11.77,2,178.634266,False
-11.54,4,178.638771,False
-11.52,2,178.641771,False
-11.53,3,178.645361,False
-11.79,4,178.649865,False
20.91,9,178.66037,True
21.35,14,178.677352,True
-11.53,3,178.681342,False
21.19,6,178.688334,True
-12.01,1,178.689836,False
-11.56,6,178.697419,False
-11.54,4,178.701925,False
21.19,6,178.706924,True
20.83,17,178.722808,True
20.43,7,178.72921,True
-11.84,9,178.737715,False
-11.56,6,178.743639,False
-11.76,1,178.745652,False
21.15,9,178.754158,True
-11.55,5,178.759166,False
-11.76,1,178.760494,False
-11.76,1,178.761521,False
-11.76,1,178.763034,False
20.16,9,178.771048,True
22.34,16,178.785343,True
-11.31,6,178.790342,False
-11.76,1,178.791342,False
-11.78,3,178.794846,False
-11.78,3,178.797101,False
-11.06,6,178.8031,False
21.87,13,178.813476,True
-11.79,4,178.816999,False
20.95,5,178.822994,True
-12.01,1,178.823994,False
-11.31,6,178.829983,False
-11.54,4,178.832983,False
-10.79,4,178.836566,False
20.19,6,178.84166,True
-11.77,2,178.843664,False
-11.76,1,178.844659,False
-11.58,7,178.851618,False
-11.78,3,178.854616,False
-11.77,2,178.855624,False
-11.54,4,178.86015,False
-10.56,6,178.865425,False
20.94,6,178.870935,True
20.2,5,178.875935,True
19.97,3,178.878815,True
-11.77,2,178.880815,False
-12.02,2,178.882811,False
-11.55,5,178.886814,False
21.17,8,178.893341,True
-11.78,3,178.896612,False
20.44,6,178.90233,True
21.81,19,178.91824,True
-11.79,4,178.921767,False
20.2,5,178.925767,True
-11.76,1,178.926767,False
-11.32,7,178.933569,False
-10.55,5,178.93757,False
20.2,5,178.942097,True
-12.01,1,178.943411,False
-11.6,9,178.951932,False
-11.77,2,178.952939,False
19.93,7,178.958938,True
-11.8,5,178.964097,False
21.18,7,178.97009,True
-11.76,1,178.971091,False
-11.76,1,178.972098,False
22.39,10,178.980873,True
21.07,17,178.994977,True
21.6,15,179.007704,True
19.96,4,179.011019,True
-11.76,1,179.012033,False
-12.12,12,179.021545,False
-11.76,1,179.022539,False
20.44,6,179.028373,True
-11.76,1,179.02937,False
-11.78,3,179.03237,False
-11.76,1,179.03437,False
-12.06,6,179.038887,False
20.43,7,179.045163,True
20.21,4,179.049177,True
-11.78,3,179.052177,False
-12.03,3,179.054181,False
19.95,5,179.059702,True
-12.01,1,179.060702,False
20.2,5,179.065114,True
20.19,6,179.070637,True
20.19,6,179.075638,True
-11.78,3,179.078549,False
-11.77,2,179.080549,False
21.42,8,179.087133,True
-11.76,1,179.089227,False
20.66,9,179.096227,True
-11.57,7,179.102459,False
-11.76,1,179.10346,False
20.93,7,179.109976,True
-11.31,6,179.115244,False
-12.01,1,179.11625,False
-12.03,3,179.11878,False
-11.55,5,179.123778,False
20.45,5,179.128283,True
20.66,9,179.135706,True
-11.76,1,179.136706,False
-12.01,1,179.137705,False
-11.55,5,179.142217,False
-12.01,1,179.144217,False
20.19,6,179.149,True
20.44,6,179.154014,True
-11.79,4,179.158014,False
-11.3,5,179.162826,False
-11.76,1,179.163817,False
22.41,9,179.171344,True
-11.57,6,179.176339,False
20.21,4,179.180403,True
-11.78,3,179.18341,False
20.95,5,179.18741,True
20.44,6,179.192922,True
-11.8,5,179.198008,False
20.39,11,179.206763,True
-11.78,3,179.209703,False
21.43,7,179.21565,True
20.2,5,179.219647,True
21.09,16,179.233796,True
20.44,6,179.239803,True
-11.54,4,179.242803,False
-11.53,3,179.246212,False
-10.8,5,179.250212,False
19.95,5,179.255837,True
21.19,6,179.261298,True
-12.01,1,179.262303,False
20.44,6,179.267815,True
-11.79,3,179.27089,False
21.39,11,179.28043,True
-11.76,1,179.28143,False
20.2,5,179.285934,True
20.19,6,179.290944,True
20.21,4,179.294343,True
20.21,4,179.298285,True
-11.76,1,179.299301,False
-11.8,5,179.303939,False
20.2,5,179.308464,True
-11.76,1,179.309464,False
20.95,5,179.31392,True
21.4,10,179.322445,True
21.41,9,179.32993,True
-12.02,2,179.33193,False
-12.01,1,179.33293,False
-11.77,2,179.33493,False
19.95,5,179.339441,True
-11.53,3,179.342441,False
19.96,4,179.345949,True
21.4,10,179.354548,True
20.2,5,179.359053,True
22.87,13,179.370136,True
21.43,7,179.375221,True
19.95,5,179.380172,True
21.15,10,179.388261,True
21.43,7,179.394355,True
-11.77,2,179.396384,False
-12.02,2,179.398378,False
20.2,5,179.402426,True
-11.76,1,179.403425,False
20.95,5,179.408421,True
-11.76,1,179.40942,False
-11.77,2,179.411528,False
-11.77,2,179.413075,False
-12.03,3,179.79342,False
20.2,5,179.797435,True
20.21,4,179.801501,True
-11.64,14,179.814466,False
-11.36,11,179.823976,False
-12.02,2,179.825982,False
20.2,5,179.829982,True
-11.53,3,179.832501,False
21.18,7,179.839509,True
20.2,5,179.844032,True
-12.01,1,179.845029,False
19.93,7,179.851029,True
22.09,15,179.864484,True
-11.56,6,179.870477,False
-11.77,2,179.872477,False
-11.82,7,179.878359,False
-11.8,5,179.882352,False
-11.76,1,179.883353,False
19.96,4,179.887868,True
21.18,7,180.277012,True
20.61,13,180.292503,True
20.44,6,180.299861,True
-11.56,6,180.30741,False
20.42,8,180.317418,True
-12.04,4,180.322417,False
21.18,7,180.331341,True
21.16,9,180.341851,True
-11.78,3,180.344753,False
20.2,5,180.349755,True
20.19,6,180.357261,True
21.58,16,180.376191,True
-11.52,2,180.379045,False
21.38,12,180.39255,True
-11.55,5,180.399506,False
-11.76,1,180.400506,False
-10.79,4,180.406012,False
21.36,14,180.422358,True
20.9,10,180.434409,True
22.17,8,180.444453,True
-10.8,5,180.450946,False
20.44,6,180.457946,True
20.44,6,180.466032,True
-12.01,1,180.467032,False
-10.59,9,180.477968,False
-12.02,2,180.47999,False
-11.76,1,180.481509,False
20.43,7,180.488513,True
-12.02,2,180.490512,False
19.93,7,180.497368,True
-11.56,6,180.502415,False
-11.54,4,180.506952,False
-11.54,4,180.510363,False
-12.01,1,180.512122,False
20.67,8,180.519222,True
-12.01,1,180.520222,False
21.63,12,180.531012,True
-11.81,6,180.535537,False
-12.02,2,180.537536,False
21.4,10,180.546763,True
-11.76,1,180.547763,False
21.4,10,180.556284,True
-11.3,5,180.561807,False
-11.77,2,180.563799,False
-11.56,6,180.568325,False
-11.54,4,180.572325,False
21.39,11,180.581116,True
-10.54,4,180.585116,False
19.97,3,180.587646,True
-12.04,4,180.591642,False
-10.6,10,180.600396,False
21.91,9,180.608063,True
-12.04,4,180.611303,False
21.16,9,180.618828,True
-11.54,4,180.622818,False
21.8,20,180.640321,True
21.4,35,180.668685,True
22.37,12,180.679209,True
-11.78,3,180.681734,False
21.17,8,180.688733,True
-11.77,2,180.691252,False
20.2,5,180.695514,True
-11.8,5,180.699516,False
-11.76,1,180.701029,False
19.95,5,180.705572,True
20.17,8,180.713606,True
-12.01,1,180.714614,False
-12.01,1,180.715612,False
-11.79,4,180.720615,False
-11.59,9,180.729027,False
20.42,8,180.735543,True
19.95,5,180.739543,True
21.62,13,180.750493,True
-11.52,2,180.752492,False
20.96,4,180.756017,True
21.19,6,180.761488,True
-12.01,1,180.76251,False
-11.77,2,180.765027,False
-10.83,8,180.772029,False
21.38,12,180.782251,True
19.96,4,180.785764,True
-12.01,1,180.786779,False
20.45,5,180.791778,True
19.97,3,180.795017,True
21.11,14,180.805935,True
20.42,8,180.81272,True
21.66,9,180.821236,True
-12.01,1,180.822582,False
-11.76,1,180.82367,False
-10.33,8,180.830676,False
-11.3,5,180.8346,False
20.21,4,180.839107,True
20.2,5,180.843117,True
-10.81,6,180.84842,False
-12.01,1,180.84994,False
21.39,10,180.858943,True
-12.01,1,180.860451,False
21.39,11,180.869057,True
-11.77,2,180.871739,False
-11.78,3,180.874739,False
-11.57,7,180.880203,False
20.21,4,180.884719,True
-11.52,2,180.886725,False
-10.06,6,180.892246,False
-12.02,2,180.894533,False
20.2,5,180.898532,True
19.94,6,180.904572,True
21.28,22,180.922314,True
-11.79,4,180.925839,False
20.42,8,180.932377,True
20.92,8,180.939904,True
-12.04,4,180.942904,False
-11.76,1,180.944876,False
20.44,6,180.949902,True
-12.02,2,180.951902,False
20.45,5,180.956427,True
-11.77,2,180.958426,False
21.14,11,180.967452,True
-11.77,2,180.969451,False
-11.78,3,180.972451,False
-11.53,3,180.974448,False
-11.54,4,180.978455,False
19.96,4,180.98245,True
-11.76,1,180.983449,False
-11.77,2,180.984973,False
21.16,9,180.992334,True
-12.03,3,180.995715,False
-12.01,1,180.997225,False
19.96,4,181.000229,True
-12.01,1,181.00223,False
20.4,10,181.011246,True
21.52,23,181.029927,True
21.16,9,181.038433,True
21.38,12,181.048013,True
-11.78,3,181.051545,False
-10.6,10,181.059545,False
-12.02,2,181.061929,False
-10.87,12,181.072453,False
21.17,8,181.079512,True
-11.76,1,181.080511,False
-12.02,2,181.083509,False
-11.76,1,181.08451,False
-11.76,1,181.086016,False
-11.82,7,181.092026,False
-11.3,5,181.096684,False
-11.79,4,181.100201,False
-11.77,2,181.102201,False
-11.53,3,181.105713,False
-10.36,10,181.114183,False
-11.78,3,181.117183,False
-11.53,3,181.119693,False
-11.76,1,181.120698,False
-11.8,5,181.125702,False
-11.79,4,181.130398,False
19.96,4,181.134485,True
-11.77,2,181.136485,False
-10.8,5,181.140995,False
-11.76,1,181.141999,False
19.96,4,181.14642,True
21.17,8,181.15317,True
-11.32,7,181.159172,False
-12.01,1,181.160097,False
-11.78,3,181.164011,False
-11.55,5,181.168011,False
-10.85,9,181.176522,False
20.2,5,181.181009,True
-10.59,9,181.188527,False
-11.79,4,181.191543,False
-12.01,1,181.193361,False
20.67,8,181.199379,True
-11.53,3,181.202379,False
20.2,5,181.208584,True
21.63,12,181.219123,True
-11.76,1,181.220123,False
-11.8,4,181.223124,False
-11.77,2,181.225649,False
-11.81,6,181.230873,False
21.37,12,181.241924,True
19.91,9,181.250412,True
-11.53,3,181.618934,False
21.65,10,181.629042,True
-11.77,2,181.633028,False
-12.01,1,181.634028,False
-11.55,5,181.640532,False
-11.54,4,181.645961,False
20.69,6,181.653466,True
19.97,3,181.656968,True
20.45,5,181.663455,True
19.96,4,181.66896,True
21.19,6,181.67596,True
20.21,4,181.68103,True
-11.31,6,181.687029,False
21.42,8,181.695262,True
-11.76,1,181.696262,False
-11.79,3,181.699779,False
20.21,4,181.703779,True
21.64,11,181.713753,True
-12.02,2,181.716753,False
-11.82,7,181.723273,False
-11.79,4,181.728784,False
19.96,4,181.733296,True
-11.53,3,181.737295,False
-12.02,2,181.740799,False
20.45,5,181.746902,True
-10.57,7,181.753406,False
21.65,10,181.764268,True
-11.78,3,181.768268,False
-11.53,3,181.77177,False
20.69,6,181.77923,True
-11.77,2,181.782229,False
21.14,11,181.795609,True
20.21,4,181.800609,True
21.17,8,181.809118,True
-12.01,1,181.811073,False
21.17,8,181.818596,True
22.17,8,181.826777,True
-11.76,1,181.828081,False
-10.58,8,181.836234,False
-12.01,1,181.837232,False
-11.05,5,181.841232,False
-12.02,2,181.843232,False
19.97,3,181.846023,True
-12.03,3,181.849021,False
20.21,4,181.854027,True
20.43,6,181.858554,True
-11.8,5,181.864108,False
21.43,7,181.869627,True
19.96,4,181.873627,True
-10.58,7,181.880651,False
-11.53,3,181.883644,False
20.45,5,181.888176,True
19.97,3,181.891176,True
20.18,7,181.895633,True
-12.01,1,181.898162,False
21.41,9,181.905159,True
-11.4,15,181.917516,False
-10.59,8,181.924899,False
-11.53,3,181.927899,False
20.21,4,181.931769,True
20.44,6,181.936776,True
-11.53,3,181.939287,False
-11.56,6,181.945588,False
21.01,24,181.964566,True
20.44,6,181.969562,True
20.21,4,181.974074,True
-10.36,11,181.984492,False
-10.87,12,181.99426,False
-11.53,3,181.997281,False
21.56,19,182.012626,True
-12.01,1,182.013641,False
-11.76,1,182.014641,False
20.95,5,182.01964,True
22.38,12,182.029488,True
-12.02,2,182.031488,False
-11.57,7,182.038013,False
-12.02,2,182.040012,False
20.67,8,182.046962,True
-11.55,5,182.050962,False
-11.55,5,182.05648,False
20.2,5,182.060982,True
-11.8,5,182.064673,False
-11.33,8,182.072748,False
19.91,9,182.079804,True
21.08,17,182.094358,True
20.2,5,182.099571,True
21.28,22,182.11904,True
20.44,6,182.12404,True
21.14,11,182.132926,True
-12.01,1,182.134926,False
-11.34,9,182.142759,False
-12.01,1,182.144082,False
-11.77,2,182.146106,False
21.39,11,182.155629,True
20.44,6,182.161418,True
20.94,6,182.166425,True
-12.05,5,182.17095,False
-11.3,5,182.175951,False
20.21,4,182.178756,True
-11.76,1,182.179772,False
-11.29,4,182.183771,False
20.68,7,182.189281,True
19.96,4,182.193288,True
-12.02,2,182.194499,False
20.2,5,182.198498,True
19.96,4,182.203023,True
20.18,6,182.208144,True
21.15,10,182.216341,True
-11.56,6,182.222924,False
-12.04,4,182.225924,False
-10.32,7,182.232847,False
20.19,6,182.238385,True
22.17,8,182.245254,True
-12.01,1,182.246254,False
-11.77,2,182.248254,False
20.43,7,182.254843,True
-11.55,4,182.25884,False
-11.76,1,182.259767,False
21.4,10,182.269359,True
19.96,4,182.272863,True
19.95,5,182.276809,True
19.95,5,182.281903,True
20.2,5,182.286585,True
21.18,7,182.292583,True
-11.76,1,182.292583,False
-11.78,3,182.296868,False
21.18,7,182.302227,True
21.3,20,182.318631,True
-10.6,10,182.327622,False
-11.76,1,182.328627,False
-12.01,1,182.329627,False
20.17,8,182.337379,True
20.44,6,182.34238,True
-11.56,6,182.348783,False
20.4,10,182.355782,True
20.2,5,182.360737,True
-11.53,3,182.363758,False
-11.77,2,182.365763,False
21.17,8,182.37228,True
-12.01,1,182.37328,False
-12.01,1,182.374281,False
-11.76,1,182.375281,False
21.42,8,182.382238,True
-11.54,4,182.386238,False
-11.79,4,182.389751,False
21.18,7,182.396113,True
-11.78,3,182.399113,False
-11.81,6,182.403641,False
20.44,6,182.408638,True
20.42,8,182.416847,True
-11.76,1,182.417846,False
20.2,5,182.422358,True
-11.76,1,182.423358,False
-11.76,1,182.424358,False
-11.76,1,182.426076,False
-11.53,3,182.428582,False
-11.33,8,182.436253,False
-12.03,3,182.438256,False
-12.01,1,182.439252,False
-11.8,5,182.444342,False
21.2,5,182.448445,True
20.21,4,182.452039,True
-12.01,1,182.453114,False
21.17,8,182.460038,True
-11.77,2,182.462038,False
21.17,8,182.468547,True
-11.79,4,182.472552,False
-12.01,1,182.473748,False
20.91,9,182.481128,True
19.96,4,182.484652,True
-11.77,2,182.486652,False
-11.57,7,182.492652,False
20.45,5,182.497036,True
21.18,7,182.502036,True
-11.8,5,182.507617,False
-11.77,2,182.509617,False
-12.01,1,182.510617,False
-12.01,1,182.51184,False
20.2,5,182.5169,True
20.68,7,182.522647,True
21.16,8,182.529187,True
-11.77,2,182.531187,False
21.4,9,182.539713,True
-11.54,4,182.542713,False
-11.57,7,182.549633,False
21.38,11,182.558393,True
19.96,4,182.561859,True
21.42,8,182.5693,True
21.41,9,182.577213,True
21.32,18,182.966106,True
-11.36,11,182.978973,False
19.96,4,182.984478,True
-12.01,1,182.985982,False
21.17,8,182.995373,True
-12.02,2,182.998372,False
-11.78,3,183.002372,False
20.44,6,183.008878,True
21.41,9,183.018281,True
-12.01,1,183.020281,False
-11.77,2,183.023281,False
21.87,13,183.038626,True
-12.01,1,183.039626,False
-11.8,5,183.046534,False
-12.02,2,183.049543,False
-10.86,11,183.062595,False
21.19,6,183.070019,True
20.21,4,183.075019,True
20.41,9,183.085077,True
-11.54,4,183.090582,False
22.18,7,183.098641,True
-10.83,8,183.109146,False
21.91,9,183.119544,True
20.21,4,183.124547,True
19.96,4,183.129911,True
-11.77,2,183.131914,False
-11.76,1,183.133914,False
-11.77,2,183.136914,False
20.16,9,183.148733,True
20.42,8,183.156832,True
-11.3,5,183.162288,False
-11.78,3,183.165288,False
-12.01,1,183.167288,False
-11.76,1,183.168287,False
21.66,9,183.177265,True
19.97,3,183.180285,True
20.42,8,183.187386,True
20.2,5,183.192889,True
20.44,6,183.199455,True
21.13,12,183.211971,True
-11.76,1,183.212971,False
-11.54,4,183.217506,False
20.69,6,183.224156,True
21.88,12,183.23533,True
-11.32,7,183.243288,False
21.44,6,183.249846,True
-11.76,1,183.250847,False
21.4,10,183.261824,True
20.43,7,183.268342,True
-11.54,4,183.273341,False
-12.03,3,183.276389,False
-12.02,2,183.27878,False
-11.58,8,183.286754,False
20.43,7,183.293265,True
-11.79,4,183.297056,False
-11.77,2,183.30007,False
-11.82,6,183.30507,False
21.67,8,183.311909,True
20.41,9,183.319952,True
20.9,10,183.328466,True
-11.81,6,183.334112,False
-11.78,3,183.337119,False
20.17,8,183.34397,True
22.36,13,183.355516,True
20.21,4,183.359516,True
-11.78,3,183.362024,False
-11.31,6,183.368031,False
20.36,14,183.378916,True
-12.03,3,183.382442,False
-12.02,2,183.384442,False
20.21,4,183.387441,True
20.65,9,183.395527,True
-12.04,4,183.398527,False
22.4,10,183.406049,True
-12.01,1,183.40705,False
-11.8,5,183.41281,False
21.19,6,183.418322,True
-12.05,5,183.422322,False
19.97,3,183.425576,True
-11.78,3,183.428064,False
20.45,5,183.43257,True
21.43,7,183.438584,True
19.96,4,183.441597,True
-11.76,1,183.443482,False
-10.79,4,183.446507,False
-11.54,4,183.450507,False
-11.76,1,183.451508,False
-12.02,2,183.453508,False
22.16,9,183.461631,True
-11.52,2,183.463627,False
19.9,10,183.47215,True
-12.01,1,183.47315,False
-11.76,1,183.474668,False
19.95,5,183.479013,True
-11.31,6,183.483013,False
20.44,6,183.489526,True
-11.53,3,183.492525,False
-12.02,2,183.494022,False
-11.54,4,183.497056,False
-12.01,1,183.499056,False
-11.1,10,183.507564,False
20.44,6,183.512955,True
-11.79,3,183.515954,False
20.43,7,183.521508,True
20.45,5,183.526508,True
21.41,9,183.534425,True
-12.02,2,183.535425,False
-11.76,1,183.538011,False
-11.77,2,183.539016,False
-11.55,5,183.544395,False
20.94,6,183.549134,True
20.2,5,183.553168,True
-11.05,5,183.557765,False
-11.78,3,183.561267,False
21.12,13,183.57202,True
20.19,6,183.578018,True
22.14,11,183.586682,True
-12.02,2,183.588267,False
21.38,11,183.598595,True
-12.02,2,183.600119,False
-11.81,6,183.605119,False
21.3,19,183.621045,True
20.18,7,183.627255,True
-11.76,1,183.6282,False
-11.56,6,183.633634,False
-11.55,5,183.637949,False
19.96,4,183.641485,True
-11.53,3,183.644921,False
-11.8,5,183.648941,False
-11.77,2,183.651466,False
-12.08,8,183.658459,False
20.2,5,183.663355,True
19.96,4,183.667347,True
-11.77,2,183.669348,False
-12.01,1,183.670347,False
-11.77,2,183.672698,False
-12.01,1,183.673715,False
-11.77,2,183.676706,False
19.89,11,183.685459,True
-11.76,1,183.687459,False
-11.78,3,183.690463,False
-11.8,5,183.694375,False
-12.02,2,183.696372,False
19.97,3,183.699372,True
-11.55,5,183.7039,False
-12.01,1,183.704898,False
-11.31,6,183.709898,False
20.19,6,183.714809,True
-11.76,1,183.715809,False
20.21,4,183.719913,True
-12.01,1,183.721913,False
20.16,9,183.729885,True
-11.54,4,183.732884,False
20.21,4,183.737244,True
-12.01,1,183.738243,False
21.33,17,183.752723,True
-12.01,1,183.753721,False
-11.76,1,183.755234,False
21.18,7,183.760249,True
20.21,4,183.76455,True
-11.54,4,183.768065,False
19.97,3,183.771064,True
-11.77,2,183.773065,False
21.63,12,183.782893,True
20.2,5,183.787405,True
20.21,4,183.791405,True
21.92,8,183.798282,True
-11.53,3,183.801367,False
21.42,8,183.808367,True
-12.02,2,183.810468,False
-10.8,5,183.81548,False
-11.55,5,183.81952,False
20.37,13,183.830045,True
-11.77,2,183.832044,False
-11.78,3,183.835044,False
-11.76,1,183.836044,False
-11.56,6,183.840568,False
20.21,4,183.844921,True
-11.85,10,183.853432,False
-12.01,1,183.854433,False
20.13,12,183.864951,True
-11.55,5,183.86995,False
-11.52,2,183.871468,False
-12.02,2,183.873473,False
20.19,6,183.879466,True
20.92,8,183.885997,True
-11.61,11,183.895882,False
-11.57,7,183.900882,False
-11.78,3,183.904407,False
21.4,9,183.912719,True
21.16,9,183.919767,True
19.96,4,183.92397,True
-11.76,1,183.924969,False
21.43,7,183.930205,True
20.94,6,183.936304,True
20.96,4,183.940298,True
20.2,5,184.331104,True
20.19,6,184.337614,True
20.44,6,184.344119,True
-10.84,9,184.352037,False
20.42,8,184.361238,True
-12.01,1,184.36326,False
19.95,5,184.369336,True
-12.01,1,184.370919,False
22.1,15,184.388538,True
21.4,10,184.398042,True
-12.01,1,184.400043,False
21.41,9,184.409546,True
-11.78,3,184.413623,False
20.2,5,184.418626,True
20.21,4,184.423632,True
-11.76,1,184.424635,False
20.17,8,184.432076,True
-11.31,6,184.439582,False
-11.79,4,184.444528,False
-11.77,2,184.446534,False
-11.59,9,184.45606,False
-11.79,3,184.46006,False
21.66,9,184.469276,True
-12.01,1,184.471276,False
-12.03,3,184.474275,False
-11.76,1,184.476789,False
-10.82,7,184.484502,False
-11.78,3,184.488016,False
20.68,7,184.495548,True
21.33,17,184.511126,True
20.2,5,184.517681,True
20.94,6,184.524697,True
-11.79,4,184.529665,False
-11.32,7,184.536673,False
20.2,5,184.542195,True
-12.01,1,184.543505,False
21.39,10,184.553069,True
20.17,8,184.559881,True
-11.8,5,184.563889,False
20.2,5,184.568888,True
-11.78,3,184.571414,False
-11.04,4,184.575413,False
-11.31,6,184.581342,False
-11.76,1,184.582347,False
20.18,7,184.588347,True
20.9,10,184.5972,True
19.97,3,184.5992,True
-11.57,7,184.605712,False
19.96,4,184.609712,True
-11.76,1,184.611182,False
-11.33,8,184.617377,False
21.19,6,184.623147,True
-12.02,2,184.625162,False
21.47,28,184.649039,True
-11.54,4,184.652037,False
-11.55,5,184.656708,False
-11.77,2,184.658708,False
-12.01,1,184.66071,False
-11.79,4,184.663129,False
20.42,8,184.670649,True
-11.77,2,184.67265,False
20.18,7,184.679902,True
21.41,9,184.687926,True
-11.78,3,184.689925,False
21.43,7,184.696172,True
-11.77,2,184.698247,False
20.2,5,184.703169,True
21.42,8,184.710335,True
20.2,5,184.714429,True
-11.77,2,184.716942,False
-10.63,12,184.726965,False
-12.02,2,184.729467,False
20.21,4,184.733123,True
20.44,6,184.737653,True
-11.54,4,184.741657,False
20.17,8,184.747482,True
20.21,4,184.751491,True
20.42,8,184.757997,True
-11.3,5,184.763454,False
19.97,3,184.766452,True
19.96,4,184.7706,True
21.41,9,184.778457,True
-11.76,1,184.779428,False
-11.8,5,184.7841,False
-12.02,2,184.786103,False
19.96,4,184.790106,True
21.14,11,184.799068,True
20.43,7,184.805594,True
19.97,3,184.807595,True
20.45,5,184.817406,True
21.65,10,184.826101,True
-12.02,2,184.828567,False
21.46,28,184.851028,True
-11.81,6,184.857028,False
-11.77,2,184.858538,False
-11.77,2,184.860932,False
-12.01,1,184.861929,False
-11.79,4,184.865928,False
21.24,26,184.8873,True
20.2,5,184.891811,True
20.2,5,184.896443,True
21.34,16,184.909837,True
21.41,9,184.917869,True
21.06,19,184.932808,True
-11.52,2,184.934808,False
-11.77,2,184.937554,False
-12.02,2,184.939548,False
-11.78,3,184.943059,False
21.63,12,184.953012,True
21.61,14,184.964389,True
20.44,6,184.97039,True
-11.11,11,184.980303,False
20.45,5,184.985223,True
-11.79,4,184.989222,False
-12.01,1,184.990221,False
21.14,11,184.999831,True
-11.79,4,185.003347,False
-10.8,5,185.007352,False
20.45,5,185.012172,True
20.42,8,185.019686,True
20.21,4,185.022196,True
-11.52,2,185.024746,False
20.19,6,185.029683,True
21.15,10,185.038221,True
21.14,11,185.047556,True
-12.05,5,185.052557,False
-11.57,7,185.058082,False
-12.01,1,185.059083,False
20.18,7,185.065375,True
-12.01,1,185.065893,False
-11.77,2,185.067898,False
20.21,4,185.071897,True
21.42,8,185.078218,True
-12.02,2,185.080231,False
-10.57,7,185.086748,False
19.97,3,185.089752,True
-11.83,7,185.095724,False
-12.01,1,185.096725,False
21.37,13,185.106245,True
-12.01,1,185.107752,False
20.44,6,185.113054,True
-11.3,5,185.117565,False
20.2,5,185.121579,True
-11.56,6,185.127055,False
-11.54,4,185.131068,False
-11.78,3,185.134068,False
-11.81,6,185.139654,False
-11.77,2,185.141656,False
-11.55,5,185.146186,False
20.45,5,185.149788,True
-12.01,1,185.151863,False
-11.76,1,185.152862,False
21.36,14,185.164671,True
-11.55,5,185.169671,False
21.15,10,185.178562,True
21.14,10,185.18815,True
-11.76,1,185.189151,False
-11.78,3,185.191822,False
-11.78,3,185.194156,False
19.96,4,185.198163,True
-11.76,1,185.199162,False
-11.77,2,185.201163,False
-11.78,2,185.203629,False
-11.55,5,185.207631,False
-11.79,4,185.210629,False
20.2,5,185.215925,True
-11.82,7,185.220925,False
-11.53,3,185.223985,False
20.94,6,185.229273,True
-11.77,2,185.231272,False
21.4,10,185.239392,True
-11.58,8,185.245736,False
-12.02,2,185.247736,False
22.32,16,185.261683,True
-12.01,1,185.262683,False
-12.02,2,185.264978,False
-11.53,3,185.26806,False
21.42,8,185.274063,True
-11.31,6,185.280082,False
-11.8,5,185.285164,False
-11.53,3,185.651341,False
-11.77,2,185.653845,False
-10.35,10,185.663456,False
-11.52,2,185.665456,False
-11.53,3,185.668456,False
20.2,5,185.673961,True
-11.78,3,185.677411,False
-11.53,3,185.681424,False
22.41,9,185.692929,True
-11.78,3,185.696824,False
-12.04,4,185.701824,False
-12.02,2,185.70433,False
-12.01,1,185.70633,False
-11.78,3,185.70933,False
19.96,4,185.71421,True
-11.53,3,185.717212,False
-11.77,2,185.719212,False
20.19,6,185.726727,True
20.88,12,185.738346,True
20.44,6,185.744886,True
21.43,7,185.751896,True
-11.05,5,185.758406,False
-12.01,1,185.760406,False
-11.57,7,185.767385,False
-11.76,1,185.768385,False
21.43,7,185.775385,True
-12.01,1,185.776897,False
-12.04,4,185.78143,False
20.21,4,185.785412,True
21.4,10,185.797408,True
-12.02,2,185.799997,False
20.21,4,185.804915,True
-12.02,2,185.807915,False
-12.02,2,185.809796,False
22.41,9,185.818313,True
20.2,5,185.822316,True
-11.79,4,185.826821,False
21.42,8,185.834497,True
-11.78,3,185.838999,False
-11.76,1,185.840003,False
-11.77,2,185.843002,False
-11.76,1,185.844446,False
-12.01,1,185.846459,False
-11.55,5,185.85297,False
-11.78,3,185.85597,False
21.4,10,185.865269,True
-11.77,2,185.868269,False
-10.8,30,185.892306,False
21.15,10,185.901607,True
-11.54,4,185.905117,False
-12.02,2,185.907117,False
-11.55,5,185.911969,False
21.15,10,185.919979,True
-11.55,5,185.924505,False
21.09,15,185.936903,True
-10.33,8,185.944777,False
-11.32,7,185.950776,False
-11.79,4,185.955288,False
-11.54,4,185.958288,False
21.64,11,185.968319,True
-11.78,3,185.971319,False
-12.02,2,185.973319,False
21.42,8,185.979988,True
19.96,4,185.983573,True
-11.77,2,185.986252,False
21.4,10,185.995597,True
-11.82,7,186.001269,False
20.38,12,186.011329,True
-11.81,6,186.016834,False
-11.77,2,186.01884,False
-11.55,5,186.023918,False
-9.83,8,186.030994,False
-11.54,4,186.034919,False
21.63,12,186.044947,True
-11.55,5,186.049459,False
-11.56,6,186.055541,False
20.2,5,186.059207,True
-11.78,3,186.061828,False
-11.86,11,186.0714,False
-11.54,4,186.0754,False
19.96,4,186.078862,True
20.45,5,186.083879,True
20.2,5,186.087876,True
-12.04,4,186.091401,False
22.6,14,186.103276,True
21.19,6,186.107276,True
-11.56,5,186.112576,False
-11.57,7,186.118576,False
21.18,7,186.125048,True
-10.81,6,186.13076,False
20.2,5,186.134774,True
20.19,6,186.13977,True
-11.78,3,186.143282,False
20.19,6,186.148737,True
21.64,10,186.157248,True
-11.53,3,186.160667,False
-10.79,4,186.164316,False
-12.01,1,186.16535,False
-11.56,6,186.170354,False
-11.78,3,186.172943,False
-11.78,3,186.176031,False
-11.77,2,186.178343,False
20.95,5,186.182336,True
-12.03,3,186.18586,False
19.97,3,186.18786,True
20.93,7,186.194229,True
-11.32,6,186.199249,False
-11.77,2,186.201248,False
-11.76,1,186.202248,False
19.97,3,186.205771,True
-11.76,1,186.206771,False
-10.81,6,186.212146,False
20.19,6,186.217669,True
20.21,4,186.220669,True
20.44,6,186.226197,True
-10.81,6,186.231446,False
-11.55,5,186.235951,False
-11.77,2,186.237957,False
22.37,13,186.249659,True
-12.01,1,186.250659,False
-10.86,11,186.260331,False
21.36,14,186.271782,True
19.95,5,186.275993,True
-11.56,6,186.281331,False
-11.78,3,186.28433,False
21.14,11,186.293846,True
-11.76,1,186.294221,False
20.18,7,186.300767,True
-11.54,4,186.30377,False
21.12,13,186.31468,True
-11.79,4,186.31868,False
-11.55,5,186.323195,False
21.15,10,186.330611,True
-11.77,2,186.332611,False
-12.01,1,186.333611,False
20.95,5,186.3383,True
-10.59,9,186.347264,False
-12.01,1,186.348263,False
-10.85,10,186.356773,False
-11.78,3,186.359773,False
22.43,32,186.386671,True
-11.77,2,186.388671,False
-11.76,1,186.389671,False
-11.54,4,186.393737,False
19.97,3,186.39676,True
20.43,7,186.756001,True
20.43,7,186.763146,True
20.21,4,186.766141,True
-12.01,1,186.767721,False
-11.55,5,186.772734,False
-11.3,5,186.778553,False
-12.02,2,186.780244,False
22.33,17,186.795229,True
-11.58,8,186.8013,False
20.2,5,186.8063,True
-11.79,4,186.810388,False
-11.78,3,186.813392,False
-12.01,1,186.814392,False
-11.55,5,186.818392,False
20.21,4,186.822908,True
-11.53,3,186.824907,False
-11.77,2,186.827237,False
-11.78,3,186.830799,False
-11.57,7,186.836805,False
20.2,5,186.841314,True
-11.77,2,186.843614,False
21.2,5,186.848159,True
20.43,7,186.854693,True
21.42,8,186.860222,True
20.93,7,186.866756,True
20.45,5,186.870768,True
20.16,9,186.878839,True
21.16,9,186.886758,True
-11.54,4,186.889754,False
-11.83,8,186.897606,False
-12.02,2,186.899607,False
21.77,22,186.917084,True
-11.56,6,186.922084,False
-11.79,4,186.925609,False
20.69,6,186.930534,True
-11.76,1,186.93153,False
19.96,4,186.935042,True
-11.59,9,186.942574,False
21.65,10,186.951519,True
-12.01,1,186.952519,False
-11.77,2,186.954519,False
21.05,19,187.344514,True
21.41,9,187.358542,True
-11.76,1,187.360012,False
-12.01,1,187.361024,False
-12.02,2,187.364529,False
-12.01,1,187.366529,False
-11.77,2,187.368529,False
-11.78,3,187.373031,False
-11.76,1,187.375034,False
19.97,3,187.378659,True
-11.76,1,187.380659,False
21.17,8,187.389163,True
22.32,18,187.410032,True
22.49,26,187.439185,True
20.68,7,187.448258,True
-11.52,2,187.451258,False
-11.78,3,187.455258,False
20.65,10,187.466628,True
19.97,3,187.470631,True
-11.77,2,187.472631,False
20.16,9,187.48164,True
-11.79,4,187.48764,False
21.12,13,187.501026,True
-12.02,2,187.503026,False
20.95,5,187.50853,True
-10.78,3,187.512124,False
-11.76,1,187.514123,False
22.37,13,187.528058,True
-10.83,8,187.536119,False
-11.59,9,187.544936,False
21.41,8,187.55246,True
20.68,7,187.558461,True
-12.02,2,187.56139,False
-11.77,2,187.562983,False
-11.31,6,187.568983,False
-11.3,5,187.573494,False
21.52,48,187.61303,True
20.68,7,187.619048,True
-11.54,4,187.622044,False
-12.02,2,187.624891,False
-11.78,3,187.627705,False
-12.01,1,187.628397,False
21.86,14,187.640826,True
-11.79,4,187.644457,False
-11.76,1,187.645474,False
20.45,5,187.650475,True
20.41,9,187.657999,True
-12.02,2,187.659999,False
-11.53,3,187.662385,False
-11.79,4,187.66589,False
-12.01,1,187.666894,False
20.2,5,187.671987,True
21.43,7,187.677809,True
-11.78,3,187.680807,False
20.2,5,187.684733,True
20.43,7,187.691245,True
-12.01,1,187.692245,False
-10.79,4,187.697029,False
-11.77,2,187.699035,False
-10.35,10,187.70754,False
-12.01,1,187.708546,False
-11.54,4,187.712845,False
20.2,5,187.715845,True
-11.31,6,187.722357,False
-11.78,3,187.725357,False
-11.54,4,187.72929,False
21.15,10,187.736959,True
19.91,9,187.745918,True
-11.78,3,187.748918,False
19.97,3,187.75143,True
-12.02,2,187.75343,False
21.41,8,187.760762,True
-12.01,1,187.761859,False
21.19,6,187.766858,True
20.2,5,187.770456,True
-11.78,3,187.773535,False
-10.88,12,187.784896,False
21.0,25,187.809049,True
20.44,6,187.814427,True
-12.01,1,187.816014,False
21.19,6,187.820101,True
-11.78,3,187.824026,False
-12.06,6,187.828923,False
-12.01,1,187.829922,False
-11.78,3,187.832605,False
-11.53,3,187.835604,False
-11.79,4,187.839201,False
-11.76,1,187.840201,False
-11.55,5,187.844568,False
20.17,8,187.851834,True
-12.02,2,187.853833,False
19.94,6,187.859269,True
-11.54,4,187.862643,False
20.2,5,187.866653,True
20.43,7,187.873249,True
21.41,9,187.88174,True
-12.03,3,187.884739,False
20.18,7,187.890456,True
-12.02,2,187.892457,False
-12.03,3,187.895802,False
-11.79,4,187.897802,False
20.21,4,187.9024,True
-12.01,1,187.903397,False
-12.02,2,187.905399,False
21.01,24,187.925762,True
-12.02,2,187.928146,False
21.19,6,187.933454,True
20.91,9,187.940952,True
-11.55,5,187.945911,False
-11.78,3,187.948834,False
-12.03,3,187.950834,False
-11.8,5,187.955346,False
-11.77,2,187.957346,False
-10.57,7,187.963308,False
-12.02,2,187.966308,False
-10.84,9,187.97382,False
-12.01,1,187.974825,False
-10.8,5,187.980145,False
-11.79,4,187.98365,False
21.39,10,187.991657,True
20.2,5,187.997036,True
-12.03,3,187.999036,False
-11.82,7,188.005705,False
20.2,5,188.0097,True
19.97,3,188.013005,True
-12.01,1,188.013005,False
-11.77,2,188.015685,False
21.43,7,188.02168,True
-11.53,3,188.024686,False
-12.01,1,188.025278,False
-11.77,2,188.02763,False
-12.01,1,188.028629,False
20.16,9,188.036652,True
20.45,5,188.040651,True
-12.01,1,188.042653,False
-11.54,4,188.046641,False
19.97,3,188.048645,True
-11.55,5,188.053314,False
20.19,6,188.058986,True
-12.02,2,188.059991,False
20.18,7,188.066275,True
20.67,8,188.073861,True
-11.54,4,188.077811,False
19.97,3,188.080807,True
-10.83,7,188.086808,False
-12.02,2,188.089402,False
-11.79,4,188.092403,False
-11.78,3,188.095403,False
19.96,4,188.098915,True
-11.79,4,188.102916,False
20.15,10,188.111505,True
21.16,9,188.120104,True
-11.12,12,188.129893,False
-11.78,3,188.132479,False
-11.78,3,188.135494,False
19.94,6,188.141006,True
19.96,4,188.144998,True
-12.01,1,188.146086,False
-11.77,2,188.148087,False
-11.79,3,188.151684,False
20.44,6,188.156683,True
-11.76,1,188.157683,False
-12.01,1,188.158683,False
21.43,7,188.164508,True
-11.77,2,188.167433,False
20.2,5,188.171945,True
-11.77,2,188.173945,False
-11.76,1,188.174945,False
21.59,16,188.188914,True
-11.56,6,188.193473,False
-10.32,7,188.199688,False
20.21,4,188.2032,True
-12.02,2,188.2052,False
21.43,7,188.212107,True
-12.04,4,188.216119,False
21.56,19,188.231879,True
-12.02,2,188.233385,False
20.67,8,188.240391,True
-11.56,6,188.246344,False
-11.78,3,188.249015,False
20.2,5,188.253596,True
21.4,10,188.262492,True
22.13,12,188.272004,True
-9.82,7,188.277806,False
-10.58,8,188.285332,False
-11.56,6,188.290336,False
-10.82,7,188.296126,False
-10.57,7,188.682212,False
20.2,5,188.688718,True
20.44,6,188.695522,True
-11.52,2,188.698521,False
20.18,7,188.707025,True
20.19,6,188.713884,True
-11.78,3,188.716887,False
-11.76,1,188.718887,False
19.96,4,188.723886,True
-11.8,5,188.729787,False
-12.02,2,188.732786,False
21.16,8,188.741801,True
-11.52,2,188.744673,False
21.13,12,188.758181,True
-11.76,1,188.760181,False
21.43,7,188.769114,True
20.18,7,188.776937,True
20.21,4,188.781938,True
-12.01,1,188.782938,False
19.96,4,188.788442,True
-11.53,3,188.791442,False
-11.77,2,188.794977,False
21.41,9,188.805482,True
-11.03,3,188.809988,False
19.97,3,188.813394,True
-11.32,7,188.821901,False
20.19,6,188.829368,True
-11.8,5,188.835873,False
21.66,8,188.844468,True
-11.3,5,188.850989,False
-11.55,5,188.857064,False
-12.01,1,188.858063,False
-11.53,3,188.862407,False
-12.01,1,188.864413,False
20.45,5,188.870001,True
22.14,10,188.882171,True
-11.76,1,188.883171,False
20.42,8,188.891305,True
20.21,4,188.89493,True
-11.04,4,188.899575,False
-12.01,1,188.899575,False
21.19,6,188.906092,True
20.2,5,188.911523,True
-11.76,1,188.912541,False
20.19,6,188.917538,True
-11.79,4,188.920538,False
-11.77,2,188.924066,False
21.17,8,188.930414,True
-12.03,3,188.932932,False
-11.76,1,188.933936,False
-11.55,5,188.938459,False
20.18,7,188.944927,True
20.44,6,188.950913,True
-12.03,3,188.952919,False
-11.08,7,188.958443,False
22.04,20,188.975344,True
-11.77,2,188.977596,False
20.87,12,188.988136,True
-11.54,4,188.991136,False
-12.01,1,188.993129,False
-11.77,2,188.994552,False
-11.76,1,188.996067,False
-11.78,3,188.998823,False
-11.53,3,189.001822,False
-12.01,1,189.002821,False
-11.77,2,189.004822,False
-11.59,9,189.0127,False
20.21,4,189.016213,True
-11.76,1,189.017228,False
21.63,11,189.027078,True
-11.78,3,189.030098,False
20.2,5,189.035098,True
20.91,9,189.042114,True
21.38,12,189.052912,True
20.95,5,189.056424,True
20.17,7,189.063446,True
19.97,3,189.066446,True
20.21,4,189.07012,True
-11.8,5,189.074119,False
20.43,7,189.080989,True
-11.78,3,189.083988,False
22.4,10,189.092514,True
-11.54,3,189.094799,False
-12.01,1,189.095797,False
-12.02,2,189.097797,False
-12.01,1,189.098797,False
-11.78,3,189.10132,False
-11.76,1,189.102319,False
-11.52,2,189.10432,False
-12.01,1,189.10532,False
-12.01,1,189.107323,False
21.86,13,189.117717,True
-12.01,1,189.118716,False
-11.56,6,189.124305,False
-12.03,3,189.127226,False
-10.81,6,189.133043,False
-11.8,5,189.137569,False
20.21,4,189.141567,True
21.17,8,189.147494,True
-11.77,2,189.149499,False
-12.02,2,189.150499,False
21.42,8,189.158023,True
20.2,5,189.162536,True
20.43,7,189.168543,True
-12.02,2,189.170551,False
20.21,4,189.174076,True
20.21,4,189.177772,True
19.88,12,189.188293,True
-10.58,8,189.195234,False
21.11,14,189.206739,True
20.44,6,189.211365,True
-11.32,7,189.218796,False
-11.55,5,189.222797,False
20.18,7,189.229889,True
19.96,4,189.232892,True
-11.76,1,189.233891,False
-11.8,5,189.238159,False
21.39,11,189.248324,True
21.15,10,189.255849,True
20.44,6,189.261195,True
-11.56,6,189.266192,False
-12.02,2,189.267715,False
-11.76,1,189.268715,False
20.42,8,189.276746,True
-11.79,4,189.280058,False
-11.77,2,189.282058,False
-12.01,1,189.283057,False
21.39,11,189.29212,True
20.19,6,189.297599,True
-11.07,7,189.303121,False
20.68,7,189.310258,True
-10.56,6,189.316263,False
-11.8,5,189.319775,False
22.18,7,189.325776,True
-11.86,11,189.334958,False
21.65,9,189.343091,True
-11.79,4,189.346605,False
-11.34,9,189.354706,False
-12.01,1,189.355705,False
-11.77,2,189.357707,False
-11.57,6,189.363742,False
-12.03,3,189.365742,False
21.18,7,189.372295,True
21.16,9,189.379931,True
20.67,8,189.386531,True
19.96,4,189.390531,True
-11.77,2,189.393043,False
21.4,10,189.401523,True
20.2,5,189.405033,True
22.59,15,189.418056,True
-11.53,3,189.421056,False
-12.01,1,189.422056,False
20.42,8,189.429319,True
-12.01,1,189.431318,False
20.93,7,189.436752,True
-11.55,5,189.441265,False
-11.03,3,189.444876,False
21.41,9,189.451973,True
-11.79,4,189.455646,False
19.95,5,189.460318,True
19.97,3,189.462976,True
-10.84,8,189.470432,False
20.18,7,189.476394,True
-11.54,4,189.479398,False
20.21,4,189.483399,True
-11.35,10,189.49191,False
-11.77,2,189.494217,False
21.15,9,189.500976,True
-12.01,1,189.501975,False
-12.03,3,189.504976,False
-11.78,3,189.507652,False
-11.3,5,189.512647,False
-12.01,1,189.51365,False
-12.02,2,189.515647,False
22.38,12,189.525627,True
-11.77,2,189.527131,False
-11.79,4,189.531384,False
-11.55,5,189.535384,False
-12.05,5,189.539925,False
21.43,7,189.546263,True
-11.78,3,189.549791,False
20.43,7,189.555315,True
20.2,5,189.560172,True
-11.78,3,189.563193,False
20.45,5,189.567193,True
20.18,7,189.573866,True
22.17,8,189.581064,True
-11.76,1,189.582064,False
20.2,5,189.586064,True
-10.79,4,189.59082,False
20.43,7,189.597262,True
-9.84,9,189.604772,False
-11.77,2,189.606772,False
-11.04,4,189.610806,False
-10.59,9,189.617812,False
-11.77,2,189.619811,False
19.92,8,189.627439,True
-11.53,3,189.630213,False
19.96,4,189.634013,True
-12.01,1,189.635242,False
-11.76,1,189.636321,False
-11.77,2,189.638488,False
21.61,14,189.650569,True
-11.54,4,190.030559,False
-11.77,2,190.033559,False
19.96,4,190.039061,True
-10.6,10,190.050595,False
-11.55,5,190.057587,False
-11.78,3,190.060572,False
-12.02,2,190.063586,False
-11.33,8,190.072614,False
19.96,4,190.07822,True
-11.76,1,190.079221,False
20.93,7,190.086736,True
-11.32,7,190.094633,False
20.2,5,190.099633,True
-12.02,2,190.10214,False
-11.53,3,190.105148,False
19.96,4,190.110541,True
21.16,9,190.120079,True
-11.77,2,190.123079,False
-11.76,1,190.12459,False
-12.01,1,190.12559,False
20.18,7,190.133453,True
-11.77,2,190.13646,False
20.45,5,190.142974,True
20.21,4,190.147001,True
-11.78,3,190.150999,False
19.93,7,190.159024,True
-11.76,1,190.160702,False
-11.77,2,190.163731,False
-12.07,7,190.170249,False
-11.78,3,190.17325,False
19.97,3,190.176767,True
20.19,6,190.18344,True
-12.02,2,190.186953,False
20.44,6,190.19455,True
-11.56,6,190.200591,False
20.19,6,190.2061,True
-12.02,2,190.209107,False
20.43,7,190.217621,True
-11.76,1,190.218619,False
-11.77,2,190.221621,False
20.44,6,190.228608,True
-12.02,2,190.230618,False
-12.01,1,190.232614,False
19.97,3,190.235615,True
21.38,11,190.246288,True
-10.59,9,190.25481,False
-11.77,2,190.257806,False
-12.01,1,190.258806,False
20.45,5,190.26402,True
20.18,7,190.269273,True
21.16,9,190.277465,True
-12.05,5,190.282235,False
20.19,6,190.288234,True
21.11,14,190.300356,True
20.37,12,190.311784,True
20.11,14,190.325315,True
-10.87,12,190.336625,False
20.44,6,190.342671,True
-11.77,2,190.34497,False
20.45,5,190.349969,True
-11.8,5,190.354494,False
-12.01,1,190.356493,False
21.41,9,190.364845,True
20.17,8,190.371843,True
-11.54,4,190.377679,False
21.41,9,190.3862,True
20.17,8,190.393201,True
20.21,4,190.397506,True
20.2,5,190.40217,True
-11.34,9,190.410133,False
21.15,10,190.418685,True
20.43,7,190.424685,True
20.9,10,190.433697,True
21.4,10,190.442222,True
-10.8,5,190.44717,False
20.44,6,190.452713,True
-11.79,4,190.455712,False
-11.53,3,190.459236,False
-11.32,7,190.465552,False
22.32,18,190.481088,True
-12.02,2,190.483087,False
-11.76,1,190.484087,False
21.41,9,190.491611,True
20.44,6,190.496916,True
-11.76,1,190.497916,False
-11.77,2,190.499433,False
21.38,12,190.510424,True
-11.76,1,190.511464,False
-10.84,9,190.5182,False
-11.61,11,190.529468,False
-11.78,3,190.531989,False
-10.87,12,190.541505,False
-12.01,1,190.543133,False
-11.76,1,190.543664,False
19.97,3,190.546676,True
20.21,4,190.549677,True
-11.77,2,190.5522,False
21.43,7,190.558199,True
19.96,4,190.562347,True
22.4,10,190.570351,True
-12.01,1,190.571351,False
-11.76,1,190.572351,False
19.97,3,190.574872,True
-11.55,5,190.579669,False
-11.77,2,190.58167,False
-12.02,2,190.584306,False
21.6,15,190.596283,True
-11.77,2,190.59828,False
-11.77,2,190.600277,False
21.32,18,190.615847,True
20.2,5,190.619846,True
-11.78,3,190.622847,False
-11.79,4,190.62685,False
-11.81,6,190.631946,False
-12.01,1,190.632945,False
-11.77,2,190.635529,False
20.67,8,190.641617,True
20.93,7,190.648027,True
-11.84,9,190.655553,False
-12.01,1,190.657069,False
-12.01,1,190.658074,False
-12.01,1,190.659074,False
-11.32,6,190.6645,False
-11.79,4,190.66902,False
-11.76,1,190.67002,False
20.94,6,190.67502,True
-12.02,2,190.677954,False
-11.79,4,190.681035,False
20.17,8,190.688631,True
-12.01,1,190.689702,False
20.42,8,190.696032,True
-12.02,2,190.698538,False
-11.76,1,190.699544,False
21.15,10,190.707545,True
-10.79,4,190.712489,False
20.21,4,190.715489,True
-11.81,6,190.721,False
-11.55,5,190.725999,False
20.87,13,190.736237,True
-11.58,8,190.74471,False
-12.02,2,190.746724,False
-12.01,1,190.747724,False
21.39,11,190.757246,True
-11.79,4,190.761247,False
-11.76,1,190.761765,False
-11.77,2,190.764285,False
-10.58,8,190.770286,False
-11.78,3,190.773814,False
20.2,5,190.778593,True
-12.02,2,190.780593,False
21.19,6,190.786179,True
-11.33,8,190.793085,False
-11.06,6,190.798099,False
20.45,5,190.802761,True
20.2,5,190.80785,True
21.16,9,190.81506,True
21.28,22,190.833018,True
-12.01,1,190.834521,False
21.15,10,190.843604,True
20.44,6,190.84815,True
-12.01,1,190.849154,False
-11.77,2,190.85115,False
21.4,10,190.859566,True
20.19,6,190.865273,True
-12.01,1,190.866279,False
-11.55,5,190.870279,False
-11.77,2,190.872279,False
-11.76,1,190.874279,False
-12.02,2,190.875785,False
21.18,7,190.882266,True
-11.76,1,190.883257,False
-11.53,3,190.886257,False
-12.06,6,190.890781,False
20.96,4,190.895159,True
-11.53,3,190.897692,False
21.11,14,190.909587,True
-11.79,4,190.913563,False
20.2,5,190.917578,True
19.95,5,190.9221,True
-11.79,4,190.9251,False
-12.01,1,190.92642,False
21.16,9,190.933951,True
-11.77,2,190.935951,False
-12.02,2,190.937951,False
20.44,6,190.943845,True
-11.57,7,190.94988,False
20.94,6,190.953895,True
-11.77,2,190.955894,False
20.44,6,190.96203,True
-10.6,10,190.971068,False
20.2,5,190.975067,True
20.21,4,190.978656,True
-11.54,4,190.982178,False
22.25,25,191.00307,True
-11.77,2,191.005068,False
-11.77,2,191.373072,False
-11.53,3,191.376566,False
-11.55,5,191.382095,False
19.97,3,191.385095,True
-11.8,5,191.3906,False
20.44,6,191.398077,True
-11.56,6,191.405581,False
-11.79,4,191.410002,False
-12.01,1,191.412016,False
-12.01,1,191.414016,False
-11.54,4,191.418016,False
-12.01,1,191.420016,False
-11.53,3,191.423521,False
-11.79,4,191.427952,False
-11.78,3,191.431458,False
20.43,7,191.439457,True
-12.01,1,191.440959,False
21.4,9,191.451532,True
20.2,5,191.458535,True
-11.54,4,191.462719,False
21.13,12,191.477327,True
-11.77,2,191.47943,False
-11.79,4,191.483865,False
21.92,8,191.493371,True
-11.54,4,191.497942,False
-11.78,3,191.500942,False
21.43,7,191.507446,True
22.64,11,191.518875,True
-11.76,1,191.520875,False
-11.54,4,191.525392,False
-11.76,1,191.526832,False
-11.54,4,191.530847,False
-12.03,3,191.533847,False
19.96,4,191.539352,True
-11.78,3,191.543352,False
-11.77,2,191.546568,False
19.93,7,191.554073,True
19.97,3,191.558579,True
-11.77,2,191.561573,False
22.64,11,191.574163,True
19.94,6,191.579679,True
20.45,5,191.584684,True
-11.54,4,191.588712,False
-12.01,1,191.590727,False
20.21,4,191.594606,True
19.94,6,191.599935,True
21.36,14,191.612423,True
-11.79,4,191.615423,False
20.2,5,191.619949,True
-11.76,1,191.620947,False
-11.8,5,191.624947,False
20.21,4,191.629052,True
-11.57,7,191.635942,False
-11.79,4,191.639453,False
20.67,8,191.645789,True
-11.79,4,191.649818,False
-11.77,2,191.651832,False
21.19,6,191.656832,True
21.33,17,191.671768,True
-10.59,9,191.680271,False
-11.78,3,191.682935,False
-10.6,10,191.691361,False
-11.78,3,191.693848,False
-11.53,3,191.696854,False
-11.8,5,191.700854,False
20.2,5,191.705447,True
-11.78,3,191.708445,False
20.44,6,191.714601,True
-11.54,4,191.717603,False
-11.76,1,191.719527,False
20.18,7,191.725039,True
-11.54,4,191.72855,False
20.21,4,191.73255,True
-11.58,8,191.739062,False
-11.77,2,191.741062,False
21.39,11,191.75069,True
20.19,6,191.756142,True
-12.02,2,191.758142,False
20.2,5,191.762444,True
-12.01,1,191.763443,False
20.44,6,191.768966,True
-11.54,4,191.772966,False
-11.54,4,191.776477,False
19.95,5,191.780951,True
-12.01,1,191.782947,False
19.95,5,191.787459,True
-11.52,2,191.789459,False
-11.54,4,191.793458,False
21.42,8,191.80067,True
20.68,7,191.805673,True
-12.02,2,191.808347,False
21.17,8,191.815275,True
-11.78,3,191.817786,False
19.95,5,191.8228,True
21.91,9,191.830315,True
-10.57,7,191.837319,False
-11.76,1,191.837319,False
-11.76,1,191.838831,False
20.2,5,191.843246,True
21.18,7,191.850039,True
-11.77,2,191.852038,False
-11.53,3,191.855034,False
20.2,5,191.859538,True
20.44,6,191.864896,True
20.19,6,191.870414,True
-11.77,2,191.871942,False
-11.53,3,191.874934,False
20.71,29,191.898625,True
-11.31,6,191.904298,False
-10.58,8,191.910519,False
21.39,10,191.91904,True
-11.54,4,191.923052,False
-11.83,8,191.929373,False
20.44,6,191.934894,True
20.45,5,191.93989,True
-11.06,6,191.945312,False
-11.76,1,191.94631,False
21.2,5,191.950824,True
20.21,4,191.954415,True
-11.77,2,191.956508,False
20.2,5,191.961055,True
20.2,5,191.964731,True
-11.55,5,191.969346,False
-11.53,3,191.972333,False
21.39,10,191.980145,True
21.36,14,191.992158,True
21.14,10,192.001015,True
21.1,15,192.014182,True
20.19,6,192.019567,True
19.97,3,192.022567,True
21.41,9,192.030849,True
-11.8,5,192.034854,False
20.2,5,192.039377,True
-11.56,6,192.044662,False
20.94,6,192.049689,True
21.38,12,192.060631,True
-11.03,3,192.062648,False
19.96,4,192.066651,True
-11.76,1,192.068162,False
-11.31,6,192.072694,False
-12.02,2,192.074698,False
-10.82,7,192.080667,False
-11.77,2,192.082659,False
-11.77,2,192.084666,False
-12.03,3,192.087666,False
-11.79,3,192.090192,False
21.15,10,192.098649,True
-11.77,2,192.100166,False
-12.01,1,192.101171,False
21.66,9,192.108171,True
-11.76,1,192.110168,False
-11.78,3,192.112531,False
-11.77,2,192.114531,False
20.44,6,192.119531,True
-12.01,1,192.120531,False
21.66,9,192.127053,True
20.89,11,192.136882,True
20.67,8,192.143839,True
-10.58,8,192.150385,False
-11.57,7,192.157904,False
-11.05,5,192.161366,False
-11.55,5,192.166414,False
-10.9,14,192.177334,False
-11.55,5,192.181353,False
19.96,4,192.185436,True
-10.57,7,192.19244,False
-11.76,1,192.193852,False
-11.79,4,192.19687,False
-11.82,6,192.202871,False
-12.01,1,192.20387,False
-11.55,5,192.207393,False
-11.57,7,192.214348,False
-11.77,2,192.215363,False
-11.77,2,192.218371,False
-11.08,8,192.224865,False
-11.78,3,192.227347,False
20.2,5,192.232345,True
-12.01,1,192.233338,False
-10.59,9,192.240861,False
-11.77,2,192.24286,False
-11.76,1,192.244173,False
21.4,10,192.252774,True
-11.81,6,192.257293,False
-11.31,6,192.263598,False
-12.01,1,192.264598,False
-10.31,6,192.270129,False
-12.01,1,192.271129,False
-10.34,8,192.27759,False
-11.8,5,192.282609,False
-11.04,4,192.286609,False
20.43,7,192.292655,True
-11.77,2,192.294327,False
22.17,33,192.321642,True
-10.6,10,192.330164,False
20.41,9,192.725543,True
-11.79,4,192.731041,False
-12.01,1,192.733041,False
-11.76,1,192.734034,False
-11.81,6,192.740539,False
-11.79,4,192.744896,False
21.18,7,192.751903,True
-11.55,5,192.757411,False
-12.01,1,192.75841,False
20.41,9,192.767392,True
-11.79,4,192.771394,False
-11.52,2,192.774395,False
-11.8,5,192.778529,False
20.92,8,192.789033,True
-12.01,1,192.790033,False
20.44,6,192.797508,True
20.13,12,192.812045,True
19.96,4,192.817051,True
21.06,19,192.834481,True
20.21,4,192.838481,True
21.41,9,192.848185,True
21.34,15,192.864421,True
20.91,9,192.875441,True
20.2,5,192.880149,True
20.2,5,192.885668,True
-12.01,1,192.886668,False
-10.32,7,192.895697,False
-11.76,1,192.896697,False
19.97,3,192.899697,True
-11.77,2,192.901696,False
-12.01,1,192.903208,False
-12.02,2,192.905215,False
20.21,4,192.909735,True
-10.6,10,192.919802,False
-11.77,2,192.921803,False
19.96,4,192.926323,True
-11.82,7,192.932681,False
-12.02,2,192.935817,False
21.42,8,192.94216,True
20.2,5,192.94647,True
20.44,6,192.951978,True
22.32,18,192.967297,True
-10.62,12,192.977766,False
-11.77,2,192.979765,False
20.44,6,192.984919,True
-12.01,1,192.985918,False
-11.54,4,192.98944,False
20.21,4,192.993441,True
20.19,6,192.999047,True
-11.54,4,193.002047,False
20.44,6,193.007559,True
20.45,5,193.012027,True
-11.77,2,193.0141,False
20.13,12,193.023765,True
-11.59,9,193.032081,False
21.37,13,193.042606,True
-11.76,1,193.043993,False
20.87,13,193.053846,True
21.18,7,193.060732,True
-11.31,6,193.06575,False
-11.54,4,193.069267,False
20.44,6,193.073792,True
-12.04,4,193.078139,False
20.94,6,193.082652,True
-11.76,1,193.083652,False
20.44,6,193.088652,True
19.97,3,193.092174,True
20.92,8,193.098607,True
-12.01,1,193.100119,False
-12.01,1,193.101134,False
-12.01,1,193.102133,False
-12.01,1,193.103133,False
-11.37,12,193.11394,False
-11.76,1,193.114939,False
-11.76,1,193.115939,False
-11.79,4,193.118939,False
-12.02,2,193.121457,False
-12.01,1,193.123456,False
-11.53,3,193.125457,False
-12.01,1,193.126896,False
-11.54,4,193.129902,False
19.96,4,193.134413,True
-12.02,2,193.136414,False
20.2,5,193.140414,True
-12.01,1,193.141919,False
-11.79,4,193.145445,False
-11.79,4,193.148439,False
21.14,36,193.179783,True
-11.33,8,193.186309,False
-11.54,4,193.190307,False
-11.78,3,193.193307,False
21.42,8,193.199639,True
-12.01,1,193.20064,False
-11.53,3,193.20364,False
-11.76,1,193.20364,False
-10.88,13,193.215446,False
-11.56,6,193.220621,False
-10.62,12,193.230639,False
20.2,5,193.235634,True
19.94,6,193.240144,True
-10.79,4,193.243637,False
-11.55,5,193.249808,False
-11.54,4,193.251804,False
19.96,4,193.255663,True
-11.78,3,193.259185,False
-11.79,4,193.262486,False
-11.8,5,193.266482,False
-12.01,1,193.267987,False
20.45,5,193.271994,True
-10.85,9,193.280583,False
19.96,4,193.283573,True
21.42,8,193.291106,True
20.18,7,193.296462,True
-11.82,7,193.302984,False
-12.02,2,193.304984,False
21.34,16,193.318431,True
20.95,5,193.321944,True
20.68,7,193.328496,True
-12.01,1,193.329497,False
-11.77,2,193.332164,False
-11.78,3,193.334166,False
20.19,6,193.339162,True
-11.76,1,193.341129,False
-11.79,4,193.345222,False
-12.02,2,193.347223,False
-12.01,1,193.348222,False
20.45,5,193.352732,True
21.42,8,193.762983,True
-11.82,7,193.769503,False
-11.55,5,193.774033,False
20.63,12,193.785641,True
21.52,22,193.804192,True
21.17,8,193.811715,True
22.62,13,193.822236,True
-12.01,1,193.823236,False
21.14,11,193.832758,True
-11.09,9,193.839758,False
22.31,19,193.855756,True
-12.02,2,193.857843,False
-11.76,1,193.860267,False
-12.02,2,193.862274,False
19.97,3,193.864784,True
-11.36,10,193.872802,False
21.38,11,193.882522,True
19.97,3,193.885189,True
20.94,6,193.890106,True
21.19,6,193.896041,True
21.12,13,193.906362,True
20.21,4,193.909977,True
-12.02,2,193.911991,False
-11.77,2,193.914501,False
-11.55,5,193.918515,False
-11.55,5,193.923516,False
-12.01,1,193.923516,False
-11.82,7,193.930583,False
20.19,6,193.935093,True
-11.31,6,193.941103,False
-11.79,4,193.945473,False
21.41,9,193.952905,True
-11.83,8,193.959427,False
-11.76,1,193.96081,False
-12.02,2,193.96283,False
-11.78,3,193.96483,False
-11.77,2,193.968351,False
20.44,6,193.97335,True
-11.79,4,193.977304,False
-11.77,2,193.979329,False
-11.55,5,193.985344,False
-12.02,2,193.987352,False
-11.77,2,193.988655,False
-12.01,1,193.990662,False
20.67,8,193.997926,True
19.97,3,194.000932,True
-12.02,2,194.002933,False
21.36,14,194.01498,True
-11.54,4,194.017975,False
-12.02,2,194.020498,False
21.07,18,194.035586,True
20.17,8,194.042097,True
-12.04,4,194.046685,False
-12.01,1,194.047683,False
-12.03,3,194.0502,False
-11.8,5,194.054199,False
-11.31,6,194.060709,False
21.39,10,194.069221,True
