#{"t_start": 1791198107.0296054, "env_id": "None"}
r,l,t,is_success
-11.82,12,1.091562,False
-12.33,8,1.099093,False
-12.27,6,1.104788,False
-12.35,10,1.112803,False
-12.19,4,1.115803,False
-12.19,14,1.128678,False
-12.11,11,1.136686,False
-12.36,11,1.146198,False
-12.48,13,1.15871,False
-11.97,7,1.164222,False
-12.08,3,1.166257,False
-11.76,10,1.174401,False
-12.21,5,1.177913,False
-11.91,6,1.183378,False
-12.19,4,1.186385,False
-12.07,2,1.188385,False
-11.89,13,1.198007,False
-12.29,8,1.204519,False
-12.37,9,1.212024,False
-12.27,7,1.217035,False
-12.28,8,1.223566,False
-12.3,10,1.231564,False
-12.24,9,1.23809,False
-12.04,9,1.24561,False
-12.31,10,1.252608,False
-12.3,9,1.259718,False
-12.05,10,1.266743,False
-12.57,15,1.278838,False
-12.23,8,1.28518,False
-11.47,17,1.299152,False
-12.16,6,1.304054,False
-12.16,6,1.308682,False
-12.21,6,1.313677,False
-12.22,16,1.326717,False
-12.4,13,1.335723,False
-12.08,3,1.339232,False
-12.01,9,1.346671,False
-12.33,13,1.357927,False
-12.1,4,1.360943,False
-12.36,16,1.374888,False
-12.13,3,1.376887,False
-12.07,20,1.392373,False
-12.11,5,1.397374,False
-12.16,6,1.401887,False
-12.27,7,1.407647,False
-12.22,16,1.421195,False
-12.13,3,1.422747,False
-12.48,14,1.434294,False
-12.13,3,1.436817,False
-12.1,14,1.448777,False
-11.84,4,1.451777,False
-12.23,16,1.464631,False
-12.06,10,1.473012,False
-11.85,5,1.477011,False
-12.01,10,1.484697,False
-12.15,4,1.488229,False
-12.0,10,1.496635,False
-11.75,10,1.505155,False
-11.67,7,1.510952,False
-12.29,8,1.516953,False
-11.99,9,1.524053,False
-12.06,11,1.532725,False
-12.31,10,1.541604,False
-12.07,11,1.549603,False
-12.06,11,1.558782,False
-12.15,4,1.561986,False
-11.9,5,1.564984,False
-12.27,7,1.570889,False
-11.98,8,1.577338,False
-12.22,7,1.582859,False
-12.03,8,1.589184,False
-12.28,8,1.594731,False
-11.85,5,1.598731,False
-12.15,5,1.603261,False
-11.88,8,1.609503,False
-12.17,6,1.614598,False
-12.06,11,1.622945,False
-12.25,10,1.630966,False
-12.51,13,1.640795,False
-11.79,4,1.644313,False
-12.13,3,1.646316,False
-12.35,9,1.652315,False
-11.99,8,1.659321,False
-11.83,3,1.662314,False
-12.08,13,1.672337,False
-12.19,4,1.675396,False
-11.99,8,1.682401,False
-12.26,10,1.690869,False
-11.85,5,1.694876,False
-12.41,11,1.703393,False
-12.42,11,1.712335,False
-12.05,9,1.718373,False
-12.27,7,1.724381,False
-12.14,4,1.727387,False
-12.45,14,1.73791,False
-12.16,6,1.743544,False
-12.32,12,1.752342,False
-12.19,12,1.761208,False
-12.11,11,1.771259,False
-12.13,3,1.772589,False
-12.23,7,1.777613,False
-12.0,9,1.784654,False
-12.42,11,1.792495,False
-12.03,3,1.794496,False
-12.36,10,1.802009,False
-12.16,5,1.806427,False
-12.23,8,1.811939,False
-12.03,3,1.813944,False
-12.07,2,1.816518,False
-12.42,12,1.826542,False
-12.08,3,1.828538,False
-11.81,11,1.838141,False
-12.29,8,1.843581,False
-12.03,3,1.846257,False
-12.12,11,1.8547,False
-11.33,12,1.863647,False
-12.14,4,1.867175,False
-11.08,12,1.877091,False
-12.28,8,1.883614,False
-12.28,7,1.889151,False
-11.85,5,1.892738,False
-12.21,6,1.898257,False
-12.41,10,2.270224,False
-12.05,9,2.279188,False
-11.81,11,2.291255,False
-12.11,10,2.30176,False
-12.23,8,2.310765,False
-12.15,4,2.314264,False
-12.21,6,2.319263,False
-11.77,11,2.330441,False
-12.09,4,2.334951,False
-11.97,7,2.341499,False
-11.92,7,2.348008,False
-12.43,11,2.360012,False
-11.7,19,2.381716,False
-12.27,7,2.388726,False
-12.1,4,2.393289,False
-12.29,8,2.402022,False
-11.98,8,2.413038,False
-12.15,5,2.419544,False
-12.0,10,2.430493,False
-12.29,8,2.439001,False
-12.3,10,2.449192,False
-11.98,8,2.457715,False
-12.09,12,2.469741,False
-11.16,16,2.484157,False
-11.99,8,2.490491,False
-12.36,10,2.498505,False
-12.41,14,2.508469,False
-11.97,7,2.514841,False
-12.05,9,2.520839,False
-11.99,9,2.527821,False
-11.89,13,2.537886,False
-12.21,6,2.542726,False
-12.13,3,2.545733,False
-12.29,9,2.551734,False
-12.13,3,2.554239,False
-12.34,9,2.561488,False
-11.9,13,2.571526,False
-12.3,9,2.579397,False
-12.23,7,2.584389,False
-12.08,12,2.593398,False
-12.19,4,2.596398,False
-12.15,5,2.599916,False
-12.14,4,2.603916,False
-12.12,11,2.612751,False
-12.11,11,2.621196,False
-11.62,7,2.626243,False
-11.67,7,2.63176,False
-11.97,7,2.637471,False
-12.28,8,2.643298,False
-11.69,8,2.649298,False
-12.11,6,2.654818,False
-12.15,5,2.658287,False
-12.37,12,2.667807,False
-12.25,10,2.675325,False
-12.13,3,2.677325,False
-12.31,11,2.685853,False
-12.13,12,2.694328,False
-11.95,9,2.701337,False
-11.97,7,2.707305,False
-11.24,19,2.720828,False
-11.86,6,2.725764,False
-12.14,4,2.728771,False
-12.21,6,2.734771,False
-12.33,11,2.74269,False
-12.28,8,2.749243,False
-12.15,5,2.753243,False
-12.21,6,2.757543,False
-12.08,12,2.766558,False
-11.69,8,2.773005,False
-11.92,7,2.778529,False
-12.1,5,2.782541,False
-12.15,5,2.786541,False
-12.42,11,2.794314,False
-12.06,11,2.802841,False
-12.15,5,2.806209,False
-11.98,8,2.812752,False
-12.25,14,2.822275,False
-12.22,7,2.828489,False
-12.14,4,2.831,False
-12.31,10,2.838015,False
-12.17,7,2.843983,False
-12.13,12,2.853035,False
-12.23,8,2.860013,False
-12.35,9,2.86733,False
-12.41,11,2.875898,False
-12.21,6,2.880897,False
-12.11,6,2.884414,False
-12.17,7,2.890747,False
-11.85,5,2.894265,False
-12.04,8,2.900793,False
-11.46,21,2.916172,False
-12.07,11,2.925164,False
-11.95,13,2.934172,False
-12.28,8,2.940937,False
-12.08,3,2.942936,False
-11.9,5,2.946455,False
-12.53,17,2.9597,False
-12.03,8,2.9657,False
-12.07,2,2.967211,False
-12.3,9,2.974437,False
-12.05,9,2.980956,False
-11.97,7,2.986961,False
-12.27,7,2.991755,False
-12.36,11,3.000281,False
-11.93,8,3.006273,False
-12.11,10,3.014029,False
-11.8,5,3.018023,False
-12.37,11,3.026822,False
-12.2,5,3.031347,False
-11.06,14,3.042155,False
-12.2,5,3.046151,False
-12.11,5,3.049151,False
-11.31,20,3.065478,False
-12.27,7,3.070478,False
-12.12,11,3.078795,False
-12.14,4,3.082312,False
-12.23,8,3.088213,False
-12.07,2,3.089546,False
-11.9,5,3.094094,False
-12.09,4,3.097094,False
-11.91,6,3.101647,False
-12.37,12,3.110758,False
-12.4,18,3.500981,False
-11.85,5,3.506414,False
-11.91,15,3.52281,False
-12.06,10,3.532328,False
-12.22,7,3.538331,False
-11.97,7,3.545293,False
-11.85,5,3.5508,False
-12.16,5,3.556306,False
-12.37,10,3.565633,False
-11.97,7,3.572504,False
-12.15,14,3.586515,False
-12.28,8,3.593341,False
-12.44,13,3.604353,False
-12.29,9,3.612912,False
-12.04,8,3.620417,False
-11.98,8,3.62878,False
-12.13,11,3.639237,False
-12.06,10,3.648755,False
-12.43,12,3.660259,False
-11.99,9,3.669765,False
-12.28,8,3.678776,False
-12.0,9,3.688296,False
-11.98,8,3.694311,False
-11.83,13,3.705833,False
-12.19,4,3.70996,False
-12.15,5,3.713949,False
-12.14,4,3.716956,False
-12.27,7,3.722124,False
-11.81,10,3.730649,False
-12.21,5,3.734643,False
-12.2,5,3.738649,False
-12.21,6,3.744693,False
-12.11,6,3.74909,False
-12.05,10,3.758611,False
-12.23,7,3.764123,False
-12.15,4,3.767123,False
-12.01,10,3.77623,False
-11.87,7,3.782231,False
-11.93,7,3.788826,False
-12.29,8,3.796276,False
-12.44,13,3.807323,False
-12.06,9,3.815323,False
-12.21,5,3.819846,False
-12.3,10,3.829066,False
-11.87,7,3.835068,False
-12.04,4,3.838584,False
-12.13,3,3.841584,False
-11.73,8,3.848134,False
-12.5,15,3.861662,False
-12.12,11,3.870192,False
-12.43,11,3.878718,False
-12.24,8,3.885237,False
-12.06,9,3.891748,False
-11.84,12,3.901769,False
-12.03,3,3.904852,False
-12.04,8,3.910445,False
-12.43,12,3.919968,False
-12.07,10,3.927982,False
-12.15,5,3.931503,False
-12.14,12,3.941007,False
-11.82,18,3.954101,False
-12.16,5,3.958101,False
-12.3,10,3.965628,False
-12.17,10,3.973766,False
-11.85,5,3.977561,False
-12.14,4,3.980568,False
-12.43,11,3.988623,False
-12.31,21,4.004147,False
-12.15,5,4.007354,False
-11.89,4,4.010353,False
-11.5,19,4.024873,False
-12.06,9,4.03141,False
-12.49,14,4.041937,False
-12.07,11,4.05046,False
-12.17,6,4.054453,False
-12.19,4,4.058618,False
-12.6,19,4.073134,False
-12.04,8,4.079215,False
-12.23,17,4.093035,False
-12.13,3,4.095563,False
-12.05,10,4.103083,False
-11.96,10,4.110615,False
-11.95,9,4.117608,False
-11.92,6,4.122139,False
-12.25,8,4.128139,False
19.71,9,4.135763,True
-11.79,22,4.152444,False
-12.36,11,4.160964,False
-12.15,5,4.164963,False
-12.21,15,4.176979,False
-12.21,6,4.18203,False
-12.15,4,4.18503,False
-12.08,3,4.187034,False
-11.86,6,4.192095,False
-12.14,4,4.195115,False
-12.36,21,4.211093,False
-12.01,10,4.218654,False
-12.27,7,4.224474,False
21.27,13,4.234978,True
-12.27,7,4.24027,False
-12.12,10,4.247789,False
-11.99,9,4.254789,False
-11.93,8,4.261104,False
-12.09,4,4.264104,False
-11.89,4,4.266629,False
-12.15,5,4.270628,False
-12.04,9,4.278062,False
-12.2,5,4.282069,False
-12.28,15,4.293839,False
-12.35,10,4.301528,False
-11.83,3,4.303411,False
-12.11,10,4.310805,False
-12.19,4,4.314814,False
-12.0,9,4.321049,False
-12.12,11,4.330035,False
-11.81,15,4.703285,False
-12.35,9,4.710726,False
-11.99,9,4.720231,False
-12.18,12,4.733152,False
-11.96,6,4.737654,False
-12.14,4,4.741012,False
-12.07,12,4.753329,False
-12.15,5,4.759345,False
-11.86,5,4.764337,False
-12.57,15,4.778269,False
-12.31,10,4.788773,False
-12.22,7,4.79484,False
-12.27,6,4.800346,False
-11.9,5,4.804868,False
-12.06,11,4.813996,False
-12.21,6,4.818996,False
-12.33,8,4.828014,False
-12.15,4,4.831517,False
-12.19,4,4.83552,False
-12.22,7,4.841705,False
-12.08,3,4.844707,False
-12.32,17,4.860784,False
-12.45,13,4.874136,False
-12.17,6,4.878136,False
-12.12,11,4.890574,False
-11.93,6,4.896607,False
-12.08,3,4.899607,False
-12.0,10,4.908503,False
-12.15,4,4.912502,False
-12.17,11,4.92243,False
-11.77,11,4.931008,False
-11.91,6,4.935529,False
-12.27,7,4.940844,False
-12.16,6,4.946363,False
-12.28,8,4.952367,False
-11.0,9,4.959251,False
-12.19,4,4.962251,False
-12.23,8,4.967772,False
-11.93,8,4.974196,False
-12.04,4,4.977702,False
-12.43,13,4.987739,False
-12.27,7,4.993024,False
-11.9,15,5.00455,False
-12.12,12,5.013818,False
-12.27,7,5.019354,False
-11.99,8,5.024588,False
-12.21,5,5.029112,False
-11.96,6,5.034131,False
-12.37,11,5.041941,False
-11.9,5,5.045949,False
-12.14,4,5.048949,False
-11.85,5,5.052474,False
-11.91,6,5.057901,False
-12.05,9,5.064435,False
-12.27,7,5.069436,False
-11.91,14,5.081374,False
-12.13,3,5.083389,False
-11.94,9,5.090661,False
-12.15,4,5.094197,False
-11.97,7,5.099723,False
-12.18,13,5.109775,False
-12.55,13,5.119302,False
-11.93,7,5.125314,False
-12.45,14,5.135834,False
-12.14,4,5.139135,False
-12.04,8,5.145668,False
-11.92,7,5.151289,False
-11.16,14,5.162661,False
-12.21,6,5.167177,False
-12.1,5,5.17117,False
-11.27,11,5.179086,False
-11.93,7,5.185613,False
-12.28,8,5.191005,False
-11.98,8,5.197534,False
-12.16,15,5.208791,False
-12.26,6,5.213796,False
-12.26,15,5.22561,False
-12.19,8,5.232223,False
-12.11,11,5.239584,False
-12.08,3,5.2416,False
-12.47,15,5.254135,False
-12.04,9,5.260865,False
-12.09,4,5.263872,False
-12.51,15,5.276307,False
-11.99,8,5.28283,False
-12.0,19,5.296635,False
-12.06,10,5.306704,False
-12.15,5,5.310698,False
-11.9,14,5.322222,False
-12.16,6,5.327353,False
-12.69,18,5.342243,False
-11.68,7,5.347773,False
-12.18,11,5.357041,False
-12.08,8,5.362699,False
-11.92,6,5.368244,False
-12.41,11,5.376052,False
-11.91,14,5.388116,False
-12.14,14,5.398443,False
-12.09,4,5.401441,False
-12.1,5,5.405754,False
-12.14,4,5.408298,False
-12.18,8,5.415297,False
-12.19,13,5.424829,False
-12.0,10,5.432552,False
-11.89,70,5.484787,False
-12.35,10,5.492608,False
-12.27,6,5.496614,False
-12.1,5,5.501117,False
-12.17,7,5.50605,False
-11.27,11,5.515596,False
-12.19,4,5.518598,False
-12.29,9,5.525981,False
-11.88,13,5.535505,False
-11.82,12,5.918228,False
-12.1,5,5.923384,False
-12.12,11,5.933913,False
-12.14,4,5.936914,False
-12.13,3,5.940521,False
-12.43,12,5.95303,False
-12.0,10,5.963624,False
-11.99,8,5.970623,False
-12.21,6,5.975693,False
-12.14,14,5.991119,False
-12.09,4,5.995626,False
-12.09,13,6.009651,False
-11.97,7,6.016156,False
-12.21,6,6.02251,False
-12.12,10,6.031529,False
-12.04,4,6.035034,False
-12.44,14,6.050548,False
-11.97,7,6.05753,False
-12.04,9,6.067035,False
-11.61,5,6.072406,False
-11.84,4,6.076923,False
-11.85,5,6.081922,False
-12.34,9,6.091319,False
-12.14,4,6.094319,False
-11.86,6,6.099824,False
-12.05,10,6.10867,False
-12.02,2,6.109673,False
-11.8,10,6.119729,False
-12.19,13,6.130613,False
-12.14,13,6.141961,False
-12.44,13,6.153484,False
-12.33,8,6.160438,False
-11.87,14,6.171209,False
-12.03,8,6.177699,False
-12.27,14,6.18774,False
-11.98,7,6.193762,False
-12.12,10,6.201272,False
-12.57,14,6.211836,False
-11.74,9,6.217833,False
-12.28,8,6.224659,False
-11.89,9,6.230665,False
-12.32,16,6.24425,False
-12.06,19,6.258823,False
-12.17,7,6.264341,False
-12.28,15,6.275031,False
-11.92,7,6.281729,False
-12.12,11,6.289925,False
-12.36,10,6.297581,False
-12.0,10,6.306839,False
-12.49,14,6.318464,False
-12.13,11,6.32704,False
-12.11,11,6.335479,False
-12.07,2,6.337479,False
-12.28,8,6.343355,False
-12.2,13,6.353666,False
-12.17,12,6.363774,False
-12.21,6,6.369292,False
-11.83,3,6.371296,False
-12.04,4,6.374719,False
-12.05,10,6.382247,False
-12.13,11,6.391582,False
-12.34,9,6.398577,False
-12.46,14,6.409027,False
-12.27,7,6.415555,False
-11.93,7,6.421072,False
-12.3,18,6.435939,False
-12.17,7,6.441891,False
-11.89,4,6.44591,False
-12.29,9,6.452825,False
-12.42,10,6.460792,False
-12.1,5,6.464319,False
-12.31,11,6.473831,False
-12.06,11,6.481838,False
-11.89,13,6.492525,False
-12.21,6,6.49824,False
-12.19,12,6.508119,False
-12.48,13,6.51818,False
-12.02,2,6.520187,False
-12.15,5,6.523496,False
-12.19,4,6.527013,False
-12.27,7,6.532019,False
-12.08,3,6.535014,False
-12.48,12,6.544979,False
-12.27,7,6.550191,False
-11.7,9,6.55771,False
-12.08,12,6.567231,False
-12.13,3,6.570247,False
-11.67,7,6.575078,False
-11.78,12,6.585154,False
-12.5,14,6.59601,False
-12.14,12,6.606895,False
-12.13,3,6.608408,False
-12.21,14,6.619955,False
-12.21,6,6.624266,False
-12.13,12,6.633804,False
-12.19,4,6.637803,False
-11.83,12,6.64668,False
-12.21,6,6.6512,False
-11.84,4,6.654206,False
-12.28,8,6.661012,False
-12.23,8,6.668015,False
-12.21,6,6.672868,False
-11.93,7,6.677869,False
-12.08,12,7.558326,False
-12.27,7,7.563852,False
-11.91,6,7.569851,False
-11.83,3,7.572233,False
-12.3,9,7.5788,False
-12.1,10,7.587327,False
-12.35,10,7.594852,False
-12.26,6,7.599851,False
-12.2,5,7.603885,False
-12.15,5,7.60789,False
-12.13,3,7.609885,False
-12.16,6,7.614416,False
-12.3,10,7.622856,False
-11.77,2,7.623879,False
-11.86,16,7.637385,False
-12.35,8,7.644213,False
-12.02,2,7.646199,False
-12.05,10,8.04007,False
-12.23,8,8.047083,False
-12.37,10,8.058031,False
-12.05,10,8.068536,False
-12.04,9,8.078435,False
-12.48,13,8.091844,False
-12.08,11,8.102349,False
20.14,6,8.108795,True
-12.29,9,8.1173,False
-11.91,14,8.130913,False
-11.9,5,8.136418,False
-11.9,5,8.142005,False
-11.75,9,8.151511,False
-11.99,8,8.158548,False
-11.89,4,8.162548,False
-12.16,6,8.169052,False
-12.36,11,8.181017,False
-12.21,6,8.186551,False
-12.0,18,8.20642,False
-11.06,9,8.215427,False
-12.13,3,8.218932,False
-12.27,7,8.226403,False
-12.15,5,8.230908,False
-12.23,7,8.235918,False
-12.24,7,8.242377,False
-11.87,7,8.248377,False
-12.77,20,8.265941,False
-11.9,5,8.270028,False
-12.27,16,8.284487,False
-11.9,5,8.28882,False
-12.05,8,8.294896,False
-12.14,4,8.297896,False
-11.82,11,8.306943,False
-12.1,14,8.317983,False
-12.12,12,8.327338,False
-12.1,14,8.339172,False
-12.01,10,8.346719,False
-12.36,10,8.355275,False
-12.64,18,8.368754,False
-11.97,7,8.374979,False
-11.98,8,8.380973,False
-11.97,7,8.386482,False
-12.0,10,8.399872,False
-12.23,7,8.407914,False
-11.58,18,8.42525,False
-12.03,7,8.433022,False
-11.75,9,8.440082,False
-11.93,7,8.445081,False
-10.44,12,8.454965,False
-11.89,12,8.463959,False
-12.25,14,8.474894,False
-12.16,15,8.486428,False
-11.66,6,8.491732,False
-12.15,5,8.495258,False
-11.89,13,8.506791,False
-12.21,5,8.510779,False
-12.15,14,8.521305,False
-12.02,2,8.523291,False
-12.05,9,8.529288,False
-12.42,12,8.538817,False
-12.21,14,8.549587,False
-12.27,11,8.558383,False
-11.85,5,8.562891,False
-11.93,8,8.569906,False
-11.9,14,8.580287,False
-12.43,11,8.588813,False
-11.9,5,8.593086,False
-12.16,6,8.597598,False
-12.07,2,8.599598,False
-12.05,10,8.606947,False
-11.89,13,8.617449,False
-12.02,2,8.618955,False
-12.05,9,8.625766,False
-12.39,12,8.636125,False
-12.13,3,8.637812,False
-12.06,10,8.646253,False
-11.67,6,8.650267,False
-12.06,6,8.655591,False
-11.73,8,8.661636,False
-11.93,8,8.668162,False
-12.11,11,8.676688,False
-12.32,14,8.687219,False
-12.29,8,8.693121,False
-11.99,17,8.70664,False
-12.43,11,8.714692,False
-11.9,14,8.725472,False
-12.28,8,8.730999,False
-12.15,14,8.742729,False
-12.23,8,8.74724,False
-11.8,18,8.762545,False
-11.9,5,8.766065,False
-12.27,7,8.772376,False
-12.06,10,8.779918,False
-12.15,5,8.783431,False
-11.28,17,8.796747,False
-12.13,3,8.798748,False
-12.04,9,8.806551,False
-11.85,5,8.810565,False
-12.22,6,8.815086,False
-12.17,6,8.82009,False
-11.73,8,8.825855,False
-11.68,8,8.831854,False
-12.2,5,8.835371,False
-12.56,15,8.847825,False
-12.21,5,8.85133,False
-12.07,12,8.862312,False
-12.13,3,8.864311,False
-12.47,14,8.875406,False
-11.94,8,8.881918,False
-12.19,4,8.884928,False
-12.06,10,8.892924,False
-12.02,11,8.902064,False
-12.28,8,9.287828,False
-11.6,5,9.292827,False
-12.0,10,9.303623,False
-12.41,10,9.313134,False
-12.19,12,9.326146,False
-11.99,18,9.348156,False
-12.24,16,9.364167,False
-12.13,3,9.366167,False
-12.05,10,9.375672,False
-12.38,12,9.389178,False
-12.21,6,9.394683,False
-11.93,7,9.40069,False
-11.37,12,9.412198,False
-11.87,11,9.424206,False
-12.06,11,9.434711,False
-12.14,4,9.439711,False
-12.08,3,9.443213,False
-12.24,9,9.452219,False
-12.09,4,9.456731,False
-11.97,7,9.46425,False
-12.03,3,9.467247,False
-12.11,10,9.477751,False
-12.23,7,9.485269,False
-11.98,8,9.492273,False
-11.91,6,9.496796,False
-12.06,10,9.505834,False
-12.2,12,9.515368,False
-11.13,13,9.525885,False
-12.06,11,9.534403,False
-11.61,6,9.538937,False
-11.76,10,9.54693,False
-12.02,11,9.555954,False
-11.99,9,9.562483,False
-12.2,5,9.566474,False
-11.92,6,9.572011,False
-11.78,12,9.58005,False
-12.24,8,9.586054,False
-11.97,6,9.590578,False
-11.97,7,9.59658,False
-12.17,7,9.601627,False
-11.97,7,9.606618,False
-11.81,5,9.611134,False
-11.8,4,9.614145,False
-12.34,16,9.625689,False
-11.78,3,9.627689,False
-11.04,18,9.641216,False
-12.13,12,9.650745,False
-12.18,12,9.660622,False
-12.15,5,9.665133,False
-11.86,6,9.670208,False
-12.15,15,9.681487,False
-12.42,12,9.690266,False
-12.14,4,9.693261,False
-12.23,8,9.699303,False
-11.93,8,9.706284,False
-12.14,14,9.716876,False
-11.84,12,9.725796,False
-12.04,4,9.728321,False
-12.06,9,9.736321,False
-12.07,11,9.744406,False
-11.91,6,9.749434,False
-12.23,6,9.753732,False
-12.12,10,9.760803,False
-12.12,11,9.770315,False
-11.93,7,9.774793,False
-12.43,13,9.785322,False
-11.88,13,9.795088,False
-12.19,13,9.805149,False
-11.75,10,9.812911,False
-12.2,5,9.816916,False
-12.28,8,9.823707,False
-12.62,17,9.836231,False
-12.14,12,9.846186,False
-12.09,4,9.849185,False
-12.25,9,9.855424,False
-12.03,8,9.862951,False
-12.29,7,9.867951,False
-12.11,11,9.876943,False
-12.18,8,9.88345,False
-11.88,7,9.888926,False
-12.19,4,9.892458,False
-12.05,9,9.898473,False
-12.04,9,9.904521,False
-11.91,6,9.909941,False
-12.49,12,9.919009,False
-11.91,6,9.924008,False
-12.11,14,9.933022,False
-12.05,9,9.941024,False
-12.19,14,9.952483,False
-11.86,5,9.955813,False
-12.05,10,9.963763,False
-12.17,12,9.972727,False
-12.11,9,9.979272,False
-12.02,15,9.991194,False
-11.91,6,9.996195,False
-12.2,5,10.000223,False
-12.19,13,10.009078,False
-11.85,5,10.013077,False
-12.14,12,10.022882,False
-11.69,8,10.028922,False
-12.0,8,10.034938,False
-11.89,12,10.044751,False
-11.99,8,10.051272,False
-12.42,11,10.05863,False
-12.27,14,10.071143,False
-12.31,9,10.080654,False
-12.09,12,10.093873,False
-11.97,7,10.101932,False
-11.72,16,10.118696,False
-12.19,12,10.132002,False
-11.89,12,10.143806,False
-11.25,19,10.546255,False
-12.02,16,10.562825,False
-11.99,8,10.572253,False
-11.83,3,10.575268,False
-11.17,16,10.591792,False
-12.09,4,10.595297,False
-12.17,7,10.601297,False
-12.08,12,10.614065,False
-11.67,6,10.620064,False
-12.09,4,10.623579,False
-12.23,7,10.631582,False
-11.92,16,10.649028,False
-12.02,15,10.662906,False
-12.05,17,10.680388,False
-11.83,3,10.682388,False
-12.3,9,10.690349,False
-12.24,21,10.710415,False
-12.46,13,10.723467,False
-11.9,5,10.727465,False
-12.33,11,10.738978,False
-12.1,5,10.743318,False
-12.36,10,10.750848,False
-12.34,9,10.759921,False
-12.29,7,10.76563,False
-12.13,3,10.76863,False
-12.01,11,10.778522,False
-12.12,10,10.787047,False
-11.69,9,10.795063,False
-11.9,5,10.798066,False
-11.99,8,10.804136,False
-12.17,6,10.809665,False
-12.16,6,10.81419,False
-11.96,14,10.824618,False
-12.27,16,10.836144,False
-12.31,14,10.846919,False
-12.3,10,10.855436,False
-11.97,7,10.859976,False
-12.36,10,10.867505,False
-11.89,4,10.870502,False
-11.68,7,10.875462,False
-12.07,18,10.889313,False
-12.22,6,10.893799,False
-11.99,9,10.901307,False
-11.76,10,10.908681,False
-12.35,9,10.915212,False
-12.18,7,10.921728,False
-12.15,5,10.925011,False
-12.05,19,10.939904,False
-11.88,12,10.949419,False
-11.83,3,10.951412,False
-12.03,8,10.957662,False
-12.13,3,10.960188,False
-12.28,8,10.967183,False
-11.98,7,10.971722,False
-12.13,3,10.975001,False
-12.13,3,10.977,False
-11.9,5,10.981527,False
-12.09,12,10.991505,False
-12.41,10,10.999501,False
-11.96,14,11.011103,False
-11.88,11,11.02011,False
-12.15,13,11.029948,False
-11.99,8,11.036474,False
-11.95,14,11.047246,False
-11.87,17,11.061002,False
-12.01,10,11.069515,False
-12.04,11,11.078781,False
-11.61,6,11.083294,False
-12.03,8,11.089786,False
-12.12,11,11.098551,False
-12.13,3,11.100549,False
-12.17,6,11.105846,False
-12.2,8,11.111868,False
-12.04,9,11.119387,False
-12.53,15,11.130379,False
-12.63,16,11.143354,False
-11.68,8,11.149569,False
-12.21,6,11.154579,False
-11.82,10,11.161474,False
-11.99,9,11.169994,False
-11.74,9,11.177307,False
-12.14,4,11.179831,False
-11.91,6,11.184824,False
-12.23,7,11.189655,False
-12.41,11,11.199183,False
-11.91,6,11.2037,False
-11.83,12,11.212525,False
-12.07,10,11.220061,False
-12.45,14,11.230608,False
-12.2,14,11.242098,False
-12.28,16,11.254625,False
-11.87,6,11.259044,False
-12.27,7,11.265561,False
-12.14,4,11.268554,False
-12.24,9,11.274609,False
-11.97,6,11.278609,False
-11.99,8,11.284645,False
-11.32,6,11.289077,False
-11.73,8,11.294624,False
-12.07,2,11.296623,False
-12.04,16,11.308388,False
-11.55,5,11.312393,False
-12.02,16,11.324418,False
-11.92,7,11.329433,False
-11.79,3,11.332433,False
-12.1,14,11.342455,False
-11.92,11,11.350844,False
-12.15,5,11.355834,False
-12.05,9,11.36228,False
-12.42,11,11.37081,False
-12.08,12,11.379761,False
-11.93,7,11.763926,False
-12.12,11,11.774328,False
-12.27,6,11.778833,False
-12.11,10,11.789739,False
-12.33,18,11.808248,False
-12.43,11,11.819754,False
-11.96,6,11.826805,False
-12.12,12,11.838312,False
-11.99,9,11.845894,False
-12.22,15,11.862958,False
-11.98,7,11.869969,False
-12.18,7,11.877169,False
-12.06,9,11.886675,False
-11.81,10,11.896676,False
-12.06,11,11.906095,False
-11.05,14,11.919108,False
-12.04,9,11.926234,False
-11.96,9,11.933739,False
-12.35,9,11.942684,False
-11.99,9,11.95418,False
-11.88,13,11.966386,False
-12.28,8,11.973239,False
-11.94,9,11.981253,False
-12.28,8,11.986778,False
-11.78,13,11.996547,False
-11.41,10,12.005394,False
-12.05,8,12.011434,False
-12.14,12,12.02096,False
-12.16,6,12.025755,False
-12.19,12,12.034762,False
-11.95,14,12.044547,False
-11.88,12,12.054075,False
-11.83,3,12.056832,False
-10.79,13,12.067369,False
-12.18,12,12.076523,False
-12.47,11,12.085043,False
-11.74,9,12.091784,False
-11.91,6,12.095784,False
-12.13,12,12.105311,False
-12.27,7,12.111604,False
-12.53,24,12.129925,False
-12.35,9,12.136929,False
-11.91,6,12.141181,False
-12.23,7,12.146176,False
-12.22,6,12.151699,False
-12.17,11,12.160144,False
-12.21,10,12.167661,False
-12.09,12,12.177568,False
-11.76,9,12.184094,False
-11.83,3,12.187094,False
-12.35,10,12.199481,False
-12.14,4,12.208502,False
-12.12,12,12.223009,False
-12.18,12,12.233696,False
-12.22,16,12.249401,False
-11.88,13,12.262506,False
-12.17,5,12.275022,False
-11.82,12,12.290778,False
-12.26,16,12.306257,False
-11.99,7,12.312777,False
-12.25,14,12.325394,False
-11.97,14,12.336922,False
-10.69,9,12.344448,False
-11.6,5,12.349447,False
-11.76,10,12.357969,False
-11.92,6,12.3635,False
-12.13,11,12.373034,False
-11.84,4,12.377031,False
-12.2,14,12.387549,False
-12.21,15,12.399078,False
-12.5,15,12.412125,False
20.23,11,12.421654,True
-12.23,16,12.432697,False
-12.08,11,12.442221,False
-11.97,14,12.456254,False
-11.91,6,12.460247,False
-11.83,3,12.463246,False
-12.49,13,12.47377,False
-11.75,9,12.480789,False
-11.75,10,12.490312,False
-11.95,15,12.502844,False
-11.87,11,12.51237,False
-12.06,11,12.522881,False
-12.07,11,12.531927,False
-12.18,13,12.542463,False
-12.18,11,12.551513,False
-11.68,8,12.55752,False
-11.89,13,12.568048,False
-11.83,12,12.57828,False
-11.9,5,12.581805,False
-12.36,11,12.58982,False
-12.3,9,12.597347,False
-12.03,8,12.603879,False
-12.45,13,12.614649,False
-11.7,8,12.620929,False
-12.12,11,12.629436,False
-11.83,11,12.638454,False
-12.16,5,12.642454,False
-12.42,10,12.649968,False
-12.15,14,12.661715,False
-12.47,12,13.083672,False
-12.04,9,13.092178,False
-12.25,15,13.104682,False
-12.08,3,13.108187,False
-12.37,11,13.119198,False
-12.03,16,13.136206,False
-12.07,11,13.149216,False
-12.47,16,13.175226,False
-11.9,5,13.179729,False
-11.61,6,13.184732,False
-12.3,10,13.195236,False
-12.14,4,13.199236,False
-11.91,15,13.214749,False
-11.9,5,13.218749,False
-12.12,11,13.229256,False
-12.13,3,13.230758,False
-12.11,9,13.239263,False
-12.06,11,13.248769,False
-12.42,11,13.260369,False
-11.63,7,13.268409,False
-11.97,14,13.281853,False
-11.98,8,13.28962,False
-12.19,14,13.303099,False
-11.84,13,13.314769,False
-11.97,6,13.320292,False
-12.21,5,13.32371,False
-11.76,11,13.334535,False
-11.12,12,13.345203,False
-12.07,10,13.353255,False
-11.97,7,13.359096,False
-12.25,13,13.368605,False
-11.61,6,13.373934,False
-12.28,17,13.387461,False
-11.92,6,13.391892,False
-12.0,18,13.405845,False
-12.18,11,13.414374,False
-12.21,14,13.426014,False
-12.01,10,13.434033,False
-12.34,15,13.445973,False
-12.12,11,13.454888,False
-12.15,4,13.457917,False
-11.89,4,13.460909,False
-11.98,8,13.467434,False
-11.57,12,13.476969,False
-11.72,15,13.488496,False
-11.63,8,13.495306,False
-12.2,13,13.505147,False
-12.28,8,13.512167,False
-11.92,7,13.517687,False
-11.63,8,13.523337,False
-12.02,2,13.525336,False
-12.37,10,13.532064,False
-11.45,9,13.539084,False
-11.75,9,13.545102,False
-12.16,5,13.549625,False
-12.41,19,13.564888,False
-11.68,7,13.56941,False
-12.03,8,13.575092,False
-12.13,11,13.583616,False
-12.01,10,13.590582,False
-11.84,4,13.594575,False
-11.96,15,13.605492,False
-12.13,12,13.615035,False
-11.93,6,13.618547,False
-12.5,12,13.628558,False
-12.11,9,13.635576,False
-11.84,13,13.645588,False
-11.83,12,13.653903,False
-11.98,8,13.660642,False
-11.83,11,13.668656,False
-11.98,7,13.67337,False
-11.86,6,13.678376,False
-11.97,6,13.681889,False
-11.91,6,13.686903,False
-11.87,7,13.69281,False
-11.98,7,13.697814,False
-11.75,9,13.704334,False
-12.58,16,13.715657,False
-12.01,11,13.72434,False
-11.84,12,13.733862,False
-12.11,10,13.741585,False
-12.32,16,14.846804,False
-11.92,7,14.853314,False
-11.76,9,14.861297,False
-11.68,8,14.866498,False
-12.04,16,14.878556,False
-11.88,12,14.888077,False
-11.99,17,14.901603,False
-11.77,10,14.908393,False
-11.91,6,14.913915,False
-12.12,11,14.921436,False
-11.91,14,14.933194,False
-11.98,7,14.938236,False
-11.83,11,14.946756,False
-11.98,7,14.951761,False
-12.07,11,14.960544,False
-12.18,11,14.969069,False
-11.14,22,14.986543,False
-12.36,10,14.994287,False
-12.26,16,15.005814,False
-11.97,6,15.010546,False
-11.95,10,15.019054,False
-11.2,15,15.419815,False
-12.36,19,15.440013,False
-12.05,19,15.460022,False
-12.19,17,15.475531,False
-12.14,12,15.486044,False
-11.96,6,15.491982,False
-12.12,11,15.501487,False
-12.07,11,15.513555,False
-12.16,6,15.520056,False
-11.89,4,15.523978,False
-11.74,8,15.532484,False
-12.35,10,15.541982,False
-11.91,16,15.55833,False
-11.22,15,15.575146,False
-11.89,13,15.589172,False
-12.15,14,15.603196,False
-12.27,14,15.616334,False
-11.83,3,15.619331,False
-11.82,10,15.628198,False
-12.13,12,15.638796,False
-11.97,6,15.643047,False
-11.91,5,15.647558,False
-11.97,7,15.652558,False
-11.35,19,15.667578,False
-12.4,17,15.681571,False
-12.13,12,15.691578,False
-10.93,15,15.703103,False
-12.07,10,15.711035,False
-11.97,6,15.715034,False
-11.97,7,15.721564,False
-11.86,6,15.726822,False
-11.65,14,15.737334,False
-12.17,12,15.746326,False
-11.81,11,15.755432,False
-12.21,15,15.767542,False
-11.77,12,15.77633,False
-11.89,4,15.779836,False
-11.84,13,15.790515,False
-12.03,8,15.797582,False
-12.05,10,15.80502,False
-11.91,6,15.810347,False
-12.09,12,15.818939,False
-11.97,7,15.824455,False
-11.83,13,15.83605,False
-12.19,13,15.846047,False
-12.22,7,15.85256,False
-11.81,11,15.860378,False
-12.04,9,15.868095,False
-11.99,8,15.874053,False
-11.92,7,15.879973,False
-11.8,9,15.887492,False
-12.44,13,15.898305,False
-12.22,6,15.902305,False
-11.93,7,15.908154,False
-11.85,4,15.911161,False
-12.07,11,15.919685,False
-12.27,7,15.925001,False
-12.1,5,15.929008,False
-11.81,10,15.936519,False
-12.46,17,15.949422,False
-12.08,12,15.958736,False
-12.32,17,15.972554,False
-11.9,5,15.976087,False
-12.36,11,15.984101,False
-11.85,14,15.994934,False
-11.89,13,16.004456,False
-11.97,15,16.015969,False
-11.89,13,16.02652,False
-11.77,2,16.027523,False
-11.99,7,16.033201,False
-12.32,16,16.045452,False
-12.04,18,16.060877,False
-11.92,7,16.066387,False
-12.43,11,16.075893,False
-11.86,6,16.080895,False
-11.74,9,16.088838,False
-12.2,13,16.099557,False
-12.07,11,16.109668,False
-11.66,6,16.11509,False
-11.89,14,16.125546,False
-11.97,7,16.131555,False
-11.8,5,16.135555,False
-12.04,18,16.149945,False
-12.1,18,16.163726,False
-12.11,9,16.171238,False
-12.06,6,16.17565,False
-12.21,14,16.187082,False
-12.27,16,16.199718,False
-12.27,15,16.212749,False
-12.26,15,16.225257,False
-11.98,8,16.232281,False
-12.27,15,16.243794,False
-12.1,18,16.258821,False
-12.06,11,16.267331,False
-11.97,6,16.27106,False
-11.97,7,16.652452,False
-12.71,19,16.671828,False
-12.06,10,16.682349,False
-12.13,12,16.692853,False
-11.99,9,16.703359,False
-11.52,12,16.714863,False
-11.91,15,16.729874,False
-11.9,5,16.735379,False
-12.13,12,16.747885,False
-12.2,13,16.762101,False
-11.29,18,16.781114,False
-11.88,12,16.793619,False
-11.9,14,16.808629,False
-11.95,10,16.817628,False
-12.08,3,16.820132,False
-12.33,7,16.826133,False
-11.61,6,16.830637,False
-11.84,4,16.834637,False
-12.27,22,16.855411,False
-12.22,7,16.86148,False
-11.78,16,16.875189,False
-11.74,9,16.882712,False
-11.47,15,16.896235,False
-11.91,6,16.901228,False
-11.06,10,16.908751,False
-11.43,17,16.922275,False
-11.9,14,16.933572,False
-12.18,11,16.942917,False
-10.94,9,16.949932,False
-11.75,9,16.956475,False
-11.95,14,16.967002,False
-12.09,13,16.97753,False
-11.57,12,16.987068,False
-11.91,6,16.991583,False
-11.97,7,16.997109,False
-11.94,7,17.002108,False
-12.1,14,17.014066,False
-11.91,6,17.01958,False
-12.46,19,17.034059,False
-12.14,4,17.036059,False
-11.75,10,17.044739,False
-11.77,2,17.046739,False
-11.74,9,17.053262,False
-11.97,14,17.064791,False
-12.11,6,17.069312,False
-11.96,15,17.08084,False
-12.11,10,17.089422,False
-12.05,10,17.096958,False
-12.2,14,17.107873,False
-11.98,7,17.113412,False
-11.97,7,17.118415,False
-11.86,6,17.12344,False
-12.15,13,17.132479,False
-12.12,11,17.142601,False
-12.11,11,17.152152,False
-12.04,9,17.158966,False
-11.96,6,17.163479,False
-12.36,10,17.171493,False
-11.32,23,17.189044,False
-12.18,12,17.198567,False
-12.14,4,17.201568,False
-12.03,7,17.206306,False
-12.11,10,17.2143,False
-11.94,8,17.219827,False
-10.98,17,17.233567,False
-12.12,11,17.242089,False
-11.74,9,17.249615,False
-11.97,7,17.254134,False
-11.9,5,17.258928,False
-11.9,5,17.262517,False
-12.14,13,17.27203,False
-11.9,5,17.276299,False
-12.11,11,17.284342,False
-12.27,7,17.289598,False
-12.42,19,17.303225,False
-12.27,15,17.31525,False
-12.18,20,17.330658,False
-12.06,20,17.347211,False
-11.91,15,17.358987,False
-11.81,11,17.366512,False
-11.72,11,17.375257,False
-11.97,7,17.380257,False
-12.07,10,17.387785,False
-11.91,6,17.39308,False
-12.07,11,17.401606,False
-12.08,11,17.410055,False
-12.22,7,17.415055,False
-12.25,15,17.426547,False
-11.55,5,17.429561,False
-11.15,14,17.442446,False
-11.94,14,17.452971,False
-11.99,8,17.458786,False
-12.38,13,17.469313,False
-11.15,13,17.479043,False
-12.32,16,17.491256,False
-12.12,12,17.879902,False
-10.86,14,17.893837,False
-11.72,12,17.905694,False
-12.05,9,17.915228,False
-12.2,5,17.920734,False
-12.19,13,17.934293,False
-12.01,15,17.949277,False
-11.99,16,17.964732,False
-12.02,16,17.98178,False
-11.99,9,17.990759,False
-12.03,8,17.998265,False
-11.52,11,18.008102,False
-12.12,11,18.019608,False
-11.94,14,18.032647,False
-12.14,13,18.046306,False
-12.28,16,18.06396,False
-12.01,10,18.073958,False
-11.59,13,18.085473,False
-11.93,7,18.09234,False
-11.98,7,18.098491,False
-11.49,23,18.117431,False
-11.76,10,18.124956,False
-11.29,17,18.13831,False
-10.83,19,18.152604,False
-12.14,4,18.15604,False
-12.04,9,18.162567,False
-11.87,11,18.171507,False
-12.09,16,18.18305,False
-12.11,10,18.191817,False
-12.21,5,18.194831,False
-12.46,14,18.205822,False
-11.99,9,18.21182,False
-11.75,8,18.218347,False
-12.58,23,18.235389,False
-11.75,10,18.242817,False
-11.99,8,18.249343,False
-11.7,10,18.257139,False
-10.86,15,18.267806,False
-11.75,8,18.274039,False
-11.83,3,18.276566,False
-12.07,11,18.284565,False
-12.37,12,18.294019,False
-11.88,13,18.303341,False
-10.92,7,18.309484,False
-11.9,15,18.320548,False
-11.97,6,18.326061,False
-12.42,11,18.334615,False
-11.05,20,18.350193,False
-11.54,13,18.360018,False
-12.22,15,18.371535,False
-11.68,8,18.377757,False
-11.75,9,18.384281,False
-12.25,13,18.394101,False
-11.83,12,18.404294,False
-11.92,6,18.408567,False
-12.0,10,18.416091,False
-11.76,10,18.423364,False
-12.12,10,18.430361,False
-12.19,8,18.438594,False
-11.07,21,18.455229,False
-11.54,12,18.463682,False
-11.97,7,18.469212,False
-12.23,20,18.484357,False
-12.12,11,18.492242,False
-12.12,19,18.507015,False
-11.81,11,18.515928,False
-12.06,11,18.525715,False
-11.91,6,18.530227,False
-10.9,14,18.541481,False
-12.19,13,18.551498,False
-12.03,3,18.553503,False
-11.81,10,18.561336,False
-11.84,4,18.564336,False
-11.98,16,18.576406,False
-12.27,7,18.58193,False
-12.17,19,18.597156,False
-11.74,9,18.604745,False
-11.35,24,18.622397,False
-12.38,13,18.631902,False
-12.16,18,18.645726,False
-11.95,13,18.656242,False
-11.98,8,18.661763,False
-11.97,16,18.675053,False
-12.05,10,18.682054,False
-12.06,9,18.689824,False
-11.98,7,18.695339,False
-11.97,7,18.701333,False
-11.91,6,18.706273,False
-12.12,18,18.718812,False
-12.06,10,19.103621,False
-12.14,12,19.113612,False
20.12,7,19.120613,True
-11.8,21,19.143477,False
-12.27,7,19.150478,False
-12.01,10,19.160581,False
-12.2,13,19.173089,False
-11.88,11,19.183593,False
-12.32,15,19.199965,False
-12.11,11,19.211969,False
-11.74,8,19.220474,False
-12.04,18,19.238801,False
-12.17,20,19.2593,False
-11.67,6,19.265303,False
-11.96,6,19.271808,False
-11.05,12,19.284851,False
-11.21,14,19.299233,False
-12.21,14,19.310771,False
-12.11,10,19.318771,False
-11.97,6,19.32429,False
-12.2,14,19.335814,False
-12.39,18,19.350871,False
-11.01,9,19.358285,False
-12.28,18,19.372864,False
-12.04,8,19.378879,False
-12.13,11,19.387404,False
-11.99,17,19.400235,False
-12.03,12,19.409111,False
-11.89,13,19.418627,False
-11.85,5,19.42297,False
-11.87,12,19.431486,False
-12.07,17,19.443857,False
-11.96,14,19.456388,False
-11.62,14,19.466503,False
-12.25,14,19.478302,False
-12.27,14,19.488818,False
-12.08,16,19.501583,False
-12.08,12,19.511592,False
-12.28,23,19.529733,False
-12.05,9,19.536257,False
-11.9,5,19.540292,False
-11.64,9,19.547831,False
-11.92,7,19.552996,False
-11.82,11,19.56214,False
-12.1,10,19.569698,False
-11.87,7,19.575019,False
-11.51,10,19.582019,False
-12.05,17,19.595367,False
-12.05,18,19.6092,False
-11.97,7,19.614712,False
-11.99,8,19.620721,False
-12.26,14,19.631513,False
-11.1,17,19.645832,False
-11.99,9,19.652358,False
-11.97,16,19.665191,False
-11.99,8,19.671704,False
-12.03,7,19.677491,False
-12.12,10,19.684497,False
-12.32,16,19.698081,False
-12.16,6,19.703094,False
-12.13,12,19.712504,False
-11.95,14,19.723846,False
-12.21,16,19.736356,False
-11.89,12,19.74571,False
-11.51,24,19.763363,False
-11.81,11,19.772866,False
-10.76,17,19.785385,False
-12.01,10,19.793199,False
-11.68,8,19.799198,False
-10.69,9,19.806393,False
-12.07,12,19.815894,False
-11.0,18,19.829726,False
-12.13,12,19.838253,False
-10.93,16,19.849977,False
-12.05,9,19.857218,False
-11.78,3,19.859217,False
-12.1,10,19.86681,False
-11.98,8,19.873037,False
-12.04,16,19.884561,False
-11.85,14,19.895559,False
-12.13,3,19.898616,False
-11.75,9,19.905051,False
-12.72,19,19.921119,False
-12.07,12,19.93008,False
-11.99,9,19.937079,False
-12.11,11,20.305284,False
-11.7,9,20.313877,False
-11.82,10,20.324748,False
-11.12,10,20.333252,False
-11.27,13,20.346607,False
-11.59,13,20.360007,False
-11.7,10,20.371362,False
-11.91,6,20.376373,False
-11.0,9,20.385879,False
-12.18,13,20.396879,False
-11.97,7,20.403385,False
-11.27,16,20.421789,False
-12.83,26,20.444344,False
-12.21,13,20.455415,False
-11.51,10,20.465954,False
-11.19,21,20.486405,False
-12.19,13,20.49944,False
-11.62,14,20.513304,False
-11.76,9,20.520827,False
-11.99,8,20.528722,False
-11.62,6,20.533722,False
-11.77,11,20.542552,False
-11.11,18,20.559959,False
-11.19,21,20.57703,False
-11.44,8,20.584047,False
-11.88,13,20.593995,False
-11.89,4,20.596995,False
-12.34,17,20.61055,False
-11.23,16,20.623379,False
-12.11,11,20.63189,False
-12.05,10,20.639194,False
-11.82,11,20.647723,False
-11.66,6,20.653228,False
-12.02,12,20.66264,False
-11.96,21,20.678644,False
-11.88,10,20.686167,False
-12.18,10,20.693222,False
-11.69,8,20.69924,False
-11.93,7,20.703753,False
-12.43,19,20.719759,False
-12.18,12,20.728674,False
-12.16,17,20.741427,False
-12.14,4,20.743433,False
-11.99,9,20.75149,False
-12.04,8,20.757756,False
-12.26,14,20.76751,False
-10.85,20,20.784023,False
-11.74,8,20.78997,False
-11.91,6,20.793969,False
-12.31,13,20.803494,False
-11.98,8,20.810452,False
-11.93,8,20.816447,False
-11.91,6,20.822211,False
-10.97,15,20.832727,False
-11.91,6,20.838048,False
-11.97,6,20.842424,False
-12.03,8,20.848948,False
-11.76,10,20.856952,False
-11.88,13,20.866994,False
-11.74,9,21.992692,False
-12.23,7,21.998217,False
-11.28,16,22.011587,False
-11.83,12,22.022495,False
-11.13,20,22.038048,False
-11.98,7,22.043201,False
-11.84,4,22.046201,False
-12.05,9,22.053741,False
-12.11,10,22.061244,False
-12.11,19,22.078354,False
-11.83,11,22.086867,False
-12.33,15,22.098009,False
-11.88,12,22.107937,False
-12.2,14,22.118474,False
-12.21,6,22.122712,False
-12.33,18,22.136745,False
-11.6,13,22.146486,False
-11.76,18,22.16022,False
-11.44,9,22.167741,False
-11.42,21,22.183805,False
-12.1,19,22.198122,False
-12.25,13,22.208355,False
-12.09,12,22.21787,False
-12.04,9,22.22487,False
-12.19,13,22.234396,False
-11.97,7,22.240128,False
-11.48,20,22.25467,False
-12.33,8,22.261435,False
-11.68,8,22.26744,False
-12.19,13,22.659344,False
-11.68,7,22.667087,False
-11.55,12,22.67973,False
-11.8,13,22.690688,False
-11.82,10,22.701191,False
-11.94,13,22.713197,False
-11.97,7,22.721699,False
-10.64,25,22.74317,False
-11.62,7,22.74917,False
-11.81,11,22.759161,False
-11.44,9,22.768977,False
-11.88,12,22.779481,False
-11.6,13,22.792386,False
-12.12,9,22.801892,False
-11.81,10,22.812397,False
-11.91,6,22.818902,False
-13.71,72,22.880793,False
-11.95,14,22.893316,False
-11.38,20,22.910118,False
-12.0,9,22.917627,False
-12.43,25,22.936923,False
-12.4,25,22.956092,False
-11.9,5,22.961497,False
-11.89,14,22.972009,False
-12.42,20,22.987528,False
-11.88,13,22.998384,False
-11.92,15,23.010433,False
-11.91,6,23.01443,False
-11.7,10,23.022027,False
-12.12,10,23.031023,False
-12.04,9,23.038831,False
-11.91,6,23.043852,False
-11.82,18,23.057506,False
-11.75,10,23.065099,False
-11.87,12,23.074685,False
-12.18,20,23.08994,False
-11.67,14,23.100459,False
-11.97,7,23.107018,False
-12.12,10,23.11558,False
-11.85,13,23.12539,False
-12.05,9,23.132404,False
-11.88,11,23.140172,False
-12.15,12,23.149283,False
-12.04,8,23.154809,False
-12.06,19,23.171492,False
-11.9,13,23.182322,False
-11.68,7,23.188115,False
-12.03,19,23.202644,False
-11.98,7,23.208444,False
-11.98,7,23.213451,False
-12.05,10,23.220963,False
-11.07,18,23.236762,False
-12.26,14,23.247273,False
-12.04,7,23.252785,False
-11.8,10,23.26117,False
-12.12,11,23.269177,False
-12.28,16,23.281754,False
-11.59,13,23.292585,False
-12.41,18,23.307593,False
-12.29,17,23.321121,False
-11.83,11,23.329386,False
-12.12,11,23.337912,False
-12.16,6,23.342214,False
-12.04,8,23.348736,False
-10.15,13,23.358506,False
-11.81,11,23.367512,False
-11.06,11,23.376269,False
-12.25,13,23.387017,False
-12.25,9,23.393333,False
-12.2,13,23.405489,False
-11.66,14,23.416001,False
-11.88,12,23.425972,False
-12.13,10,23.433484,False
-11.8,10,23.442768,False
-12.07,10,23.451145,False
-11.96,14,23.464506,False
-11.92,7,23.470516,False
-10.92,14,23.481372,False
-12.04,9,23.488893,False
-12.25,13,23.500438,False
-8.25,80,23.964419,False
-11.76,9,23.973493,False
-11.75,9,23.984,False
-10.76,11,23.994505,False
-11.02,11,24.006595,False
-12.04,8,24.0151,False
-11.66,15,24.029503,False
-11.76,10,24.038506,False
-11.83,12,24.050502,False
-12.65,40,24.090966,False
-11.9,14,24.103482,False
-10.67,11,24.112426,False
-12.38,15,24.126143,False
-12.19,12,24.136652,False
-10.96,14,24.149094,False
-11.88,11,24.158982,False
-11.91,13,24.170454,False
-12.47,18,24.186445,False
-12.25,14,24.198537,False
-11.88,12,24.209696,False
-11.95,9,24.217202,False
-11.74,9,24.22575,False
-11.75,9,24.23494,False
-10.56,13,24.246826,False
-11.75,9,24.254638,False
-11.68,7,24.261174,False
-12.32,16,24.274891,False
-11.93,7,24.282023,False
-11.89,11,24.290883,False
-11.9,13,24.302041,False
-11.82,11,24.309816,False
-12.27,23,24.328321,False
-12.05,9,24.33532,False
-11.96,13,24.346307,False
-12.11,11,24.354833,False
-11.16,14,24.365831,False
-11.9,5,24.369366,False
-12.23,8,24.375602,False
-11.68,8,24.381129,False
-12.15,15,24.393112,False
-11.66,6,24.398116,False
-11.97,7,24.403651,False
-11.81,11,24.411609,False
-12.06,9,24.418611,False
-12.04,9,24.425424,False
-11.91,14,24.435794,False
-12.27,17,24.448809,False
-11.07,19,24.463794,False
-11.74,9,24.470798,False
-12.1,18,24.48485,False
-11.56,24,24.502729,False
-9.83,80,24.563211,False
-11.92,16,24.576298,False
-11.91,12,24.58649,False
-12.07,12,24.59601,False
-12.1,9,24.603527,False
-12.48,19,24.618953,False
-10.83,12,24.628296,False
-12.29,17,24.643067,False
-12.33,16,24.65597,False
-10.77,12,24.665175,False
-11.97,6,24.67068,False
-11.5,21,24.686759,False
-11.19,15,24.698809,False
-11.69,8,24.704824,False
-13.5,54,24.745441,False
-12.04,9,24.752446,False
-12.25,14,25.134306,False
-10.67,14,25.148253,False
-11.83,13,25.161901,False
-12.03,8,25.170607,False
-12.14,4,25.175004,False
-11.75,10,25.185507,False
-12.26,15,25.199531,False
-12.13,12,25.211508,False
-13.69,52,25.261763,False
-11.9,5,25.26727,False
-12.04,15,25.280798,False
-12.34,8,25.288748,False
-11.89,14,25.3041,False
-12.03,16,25.320319,False
-12.39,23,25.342036,False
-11.67,7,25.348037,False
-12.34,19,25.364408,False
-12.14,13,25.375916,False
-12.4,18,25.390312,False
-11.09,20,25.404853,False
-11.76,10,25.412599,False
-12.07,12,25.422843,False
-11.49,22,25.440729,False
-12.19,13,25.450253,False
-11.73,8,25.456036,False
-11.76,11,25.465542,False
-12.07,11,25.474492,False
-12.03,16,25.487283,False
-11.65,14,25.498405,False
-11.93,17,25.511482,False
-11.72,18,25.525977,False
-11.88,12,25.534985,False
-11.96,12,25.545502,False
-12.08,13,25.556562,False
-11.76,18,25.572125,False
-12.06,10,25.579684,False
-11.84,11,25.589607,False
-12.0,10,25.597651,False
-10.96,80,25.663582,False
-11.94,8,25.6701,False
-11.76,9,25.67663,False
-11.76,9,25.683778,False
-12.1,9,25.691244,False
-12.02,12,25.699759,False
-12.18,13,25.71008,False
-12.11,17,25.723242,False
-11.9,10,25.7306,False
-12.11,9,25.737126,False
-11.92,6,25.742586,False
-12.37,10,25.749112,False
-11.01,19,25.764368,False
-12.89,30,25.78645,False
-11.77,12,25.795415,False
-11.82,10,25.80294,False
-11.09,19,25.817713,False
-11.68,8,25.824465,False
-12.02,11,25.831989,False
-11.96,14,25.842857,False
-11.97,15,25.854382,False
-11.28,17,25.868518,False
-12.5,22,25.885917,False
-12.24,28,25.906864,False
-12.05,9,25.913863,False
-11.66,6,25.919376,False
-11.93,8,25.925346,False
-12.65,19,25.941294,False
-12.22,16,25.95281,False
-11.87,18,25.968396,False
-12.04,9,25.974629,False
-11.58,12,25.985034,False
-11.93,14,26.382478,False
-12.06,10,26.393445,False
-11.97,14,26.406964,False
-11.76,18,26.422989,False
-11.96,21,26.442955,False
-11.92,7,26.449461,False
-12.38,23,26.472468,False
-12.04,17,26.491016,False
-11.96,13,26.504525,False
-12.02,15,26.520512,False
-12.36,17,26.537107,False
-12.1,17,26.555653,False
-11.22,15,26.571767,False
-12.45,21,26.589737,False
-12.07,11,26.598967,False
-10.76,10,26.607494,False
-11.97,15,26.618598,False
-12.19,12,26.62845,False
-12.46,19,26.644099,False
-12.09,15,26.655628,False
-12.64,35,26.683296,False
-11.84,12,26.692082,False
-12.28,22,26.708858,False
-11.97,7,26.714334,False
-12.07,10,26.721683,False
-11.92,14,26.733211,False
-11.74,9,26.739706,False
-11.67,6,26.745226,False
-12.44,17,26.757748,False
-12.02,10,26.765767,False
-12.18,11,26.774338,False
-11.45,9,26.781353,False
-13.67,48,26.81945,False
-11.92,7,26.825452,False
-12.54,21,26.842484,False
-11.67,7,26.848004,False
-11.98,8,26.855014,False
-11.7,9,26.862555,False
-12.0,9,26.869923,False
-11.86,18,26.883978,False
-11.58,13,26.895501,False
-12.14,20,26.910355,False
-10.77,12,26.920882,False
-11.45,31,26.945188,False
-12.0,8,26.951181,False
-11.8,13,26.961202,False
-11.92,6,26.966729,False
-10.84,12,26.976178,False
-11.95,14,26.98754,False
-12.56,22,27.004072,False
-12.29,17,27.018123,False
-11.75,9,27.024355,False
-12.05,16,27.036872,False
-11.85,12,27.046849,False
-12.14,11,27.055361,False
-12.3,18,27.069861,False
-11.66,6,27.073998,False
-11.6,13,27.084194,False
-12.41,11,27.092934,False
-12.14,12,27.102456,False
-11.19,12,27.111418,False
-11.82,11,27.12043,False
-11.43,19,27.134548,False
-11.91,16,27.147431,False
-12.54,20,27.163069,False
-12.21,15,27.174822,False
-12.63,23,27.192543,False
-11.9,13,27.203063,False
-11.51,11,27.211905,False
-12.12,11,27.220431,False
-12.28,18,27.600841,False
-10.83,11,27.613345,False
-12.15,13,27.626378,False
-13.03,69,27.691372,False
-11.74,15,27.704878,False
-12.15,13,27.7179,False
-12.27,21,27.737603,False
-11.89,12,27.750612,False
-9.87,80,27.822769,False
-12.22,14,27.834051,False
-10.72,11,27.842414,False
-11.94,13,27.853919,False
-11.65,13,27.863436,False
-11.89,13,27.873975,False
-12.11,14,27.885535,False
-11.88,15,27.896356,False
-12.4,17,27.910326,False
-12.36,29,27.931659,False
-12.11,13,27.942612,False
-11.05,17,27.956558,False
-11.94,8,27.962075,False
-11.22,15,27.973233,False
-11.98,8,27.979742,False
-13.45,46,28.014383,False
-11.95,14,28.024676,False
-11.71,9,28.031676,False
-12.28,15,28.043828,False
-11.12,18,29.053334,False
-11.19,27,29.07438,False
-12.28,16,29.088941,False
-11.93,6,29.093946,False
-12.04,9,29.101903,False
-12.16,17,29.116434,False
-12.0,9,29.125304,False
-11.99,8,29.132839,False
-11.61,14,29.146307,False
-12.04,17,29.163354,False
-12.2,20,29.181268,False
-12.11,18,29.195986,False
-12.18,12,29.206897,False
-12.33,16,29.220417,False
-11.87,15,29.231822,False
-12.11,17,29.247257,False
-11.34,16,29.260675,False
-12.08,12,29.270206,False
-12.05,9,29.27772,False
-11.74,9,29.284713,False
-11.87,29,29.308634,False
-12.04,8,29.314629,False
-11.97,7,29.321142,False
-12.46,18,29.335653,False
-11.97,7,29.341166,False
-8.13,80,29.402099,False
-11.82,11,29.411605,False
-12.18,11,29.420612,False
-10.95,18,29.434633,False
-11.81,9,29.441639,False
-11.82,11,29.450259,False
-11.76,10,29.852553,False
-12.88,53,29.907448,False
-11.65,13,29.921352,False
-12.74,37,29.959433,False
-12.19,11,29.972533,False
-13.3,73,30.044581,False
-11.16,15,30.057727,False
-11.55,13,30.070247,False
-11.89,11,30.079681,False
-11.97,7,30.084726,False
-12.19,43,30.117963,False
-12.17,18,30.131793,False
-12.04,9,30.139775,False
-12.06,10,30.147131,False
-12.04,9,30.154606,False
-11.33,20,30.170688,False
-13.58,49,30.209622,False
-11.78,13,30.219129,False
-13.64,53,30.260469,False
-11.97,16,30.273126,False
-12.1,9,30.280132,False
-11.92,15,30.29273,False
-11.9,5,30.296246,False
-12.43,21,30.311906,False
-11.84,12,30.321747,False
-11.55,34,30.346837,False
-12.1,10,30.355354,False
-11.82,11,30.363373,False
-11.96,5,30.3669,False
-12.16,14,30.37825,False
-11.59,13,30.388629,False
-12.08,18,30.403676,False
-11.86,14,30.414494,False
-11.97,7,30.420004,False
-11.15,21,30.435702,False
-12.23,8,30.441473,False
-11.3,18,30.457272,False
-11.8,19,30.471865,False
-13.87,54,30.515129,False
-11.35,17,30.52869,False
-11.06,17,30.54263,False
-11.81,10,30.550683,False
-11.05,18,30.564623,False
-11.96,13,30.575978,False
-11.18,14,30.588135,False
-8.09,80,30.64982,False
-11.06,19,30.666901,False
-12.19,13,30.677458,False
-11.55,17,30.690276,False
-13.79,51,31.120214,False
-12.03,15,31.133135,False
-11.77,10,31.14206,False
-12.04,9,31.151563,False
-11.9,5,31.157047,False
-11.88,11,31.167551,False
-11.97,15,31.182588,False
-11.96,6,31.188094,False
-11.83,12,31.198599,False
-12.1,9,31.207106,False
-10.78,12,31.21961,False
-11.97,16,31.23599,False
-11.97,15,31.252948,False
-12.34,17,31.271888,False
-11.87,13,31.284908,False
-10.57,14,31.298028,False
-12.87,37,31.328242,False
-11.84,13,31.337765,False
-11.94,13,31.348071,False
-12.12,10,31.35594,False
-10.69,16,31.368338,False
-11.86,6,31.371869,False
-11.82,10,31.379101,False
-14.03,66,31.429469,False
-11.98,7,31.434995,False
-12.04,9,31.442199,False
-11.69,15,31.454214,False
-7.79,80,31.513678,False
-11.83,11,31.521702,False
-11.63,7,31.527249,False
-11.73,8,31.533253,False
-12.09,13,31.543809,False
-12.11,10,31.552323,False
-12.19,14,31.563197,False
-11.75,18,31.577034,False
-11.54,14,31.587084,False
-11.59,13,31.597427,False
-11.68,7,31.602955,False
-11.2,17,31.616758,False
-12.08,40,31.646781,False
-11.17,21,31.664106,False
-10.84,11,31.672896,False
-11.97,6,31.677916,False
-11.58,11,31.685963,False
-12.13,11,31.694705,False
-12.67,60,31.741268,False
-11.82,10,31.748775,False
-12.04,9,31.756294,False
-11.86,6,31.761316,False
-13.38,47,31.79899,False
-13.28,75,31.857691,False
-12.19,11,31.866351,False
-11.74,17,31.879419,False
-10.92,13,31.888696,False
-12.73,38,31.919027,False
-10.76,18,32.313715,False
-11.99,9,32.322714,False
-12.12,10,32.331227,False
-11.17,15,32.345623,False
-12.37,20,32.363127,False
-12.07,10,32.373632,False
-11.85,5,32.379137,False
-11.88,12,32.392147,False
-9.87,80,32.467789,False
-12.47,54,32.519965,False
-11.85,5,32.52449,False
-11.68,8,32.53049,False
-9.81,80,32.595246,False
-12.06,10,32.603245,False
-12.39,25,32.624799,False
-10.84,13,32.63531,False
-12.03,16,32.648226,False
-12.69,24,32.668876,False
-11.68,13,32.678401,False
-11.82,11,32.687232,False
-11.84,11,32.696294,False
-12.43,20,32.711886,False
-11.42,18,32.726941,False
-12.67,30,32.750867,False
-12.12,10,32.759369,False
-11.94,13,32.770756,False
-12.06,9,32.779277,False
-11.98,7,32.784277,False
-11.97,16,32.797841,False
-11.14,20,32.813252,False
-9.91,80,32.874682,False
-11.65,14,32.885207,False
-11.76,10,32.892988,False
-11.84,12,32.902525,False
-11.68,14,32.91287,False
-13.22,50,32.95192,False
-12.47,25,32.970955,False
-11.91,13,32.980694,False
-11.95,16,32.993006,False
-11.9,5,32.997539,False
-12.24,9,33.004058,False
-11.98,14,33.015311,False
-12.33,17,33.030259,False
-12.13,10,33.038131,False
-10.93,80,33.102732,False
-11.67,7,33.107725,False
-11.8,16,33.120783,False
-11.84,11,33.129291,False
-10.05,80,33.565198,False
-10.94,80,33.639693,False
-11.8,9,33.647822,False
-11.6,13,33.658254,False
-11.97,14,33.672348,False
-13.82,72,33.73524,False
-12.06,17,33.749349,False
-11.7,9,33.757771,False
-12.04,12,33.768424,False
-11.87,19,33.785196,False
-12.18,11,33.794074,False
-11.95,8,33.799596,False
-12.64,23,33.817562,False
-11.45,9,33.824231,False
-11.81,10,33.831231,False
-12.86,27,33.852584,False
-11.04,16,33.8634,False
-10.97,15,33.876114,False
-11.74,16,33.888906,False
-12.89,65,33.936001,False
-11.5,14,33.948241,False
-11.98,15,33.959758,False
-10.61,15,33.971538,False
-12.19,11,33.979198,False
-12.36,18,33.993177,False
-11.96,13,34.006489,False
-12.19,12,34.016028,False
-12.02,22,34.032794,False
-11.88,19,34.047819,False
-12.05,8,34.054334,False
-10.48,11,34.062673,False
-12.1,17,34.07574,False
-11.76,18,34.08957,False
-11.66,6,34.094086,False
-11.58,12,34.103112,False
-11.61,13,34.112846,False
-12.03,3,34.116255,False
-9.92,80,34.175863,False
-11.46,10,34.183391,False
-12.39,19,34.198651,False
-12.27,15,34.209414,False
-11.97,6,34.214422,False
-14.22,64,34.263233,False
-9.93,80,34.323534,False
-13.38,45,34.749331,False
-11.82,11,34.759622,False
-12.34,15,34.775319,False
-12.25,20,34.79626,False
-10.93,16,34.812942,False
-9.95,80,34.888245,False
-14.28,72,34.950938,False
-11.96,13,34.961782,False
-12.18,18,34.976375,False
-11.18,27,34.99768,False
-11.83,11,35.006519,False
-11.73,8,35.012526,False
-11.99,7,35.018043,False
-12.14,42,35.048403,False
-11.67,7,35.054699,False
-11.36,6,35.059242,False
-11.85,4,35.061242,False
-12.8,38,35.091395,False
-12.59,35,37.040452,False
-12.09,16,37.052971,False
-11.74,38,37.083814,False
-12.61,58,37.127542,False
-12.08,12,37.136602,False
-12.11,40,37.166452,False
-11.76,33,37.192528,False
-11.99,16,37.204356,False
-10.13,80,37.264018,False
-11.67,7,37.269539,False
-11.02,11,37.278204,False
-11.68,37,37.306402,False
-11.93,7,37.311089,False
-11.88,10,37.318298,False
-11.96,14,37.330052,False
-12.62,21,37.345932,False
-11.96,14,37.355758,False
-12.04,16,37.36828,False
-11.99,8,37.37556,False
-12.11,10,37.384072,False
-12.05,8,37.390181,False
-12.15,12,37.399773,False
-11.75,9,37.405819,False
-11.39,31,37.430129,False
-10.43,11,37.438927,False
-11.58,13,37.448432,False
-11.85,5,37.45243,False
-12.92,42,37.483974,False
-8.31,80,37.956982,False
-11.91,6,37.962982,False
-12.18,12,37.974961,False
-11.31,28,37.99843,False
-11.92,7,38.004432,False
-10.96,80,38.085462,False
-12.22,18,38.101502,False
-12.69,25,38.122503,False
-12.25,14,38.135041,False
-10.81,17,38.14856,False
-11.59,4,38.15156,False
-12.46,48,38.188277,False
-10.92,22,38.206154,False
-8.25,80,38.26377,False
-11.68,14,38.274661,False
-11.67,6,38.278816,False
-12.09,4,38.281811,False
-12.27,14,38.293308,False
-12.46,17,38.307346,False
-12.24,13,38.318883,False
-11.62,7,38.324252,False
-12.96,65,38.373957,False
-10.8,18,38.387967,False
-11.89,13,38.398521,False
-10.2,80,38.461397,False
-12.12,12,38.47181,False
-11.84,11,38.480579,False
-11.8,10,38.488779,False
-11.54,12,38.498295,False
-11.39,31,38.521938,False
-11.57,11,38.530438,False
-10.87,15,38.542276,False
-11.5,10,38.549786,False
-12.05,8,38.555043,False
-11.07,10,38.563561,False
-12.24,27,38.583871,False
-11.68,8,38.590167,False
-12.85,34,38.615801,False
-11.75,9,38.622753,False
-12.74,31,38.646556,False
-9.96,80,38.70615,False
-12.41,17,38.718722,False
-10.78,12,39.122532,False
-12.56,21,39.141985,False
-11.22,13,39.156464,False
-11.79,4,39.160464,False
-11.87,34,39.194831,False
-11.99,8,39.202335,False
-11.12,20,39.220332,False
-11.92,7,39.227205,False
-11.91,13,39.241649,False
-11.75,39,39.276838,False
-12.1,17,39.295449,False
-12.0,9,39.305459,False
-12.12,12,39.31702,False
-12.09,18,39.332868,False
-11.27,21,39.349635,False
-11.91,14,39.361007,False
-12.1,24,39.380375,False
-12.46,24,39.398703,False
-12.18,11,39.408751,False
-10.96,9,39.416262,False
-12.14,24,39.43564,False
-11.78,3,39.438642,False
-11.6,24,39.456499,False
-11.61,15,39.468543,False
-11.78,11,39.476557,False
-11.67,6,39.481764,False
-11.01,18,39.496271,False
-11.28,16,39.508804,False
-11.53,26,39.528603,False
-11.89,13,39.539397,False
-11.73,39,39.569447,False
-8.44,80,39.627774,False
-11.73,8,39.634295,False
-11.9,12,39.64314,False
-12.24,19,39.658671,False
-11.59,13,39.669121,False
-11.7,9,39.676416,False
-11.81,10,39.683944,False
-11.64,12,39.693319,False
-11.48,11,39.701576,False
-10.92,15,39.713335,False
-11.91,6,39.71784,False
-11.82,19,39.733059,False
-11.94,20,39.749139,False
-11.91,13,39.758093,False
-12.26,14,39.76961,False
-11.97,7,39.774843,False
-12.41,17,39.787568,False
-12.3,30,39.811994,False
-11.68,7,39.817034,False
-10.92,15,39.828855,False
-12.25,13,39.83937,False
-12.33,16,39.851882,False
-12.1,9,39.859394,False
-12.25,13,39.869905,False
-12.12,12,39.879438,False
-11.73,15,39.891244,False
-12.48,19,39.906325,False
-10.72,18,39.919819,False
-11.69,38,39.948075,False
-12.11,10,39.954938,False
-12.24,13,40.349612,False
-11.94,19,40.366125,False
-10.76,17,40.381506,False
-11.83,11,40.392529,False
-10.93,15,40.407436,False
-11.96,13,40.418445,False
-11.69,8,40.427623,False
-12.3,16,40.444558,False
-12.2,12,40.457475,False
-11.91,14,40.469981,False
-11.06,19,40.486423,False
-11.96,13,40.499401,False
-12.66,35,40.533323,False
-12.7,30,40.561563,False
-13.03,33,40.589053,False
-11.92,6,40.594041,False
-14.26,70,40.646706,False
-11.97,6,40.651979,False
-11.59,11,40.660235,False
-11.89,11,40.668752,False
-11.57,21,40.684583,False
-7.95,80,40.743562,False
-11.98,16,40.75698,False
-12.19,14,40.767503,False
-11.83,3,40.769503,False
-12.12,10,40.778201,False
-11.37,7,40.7832,False
-11.43,8,40.790066,False
-12.34,16,40.802589,False
-10.91,13,40.812542,False
-11.25,28,40.83409,False
-11.82,10,40.844195,False
-11.91,43,40.877981,False
-11.79,11,40.886484,False
-12.2,12,40.89697,False
-11.75,9,40.904392,False
-12.06,9,40.911537,False
-11.98,7,40.916717,False
-12.06,10,40.924292,False
-12.38,17,40.940341,False
-12.02,11,40.949866,False
-11.97,7,40.955394,False
-11.84,12,40.964902,False
-11.98,16,40.977439,False
-11.22,80,41.038181,False
-10.71,80,41.099141,False
-12.46,24,41.117499,False
-11.3,17,41.130244,False
-11.9,5,41.134778,False
-13.07,44,41.168358,False
-12.28,21,41.564411,False
-11.64,8,41.571992,False
-12.05,10,41.582498,False
-12.41,17,41.600463,False
-11.5,9,41.610346,False
-10.75,16,41.626531,False
-11.91,6,41.632531,False
-12.21,14,41.647496,False
-11.6,5,41.653496,False
-11.76,9,41.662027,False
-10.87,18,41.681363,False
-11.82,17,41.697778,False
-10.74,16,41.710738,False
-12.54,26,41.733315,False
-12.3,22,41.754978,False
-11.44,20,41.771929,False
-11.67,14,41.783975,False
-12.08,41,41.817225,False
-11.66,13,41.827274,False
-11.3,5,41.831274,False
-12.44,19,41.845866,False
-11.4,8,41.851537,False
-11.97,14,41.862414,False
-12.47,18,41.876552,False
-11.46,9,41.883073,False
-12.12,10,41.891587,False
-11.9,5,41.895588,False
-12.0,21,41.911618,False
-12.66,35,41.938789,False
-12.1,17,41.952813,False
-12.0,8,41.959325,False
-11.97,6,41.963325,False
-11.7,8,41.969837,False
-11.84,11,41.978358,False
-12.1,20,41.993942,False
-11.28,23,42.012503,False
-12.54,19,42.02769,False
-10.81,17,42.039315,False
-11.62,7,42.04592,False
-12.02,21,42.062944,False
-12.26,15,42.076476,False
-12.02,15,42.089443,False
-11.87,16,42.101966,False
-11.92,7,42.107877,False
-11.88,11,42.116389,False
-11.86,5,42.120389,False
-8.29,80,42.180809,False
-11.81,11,42.190031,False
-11.11,25,42.21036,False
-11.83,11,42.219359,False
-12.41,25,42.240309,False
-12.1,17,42.254383,False
-12.33,31,42.279531,False
-12.25,15,42.291409,False
-11.92,14,42.303428,False
-10.76,11,42.311525,False
-11.49,27,42.332628,False
-12.03,15,42.345407,False
-11.8,5,42.34892,False
-12.11,10,42.357449,False
-11.86,5,42.360456,False
-12.18,19,42.375551,False
-11.75,10,42.383063,False
-12.2,21,42.400517,False
-12.22,19,42.800387,False
-11.45,27,42.82582,False
-12.45,33,42.861273,False
-12.18,11,42.872188,False
-10.77,20,42.892255,False
-12.66,28,42.922252,False
-12.0,8,42.930264,False
-11.95,14,42.944734,False
-11.19,19,42.961743,False
-11.27,29,42.987382,False
-11.12,19,43.004373,False
-11.64,13,43.015075,False
-11.94,19,43.030142,False
-12.53,26,43.051004,False
-11.13,21,43.067977,False
-12.11,18,45.501248,False
-11.92,7,45.507218,False
-12.66,35,45.535236,False
-11.92,6,45.539764,False
-11.85,4,45.542763,False
-12.46,24,45.561612,False
-11.82,12,45.571131,False
-10.89,12,45.580932,False
-11.96,15,45.592149,False
-11.98,8,45.598231,False
-11.93,19,45.612376,False
-12.28,16,45.625807,False
-11.93,44,45.65907,False
-11.92,15,45.671324,False
-11.74,15,45.682823,False
-11.9,5,45.686829,False
-11.77,40,45.718542,False
-11.75,9,45.725342,False
-11.36,17,45.738105,False
-11.82,11,45.746158,False
-12.3,9,45.753154,False
-12.02,13,45.763143,False
-11.97,6,45.767656,False
-8.37,80,45.825786,False
-12.2,21,45.842174,False
-12.44,31,45.865586,False
-11.82,11,45.874538,False
-12.06,9,45.880548,False
-11.9,12,45.8909,False
-12.04,15,45.902351,False
-10.8,18,45.91636,False
-13.72,59,45.962241,False
-12.06,16,45.975405,False
-11.74,8,45.981909,False
-11.96,5,45.984916,False
-12.46,25,46.004482,False
-11.97,6,46.008471,False
-12.22,26,46.029061,False
-12.9,27,46.049349,False
-10.8,18,46.458003,False
-11.49,34,46.49617,False
-12.07,10,46.507201,False
-11.62,7,46.514256,False
-11.24,28,46.541489,False
-12.25,14,46.556117,False
-11.83,12,46.567151,False
-12.4,16,46.584182,False
-11.54,13,46.596174,False
-12.71,31,46.626367,False
-11.11,17,46.642369,False
-12.27,13,46.654005,False
-11.97,7,46.660522,False
-10.91,14,46.672474,False
-10.77,21,46.690139,False
-11.04,18,46.706154,False
-11.03,22,46.723183,False
-8.23,80,46.783864,False
-11.84,43,46.81677,False
-10.83,13,46.827807,False
-11.75,9,46.835325,False
-12.9,34,46.861513,False
-11.74,9,46.869108,False
-10.61,14,46.881352,False
-11.89,12,46.891365,False
-11.21,23,46.909393,False
-11.69,16,46.923318,False
-11.69,16,46.935837,False
-11.88,12,46.94586,False
-12.06,18,46.960318,False
-11.98,16,46.974381,False
-12.27,14,46.984887,False
-11.63,38,47.014993,False
-11.7,33,47.041026,False
-11.81,10,47.049058,False
-11.13,20,47.064585,False
-11.91,15,47.07661,False
-12.23,15,47.088128,False
-11.25,28,47.110152,False
-12.18,19,47.125529,False
-12.26,14,47.136042,False
-11.88,11,47.143906,False
-11.83,12,47.153513,False
-11.72,15,47.164752,False
-10.76,17,47.177997,False
-12.1,17,47.191483,False
-12.2,14,47.202003,False
-11.17,26,47.22169,False
-12.14,13,47.232289,False
-12.07,24,47.252002,False
-12.31,45,47.285877,False
-11.88,18,47.685789,False
-11.75,10,47.694397,False
-11.01,21,47.715409,False
-11.11,25,47.740578,False
-12.71,54,47.792195,False
-11.57,36,47.825758,False
-11.53,12,47.838701,False
-12.32,16,47.854608,False
-12.64,25,47.876593,False
-12.15,25,47.897968,False
-13.26,42,47.93059,False
-11.33,29,47.952883,False
-12.62,23,47.970668,False
-11.37,19,47.985464,False
-12.54,26,48.006212,False
-12.03,15,48.016877,False
-10.93,16,48.028747,False
-12.2,20,48.04502,False
-11.81,11,48.054043,False
-11.8,5,48.057827,False
-11.9,13,48.06732,False
-11.79,13,48.077856,False
-11.46,34,48.104699,False
-11.82,10,48.112094,False
-11.85,5,48.115595,False
-12.46,25,48.134438,False
-11.95,12,48.145438,False
-12.24,12,48.154819,False
-12.14,12,48.163956,False
-11.99,7,48.169013,False
-12.43,18,48.183748,False
-11.89,12,48.192803,False
-11.96,14,48.204728,False
-12.09,16,48.216246,False
-12.11,15,48.228683,False
-12.07,12,48.238652,False
-12.1,16,48.251684,False
-11.81,10,48.259,False
-11.88,12,48.268545,False
-12.28,15,48.280409,False
-11.83,11,48.289939,False
-12.76,25,48.310473,False
-12.32,21,48.326932,False
-12.32,21,48.343756,False
-12.07,11,48.352294,False
-11.98,8,48.358151,False
-12.32,22,48.374981,False
-12.02,15,48.388084,False
-10.72,10,48.395611,False
-11.44,9,48.403442,False
-13.2,49,48.44231,False
-11.61,28,48.46518,False
-12.21,25,48.48727,False
-11.6,13,48.496845,False
-12.69,64,48.922005,False
-11.88,12,48.932962,False
-10.99,16,48.946425,False
-11.99,9,48.953931,False
-11.76,11,48.964975,False
-11.75,9,48.973415,False
-12.46,18,48.991629,False
-11.65,10,49.000134,False
-11.57,36,49.03521,False
-11.57,37,49.069829,False
-11.19,28,49.098622,False
-11.37,30,49.124059,False
-11.67,7,49.129058,False
-12.17,41,49.161795,False
-11.99,8,49.167322,False
-10.96,80,49.230919,False
-12.51,57,49.274592,False
-11.85,42,49.30952,False
-11.31,28,49.332317,False
-12.52,32,49.358217,False
-11.91,6,49.363217,False
-11.8,5,49.366731,False
-12.38,15,49.3797,False
-12.18,18,49.394754,False
-11.91,13,49.403939,False
-12.25,49,49.443344,False
-12.49,20,49.459888,False
-12.21,18,49.475482,False
-14.48,74,49.533914,False
-12.08,23,49.553524,False
-11.11,19,49.568547,False
-11.97,16,49.582047,False
-13.36,51,49.627782,False
-14.48,76,49.692476,False
-12.33,16,49.705516,False
-11.36,6,49.710037,False
-11.76,10,49.717551,False
-12.17,48,49.754562,False
-12.07,46,50.174326,False
-12.18,19,50.191689,False
-12.84,40,50.229714,False
-11.92,14,50.241745,False
-10.97,21,50.26381,False
-11.85,13,50.277823,False
-12.27,21,50.300285,False
-11.6,12,50.312238,False
-12.14,12,50.324743,False
-11.91,6,50.331414,False
-11.17,19,50.347926,False
-11.89,12,50.359356,False
-13.0,44,50.395869,False
-12.04,16,50.409032,False
-11.84,13,50.419551,False
-12.26,27,50.440789,False
-12.79,55,50.481817,False
-13.01,43,50.515203,False
-10.98,16,50.527746,False
-12.26,21,50.544523,False
-12.72,25,50.562342,False
-12.16,17,50.575073,False
-11.36,33,50.600562,False
-11.18,23,50.618543,False
-11.72,11,50.627359,False
-11.14,12,50.637224,False
-12.29,16,50.648769,False
-11.73,11,50.656356,False
-12.14,24,50.675633,False
-11.27,16,50.687993,False
-11.75,32,50.71213,False
-11.83,11,50.720195,False
-11.93,19,50.735491,False
-12.04,8,50.741853,False
-12.11,9,50.748377,False
-12.45,31,50.771432,False
-11.84,14,50.782938,False
-13.61,58,50.827222,False
-12.41,47,50.863196,False
-12.46,32,50.886597,False
-13.27,37,50.914784,False
-12.11,42,50.946586,False
-11.88,11,50.954822,False
-12.86,40,51.396061,False
-11.37,26,51.42307,False
-10.76,17,51.43908,False
-13.78,60,51.49657,False
-12.35,18,51.515152,False
-13.8,61,55.472407,False
-12.76,32,55.498874,False
-11.19,12,55.508411,False
-11.24,28,55.529451,False
-10.83,19,55.544742,False
-11.74,9,55.551742,False
-11.66,13,55.562646,False
-12.41,16,55.573955,False
-10.84,12,55.583074,False
-11.66,36,55.6111,False
-11.2,80,55.67193,False
-9.9,80,55.731205,False
-11.94,20,55.746253,False
-11.79,12,55.755054,False
-12.09,46,55.792071,False
-11.96,15,55.802662,False
-10.98,80,55.864225,False
-11.07,11,55.873291,False
-11.41,32,55.897592,False
-11.89,13,55.908108,False
-10.89,19,55.921832,False
-11.78,40,55.9513,False
-12.24,20,55.967799,False
-13.24,42,56.000534,False
-12.28,21,56.016831,False
-11.24,27,56.036645,False
-12.44,30,56.060496,False
-12.17,10,56.068,False
-12.25,13,56.078419,False
-13.4,51,56.498055,False
-13.2,46,56.540436,False
-11.9,5,56.545436,False
-12.5,32,56.575774,False
-13.02,43,56.62122,False
-11.71,39,56.657813,False
-11.7,9,56.666323,False
-12.06,22,56.687781,False
-12.24,20,56.705614,False
-11.75,8,56.712128,False
-12.68,36,56.742062,False
-11.87,10,56.750574,False
-12.21,21,56.76756,False
-12.04,23,56.785942,False
-11.31,31,56.811172,False
-11.92,19,56.826665,False
-12.44,31,56.850173,False
-12.98,32,56.876538,False
-11.13,19,56.890545,False
-11.41,27,56.91179,False
-11.42,25,56.931688,False
-11.75,39,56.962003,False
-10.81,17,56.974048,False
-11.91,5,56.977971,False
-11.25,29,57.000022,False
-13.31,44,57.034951,False
-11.7,9,57.042347,False
-13.24,35,57.07069,False
-11.81,10,57.078712,False
-12.38,23,57.095715,False
-12.19,13,57.107809,False
-12.53,19,57.122732,False
-11.89,12,57.131255,False
-12.11,19,57.146087,False
-11.97,7,57.15061,False
-12.41,17,57.163849,False
-12.19,13,57.174638,False
-11.96,13,57.184782,False
-11.17,80,57.246961,False
-11.86,6,57.251961,False
-11.76,10,57.258954,False
-11.98,14,57.269778,False
-11.07,25,57.28878,False
-12.43,20,57.305151,False
-10.78,21,57.321344,False
-11.69,9,57.328849,False
-13.44,45,57.750575,False
-11.35,24,57.775816,False
-12.02,21,57.798013,False
-12.54,57,57.856307,False
-11.89,13,57.868812,False
-12.32,29,57.895967,False
-12.74,38,57.93147,False
-12.02,23,57.950815,False
-11.13,20,57.966626,False
-10.83,19,57.981129,False
-12.24,22,57.997719,False
-11.61,28,58.018966,False
-12.02,34,58.045263,False
-13.2,46,58.079692,False
-11.27,23,58.097085,False
-11.36,6,58.101585,False
-12.82,39,58.131045,False
-11.9,5,58.134563,False
-12.88,33,58.159028,False
-11.69,9,58.166552,False
-11.35,32,58.191318,False
-12.3,28,58.21337,False
-11.39,25,58.232849,False
-12.44,24,58.250121,False
-12.4,18,58.264246,False
-12.32,28,58.285485,False
-12.1,8,58.29175,False
-12.14,13,58.301932,False
-11.96,13,58.312703,False
-12.1,17,58.32618,False
-12.12,11,58.334671,False
-11.81,10,58.342301,False
-12.2,19,58.356342,False
-12.66,35,58.384666,False
-11.61,29,58.406358,False
-12.25,28,58.429357,False
-12.96,37,58.456512,False
-12.33,17,58.470992,False
-12.74,39,58.504736,False
-11.39,30,58.528095,False
-12.02,15,58.539906,False
-11.39,25,58.935785,False
-11.15,24,58.957593,False
-11.54,4,58.961098,False
-11.54,4,58.96508,False
-10.82,18,58.98213,False
-12.5,32,59.014589,False
-11.33,30,59.045492,False
-12.0,39,59.083428,False
-12.1,17,59.098571,False
-13.65,57,59.149549,False
-12.68,17,59.165189,False
-11.52,10,59.173084,False
-12.3,21,59.188728,False
-12.24,17,59.202378,False
-11.99,8,59.209677,False
-11.27,21,59.225672,False
-10.61,14,59.236184,False
-11.49,27,59.25755,False
-10.64,18,59.270491,False
-13.46,46,59.306969,False
-12.7,24,59.324716,False
-12.07,11,59.333919,False
-12.55,20,59.349866,False
-12.2,22,59.366677,False
-13.18,35,59.394087,False
-12.84,39,59.425265,False
-13.44,52,59.463831,False
-11.13,26,59.484221,False
-11.86,31,59.509423,False
-12.87,35,59.538059,False
-11.55,27,59.557624,False
-12.13,11,59.566297,False
-12.9,43,59.59937,False
-11.8,9,59.606196,False
-11.97,15,59.617421,False
-10.75,17,59.630146,False
-13.08,44,59.663709,False
-11.93,21,59.680432,False
-12.44,31,59.70399,False
-10.93,17,59.718355,False
-12.84,40,59.749658,False
-12.18,11,59.758463,False
-11.82,11,59.765464,False
-11.25,28,60.164299,False
-12.44,31,60.195034,False
-12.2,20,60.214607,False
-11.46,27,60.242068,False
-12.12,10,60.252572,False
-14.7,80,60.333559,False
-11.19,27,60.357507,False
-14.19,61,60.406393,False
-12.14,20,60.423681,False
-13.7,59,60.468922,False
-14.08,67,60.520002,False
-12.01,43,60.552655,False
-11.62,7,60.557914,False
-11.75,9,60.564953,False
-11.91,6,60.569384,False
-11.98,7,60.575171,False
-10.9,80,60.637127,False
-11.38,18,60.651674,False
-12.1,17,60.664433,False
-12.87,40,60.694932,False
-11.7,9,60.701956,False
-12.46,25,60.721524,False
-13.17,72,60.77607,False
-12.74,30,60.798783,False
-9.83,80,60.859422,False
-11.0,80,60.920196,False
-11.83,41,60.949948,False
-12.12,25,60.970294,False
-11.17,26,61.365154,False
-11.94,20,61.384704,False
-10.92,15,61.399766,False
-11.47,26,65.440976,False
-12.34,17,65.454901,False
-10.92,16,65.466951,False
-11.81,34,65.493986,False
-12.58,26,65.513282,False
-12.25,42,65.546058,False
-11.47,11,65.553824,False
-11.89,12,65.563341,False
-10.98,16,65.576141,False
-12.36,28,65.59641,False
-13.08,44,65.630031,False
-12.48,25,65.648884,False
-11.75,9,65.655628,False
-11.73,8,65.662632,False
-12.1,16,65.674227,False
-12.06,24,65.692056,False
-11.68,8,65.698582,False
-11.77,34,65.724614,False
-11.71,40,65.753408,False
-11.65,38,65.78247,False
-12.76,38,65.812266,False
-12.08,22,65.828782,False
-11.97,44,65.861482,False
-11.8,10,65.870355,False
-12.66,36,65.898482,False
-11.9,21,65.91498,False
-11.03,23,65.931454,False
-12.15,18,65.946414,False
-12.46,26,65.967745,False
-11.82,11,65.975765,False
-12.1,16,65.988753,False
-12.14,23,66.005887,False
-11.6,5,66.009888,False
-12.16,24,66.028232,False
-12.04,15,66.038992,False
-13.6,57,66.083713,False
-11.89,13,66.093621,False
-11.31,21,66.107507,False
-10.94,15,66.120901,False
-11.11,18,66.134016,False
-11.73,16,66.146796,False
-11.67,38,66.555406,False
-12.1,18,66.571352,False
-13.22,47,66.617272,False
-12.44,31,66.646672,False
-11.38,25,66.671695,False
-11.82,10,66.681212,False
-12.6,20,66.701654,False
-11.81,39,66.741217,False
-11.75,33,66.767133,False
-12.38,24,66.787637,False
-10.83,20,66.805732,False
-11.95,14,66.817874,False
-13.44,52,66.858208,False
-14.14,68,66.912446,False
-12.2,14,66.923315,False
-13.3,43,66.955836,False
-12.27,50,66.993638,False
-11.25,31,67.016326,False
-12.48,19,67.030299,False
-12.84,33,67.055472,False
-10.95,21,67.072123,False
-11.72,32,67.095124,False
-13.83,65,67.144956,False
-11.51,32,67.16774,False
-11.94,12,67.178027,False
-11.41,34,67.202878,False
-12.22,26,67.223378,False
-11.25,29,67.245766,False
-10.83,12,67.255068,False
-13.9,61,67.300972,False
-11.27,28,67.32184,False
-10.89,22,67.33811,False
-12.03,8,67.344124,False
-10.83,12,67.35371,False
-12.51,58,67.770244,False
-12.03,46,67.816382,False
-11.67,7,67.824401,False
-11.37,17,67.841931,False
-12.96,43,67.884687,False
-11.69,16,67.902007,False
-12.32,22,67.92454,False
-12.61,23,67.945123,False
-12.26,14,67.957549,False
-12.24,20,67.974029,False
-13.08,45,68.009255,False
-11.83,12,68.017783,False
-12.16,24,68.036657,False
-11.61,32,68.060595,False
-12.97,36,68.087646,False
-11.19,26,68.10763,False
-13.24,49,68.145442,False
-11.31,29,68.16726,False
-11.33,29,68.189529,False
-12.52,25,68.209952,False
-11.99,8,68.215953,False
-12.74,37,68.244217,False
-11.27,29,68.265581,False
-11.97,36,68.294392,False
-12.7,24,68.312924,False
-12.2,19,68.327658,False
-12.22,26,68.348369,False
-12.62,36,68.374888,False
-12.16,25,68.39366,False
-12.36,47,68.430258,False
-11.72,15,68.442024,False
-12.02,15,68.454077,False
-12.74,37,68.483262,False
-12.59,52,68.525441,False
-13.02,43,68.559242,False
-11.05,23,68.575549,False
-11.39,35,68.984018,False
-12.74,23,69.005613,False
-11.85,15,69.020585,False
-11.99,8,69.028101,False
-12.47,55,69.087088,False
-11.11,25,69.110827,False
-11.55,27,69.133362,False
-13.08,45,69.172582,False
-12.66,28,69.196136,False
-12.79,61,69.241378,False
-13.0,42,69.273898,False
-12.05,17,69.288221,False
-12.72,31,69.311989,False
-12.97,67,69.361136,False
-11.77,11,69.369645,False
-11.82,11,69.378425,False
-13.08,38,69.408522,False
-10.99,16,69.420952,False
-12.32,21,69.43693,False
-12.54,42,69.468377,False
-13.02,43,69.501633,False
-13.58,51,69.541353,False
-12.91,65,69.590028,False
-11.52,12,69.598538,False
-12.94,60,69.644889,False
-13.95,65,69.695447,False
-11.23,25,69.714917,False
-11.21,21,69.730226,False
-13.08,62,69.77554,False
-11.43,8,70.170668,False
-13.17,70,70.238814,False
-11.03,24,70.26377,False
-11.99,8,70.271284,False
-11.85,13,70.283312,False
-12.32,21,70.30329,False
-12.47,26,70.328974,False
-12.05,47,70.368506,False
-12.19,41,70.402664,False
-12.09,48,70.438463,False
-11.28,16,70.451893,False
-11.51,21,70.468374,False
-14.4,75,70.525231,False
-12.2,21,70.541718,False
-11.88,21,70.557507,False
-11.96,20,70.573088,False
-11.65,13,70.58312,False
-12.3,20,70.598929,False
-11.75,39,70.628935,False
-13.02,44,70.661146,False
-12.4,16,70.673973,False
-11.67,7,70.678486,False
-12.6,34,70.704619,False
-11.25,28,70.726161,False
-13.29,72,70.780164,False
-11.41,31,70.803591,False
-11.12,20,70.819813,False
-11.18,80,70.880336,False
-13.68,58,70.925511,False
-12.04,24,70.943249,False
-11.6,5,70.947249,False
-11.27,29,74.933376,False
-12.18,26,74.954749,False
-13.39,74,75.421934,False
-13.57,80,75.496679,False
-12.18,12,75.509636,False
-13.74,61,75.564708,False
-13.47,77,75.625378,False
-10.88,80,75.684586,False
-12.13,40,75.71417,False
-12.6,34,75.739262,False
-12.12,18,75.752772,False
-12.1,16,75.764769,False
-13.33,74,75.819293,False
-12.37,51,75.857682,False
-11.66,6,75.862118,False
-10.9,80,75.924561,False
-11.11,24,75.942308,False
-13.35,74,75.997879,False
-13.04,60,76.042364,False
-12.04,15,76.053177,False
-14.25,64,76.101379,False
-12.83,64,76.148395,False
-12.74,37,76.553193,False
-11.72,11,76.565226,False
-12.11,18,76.58323,False
-11.17,25,76.6043,False
-12.2,20,76.623839,False
-11.77,40,76.660134,False
-12.38,30,76.687896,False
-12.4,24,76.708328,False
-13.08,37,76.740958,False
-10.91,22,76.759625,False
-12.46,32,76.784542,False
-12.64,35,76.811911,False
-12.36,28,76.832633,False
-12.03,44,76.865779,False
-13.38,53,76.908163,False
-12.57,53,76.950829,False
-11.96,20,76.967754,False
-13.16,46,77.003653,False
-13.58,55,77.047522,False
-12.57,21,77.063884,False
-12.47,56,77.105856,False
-11.64,17,77.119607,False
-12.4,23,77.138028,False
-12.05,45,77.170722,False
-12.39,17,77.183226,False
-12.01,40,77.213809,False
-12.2,19,77.229105,False
-12.55,57,77.269818,False
-11.89,13,77.280622,False
-13.62,55,77.321628,False
-10.97,17,77.33516,False
-13.38,50,77.756335,False
-13.61,51,77.808192,False
-11.03,24,77.828697,False
-11.54,4,77.832697,False
-13.41,75,77.906295,False
-12.91,38,77.9436,False
-11.61,39,77.974941,False
-13.76,49,78.012038,False
-12.92,44,78.046521,False
-12.62,21,78.062322,False
-11.79,3,78.064322,False
-11.15,19,78.079703,False
-12.5,33,78.104239,False
-13.34,51,78.143171,False
-12.07,46,78.17719,False
-12.5,20,78.192492,False
-13.33,44,78.228336,False
-12.71,62,78.27457,False
-13.1,46,78.309614,False
-13.22,47,78.345372,False
-13.88,64,78.393795,False
-10.67,10,78.401306,False
-9.91,80,78.460601,False
-12.1,16,78.472449,False
-12.31,50,78.512152,False
-9.93,80,78.969073,False
-11.89,4,78.974342,False
-13.21,72,79.047817,False
-12.19,49,79.095162,False
-12.19,48,79.13915,False
-12.81,54,79.185378,False
-13.25,71,79.240523,False
-12.64,34,79.266617,False
-11.44,19,79.280952,False
-13.28,48,79.318153,False
-12.39,53,79.357638,False
-11.94,38,79.386564,False
-11.36,24,79.406023,False
-11.55,35,79.431904,False
-11.82,35,79.457484,False
-12.58,35,79.484782,False
-13.46,54,79.525318,False
-12.69,25,79.544653,False
-11.66,13,79.555452,False
-11.05,26,79.575731,False
-12.14,26,79.595103,False
-11.58,11,79.603934,False
-13.46,53,79.644834,False
-12.67,60,79.690755,False
-12.15,42,79.721649,False
-11.41,9,79.728168,False
-12.18,12,79.737734,False
-12.59,58,79.780774,False
-12.34,15,80.16366,False
-12.36,17,80.18018,False
-11.35,16,80.196698,False
-13.36,52,80.245731,False
-11.05,23,80.270584,False
-13.36,52,80.324102,False
-10.79,12,80.335606,False
-12.25,49,80.38065,False
-12.55,56,80.425878,False
-12.39,16,80.438225,False
-13.18,47,80.473698,False
-13.1,45,80.508093,False
-13.72,61,80.554589,False
-12.83,63,80.601239,False
-12.27,44,80.634019,False
-12.52,44,80.669172,False
-11.73,12,80.677771,False
-11.67,7,80.683298,False
-12.46,32,80.708044,False
-13.88,62,80.754745,False
-12.46,31,80.778123,False
-12.93,58,80.822022,False
-14.04,66,84.980974,False
-12.54,19,84.996824,False
-11.83,3,84.999495,False
-11.81,39,85.0296,False
-11.76,10,85.036822,False
-12.74,37,85.06465,False
-11.78,11,85.073522,False
-12.93,65,85.491934,False
-12.03,44,85.5315,False
-11.68,33,85.562593,False
-12.07,18,85.578923,False
-13.32,50,85.625019,False
-13.88,62,85.685565,False
-12.58,34,85.714604,False
-11.85,43,85.746775,False
-11.14,20,85.761083,False
-13.44,53,85.800789,False
-12.66,21,85.817111,False
-11.17,13,85.826812,False
-11.67,31,85.849406,False
-11.11,26,85.869943,False
-12.72,25,85.889187,False
-12.22,20,85.904565,False
-13.36,51,85.944623,False
-13.38,44,85.978464,False
-12.76,38,86.007979,False
-12.33,51,86.04576,False
-12.28,21,86.061518,False
-13.98,66,86.112465,False
-14.2,72,86.166795,False
-11.49,33,86.191421,False
-13.4,54,86.231693,False
-12.36,20,86.246869,False
-11.93,43,86.279215,False
-11.88,13,86.669014,False
-12.41,53,86.717442,False
-12.83,64,86.77984,False
-12.43,26,86.80768,False
-12.45,57,86.862998,False
-12.32,21,86.880465,False
-12.11,10,86.890228,False
-11.0,80,86.954962,False
-13.41,49,86.99295,False
-13.92,55,87.035591,False
-11.81,10,87.044807,False
-13.76,63,87.097964,False
-11.76,10,87.105367,False
-12.24,27,87.129414,False
-12.89,63,87.179752,False
-14.02,66,87.229996,False
-12.31,50,87.267168,False
-11.95,13,87.277095,False
-12.4,24,87.29482,False
-11.81,10,87.303605,False
-13.32,51,87.343545,False
-12.26,21,87.359193,False
-13.34,68,87.409131,False
-11.25,27,87.429517,False
-12.29,49,87.46494,False
-12.81,62,87.901547,False
-11.59,37,87.940121,False
-12.33,52,87.986557,False
-12.69,60,88.044862,False
-14.59,72,88.113313,False
-12.46,31,88.13789,False
-12.0,18,88.152302,False
-11.83,3,88.154315,False
-12.76,24,88.172299,False
-12.98,44,88.205446,False
-12.16,18,88.220268,False
-8.46,80,88.277744,False
-11.83,12,88.287601,False
-12.63,59,88.331539,False
-12.47,57,88.375349,False
-11.43,33,88.400287,False
-12.12,17,88.414159,False
-13.16,48,88.451349,False
-11.77,2,88.452652,False
-13.52,57,88.49759,False
-12.83,65,88.548214,False
-12.05,45,88.581964,False
-13.74,59,88.628326,False
-12.5,23,88.645684,False
-11.89,36,88.672789,False
-13.01,67,89.095109,False
-12.62,36,89.126232,False
-11.97,15,89.139872,False
-12.69,61,89.190377,False
-11.98,14,89.203701,False
-11.52,21,89.222634,False
-14.47,70,89.294159,False
-11.69,8,89.29984,False
-13.98,66,89.356663,False
-11.87,40,89.386248,False
-12.08,18,89.400303,False
-13.15,69,89.452445,False
-13.57,50,89.490727,False
-13.04,46,89.525648,False
-12.33,22,89.543192,False
-12.91,67,89.594832,False
-13.1,47,89.630617,False
-12.13,65,89.679241,False
-11.8,12,89.688861,False
-13.52,55,89.731232,False
-12.4,24,89.750103,False
-12.66,35,89.776827,False
-12.3,28,89.79765,False
-13.78,59,89.842612,False
-12.69,59,89.885176,False
-13.49,78,90.325362,False
-13.21,71,90.393038,False
-11.93,44,90.437008,False
-13.04,47,90.48445,False
-12.83,63,90.536861,False
-13.5,51,90.577038,False
-13.58,56,90.618649,False
-14.43,68,90.669137,False
-11.26,80,90.731494,False
-12.03,46,90.766902,False
-12.86,39,90.79675,False
-12.91,37,90.825547,False
-12.13,19,90.840416,False
-10.99,15,90.851959,False
-12.24,19,90.865703,False
-13.27,73,95.267664,False
-13.8,60,95.314982,False
-13.14,45,95.350056,False
-11.83,41,95.381262,False
-12.94,41,95.413893,False
-12.82,32,95.437984,False
-14.05,61,95.868286,False
-13.24,49,95.916266,False
-13.23,74,95.983472,False
-12.34,24,96.00742,False
-13.33,74,96.073584,False
-13.58,55,96.117631,False
-11.78,3,96.12019,False
-9.95,80,96.179235,False
-14.18,70,96.23373,False
-13.83,55,96.276364,False
-13.07,68,96.328347,False
-12.3,20,96.343478,False
-14.1,68,96.395302,False
-13.43,76,96.452378,False
-12.99,67,96.502796,False
-14.16,69,96.556026,False
-12.22,15,96.56734,False
-14.31,67,96.618606,False
-13.9,64,97.038373,False
-11.75,38,97.078297,False
-12.21,50,97.120383,False
-12.87,65,97.182749,False
-11.85,13,97.202521,False
-12.83,63,97.260104,False
-11.91,6,97.265231,False
-13.01,68,97.320543,False
-12.04,16,97.333065,False
-11.86,17,97.345367,False
-12.18,19,97.361072,False
-11.2,22,97.378458,False
-13.08,63,97.424823,False
-11.07,25,97.444191,False
-12.57,23,97.462692,False
-13.05,67,97.514779,False
-12.94,60,97.560618,False
-12.63,59,97.603935,False
-13.45,49,97.642075,False
-12.61,57,97.68504,False
-13.16,48,97.72284,False
-12.04,17,97.735364,False
-12.07,47,97.771168,False
-14.34,71,97.825964,False
-14.41,68,98.252494,False
-13.03,39,98.294491,False
-13.72,62,98.353889,False
-13.73,55,98.405727,False
-13.37,75,98.471922,False
-12.41,54,98.514602,False
-13.9,65,98.566912,False
-12.77,61,98.612758,False
-12.77,62,98.660549,False
-13.78,60,98.708952,False
-12.79,62,98.755619,False
-13.88,64,98.804821,False
-13.03,69,98.855879,False
-13.68,58,98.898959,False
-14.1,67,98.951944,False
-12.87,65,99.000947,False
-13.56,56,99.044329,False
-11.63,38,99.073219,False
-13.64,58,99.502112,False
-12.77,61,99.556875,False
-14.0,66,99.625274,False
-14.18,69,99.686409,False
-12.71,63,99.736972,False
-12.91,68,99.789157,False
-12.73,61,99.834874,False
-13.88,65,99.885447,False
-10.92,14,99.895995,False
-12.45,20,99.913094,False
-11.99,46,99.948106,False
-13.5,57,99.992563,False
-13.82,61,100.038918,False
-14.22,64,100.088312,False
-12.93,66,100.137428,False
-12.18,18,100.151023,False
-11.98,16,100.163302,False
-12.36,17,100.176136,False
-13.19,74,100.232137,False
-14.04,67,100.663744,False
-13.78,61,100.725973,False
-14.18,71,100.795636,False
-14.4,78,100.872082,False
-13.04,55,100.915109,False
-14.48,78,100.976555,False
-13.66,59,101.022708,False
-12.71,60,101.067655,False
-14.2,70,101.121265,False
-11.89,38,101.150154,False
-12.02,14,101.161157,False
-11.81,10,101.169413,False
-14.18,70,105.623782,False
-13.11,72,105.678416,False
-12.66,23,105.695538,False
-11.76,10,105.70277,False
-12.99,67,105.754311,False
-12.95,66,105.805065,False
-12.79,33,105.829945,False
-14.46,76,105.888054,False
-12.04,15,106.277316,False
-13.98,65,106.34449,False
-13.36,52,106.395043,False
-9.83,80,106.473113,False
-12.05,18,106.489659,False
-11.73,12,106.500184,False
-13.43,79,106.561899,False
-13.25,74,106.618278,False
-12.48,25,106.638752,False
-13.54,58,106.685185,False
-13.89,58,106.72871,False
-13.03,69,106.781516,False
-12.63,31,106.806221,False
-13.31,75,106.862985,False
-13.55,49,106.901134,False
-14.67,77,106.963219,False
-14.28,77,107.025621,False
-11.16,22,107.042234,False
-10.88,80,107.104229,False
-12.11,49,107.535313,False
-11.61,40,107.574308,False
-11.71,40,107.60906,False
-14.0,67,107.672897,False
-12.73,62,107.725884,False
-14.18,70,107.780629,False
-12.34,24,107.799253,False
-13.24,52,107.839396,False
-12.84,40,107.870987,False
-13.72,58,107.915277,False
-12.51,59,107.961169,False
-12.9,43,107.994658,False
-12.18,21,108.011569,False
-13.9,68,108.063832,False
-12.36,31,108.087837,False
-11.3,17,108.100356,False
-13.13,71,108.154986,False
-13.2,48,108.191622,False
-13.86,65,108.242936,False
-13.36,39,108.272797,False
-13.72,64,108.321683,False
-12.65,62,108.754188,False
-12.73,62,108.812256,False
-12.53,59,108.862769,False
-12.27,50,108.909875,False
-13.82,64,108.962121,False
-13.52,59,109.008051,False
-12.29,17,109.020867,False
-12.21,22,109.03819,False
-13.73,61,109.08562,False
-12.65,64,109.133771,False
-12.28,23,109.151902,False
-13.98,67,109.203298,False
-13.96,64,109.253281,False
-13.84,62,109.302163,False
-11.16,14,109.313201,False
-13.5,48,109.351372,False
-11.81,11,109.360471,False
-12.21,52,109.399983,False
-12.07,12,109.409045,False
-12.73,65,109.458982,False
-12.71,60,109.504125,False
-14.46,77,109.9477,False
-12.73,63,110.008534,False
-10.78,12,110.021608,False
-13.21,74,110.095282,False
-14.18,69,110.15651,False
-12.92,43,110.19014,False
-13.76,63,110.239042,False
-12.85,63,110.287851,False
-13.62,58,110.331004,False
-12.69,62,110.379031,False
-13.13,71,110.43206,False
-12.62,23,110.450051,False
-13.64,58,110.493688,False
-12.51,59,110.537807,False
-13.35,77,110.594042,False
-12.93,67,110.644538,False
-12.13,50,110.682931,False
-12.39,55,110.723968,False
-13.29,74,111.171979,False
-14.08,70,111.241668,False
-13.86,66,111.305856,False
-13.46,55,111.353867,False
-12.48,59,111.398693,False
-12.01,47,111.43558,False
-12.36,18,111.449131,False
-13.05,73,111.504468,False
-10.65,10,111.51198,False
-13.13,76,116.11465,False
-14.04,68,116.189539,False
-14.06,70,116.245792,False
-12.01,48,116.282819,False
-14.0,66,116.333565,False
-13.78,61,116.379815,False
-11.63,36,116.407167,False
-13.92,65,116.457928,False
-14.06,67,116.50993,False
-10.85,80,116.957083,False
-13.08,46,117.002978,False
-14.4,78,117.076616,False
-13.62,62,117.129517,False
-13.02,68,117.181392,False
-13.11,73,117.237711,False
-9.73,80,117.299112,False
-13.41,78,117.359982,False
-13.98,67,117.41167,False
-12.74,57,117.45435,False
-11.01,17,117.468794,False
-12.19,50,117.50998,False
-14.42,77,117.572338,False
-12.89,65,117.621746,False
-9.65,80,117.683094,False
-11.99,47,117.717503,False
-12.98,43,118.143663,False
-12.91,69,118.208325,False
-14.3,76,118.279732,False
-12.34,21,118.302113,False
-12.14,20,118.321478,False
-13.58,59,118.372125,False
-12.75,63,118.419824,False
-12.75,66,118.469965,False
-12.86,42,118.503658,False
-12.08,18,118.519616,False
-14.0,66,118.571486,False
-12.22,48,118.608023,False
-13.22,49,118.645358,False
-12.85,68,118.696952,False
-13.8,56,118.739289,False
-13.09,72,118.794374,False
-14.04,69,118.846598,False
-12.25,51,118.885344,False
-12.43,58,118.929268,False
-13.98,70,119.384331,False
-13.74,64,119.44228,False
-13.29,73,119.518781,False
-13.25,77,119.583082,False
-13.21,76,119.6404,False
-13.68,60,119.68734,False
-13.26,52,119.728116,False
-12.34,24,119.746448,False
-13.7,61,119.79541,False
-11.9,14,119.806659,False
-13.92,68,119.859561,False
-12.67,60,119.9042,False
-14.1,69,119.956205,False
-14.3,69,120.009572,False
-12.21,14,120.020576,False
-13.96,68,120.073175,False
-12.93,67,120.123122,False
-14.16,72,120.587749,False
-12.45,58,120.641871,False
-12.17,49,120.690657,False
-12.53,61,120.751221,False
-13.21,75,120.817094,False
-10.76,80,120.879194,False
-12.79,64,120.928206,False
-12.66,32,120.954409,False
-10.86,15,120.965106,False
-12.74,55,121.007004,False
-13.39,76,121.064641,False
-11.9,14,121.076716,False
-13.13,75,121.136566,False
-13.09,72,121.193755,False
-13.05,69,121.245915,False
-13.39,79,121.306649,False
-13.33,78,121.365488,False
-13.56,58,121.411989,False
-13.39,77,121.854705,False
-14.26,73,121.921979,False
-13.23,75,121.988131,False
-13.72,60,122.039108,False
-13.44,54,122.081816,False
-13.69,48,126.417068,False
-12.13,51,126.457912,False
-8.2,80,126.516643,False
-12.77,65,126.567129,False
-11.83,3,126.569606,False
-13.17,74,126.626075,False
-13.82,63,126.673899,False
-11.25,16,126.686317,False
-12.31,54,126.727144,False
-12.79,64,126.775649,False
-13.27,75,126.83286,False
-10.95,15,126.844466,False
-11.98,8,126.849978,False
-13.2,53,126.89239,False
-12.32,16,126.905699,False
-11.95,14,127.301817,False
-13.6,60,127.362077,False
-14.02,67,127.42675,False
-12.71,62,127.481843,False
-13.43,80,127.54829,False
-13.13,72,127.607459,False
-13.76,62,127.658626,False
-13.13,65,127.709273,False
-13.6,58,127.756586,False
-12.45,58,127.80004,False
-8.48,80,127.86095,False
-13.84,62,127.910468,False
-8.34,80,127.970134,False
-11.82,11,127.978641,False
-12.55,58,128.02391,False
-13.39,77,128.082022,False
-12.91,70,128.518849,False
-12.33,57,128.574906,False
-11.17,15,128.591051,False
-13.26,71,128.659346,False
-12.37,57,128.720475,False
-11.97,15,128.73253,False
-12.85,67,128.784467,False
-13.76,60,128.831217,False
-12.16,13,128.84204,False
-12.33,16,128.854522,False
-12.61,59,128.898836,False
-13.98,65,128.949575,False
-12.15,48,128.986153,False
-11.92,13,128.995738,False
-13.35,78,129.05606,False
-9.81,80,129.116117,False
-12.18,16,129.129009,False
-10.91,14,129.139776,False
-12.29,16,129.152556,False
-11.96,14,129.163387,False
-11.82,11,129.172175,False
-13.11,71,129.224555,False
-12.44,25,129.244988,False
-13.49,77,129.302383,False
-12.87,66,129.747323,False
-12.14,19,129.767349,False
-11.09,25,129.788894,False
-13.6,77,129.860128,False
-13.96,66,129.925216,False
-13.49,79,129.9884,False
-12.63,60,130.032981,False
-12.52,61,130.079259,False
-12.72,38,130.108159,False
-11.77,11,130.117113,False
-13.62,59,130.161908,False
-14.14,69,130.214271,False
-9.75,80,130.274464,False
-13.65,53,130.316039,False
-12.81,65,130.364734,False
-13.64,61,130.411593,False
-12.1,16,130.424678,False
-11.81,11,130.433204,False
-11.18,17,130.445996,False
-13.8,62,130.494792,False
-12.26,31,130.518712,False
-12.97,68,130.952994,False
-13.88,65,131.012792,False
-13.46,57,131.06953,False
-13.39,77,131.144644,False
-11.7,10,131.153458,False
-13.64,61,131.201944,False
-13.54,58,131.246888,False
-12.18,19,131.261868,False
-13.08,66,131.313549,False
-13.27,73,131.367517,False
-14.0,67,131.420466,False
-12.99,69,131.473651,False
-12.45,58,131.517074,False
-12.19,52,131.557464,False
-12.75,62,131.603985,False
-12.79,64,131.652631,False
-13.82,62,131.700789,False
-12.59,60,131.746161,False
-13.36,55,132.179622,False
-13.82,63,132.247363,False
-12.33,54,132.299883,False
-14.53,74,132.370243,False
-13.15,73,136.438368,False
-14.26,71,136.494413,False
-12.72,25,136.513741,False
-13.23,75,136.572199,False
-12.93,67,136.622446,False
-13.4,56,136.665047,False
-11.51,20,136.681349,False
-13.12,50,136.720499,False
-13.56,57,136.76413,False
-12.95,66,136.812292,False
-13.35,76,136.868513,False
-12.77,61,136.915549,False
-13.96,66,136.966534,False
-13.58,58,137.389564,False
-13.19,72,137.453467,False
-13.88,62,137.510723,False
-13.4,53,137.56154,False
-12.54,23,137.584175,False
-8.26,80,137.646243,False
-12.81,63,137.693753,False
-11.6,5,137.698675,False
-14.02,67,137.754951,False
-13.52,61,137.803735,False
-12.12,18,137.818072,False
-12.35,53,137.858961,False
-13.15,70,137.913373,False
-11.95,9,137.920175,False
-12.24,20,137.936818,False
-12.73,66,137.987836,False
-12.2,12,137.997272,False
-12.29,51,138.035894,False
-12.28,22,138.053457,False
-11.29,22,138.071017,False
-12.91,66,138.121319,False
-12.89,65,138.171869,False
-12.84,40,138.203233,False
-13.51,80,138.675456,False
-12.19,13,138.689011,False
-14.06,67,138.756716,False
-14.14,69,138.821888,False
-11.74,27,138.844795,False
-12.91,68,138.89687,False
-11.93,14,138.90778,False
-12.81,64,138.956473,False
-13.34,53,138.997678,False
-12.75,64,139.046449,False
-12.88,61,139.093087,False
-13.86,65,139.142938,False
-12.22,20,139.157706,False
-11.96,13,139.16876,False
-13.6,61,139.215936,False
-13.39,76,139.273555,False
-14.06,67,139.324446,False
-11.79,12,139.33429,False
-12.52,33,139.359779,False
-13.46,73,139.414158,False
-12.2,14,139.425613,False
-12.08,18,139.43909,False
-13.47,78,139.904425,False
-12.24,26,139.929388,False
-9.83,80,140.000854,False
-13.27,78,140.070086,False
-14.24,76,140.129462,False
-12.2,15,140.141455,False
-13.62,58,140.185594,False
-13.39,78,140.24503,False
-13.21,74,140.301051,False
-12.27,22,140.317519,False
-11.98,8,140.324041,False
-14.28,72,140.37922,False
-13.35,74,140.433971,False
-11.98,14,140.445494,False
-14.64,80,140.506919,False
-12.22,15,140.51839,False
-14.2,72,140.575241,False
-9.74,80,140.635114,False
-11.61,6,140.639112,False
-14.0,67,141.075514,False
-11.99,48,141.119888,False
-13.92,65,141.182653,False
-12.95,69,141.242904,False
-14.02,67,141.294144,False
-14.68,80,141.357554,False
-14.14,69,141.410214,False
-12.83,66,141.459596,False
-12.75,63,141.506894,False
-12.07,12,141.514949,False
-14.1,69,141.569135,False
-12.92,60,141.614127,False
-13.09,71,141.667093,False
-12.18,18,141.680393,False
-12.01,10,141.688644,False
-12.57,60,141.733308,False
-12.49,19,141.747603,False
-13.95,60,141.79404,False
-12.86,59,141.838673,False
-14.62,79,142.292104,False
-12.79,65,146.554411,False
-13.22,65,146.605148,False
-13.3,70,146.658705,False
-12.65,60,146.703944,False
-12.01,17,146.717822,False
-12.83,63,146.763587,False
-13.17,72,146.81808,False
-14.5,77,146.876525,False
-11.13,19,146.89184,False
-12.53,57,146.936244,False
-14.36,75,146.993128,False
-13.15,71,147.046005,False
-13.15,70,147.098505,False
-14.5,77,147.157038,False
-13.27,74,147.211908,False
-13.13,72,147.660804,False
-11.89,12,147.672851,False
-12.56,22,147.696349,False
-12.73,68,147.76369,False
-8.39,80,147.834325,False
-12.42,19,147.85131,False
-13.15,72,147.907277,False
-13.93,65,147.960253,False
-14.1,74,148.016924,False
-13.29,76,148.07618,False
-12.79,67,148.126645,False
-8.38,80,148.185264,False
-12.12,17,148.197775,False
-13.17,72,148.253815,False
-12.67,62,148.300178,False
-14.3,73,148.356139,False
-12.1,16,148.368054,False
-13.07,65,148.416114,False
-14.34,73,148.861827,False
-14.04,69,148.922304,False
-14.18,71,148.988565,False
-10.88,80,149.062568,False
-12.61,61,149.110055,False
-14.16,72,149.165519,False
-11.91,42,149.197854,False
-10.96,80,149.259907,False
-14.43,78,149.320776,False
-13.42,72,149.374596,False
-12.37,20,149.390375,False
-11.83,3,149.393376,False
-11.73,12,149.402346,False
-12.26,21,149.419864,False
-13.34,70,149.472428,False
-11.24,18,149.486234,False
-12.91,66,149.536685,False
-11.89,12,149.54621,False
-13.68,63,149.59579,False
-13.35,77,149.6544,False
-14.14,72,150.131859,False
-13.15,72,150.196917,False
-12.24,13,150.207443,False
-12.63,61,150.260479,False
-12.46,20,150.278976,False
-11.9,10,150.287636,False
-13.4,53,150.331169,False
-13.94,66,150.382219,False
-14.1,71,150.436954,False
-14.63,74,150.493913,False
-14.22,74,150.550996,False
-13.98,67,150.602312,False
-13.92,66,150.653903,False
-12.99,71,150.706717,False
-12.59,58,150.749901,False
-13.22,65,150.798811,False
-14.24,73,150.856051,False
-13.05,70,151.299895,False
-13.03,72,151.367618,False
-13.15,71,151.437514,False
-13.98,68,151.49863,False
-12.04,21,151.51499,False
-11.87,42,151.547772,False
-14.16,71,151.602003,False
-14.4,76,151.659467,False
-12.32,21,151.675762,False
-13.96,66,151.725628,False
-13.05,69,151.776726,False
-13.76,63,151.824987,False
-12.24,19,151.840368,False
-13.98,65,151.890507,False
-14.14,69,151.943761,False
-13.74,61,151.992435,False
-11.89,13,152.003057,False
-11.6,14,152.013586,False
-13.52,72,152.069817,False
-12.93,67,156.781829,False
-13.19,72,156.837046,False
-13.76,61,156.885254,False
-14.3,71,156.940436,False
-12.75,62,156.987291,False
-13.07,71,157.040393,False
-11.89,42,157.072055,False
-13.83,57,157.116378,False
-13.42,71,157.168718,False
-14.0,66,157.219986,False
-14.56,78,157.279515,False
-13.66,75,157.336589,False
-14.04,69,157.389716,False
-11.84,37,157.416198,False
-14.08,70,157.472544,False
-11.71,10,157.479544,False
-13.43,78,157.538746,False
-14.56,78,158.0007,False
-14.22,73,158.072718,False
-12.14,12,158.085701,False
-14.06,79,158.156585,False
-14.4,78,158.218966,False
-12.02,18,158.2334,False
-14.52,78,158.294426,False
-13.8,62,158.343937,False
-13.09,69,158.397386,False
-14.42,77,158.457634,False
-14.28,74,158.514403,False
-14.1,71,158.570746,False
-12.84,59,158.615416,False
-14.32,75,158.675969,False
-13.35,75,158.732929,False
-8.43,80,159.180244,False
-14.28,72,159.251077,False
-14.52,73,159.325779,False
-12.18,19,159.345171,False
-13.27,74,159.407174,False
-13.25,73,159.462679,False
-12.1,12,159.470944,False
-10.86,80,159.533972,False
-13.15,73,159.587399,False
-13.49,79,159.647633,False
-13.77,55,159.690193,False
-13.09,73,159.744895,False
-13.55,80,159.804177,False
-11.91,13,159.813698,False
-10.98,80,159.874805,False
-13.55,78,159.932578,False
-14.08,68,160.373176,False
-12.69,61,160.430939,False
-13.19,72,160.502209,False
-12.2,12,160.514715,False
-13.07,68,160.576053,False
-14.54,70,160.632826,False
-14.18,71,160.686978,False
-13.85,66,160.737827,False
-11.96,14,160.748868,False
-13.92,64,160.797196,False
-14.16,72,160.855108,False
-12.14,18,160.869592,False
-14.24,73,160.925023,False
-12.2,19,160.939391,False
-11.73,8,160.945972,False
-12.17,18,160.959609,False
-12.08,18,160.972643,False
-12.11,19,160.987681,False
-13.35,74,161.041775,False
-14.72,78,161.102548,False
-14.26,73,161.158509,False
-13.09,69,161.584274,False
-13.57,77,161.662159,False
-12.84,58,161.720622,False
-12.18,15,161.737217,False
-12.2,19,161.756553,False
-13.49,77,161.820638,False
-13.25,73,161.874697,False
-13.09,70,161.929119,False
-12.32,14,161.939995,False
-12.55,20,161.956003,False
-13.32,68,162.008214,False
-9.89,80,162.071793,False
-13.41,76,162.128754,False
-13.31,74,162.184746,False
-13.41,75,162.239417,False
-12.64,23,162.25794,False
-9.87,80,166.540841,False
-13.57,79,166.617348,False
-13.67,54,167.072577,False
-12.31,14,167.084598,False
-12.67,58,167.139669,False
-12.67,59,167.195354,False
-13.03,68,167.259691,False
-13.19,70,167.313123,False
-14.24,72,167.369268,False
-12.67,60,167.413682,False
-8.45,80,167.473607,False
-13.2,48,167.510502,False
-13.84,62,167.558275,False
-13.76,63,167.606949,False
-13.94,65,167.656563,False
-12.83,64,167.704916,False
-13.06,46,167.740384,False
-14.06,67,167.792084,False
-14.04,67,167.844479,False
-13.03,66,168.283955,False
-11.9,13,168.297459,False
-13.54,55,168.349389,False
-11.82,10,168.357915,False
-12.56,20,168.377192,False
-11.84,11,168.387614,False
-13.01,67,168.449638,False
-13.41,75,168.509488,False
-13.53,52,168.549967,False
-13.41,75,168.607144,False
-13.98,65,168.657534,False
-12.77,63,168.705491,False
-12.91,67,168.756746,False
-12.69,62,168.805016,False
-11.57,21,168.821656,False
-12.77,63,168.86873,False
-12.58,51,168.908643,False
-13.82,64,168.958664,False
-12.48,18,168.972441,False
-14.06,67,169.024394,False
-13.68,58,169.068549,False
-13.21,71,169.513296,False
-12.94,59,169.56463,False
-12.99,67,169.626834,False
-12.75,63,169.680753,False
-12.79,64,169.731843,False
-13.86,64,169.780532,False
-13.39,76,169.838895,False
-13.62,60,169.885495,False
-13.05,69,169.937658,False
-12.71,61,169.983624,False
-13.44,55,170.02681,False
-12.24,19,170.041734,False
-12.18,19,170.05621,False
-12.02,14,170.068628,False
-13.37,71,170.12313,False
-14.02,67,170.174956,False
-12.12,11,170.183272,False
-12.75,64,170.232875,False
-14.24,72,170.675234,False
-13.61,80,170.748369,False
-13.13,69,170.815568,False
-11.15,15,170.832145,False
-12.81,64,170.891768,False
-11.75,10,170.900828,False
-11.83,12,170.911227,False
-12.69,61,170.957686,False
-12.83,64,171.006179,False
-13.78,61,171.052967,False
-12.39,54,171.094079,False
-13.37,77,171.153856,False
-13.86,65,171.204208,False
-11.83,11,171.212733,False
-12.97,67,171.262811,False
-14.24,70,171.316992,False
-13.05,69,171.370299,False
-13.92,64,171.420229,False
-13.01,70,171.472718,False
-12.59,59,171.890749,False
-11.44,9,171.89976,False
-12.76,25,171.926167,False
-13.09,69,171.993198,False
-14.15,65,172.059868,False
-13.15,70,172.117071,False
-12.93,65,172.165944,False
-13.63,80,172.226401,False
-14.04,71,172.280863,False
-12.2,20,172.297122,False
-13.9,68,172.351521,False
-12.26,20,172.366551,False
-14.16,72,172.422883,False
-13.21,71,172.476641,False
-14.73,76,176.826521,False
-12.14,13,176.838211,False
-14.56,78,176.898384,False
-11.84,12,176.907649,False
-13.8,61,176.955332,False
-14.44,76,177.403529,False
-13.88,64,177.468884,False
-12.41,74,177.536521,False
-9.89,80,177.606911,False
-13.53,79,177.669417,False
-12.03,8,177.676052,False
-14.63,74,177.73183,False
-9.87,80,177.791365,False
-14.28,73,177.849209,False
-13.47,79,177.908186,False
-9.79,80,177.969024,False
-12.2,19,177.982853,False
-11.73,8,177.989379,False
-13.17,70,178.042402,False
-9.89,80,178.101824,False
-14.28,72,178.157407,False
-12.71,64,178.596298,False
-14.8,77,178.671841,False
-12.84,59,178.731562,False
-13.09,70,178.800217,False
-13.64,61,178.852508,False
-13.62,57,178.89603,False
-14.02,65,178.944893,False
-14.0,68,178.996403,False
-13.88,65,179.047895,False
-13.94,66,179.098103,False
-12.65,59,179.142535,False
-13.28,68,179.193529,False
-12.81,63,179.242389,False
-12.83,63,179.292473,False
-13.05,67,179.343023,False
-13.92,65,179.391282,False
-14.16,71,179.827765,False
-11.99,9,179.83785,False
-12.91,65,179.899328,False
-12.89,67,179.96598,False
-14.46,77,180.034792,False
-13.23,74,180.09152,False
-13.98,68,180.143667,False
-14.8,79,180.205341,False
-8.97,80,180.265359,False
-13.86,66,180.315691,False
-14.3,71,180.372645,False
-13.9,63,180.421301,False
-12.24,14,180.433401,False
-13.37,76,180.490115,False
-12.95,66,180.540693,False
-13.21,74,180.596807,False
-13.15,71,181.036176,False
-13.17,72,181.108646,False
-12.28,21,181.135,False
-14.46,76,181.213769,False
-14.13,67,181.272119,False
-12.75,60,181.317934,False
-12.02,15,181.32936,False
-13.73,78,181.389383,False
-13.19,70,181.44165,False
-12.66,55,181.484137,False
-12.75,61,181.532713,False
-12.89,65,181.581337,False
-11.01,19,181.596871,False
-14.5,77,181.657978,False
-14.3,73,181.713678,False
-13.09,72,181.769369,False
-12.66,55,181.810036,False
-11.82,11,181.818978,False
-14.62,79,182.268469,False
-13.47,79,182.343177,False
-13.31,74,182.414665,False
-12.95,67,182.475502,False
-11.88,11,182.485371,False
-12.23,51,182.525367,False
-12.39,19,182.540812,False
-14.64,80,182.602827,False
-14.28,72,182.656711,False
-12.76,25,182.675904,False
-11.95,14,182.68668,False
-13.09,70,182.739058,False
-13.11,71,182.793238,False
-12.09,16,182.804981,False
-13.25,75,187.13062,False
-13.68,60,187.176887,False
-13.17,71,187.229997,False
-12.64,22,187.247307,False
-13.96,66,187.297378,False
