#{"t_start": 1791214368.6073005, "env_id": "None"}
r,l,t,is_success
-11.77,2,1.106218,False
-11.78,3,1.109723,False
20.45,5,1.115723,True
-11.55,5,1.121228,False
-11.78,3,1.124228,False
-11.76,1,1.126228,False
-12.01,1,1.128228,False
-11.53,3,1.131734,False
-11.54,4,1.136218,False
-11.76,1,1.137218,False
-11.79,4,1.141725,False
-11.76,1,1.143725,False
-12.01,1,1.145725,False
-11.77,2,1.148725,False
20.44,6,1.155693,True
-11.54,4,1.160693,False
-10.8,5,1.166198,False
-11.31,6,1.172163,False
-11.77,2,1.175162,False
20.68,7,1.183672,True
21.43,7,1.192114,True
-10.57,7,1.200619,False
-11.53,3,1.204553,False
-11.55,5,1.210553,False
21.63,12,1.224453,True
-11.76,1,1.226089,False
-11.77,2,1.228094,False
-11.53,3,1.232094,False
-12.02,2,1.234188,False
20.45,5,1.240712,True
-11.77,2,1.244214,False
-11.77,2,1.247216,False
-11.52,2,1.250217,False
-11.33,8,1.260119,False
-12.02,2,1.262119,False
-10.32,7,1.270041,False
-12.01,1,1.271545,False
-11.31,6,1.277052,False
-12.01,1,1.278052,False
22.17,8,1.287956,True
-11.54,4,1.293462,False
-11.3,5,1.299586,False
20.2,5,1.304093,True
-10.78,3,1.307613,False
21.64,11,1.318553,True
-11.54,4,1.322551,False
-11.53,3,1.326061,False
-11.32,7,1.335306,False
-11.55,5,1.34082,False
-10.79,4,1.344822,False
-11.76,1,1.34682,False
-11.54,4,1.350744,False
-10.81,5,1.355767,False
22.37,13,1.368709,True
-11.78,3,1.372248,False
-11.3,5,1.377766,False
-11.8,5,1.382303,False
-11.78,3,1.385685,False
20.87,13,1.398047,True
-11.33,7,1.40395,False
-11.53,3,1.406945,False
-11.78,3,1.409945,False
-11.54,4,1.415453,False
20.2,5,1.419855,True
20.44,6,1.425378,True
22.13,12,1.436436,True
-11.77,2,1.438436,False
-11.05,5,1.443432,False
22.17,8,1.450305,True
-11.77,2,1.45237,False
-11.77,2,1.455164,False
20.21,4,1.45817,True
-12.01,1,1.45917,False
21.19,6,1.465169,True
-11.78,3,1.467626,False
-11.56,6,1.474154,False
-11.31,6,1.479679,False
20.45,5,1.485251,True
-11.3,5,1.489778,False
-11.53,3,1.491778,False
21.19,6,1.49781,True
21.18,7,1.504333,True
20.21,4,1.507857,True
-11.77,2,1.509856,False
-11.55,5,1.51585,False
-10.57,7,1.521887,False
20.43,7,1.528408,True
-11.54,4,1.53381,False
-11.77,2,1.536355,False
-11.8,5,1.54088,False
20.44,6,1.546461,True
-11.58,8,1.554414,False
-10.56,6,1.56059,False
-12.01,1,1.562591,False
-11.76,1,1.563584,False
-10.56,6,1.569517,False
-10.81,6,1.57605,False
19.94,6,1.58157,True
-11.76,1,1.582577,False
-11.32,7,1.590522,False
-11.53,3,1.594523,False
-10.82,7,1.601798,False
-11.79,3,1.604805,False
21.65,10,1.615314,True
20.88,12,1.627282,True
-11.77,2,1.630282,False
-11.54,4,1.634175,False
-11.31,6,1.640175,False
-10.81,6,1.646698,False
-11.77,2,1.649692,False
-12.01,1,1.651161,False
21.17,8,1.658715,True
20.43,7,1.666613,True
-11.54,4,1.67064,False
-11.78,3,1.673694,False
21.4,10,1.68421,True
-11.56,6,1.689689,False
-11.78,3,1.693202,False
-11.8,5,1.69875,False
-10.56,6,1.704097,False
-11.54,4,1.70762,False
21.42,8,1.715623,True
-11.78,3,1.719207,False
-11.77,2,1.721206,False
20.21,4,1.725206,True
-11.54,4,1.729724,False
-12.01,1,1.731737,False
-12.02,2,1.734202,False
-11.54,4,1.737757,False
-11.54,4,1.742754,False
20.2,5,1.747267,True
-11.57,7,1.754704,False
-11.77,2,1.756705,False
-11.78,3,1.760231,False
-11.78,3,1.764228,False
-12.01,1,1.765224,False
-11.54,4,1.769183,False
-10.13,13,1.780231,False
-12.01,1,1.782233,False
21.41,9,1.78981,True
20.41,9,1.797803,True
-11.52,2,1.800316,False
-11.57,6,1.80532,False
-10.58,8,1.812847,False
21.9,10,1.82181,True
-11.77,2,1.82381,False
-11.54,4,1.827322,False
-11.55,5,1.831915,False
-11.77,2,1.8339,False
-11.77,2,1.835523,False
-12.01,1,1.83652,False
-11.54,4,1.840969,False
-11.32,7,1.847146,False
-12.02,2,1.848656,False
20.68,7,1.856105,True
21.42,8,1.863239,True
21.38,12,1.87522,True
-11.53,3,1.877929,False
21.2,5,1.882258,True
-12.01,1,1.883792,False
-11.76,1,1.885416,False
-11.77,2,1.887432,False
-11.77,2,1.890431,False
20.44,6,1.895954,True
-11.07,7,1.903288,False
-12.01,1,1.9048,False
-11.33,8,1.911814,False
-11.76,1,1.913814,False
-11.53,3,1.917723,False
-11.78,3,1.920713,False
20.45,5,1.926239,True
-11.3,5,1.932239,False
-11.54,4,1.936161,False
20.2,5,1.941176,True
20.43,7,1.948686,True
-11.77,2,1.951089,False
-11.53,3,1.95409,False
-11.54,4,1.957607,False
-11.56,6,1.963611,False
20.2,5,1.968485,True
-11.32,7,1.974003,False
21.11,14,1.986349,True
-11.78,3,1.989886,False
-11.53,3,1.99288,False
-11.78,3,1.996406,False
22.16,9,2.004165,True
-11.76,1,2.006159,False
-11.3,5,2.010674,False
-11.53,3,2.014673,False
-12.03,3,2.017064,False
-11.76,1,2.018094,False
-12.02,2,2.020614,False
21.66,9,2.02862,True
-11.76,1,2.030132,False
-11.03,3,2.033482,False
-12.01,1,2.034498,False
-10.62,12,2.045029,False
-11.77,2,2.047029,False
-10.34,9,2.055909,False
-11.76,1,2.05891,False
-12.01,1,2.059916,False
20.19,6,2.065436,True
-11.77,2,2.067301,False
-12.01,1,2.069325,False
-11.54,4,2.072947,False
20.44,6,2.07848,True
-11.06,6,2.084337,False
21.43,7,2.091035,True
-11.11,11,2.10104,False
-12.01,1,2.102067,False
-11.56,6,2.10827,False
20.18,6,2.11379,True
-10.84,8,2.121144,False
-12.01,1,2.122144,False
-12.01,1,2.123649,False
-11.83,8,2.132654,False
-11.56,6,2.137907,False
-11.58,8,2.145415,False
22.13,12,2.157309,True
-11.29,4,2.162308,False
20.2,5,2.167194,True
-11.77,2,2.544168,False
-11.55,5,2.550168,False
20.45,5,2.55512,True
-11.54,4,2.55998,False
-12.01,1,2.561651,False
-11.76,1,2.563265,False
20.42,8,2.573003,True
21.92,8,2.582014,True
-11.77,2,2.58592,False
-11.79,4,2.590425,False
-11.76,1,2.592425,False
20.21,4,2.59693,True
-10.31,6,2.602759,False
21.41,9,2.611266,True
20.43,7,2.619231,True
22.62,13,2.634961,True
20.43,7,2.643474,True
-11.54,4,2.647989,False
-11.54,4,2.653669,False
20.44,6,2.660175,True
-11.3,5,2.665175,False
-11.03,3,2.669179,False
21.4,10,2.681201,True
-11.77,2,2.684654,False
-12.01,1,2.686653,False
-11.58,8,2.695668,False
21.43,7,2.703633,True
21.42,8,2.712137,True
-11.76,1,2.714138,False
-11.78,3,2.717138,False
20.43,7,2.72419,True
20.44,6,2.729692,True
-11.77,2,2.732695,False
-11.78,3,2.738142,False
20.21,4,2.743389,True
22.4,10,2.753827,True
-11.06,6,2.759636,False
-11.78,3,2.763531,False
19.97,3,2.766532,True
-11.56,6,2.772466,False
-11.79,4,2.776986,False
20.21,4,2.78099,True
-11.77,2,2.783498,False
-11.53,3,2.786514,False
-11.76,1,2.787019,False
22.64,11,2.797057,True
-11.08,8,2.804497,False
-11.56,5,2.809493,False
-11.57,7,2.816021,False
-11.58,8,2.822393,False
-10.57,7,2.828914,False
-11.54,4,2.832919,False
-11.77,2,2.834881,False
-11.77,2,2.837167,False
-11.77,2,2.839174,False
21.17,8,2.8467,True
-11.3,5,2.851458,False
-11.77,2,2.852972,False
-12.01,1,2.853971,False
19.96,4,2.858276,True
-11.77,2,2.860276,False
-11.31,6,2.86579,False
21.41,9,2.873053,True
20.43,7,2.879559,True
21.09,16,2.893942,True
-11.77,2,2.895941,False
21.38,12,2.908478,True
-11.54,4,2.911476,False
21.88,11,2.921541,True
20.2,5,2.92554,True
-12.01,1,2.92654,False
-11.77,2,2.929059,False
21.19,6,2.934541,True
-11.3,5,2.939076,False
-11.29,4,2.94309,False
-11.77,2,2.94509,False
-11.56,6,2.951054,False
20.44,6,2.957051,True
20.44,6,2.961573,True
-11.78,3,2.964566,False
-11.76,1,2.966568,False
-11.81,6,2.971453,False
20.21,4,2.974452,True
20.44,6,2.979974,True
-11.77,2,2.982488,False
-11.77,2,2.984773,False
22.64,11,2.993817,True
-12.02,2,2.995818,False
-11.53,3,3.000259,False
-12.01,1,3.002277,False
-11.3,5,3.006789,False
-10.36,11,3.016021,False
-11.78,3,3.019506,False
21.4,10,3.027031,True
-12.02,2,3.030026,False
-11.79,4,3.033031,False
21.42,8,3.040266,True
21.4,10,3.049782,True
-11.78,3,3.052207,False
-11.54,4,3.056731,False
-11.54,4,3.05973,False
20.44,6,3.06573,True
-11.56,6,3.070469,False
21.85,14,3.083032,True
21.18,7,3.089369,True
-11.32,7,3.095382,False
-11.79,4,3.099582,False
-12.01,1,3.100582,False
-12.01,1,3.100582,False
-12.01,1,3.102338,False
21.87,13,3.113872,True
20.44,6,3.119642,True
-11.56,6,3.124634,False
20.43,7,3.13116,True
20.44,6,3.136407,True
-11.77,2,3.138407,False
-11.56,6,3.143923,False
-11.53,3,3.146923,False
-11.78,3,3.148926,False
20.19,6,3.154706,True
-10.83,8,3.162238,False
-12.01,1,3.163236,False
22.62,13,3.175195,True
-11.79,4,3.178701,False
-11.57,6,3.184316,False
-11.77,2,3.187521,False
-11.76,1,3.188534,False
-11.77,2,3.191048,False
-10.83,8,3.19758,False
20.44,6,3.20394,True
-11.31,6,3.209476,False
-11.77,2,3.211476,False
-10.83,8,3.219986,False
-12.01,1,3.220979,False
-12.01,1,3.222491,False
-11.31,6,3.228365,False
20.43,7,3.234783,True
-11.55,4,3.238303,False
-11.54,4,3.242841,False
20.21,4,3.245842,True
20.21,4,3.250055,True
-11.76,1,3.251354,False
-10.79,4,3.255352,False
-11.77,2,3.257352,False
-11.54,4,3.260875,False
-11.77,2,3.262874,False
-11.79,4,3.266875,False
-11.76,1,3.268116,False
-11.29,4,3.272104,False
22.12,12,3.283151,True
-11.54,4,3.286628,False
20.21,4,3.290655,True
-12.02,2,3.292669,False
20.93,7,3.298187,True
-11.31,6,3.304117,False
-12.01,1,3.305117,False
-11.77,2,3.307647,False
-12.01,1,3.308949,False
-11.77,2,3.309964,False
-11.31,6,3.316489,False
20.43,7,3.322338,True
-10.56,6,3.327863,False
-11.76,1,3.328863,False
-11.76,1,3.330863,False
-11.29,4,3.334728,False
-11.54,4,3.338002,False
19.96,4,3.342484,True
21.63,12,3.353638,True
-11.77,2,3.354643,False
-11.08,8,3.362158,False
-11.77,2,3.365683,False
-12.01,1,3.367049,False
-11.3,5,3.372066,False
-11.77,2,3.374068,False
-11.59,9,3.38174,False
-11.78,3,3.385633,False
-11.33,8,3.392743,False
21.4,10,3.402335,True
-11.57,7,3.409694,False
-11.76,1,3.410694,False
-12.01,1,3.412695,False
-11.81,6,3.418694,False
-12.01,1,3.419693,False
-11.8,5,3.424694,False
-10.59,9,3.433216,False
-11.76,1,3.434663,False
20.43,7,3.441797,True
-12.01,1,3.442797,False
-11.77,2,3.44479,False
19.97,3,3.447311,True
-11.76,1,3.448319,False
-11.55,5,3.453667,False
-11.76,1,3.454666,False
-10.79,4,3.458193,False
-12.02,2,3.460197,False
21.43,7,3.466192,True
-11.55,5,3.47248,False
-11.78,3,3.47548,False
-11.55,5,3.480002,False
-11.76,1,3.481002,False
-12.02,2,3.483041,False
19.96,4,3.487628,True
21.41,9,3.495157,True
20.18,7,3.502272,True
-11.77,2,3.504029,False
-11.54,4,3.50804,False
21.26,24,3.529586,True
-11.3,5,3.5345,False
-11.3,5,3.539135,False
-11.77,2,3.541646,False
-11.77,2,3.54366,False
20.44,6,3.549334,True
-11.3,5,3.554782,False
20.44,6,3.940379,True
-11.77,2,3.943379,False
-11.76,1,3.945379,False
19.97,3,3.94838,True
-11.77,2,3.952348,False
20.43,7,3.960849,True
-11.53,3,3.964852,False
-10.78,3,3.968853,False
-12.01,1,3.971356,False
-11.86,11,3.984876,False
-11.03,3,3.988875,False
-12.02,2,3.991875,False
-10.79,4,3.997048,False
-11.77,2,4.000048,False
-12.01,1,4.001048,False
-12.01,1,4.00255,False
-11.55,5,4.009552,False
-11.52,2,4.012552,False
-12.02,2,4.015057,False
20.42,8,4.025044,True
-10.32,7,4.033999,False
-12.02,2,4.036015,False
-10.33,8,4.04652,False
-11.77,2,4.04852,False
-11.76,1,4.050933,False
-12.01,1,4.051948,False
20.44,6,4.059455,True
-12.01,1,4.061455,False
-12.03,3,4.064957,False
21.19,6,4.072343,True
-11.53,3,4.076564,False
-11.77,2,4.079563,False
-11.55,5,4.08547,False
20.45,5,4.092474,True
-11.54,4,4.097484,False
-10.8,5,4.103865,False
-12.01,1,4.105371,False
-11.55,5,4.111875,False
-11.3,5,4.119442,False
-11.54,4,4.124441,False
22.17,8,4.133946,True
20.19,6,4.139876,True
21.18,7,4.146873,True
-11.53,3,4.150827,False
-11.78,3,4.153823,False
-11.33,7,4.160345,False
22.17,8,4.167704,True
-11.77,2,4.170249,False
-11.77,2,4.17325,False
-12.02,2,4.175248,False
-12.01,1,4.176248,False
20.45,5,4.181767,True
-11.3,5,4.187527,False
-11.78,3,4.190037,False
-11.78,3,4.192369,False
-11.32,7,4.199952,False
-11.33,8,4.20749,False
-11.77,2,4.209483,False
-11.54,4,4.214007,False
-11.77,2,4.216339,False
20.2,5,4.221863,True
-11.78,3,4.225383,False
-11.77,2,4.227391,False
-11.8,5,4.232612,False
-11.78,3,4.23595,False
21.43,7,4.243071,True
-11.81,6,4.249064,False
-11.77,2,4.251479,False
-11.76,1,4.252996,False
-11.77,2,4.255001,False
-11.76,1,4.255994,False
-11.77,2,4.258001,False
-11.78,3,4.261001,False
-11.32,7,4.267959,False
-11.78,3,4.269953,False
-11.77,2,4.271953,False
-10.57,7,4.278478,False
21.39,10,4.287276,True
-11.83,8,4.294277,False
-11.78,3,4.296804,False
-11.77,2,4.298813,False
-11.78,3,4.301067,False
-11.77,2,4.303062,False
-11.76,1,4.305062,False
20.67,8,4.312344,True
-11.78,3,4.316412,False
-11.56,6,4.32143,False
-11.31,6,4.326431,False
-11.53,3,4.328946,False
-11.54,4,4.332945,False
-10.56,6,4.337384,False
22.61,14,4.350037,True
-12.01,1,4.351307,False
-12.01,1,4.352314,False
-11.53,3,4.355314,False
-11.78,3,4.358316,False
-11.79,4,4.361839,False
-11.76,1,4.362838,False
-11.77,2,4.364832,False
-11.53,3,4.36809,False
20.43,7,4.374616,True
20.2,5,4.378616,True
-12.01,1,4.380128,False
20.2,5,4.384885,True
-11.53,3,4.38788,False
-11.55,5,4.392405,False
-12.01,1,4.393398,False
-11.77,2,4.395903,False
-11.05,5,4.399434,False
-11.33,8,4.40731,False
-11.55,5,4.41183,False
-11.76,1,4.412834,False
-11.31,6,4.419157,False
-11.77,2,4.420159,False
20.2,5,4.425686,True
-12.01,1,4.426686,False
20.2,5,4.430686,True
-11.77,2,4.433215,False
-11.54,4,4.436647,False
-11.56,6,4.442647,False
-12.02,2,4.444157,False
20.67,8,4.451592,True
21.42,8,4.45912,True
-11.76,1,4.460119,False
21.43,7,4.46664,True
20.2,5,4.471912,True
-11.55,5,4.476437,False
-11.79,4,4.479437,False
-11.79,4,4.482636,False
-11.79,4,4.487429,False
21.19,6,4.492429,True
-11.77,2,4.49343,False
21.39,11,4.506316,True
20.19,6,4.510828,True
-11.54,4,4.515827,False
-11.57,7,4.521852,False
21.55,20,4.539675,True
-11.78,3,4.542675,False
21.2,5,4.5478,True
21.65,10,4.556283,True
-11.3,5,4.561809,False
-11.32,7,4.567653,False
21.65,10,4.576668,True
-11.53,3,4.580193,False
-11.33,8,4.586995,False
21.19,6,4.592519,True
-11.76,1,4.593519,False
-12.01,1,4.594519,False
-12.01,1,4.596031,False
21.65,10,4.604375,True
-12.01,1,4.60637,False
21.36,14,4.618329,True
-11.54,4,4.622848,False
-11.3,5,4.626855,False
20.68,7,4.633382,True
-12.02,2,4.634833,False
-12.01,1,4.635832,False
-11.3,5,4.639832,False
-11.53,3,4.643355,False
-11.8,5,4.647355,False
-11.53,3,4.650355,False
21.64,11,4.660629,True
20.2,5,4.664157,True
-12.01,1,4.666158,False
-11.52,2,4.667157,False
20.67,8,4.674963,True
20.94,6,4.680957,True
-12.02,2,4.681968,False
-11.77,2,4.684941,False
-11.77,2,4.686467,False
22.38,12,4.69699,True
-11.76,1,4.698514,False
21.41,9,4.706546,True
-11.77,2,4.708545,False
20.42,8,4.715584,True
-10.8,5,4.719898,False
-12.01,1,4.720896,False
-11.53,3,4.723896,False
21.42,8,4.731089,True
-11.3,5,4.736043,False
-11.57,7,4.74305,False
-11.54,4,4.746574,False
-11.31,6,4.752861,False
-12.02,2,4.75486,False
20.2,5,4.759373,True
-11.55,5,4.764369,False
-12.02,2,4.766377,False
20.42,7,4.772215,True
-11.77,2,4.774215,False
-11.77,2,4.776725,False
-11.76,1,4.777733,False
-11.54,4,4.781741,False
-11.57,7,4.78812,False
-12.01,1,4.78912,False
21.41,9,4.797633,True
20.17,8,4.804642,True
20.43,7,4.811159,True
-10.55,5,4.816167,False
-12.01,1,4.817455,False
-10.78,3,4.819975,False
-11.77,2,4.821975,False
-11.56,6,4.827494,False
-11.78,3,4.830019,False
-11.53,3,4.833019,False
-11.53,3,4.835263,False
-11.77,2,4.837261,False
-12.01,1,4.83826,False
-11.8,5,4.843779,False
-12.01,1,4.844779,False
21.18,7,4.850298,True
20.19,6,4.855564,True
-11.77,2,4.857557,False
-11.53,3,4.859557,False
20.68,7,4.866084,True
20.19,6,4.871842,True
21.4,10,4.879846,True
-11.53,3,4.883376,False
20.21,4,4.887116,True
-11.08,8,4.893656,False
-12.01,1,4.894656,False
-11.31,6,4.900166,False
22.08,17,4.915436,True
21.17,8,4.92169,True
21.19,6,4.927218,True
20.21,4,4.930218,True
21.17,7,4.937076,True
-11.55,5,4.94208,False
-11.77,2,4.94308,False
-11.3,5,4.948608,False
-12.01,1,4.949964,False
-12.01,1,4.950988,False
20.19,6,4.956509,True
-11.32,7,5.33629,False
-11.76,1,5.33829,False
-11.76,1,5.33929,False
22.4,10,5.351682,True
21.59,16,5.367624,True
-10.79,4,5.371635,False
-11.54,4,5.377141,False
20.68,7,5.385982,True
20.43,7,5.393988,True
-11.76,1,5.394991,False
-11.52,2,5.396991,False
-11.56,6,5.402845,False
-11.77,2,5.40635,False
-11.77,2,5.40935,False
-11.52,2,5.41235,False
-11.77,2,5.415357,False
20.21,4,5.419757,True
-11.54,4,5.42526,False
-11.78,3,5.429265,False
-11.78,3,5.433264,False
-11.32,6,5.440183,False
21.42,8,5.450006,True
-11.32,7,5.457524,False
-11.81,6,5.463523,False
-11.29,4,5.469438,False
-12.01,1,5.470438,False
-11.53,3,5.474438,False
20.21,4,5.479552,True
22.13,12,5.493999,True
-10.84,9,5.505517,False
-10.35,10,5.517988,False
21.36,14,5.533967,True
-11.77,2,5.535996,False
22.4,10,5.54622,True
-11.76,1,5.548219,False
-11.53,3,5.550598,False
21.17,8,5.559467,True
-11.54,4,5.563773,False
20.19,6,5.569169,True
-10.8,5,5.573841,False
22.38,12,5.58459,True
-12.01,1,5.585609,False
-11.78,3,5.588609,False
-11.55,5,5.593341,False
-11.78,3,5.596341,False
21.18,7,5.602166,True
-11.53,3,5.605171,False
-11.76,1,5.606936,False
19.96,4,5.609923,True
-11.54,4,5.614439,False
-12.02,2,5.61628,False
22.42,8,5.622802,True
-11.77,2,5.625813,False
-11.78,3,5.628813,False
-11.79,4,5.631817,False
20.91,9,5.640644,True
-11.57,6,5.646169,False
-11.55,5,5.650169,False
-11.76,1,5.652463,False
-12.01,1,5.653968,False
-11.78,3,5.656974,False
22.57,16,5.671352,True
20.21,4,5.67487,True
-11.77,2,5.676875,False
21.41,9,5.683868,True
-11.77,2,5.686186,False
-11.3,5,5.690703,False
-11.8,5,5.694703,False
-11.52,2,5.697227,False
-11.78,3,5.699222,False
20.91,9,5.70874,True
-11.54,4,5.71225,False
-11.54,4,5.715249,False
-11.54,4,5.719163,False
-11.52,2,5.721163,False
-11.76,1,5.723163,False
-11.53,3,5.725163,False
-11.31,6,5.731694,False
-11.76,1,5.733684,False
20.44,6,5.738218,True
-11.57,7,5.744454,False
21.13,12,5.755401,True
20.2,5,5.759926,True
-11.76,1,5.760926,False
-11.77,2,5.763919,False
20.18,7,5.769874,True
-10.84,9,5.777831,False
-11.79,4,5.782336,False
-11.53,3,5.784854,False
-12.02,2,5.787861,False
-11.77,2,5.789861,False
-11.54,4,5.794401,False
-11.77,2,5.796401,False
-11.57,7,5.803343,False
-12.01,1,5.804348,False
20.2,5,5.810355,True
-11.52,2,5.812349,False
-11.78,3,5.815872,False
-11.76,1,5.817234,False
20.19,6,5.822764,True
-11.54,4,5.826778,False
-11.76,1,5.828778,False
-11.32,7,5.835783,False
21.17,8,5.842775,True
-11.76,1,5.844286,False
22.78,22,5.863103,True
-11.77,2,5.865105,False
20.67,8,5.872077,True
-11.76,1,5.873077,False
-11.53,3,5.876594,False
-11.54,4,5.879609,False
21.42,8,5.887007,True
-11.08,8,5.894054,False
-12.02,2,5.896054,False
-11.79,4,5.899578,False
-11.3,5,5.904469,False
20.2,5,5.908994,True
-11.78,3,5.911515,False
21.43,7,5.917819,True
-11.3,5,5.922345,False
-11.76,1,5.923344,False
-11.54,4,5.927345,False
-11.76,1,5.928855,False
-11.77,2,5.930869,False
-11.56,6,5.936122,False
-11.07,7,5.942647,False
-11.79,4,5.945647,False
-10.57,7,5.951578,False
20.45,5,5.956576,True
-11.79,4,5.960087,False
-10.79,4,5.964102,False
-11.77,2,5.966102,False
-11.53,3,5.968495,False
21.42,8,5.976017,True
21.65,10,5.984758,True
-11.78,3,5.986753,False
21.84,16,6.000291,True
20.45,5,6.005367,True
20.45,5,6.009366,True
-11.77,2,6.011371,False
-11.54,4,6.015891,False
-11.77,2,6.018055,False
-12.01,1,6.019097,False
-11.77,2,6.021094,False
-11.77,2,6.023094,False
21.87,13,6.033951,True
20.19,6,6.039972,True
-12.01,1,6.040966,False
-11.77,2,6.042972,False
-11.77,2,6.044491,False
20.45,5,6.049495,True
21.43,7,6.055454,True
-11.76,1,6.056448,False
-11.53,3,6.059449,False
-12.01,1,6.060449,False
-11.78,3,6.063449,False
-11.79,4,6.067237,False
-12.05,5,6.072236,False
21.12,13,6.082754,True
-12.01,1,6.083754,False
-11.54,4,6.0875,False
20.44,6,6.093029,True
-11.56,6,6.098558,False
22.35,15,6.111587,True
20.2,5,6.117105,True
-11.08,8,6.123373,False
-11.77,2,6.125373,False
21.62,12,6.13614,True
-11.55,5,6.140646,False
21.62,13,6.151427,True
-11.55,5,6.15542,False
-12.03,3,6.158931,False
-11.58,8,6.165941,False
21.19,6,6.170752,True
19.94,6,6.176752,True
-11.53,3,6.178751,False
-11.53,3,6.18193,False
-11.78,3,6.185338,False
-11.55,5,6.189335,False
-11.78,3,6.192864,False
-11.53,3,6.194864,False
-11.78,3,6.197857,False
-11.77,2,6.200763,False
22.17,8,6.206817,True
-11.79,4,6.211332,False
21.36,14,6.222809,True
-11.54,4,6.225813,False
-11.78,3,6.230002,False
-11.53,3,6.232528,False
21.17,8,6.240438,True
-11.77,2,6.241947,False
19.95,5,6.248465,True
-12.01,1,6.249798,False
-11.54,4,6.253821,False
-11.78,3,6.257346,False
-12.01,1,6.259347,False
20.44,6,6.265346,True
20.21,4,6.269169,True
-12.01,1,6.270168,False
21.16,9,6.278683,True
-11.55,5,6.283683,False
-11.79,4,6.287479,False
-12.03,3,6.289479,False
20.19,6,6.295007,True
-11.53,3,6.298524,False
20.67,8,6.305326,True
-11.29,4,6.309417,False
-11.78,3,6.312418,False
-11.76,1,6.313418,False
-11.78,3,6.315936,False
-11.76,1,6.317266,False
-12.01,1,6.318276,False
20.2,5,6.323274,True
-11.76,1,6.324274,False
-11.78,3,6.327274,False
-11.77,2,6.329579,False
-11.31,6,6.334871,False
-11.54,4,7.180445,False
-11.77,2,7.186056,False
-11.56,6,7.198098,False
-11.55,5,7.209131,False
-11.52,2,7.214135,False
20.68,7,7.228502,True
-11.56,6,7.241509,False
-11.3,5,7.252496,False
-10.57,7,7.266927,False
21.64,11,7.289368,True
-11.54,4,7.297411,False
-11.8,5,7.30889,False
20.21,4,7.316739,True
-11.78,3,7.32439,False
-11.54,4,7.333259,False
-11.55,5,7.344306,False
-11.76,1,7.34732,False
-11.53,3,7.353762,False
-12.01,1,7.356191,False
-11.09,9,7.374689,False
20.44,6,7.388108,True
-11.57,7,7.402843,False
21.19,6,7.410983,True
-11.53,3,7.413496,False
21.19,6,7.419787,True
-11.54,4,7.441631,False
-11.76,1,7.453333,False
21.41,9,7.498273,True
-11.77,2,7.508116,False
-11.03,3,7.521168,False
-11.3,5,7.53282,False
21.89,11,7.554675,True
21.14,11,7.578056,True
21.4,10,7.598442,True
-11.77,2,7.604694,False
20.21,4,7.613178,True
20.68,7,7.627064,True
-11.77,2,7.632589,False
-11.76,1,7.635978,False
-11.78,3,7.642398,False
-11.78,3,7.648506,False
22.4,10,7.67013,True
19.96,4,7.677661,True
20.44,6,7.691689,True
-10.82,7,7.706114,False
20.19,6,7.719412,True
-11.53,3,7.72546,False
-11.56,6,7.739256,False
-10.58,8,7.75662,False
-10.81,6,7.769424,False
-11.31,6,7.78195,False
-11.54,4,7.79188,False
-11.77,2,7.797715,False
20.21,4,7.80593,True
-11.76,1,7.810455,False
-11.8,5,7.821012,False
20.2,5,7.832068,True
-10.8,5,7.843617,False
-11.76,1,7.845617,False
21.17,8,7.862077,True
-11.77,2,7.867091,False
-11.78,3,7.874768,False
-11.53,3,7.881767,False
-10.1,9,7.900031,False
-11.81,5,7.911555,False
-11.77,2,7.916589,False
-11.32,7,7.931155,False
20.45,5,7.942674,True
-12.02,2,7.947689,False
21.41,9,7.966407,True
-11.76,1,7.969406,False
21.07,18,8.004386,True
21.38,12,8.030855,True
20.44,6,8.045388,True
20.45,5,8.055756,True
21.5,25,8.103922,True
-11.53,3,8.112445,False
20.21,4,8.120052,True
-11.54,4,8.159631,False
-10.34,9,8.209284,False
-11.53,3,8.21931,False
-11.77,2,8.223648,False
-11.77,2,8.228727,False
-11.3,5,8.240232,False
-12.01,1,8.243756,False
-11.54,4,8.253267,False
-12.01,1,8.256274,False
20.21,4,8.265796,True
-11.54,4,8.274131,False
-12.01,1,8.277339,False
21.42,8,8.293863,True
-11.55,5,8.311432,False
21.41,9,8.331183,True
-11.77,2,8.336545,False
-11.8,5,8.347256,False
-11.8,5,8.359292,False
20.45,5,8.370767,True
20.45,5,8.385113,True
19.95,5,8.395636,True
20.68,7,8.411546,True
-12.01,1,8.414539,False
-11.76,1,8.417955,False
-11.54,4,8.427105,False
-11.31,6,8.440443,False
-11.77,2,8.445292,False
-12.02,2,8.449969,False
-11.78,3,8.456919,False
-12.01,1,8.459918,False
20.44,6,8.473442,True
-11.6,10,8.493499,False
-11.54,4,8.502985,False
21.39,10,8.523886,True
-11.76,1,8.526896,False
19.96,4,8.536775,True
-11.76,1,8.539259,False
-10.32,7,8.556254,False
-11.78,3,8.563943,False
-12.01,1,8.566495,False
-12.01,1,8.570479,False
-11.58,8,8.587383,False
-11.56,6,8.600564,False
-11.77,2,8.6046,False
-10.33,8,8.625077,False
-11.77,2,8.630091,False
-11.55,5,8.641516,False
20.21,4,8.649049,True
21.16,9,8.669718,True
-11.78,3,8.675725,False
-11.76,1,8.677725,False
-11.76,1,8.681136,False
21.18,7,8.697083,True
-12.01,1,8.700436,False
-12.01,1,8.703968,False
-10.81,6,8.717015,False
-11.53,3,8.725338,False
-12.01,1,8.72786,False
20.43,7,8.742805,True
-11.54,4,8.753672,False
-12.01,1,8.756672,False
21.66,9,8.77602,True
-11.3,5,8.78758,False
21.61,14,8.815852,True
21.65,10,8.837764,True
-11.76,1,8.840897,False
-11.77,2,8.845893,False
-11.54,4,8.854815,False
-11.54,4,8.865002,False
-11.76,1,8.867381,False
21.18,7,8.883412,True
-11.78,3,8.889741,False
22.6,15,8.92261,True
-11.3,5,8.932653,False
-11.77,2,8.938629,False
21.42,8,8.955498,True
-10.79,4,8.963029,False
-11.54,4,8.973918,False
21.42,8,8.989813,True
-11.77,2,8.994344,False
-11.54,4,9.005233,False
20.19,6,9.018371,True
-11.78,3,9.024891,False
21.42,8,9.04186,True
-12.04,4,9.051302,False
-12.01,1,9.054301,False
-12.01,1,9.057301,False
-11.76,1,9.060813,False
-11.77,2,9.065821,False
21.43,7,9.080348,True
-11.57,7,9.09532,False
19.96,4,9.103877,True
-11.53,3,9.111409,False
-11.77,2,9.116243,False
-11.32,7,9.130793,False
-12.01,1,9.133034,False
-11.76,1,9.136329,False
-11.06,6,9.148856,False
21.63,12,9.172613,True
-12.01,1,9.176137,False
-11.77,2,9.180138,False
-10.79,4,9.189467,False
-11.56,6,9.202273,False
-10.09,9,9.220506,False
-11.77,2,9.225018,False
-11.59,8,9.240527,False
-11.31,6,9.253458,False
-11.77,2,9.258465,False
-10.8,5,9.270311,False
-11.53,3,9.277842,False
-11.31,6,9.289594,False
-10.33,8,10.230374,False
-11.54,4,10.241376,False
19.96,4,10.259025,True
20.92,8,10.282983,True
-10.34,9,10.311039,False
-12.01,1,10.31829,False
-12.01,1,10.322288,False
-11.78,3,10.330359,False
19.97,3,10.337423,True
-11.77,2,10.341415,False
-12.03,3,10.348962,False
20.68,7,10.36654,True
-11.76,1,10.370711,False
-12.02,2,10.375706,False
-12.01,1,10.377711,False
-11.77,2,10.384239,False
19.96,4,10.39361,True
-11.77,2,10.399603,False
-11.53,3,10.407144,False
-12.01,1,10.41014,False
21.37,13,10.437766,True
-12.01,1,10.440765,False
20.2,5,10.452326,True
-11.78,3,10.458373,False
-12.01,1,10.461378,False
-10.79,4,10.471892,False
-11.55,5,10.483419,False
-11.77,2,10.487939,False
21.41,9,10.507055,True
-11.54,4,10.519101,False
20.2,5,11.494687,True
-11.53,3,11.501215,False
-11.77,2,11.506214,False
20.44,6,11.521641,True
-11.77,2,11.528651,False
21.67,8,11.546221,True
-11.76,1,11.548222,False
20.2,5,11.560121,True
-11.77,2,11.565078,False
20.44,6,11.579758,True
-11.53,3,11.586636,False
-11.54,4,11.595145,False
-11.31,6,11.607901,False
-12.01,1,11.6109,False
-12.01,1,11.613572,False
-11.78,3,11.620495,False
-12.01,1,11.624022,False
-12.01,1,11.627023,False
21.18,7,11.641663,True
-11.78,3,11.64868,False
-11.54,4,11.657243,False
-11.78,3,11.663754,False
-10.56,6,11.677294,False
20.68,7,11.690815,True
-11.32,6,11.704351,False
-11.54,4,11.712871,False
-11.78,3,11.716375,False
-11.56,6,11.722386,False
-11.32,7,11.729908,False
-11.29,4,11.734905,False
-11.77,2,11.737432,False
20.44,6,11.743439,True
-11.54,4,11.748955,False
-12.02,2,11.750488,False
21.19,6,11.757009,True
20.43,7,11.76455,True
-11.77,2,11.766801,False
21.14,11,11.778306,True
-11.83,8,11.786833,False
-12.01,1,11.787833,False
22.32,18,11.803853,True
-11.53,3,11.807861,False
-11.79,4,11.811379,False
20.44,6,11.818569,True
21.16,9,11.847238,True
21.42,8,11.867815,True
21.17,8,11.883849,True
20.44,6,11.896379,True
20.42,8,11.914917,True
-12.01,1,11.917923,False
20.2,5,11.928455,True
-10.58,8,11.949025,False
21.41,9,11.968544,True
20.43,7,11.983664,True
20.44,6,11.997707,True
-11.77,2,12.00276,False
-11.77,2,12.008307,False
21.19,6,12.021443,True
20.21,4,12.032975,True
-11.31,6,12.047028,False
-11.78,3,12.054548,False
-11.78,3,12.061073,False
22.62,13,12.08913,True
20.21,4,12.09865,True
-11.76,1,12.102657,False
-10.82,7,12.117085,False
-12.01,1,12.120242,False
22.38,12,12.14681,True
-12.01,1,12.149812,False
-11.78,3,12.15634,False
-12.02,2,12.16085,False
-12.02,2,12.166929,False
-12.03,3,12.173439,False
-11.76,1,12.176453,False
-11.81,6,12.18998,False
-11.54,4,12.202494,False
-11.77,2,12.207494,False
-11.78,3,12.215011,False
-12.02,2,12.220017,False
20.2,5,12.236081,True
20.44,6,12.251652,True
20.44,6,12.265697,True
20.21,4,12.274803,True
-11.76,1,12.276802,False
-11.76,1,12.279865,False
-11.77,2,12.284913,False
20.45,5,12.296444,True
-11.53,3,12.305972,False
-12.01,1,12.311972,False
-11.57,7,12.331303,False
-11.78,3,12.340363,False
-11.79,4,12.349336,False
-11.58,8,12.36637,False
-11.79,4,12.374878,False
-10.81,6,12.388933,False
-11.52,2,12.393459,False
-11.3,5,12.40599,False
-11.29,4,12.415503,False
21.43,7,12.429044,True
20.43,7,12.446563,True
20.45,5,12.458629,True
-10.81,6,12.471567,False
-11.53,3,12.479098,False
-11.77,2,12.485494,False
-12.01,1,12.488604,False
-11.54,4,12.498128,False
-12.01,1,12.501135,False
-11.77,2,12.506128,False
-12.01,1,12.510325,False
-11.53,3,12.516678,False
-11.78,3,12.523252,False
-11.32,7,12.540863,False
21.64,11,12.57355,True
-11.78,3,12.580088,False
21.41,9,12.601732,True
-11.53,3,12.610446,False
21.81,18,12.658111,True
20.44,6,12.673168,True
20.43,7,12.691232,True
-11.55,5,12.703838,False
-11.77,2,12.70883,False
-12.01,1,12.711837,False
-11.33,8,12.729636,False
-11.76,1,12.732894,False
-11.79,4,12.743425,False
-12.01,1,12.746425,False
20.21,4,12.755954,True
20.45,5,12.768997,True
-12.02,2,12.775034,False
-12.01,1,12.77804,False
-12.01,1,12.782049,False
-11.78,3,12.788204,False
22.65,10,12.812983,True
22.56,19,12.851568,True
-11.76,1,12.857562,False
-11.78,3,12.863631,False
21.42,8,12.882968,True
-11.53,3,12.889968,False
21.41,9,12.910028,True
21.41,9,12.929058,True
-11.55,5,12.940584,False
-11.77,2,12.9456,False
20.2,5,12.957122,True
-11.77,2,12.961643,False
-11.77,2,12.968151,False
20.68,7,12.983721,True
-10.81,6,12.996251,False
-12.01,1,12.99925,False
-12.01,1,13.002522,False
-11.77,2,13.007779,False
-11.79,4,13.017313,False
21.19,6,13.029836,True
-11.76,1,13.031841,False
-12.01,1,13.035182,False
20.2,5,13.046684,True
-11.57,7,13.062741,False
20.94,6,13.078305,True
-12.01,1,13.080305,False
20.19,6,13.094468,True
-11.53,3,13.099998,False
22.38,12,13.126063,True
21.41,9,13.144359,True
-11.3,5,13.155896,False
-12.01,1,13.158887,False
-11.77,2,13.162945,False
20.2,5,13.175473,True
20.19,6,13.189527,True
-11.78,3,13.196527,False
-11.77,2,13.205052,False
21.16,9,13.223675,True
-11.58,8,13.243215,False
-11.53,3,13.250353,False
-11.54,4,13.258878,False
-11.77,2,13.264402,False
19.96,4,13.272929,True
-11.55,5,13.286797,False
21.17,8,13.303373,True
-12.01,1,13.306373,False
22.4,10,13.335415,True
22.41,9,13.356402,True
-11.53,3,13.363927,False
-11.8,5,13.37854,False
20.19,6,13.392105,True
-12.03,3,13.399105,False
-11.53,3,13.407629,False
-11.77,2,13.412152,False
-9.37,12,13.454846,False
20.2,5,13.483508,True
20.44,6,13.500683,True
-11.77,2,13.510199,False
-12.02,2,13.5162,False
-11.54,4,13.528244,False
-12.01,1,13.532261,False
-11.31,6,13.547478,False
-12.01,1,13.550472,False
-12.02,2,13.55653,False
-11.77,2,13.56306,False
-11.29,4,13.571995,False
21.64,11,13.623928,True
-12.01,1,13.627444,False
-10.57,7,13.655295,False
20.44,6,13.67408,True
-11.77,2,13.679092,False
20.19,6,13.693594,True
-11.78,3,13.699624,False
21.78,22,13.730619,True
20.68,7,13.737609,True
-11.3,5,13.74271,False
-11.55,5,13.748214,False
-12.01,1,13.74922,False
-11.77,2,13.752226,False
20.95,5,13.757224,True
-12.01,1,13.758224,False
-11.53,3,13.7614,False
-11.76,1,13.762399,False
-11.78,3,13.765399,False
-11.77,2,13.769644,False
21.42,8,13.777155,True
-11.58,8,13.784667,False
-11.76,1,13.785666,False
-11.31,6,13.793214,False
21.62,13,14.667607,True
21.42,8,14.683653,True
-11.53,3,14.690935,False
21.42,8,14.706978,True
-12.01,1,14.708979,False
-11.31,6,14.721455,False
-11.29,4,14.730596,False
-12.01,1,14.733597,False
21.4,10,14.753282,True
21.18,7,14.767324,True
-12.01,1,14.770329,False
-12.01,1,14.773329,False
21.18,7,14.787691,True
21.55,20,14.827395,True
-11.53,3,14.834442,False
-10.55,5,14.845769,False
-11.77,2,14.850763,False
-11.6,10,14.869807,False
-11.79,4,14.878855,False
22.65,10,14.900204,True
-11.6,9,14.917333,False
-11.54,4,14.92788,False
19.96,4,14.936955,True
-12.01,1,14.939487,False
21.18,7,14.954014,True
-11.77,2,14.959014,False
-11.78,3,14.966533,False
-11.3,5,14.977301,False
20.2,5,14.988674,True
-11.79,4,14.998236,False
-11.59,8,15.014545,False
-12.01,1,15.01711,False
-11.79,4,15.026966,False
20.69,6,15.04056,True
-11.54,4,15.045556,False
-11.54,4,15.050452,False
-11.35,10,15.059947,False
-11.77,2,15.061954,False
-11.3,5,15.066864,False
21.43,7,15.073413,True
-11.77,2,15.076009,False
-12.01,1,15.077009,False
-11.77,2,15.079514,False
-11.3,5,15.083913,False
-11.53,3,15.086932,False
-11.56,6,15.093524,False
-11.79,4,15.097121,False
-12.01,1,15.098117,False
-11.76,1,15.099124,False
21.81,19,15.115989,True
21.86,14,15.127762,True
-11.76,1,15.129762,False
-11.56,6,15.135152,False
-11.54,4,15.138674,False
21.19,6,15.144184,True
-11.53,3,15.146728,False
20.45,5,15.152347,True
20.2,5,15.156393,True
-11.3,5,15.161397,False
-12.03,3,15.163397,False
-11.8,5,15.168625,False
-12.03,3,15.17163,False
-10.79,4,15.17463,False
22.62,13,15.185909,True
20.69,6,15.192421,True
-11.77,2,15.194421,False
-12.01,1,15.195932,False
-11.3,5,15.200273,False
-11.76,1,15.201268,False
20.2,5,15.206264,True
-11.78,3,15.208785,False
22.62,13,15.220217,True
-11.53,3,15.223217,False
-12.02,2,15.224217,False
-11.77,2,15.226217,False
-12.01,1,15.228217,False
21.38,12,15.238544,True
-10.58,8,15.246068,False
-10.62,12,15.256394,False
20.44,6,15.261919,True
-11.76,1,15.263912,False
-11.54,4,15.266918,False
-11.53,3,15.270164,False
-11.3,5,15.274688,False
20.92,8,15.281705,True
-11.31,6,15.287057,False
-12.02,2,15.289057,False
20.44,6,15.294575,True
-11.79,4,15.299579,False
21.18,7,15.305655,True
-12.01,1,15.306655,False
20.44,6,15.311656,True
-12.01,1,15.313174,False
20.94,6,15.318608,True
-11.78,3,15.320607,False
-11.76,1,15.321607,False
20.68,7,15.329127,True
21.41,9,15.336443,True
-11.04,4,15.341462,False
-11.79,4,15.344997,False
-12.03,3,15.348989,False
19.95,5,15.352888,True
-10.54,4,15.35741,False
-11.54,4,15.36141,False
-11.78,3,15.36341,False
21.37,13,15.375745,True
-11.8,5,15.380266,False
-11.55,5,15.384271,False
-11.55,5,15.390797,False
-12.01,1,15.392148,False
21.64,11,15.402204,True
20.95,5,15.407728,True
-11.56,6,15.413251,False
21.19,6,15.419767,True
-11.77,2,15.421766,False
-11.77,2,15.424771,False
-11.76,1,15.42577,False
-11.54,4,15.430294,False
-11.77,2,15.432297,False
-11.56,6,15.440799,False
21.42,8,15.448874,True
-11.33,8,15.456386,False
20.68,7,15.462898,True
22.6,15,15.477425,True
-11.77,2,15.478425,False
20.43,7,15.48549,True
20.67,8,15.493023,True
-12.01,1,15.494023,False
-10.57,7,15.501541,False
-11.77,2,15.503066,False
-12.02,2,15.506073,False
-11.76,1,15.507066,False
-12.03,3,15.510065,False
-11.77,2,15.512065,False
-11.76,1,15.513266,False
-10.81,6,15.519273,False
20.43,7,15.525803,True
22.14,10,15.535835,True
-11.79,4,15.539851,False
-11.76,1,15.54085,False
20.2,5,15.546365,True
-12.01,1,15.547366,False
-12.01,1,15.548359,False
-11.08,8,15.554887,False
19.97,3,15.55789,True
-11.59,8,15.565401,False
-11.53,3,15.567405,False
21.15,10,15.576616,True
-11.3,5,15.58114,False
-11.53,3,15.584146,False
-11.76,1,15.584146,False
21.41,9,15.593678,True
-11.78,3,15.596185,False
-11.52,2,15.598729,False
-11.76,1,15.599727,False
-11.55,5,15.604262,False
-11.59,9,15.612148,False
-12.01,1,15.613148,False
-11.32,7,15.61968,False
-11.54,4,15.623675,False
-11.56,6,15.629205,False
-11.76,1,15.630204,False
-11.54,4,15.633207,False
-11.76,1,15.634204,False
-10.32,7,15.641715,False
-11.3,5,15.645721,False
-11.78,3,15.648714,False
-11.77,2,15.651232,False
-12.01,1,15.652231,False
20.21,4,15.656232,True
-11.53,3,15.658237,False
-10.57,7,15.664753,False
20.44,6,15.670264,True
-11.76,1,15.672278,False
-11.8,5,15.676268,False
-11.34,9,15.683799,False
20.44,6,15.689795,True
-11.56,6,15.695304,False
21.16,9,15.703147,True
-11.54,4,15.707153,False
-12.01,1,15.708153,False
-11.53,3,15.711664,False
-12.01,1,15.71268,False
21.42,8,15.720069,True
20.21,4,15.723591,True
-11.77,2,15.725591,False
21.55,19,15.741106,True
-12.01,1,15.742106,False
20.69,6,15.747632,True
-12.01,1,15.748634,False
-11.77,2,15.752164,False
-11.82,6,15.756688,False
-12.01,1,15.757688,False
22.12,13,15.769213,True
-11.55,5,15.774212,False
-12.01,1,15.775213,False
-11.77,2,15.777364,False
21.42,8,15.783873,True
20.45,5,15.78938,True
-11.07,7,15.796889,False
20.69,6,15.803396,True
-11.76,1,15.804899,False
-11.82,7,15.813422,False
-11.78,3,15.81693,False
20.21,4,15.820942,True
20.21,4,15.824942,True
-11.32,7,15.831453,False
-11.54,4,15.835453,False
-11.77,2,15.83796,False
21.18,7,15.844965,True
-11.54,4,15.849479,False
-11.78,3,15.852479,False
-11.55,5,16.24203,False
-11.55,5,16.248537,False
20.21,4,16.254488,True
20.45,5,16.259995,True
-10.8,5,16.265994,False
-11.76,1,16.266832,False
-11.77,2,16.269835,False
-11.78,3,16.272835,False
-11.76,1,16.273835,False
-11.52,2,16.275835,False
-11.76,1,16.277338,False
-12.02,2,16.280341,False
21.66,9,16.2897,True
-9.81,6,16.296701,False
-12.01,1,16.299218,False
-10.58,8,16.306729,False
20.17,8,16.316708,True
-11.78,3,16.321231,False
-10.81,6,16.328232,False
-11.77,2,16.331741,False
-11.77,2,16.334116,False
-11.77,2,16.337115,False
-11.53,3,16.341124,False
-12.01,1,16.343123,False
21.43,7,16.351531,True
-12.01,1,16.35353,False
21.42,8,16.363037,True
22.41,9,16.371842,True
20.21,4,16.376849,True
-12.01,1,16.377849,False
-11.54,4,16.382355,False
-11.29,4,16.386229,False
-11.54,4,16.392229,False
-11.79,4,16.397235,False
-11.77,2,16.399238,False
-11.77,2,16.402673,False
-11.31,6,16.409676,False
-11.56,6,16.417566,False
-12.01,1,16.419574,False
-12.01,1,16.421573,False
-11.53,3,16.425097,False
-11.53,3,16.429094,False
-11.77,2,16.432092,False
-12.01,1,16.433535,False
-10.58,8,16.442065,False
-11.53,3,16.44559,False
-11.78,3,16.448582,False
-10.33,8,16.457442,False
21.18,7,16.46344,True
-11.78,3,16.468174,False
-11.78,3,16.471167,False
20.45,5,16.475677,True
-11.8,5,16.480685,False
-12.01,1,16.481693,False
-10.83,8,16.489053,False
20.69,6,16.494052,True
19.95,5,16.498562,True
-11.52,2,16.500912,False
-11.32,7,16.50697,False
-11.76,1,16.507984,False
-11.3,5,16.512984,False
-11.77,2,16.514983,False
-12.01,1,16.515984,False
-11.54,4,16.52079,False
21.18,7,16.527314,True
21.17,8,16.534207,True
21.66,9,16.541317,True
-10.57,7,16.548071,False
-11.55,5,16.553001,False
22.36,14,16.564532,True
-12.04,4,16.568915,False
21.17,8,16.575436,True
-12.02,2,16.577436,False
20.19,6,16.581958,True
21.18,7,16.587839,True
-11.77,2,16.591352,False
20.18,7,16.597356,True
-11.77,2,16.599789,False
20.2,5,16.604335,True
-10.82,7,16.610335,False
21.64,11,16.619895,True
-12.03,3,16.623332,False
21.13,12,16.632833,True
20.21,4,16.637136,True
20.21,4,16.641143,True
-11.77,2,16.643661,False
21.32,18,16.65951,True
21.66,9,16.667338,True
-12.01,1,16.669336,False
-11.77,2,16.671336,False
-11.78,3,16.674336,False
-11.77,2,16.675859,False
21.18,7,16.681862,True
19.96,4,16.686848,True
-11.76,1,16.687846,False
20.44,6,16.692853,True
20.44,6,16.698379,True
-12.01,1,16.699759,False
-11.76,1,16.700787,False
22.39,11,16.711356,True
-12.02,2,16.713356,False
-11.78,3,16.717188,False
20.44,6,16.723202,True
21.17,8,16.730722,True
-11.83,8,16.738212,False
-11.79,4,16.741735,False
22.58,17,16.756522,True
-11.53,3,16.759033,False
-11.77,2,16.761047,False
21.66,9,16.769335,True
20.2,5,16.773858,True
19.96,4,16.777854,True
-11.77,2,16.779854,False
-11.77,2,16.782147,False
-11.8,5,16.786934,False
20.45,5,16.790444,True
-11.8,5,16.795453,False
-11.3,5,16.799457,False
-11.1,10,16.809325,False
20.43,7,16.815856,True
-11.54,4,16.819152,False
-11.56,6,16.824676,False
22.4,10,16.832714,True
-11.79,4,16.836984,False
-10.82,7,16.843495,False
-11.31,6,16.849031,False
-11.79,4,16.853814,False
21.41,9,16.861829,True
21.41,9,16.869648,True
-12.01,1,16.870647,False
-11.57,7,16.877174,False
21.18,7,16.88364,True
20.45,5,16.887688,True
-12.02,2,16.889686,False
-11.77,2,16.891686,False
-11.55,5,16.897198,False
21.17,8,16.904128,True
-11.77,2,16.906134,False
-11.77,2,16.907644,False
-11.77,2,16.910173,False
21.42,8,16.918038,True
19.96,4,16.922049,True
-11.55,5,16.926048,False
-11.55,5,16.931568,False
20.44,6,16.937157,True
-11.79,4,16.941682,False
21.37,12,16.953511,True
22.36,14,16.966033,True
20.42,8,16.973856,True
-11.76,1,16.974856,False
-11.08,8,16.982699,False
-11.78,3,16.986256,False
-11.76,1,16.987255,False
-12.01,1,16.988255,False
-10.56,6,16.994785,False
20.43,7,17.001629,True
-11.79,4,17.005676,False
-11.57,7,17.012193,False
21.17,8,17.018942,True
-12.01,1,17.019956,False
22.15,10,17.029477,True
-12.01,1,17.030477,False
-11.8,5,17.035748,False
-11.78,3,17.038748,False
20.44,6,17.044272,True
20.67,8,17.05166,True
-11.55,5,17.05619,False
-10.33,8,17.063697,False
-12.01,1,17.064712,False
-11.77,2,17.067106,False
21.42,8,17.073106,True
-11.54,4,17.076628,False
20.67,8,17.084495,True
-11.32,7,17.09103,False
-11.54,4,17.09503,False
-11.79,4,17.098921,False
-11.76,1,17.10027,False
-11.77,2,17.102291,False
-12.01,1,17.103284,False
-11.54,4,17.107349,False
-11.53,3,17.110349,False
20.44,6,17.11586,True
20.2,5,17.120276,True
-11.54,4,17.124276,False
21.39,11,17.132682,True
-11.29,4,17.137236,False
-11.78,3,17.14024,False
-11.53,3,17.14324,False
20.19,6,17.148756,True
20.69,6,17.154373,True
20.45,5,17.158899,True
-11.53,3,17.161898,False
-11.54,4,17.165901,False
-11.8,5,17.170294,False
-11.77,2,17.172294,False
-11.77,2,17.174294,False
-12.01,1,17.175294,False
20.43,7,17.181813,True
-11.77,2,17.184078,False
21.63,12,17.194124,True
-11.76,1,17.195124,False
-11.79,4,17.198117,False
20.44,6,17.203916,True
-11.54,4,17.207457,False
21.17,7,17.21398,True
-11.3,5,17.219285,False
-11.77,2,17.220803,False
-11.79,4,17.224808,False
-11.3,5,17.229808,False
21.38,12,17.239131,True
-11.52,2,17.241647,False
-11.76,1,17.242652,False
-11.55,5,17.619281,False
20.2,5,17.625785,True
-11.77,2,17.629289,False
-11.56,6,17.635613,False
-12.01,1,17.637613,False
-11.55,5,17.643117,False
-11.31,6,17.649947,False
-11.8,5,17.654963,False
20.2,5,17.660467,True
-11.77,2,17.662467,False
-12.01,1,17.664468,False
21.4,10,17.676432,True
-12.01,1,17.678433,False
-10.36,11,17.69125,False
-11.54,4,17.696251,False
-12.01,1,17.698251,False
-11.76,1,17.700083,False
-11.31,6,17.707093,False
-11.29,4,17.712599,False
-10.8,5,17.716933,False
-12.01,1,17.719437,False
-12.01,1,17.720939,False
-11.77,2,17.722941,False
21.3,20,17.746336,True
21.19,6,17.75328,True
22.38,12,17.766144,True
-11.04,4,17.770167,False
20.44,6,17.779675,True
-11.53,3,17.785607,False
-11.53,3,17.789632,False
-11.55,5,17.795378,False
21.18,7,17.80406,True
-12.04,4,17.80957,False
-11.53,3,17.813075,False
20.19,6,17.819999,True
20.19,6,17.825516,True
-12.01,1,17.82752,False
-11.53,3,17.830514,False
-11.78,3,17.834087,False
21.66,9,17.842615,True
-11.53,3,17.846132,False
-12.01,1,17.847148,False
-11.79,4,17.851157,False
-12.02,2,17.854155,False
-12.01,1,17.855155,False
-12.01,1,17.856665,False
-11.77,2,17.858678,False
-11.54,4,17.86268,False
-11.78,3,17.86568,False
-11.54,4,17.869473,False
20.21,4,17.874473,True
-11.54,4,17.877972,False
-11.79,4,17.881984,False
21.32,18,17.897321,True
20.95,5,17.90221,True
-11.3,5,17.906726,False
-12.03,3,17.90974,False
-12.01,1,17.910259,False
-11.77,2,17.912263,False
-11.53,3,17.915265,False
-11.3,5,17.920108,False
20.2,5,17.92463,True
-11.55,5,17.929629,False
20.44,6,17.934475,True
21.63,12,17.945005,True
-11.77,2,17.947005,False
-12.01,1,17.947999,False
21.43,7,17.954773,True
-11.55,5,17.959779,False
20.43,7,17.966305,True
21.43,7,17.973105,True
-11.34,9,17.980631,False
-11.56,6,17.986471,False
-11.54,4,17.989993,False
-11.53,3,17.991993,False
-11.81,6,17.998669,False
20.43,7,18.005509,True
-11.78,3,18.008023,False
-11.77,2,18.010535,False
20.69,6,18.016339,True
-11.3,5,18.021364,False
-11.77,2,18.023363,False
-10.85,10,18.033343,False
20.18,7,18.039574,True
-11.52,2,18.041574,False
-12.01,1,18.042573,False
-10.83,8,18.051285,False
-11.77,2,18.053283,False
-11.31,6,18.058807,False
20.44,6,18.0658,True
-11.81,6,18.072127,False
21.42,8,18.079641,True
-11.3,5,18.084063,False
20.91,9,18.093111,True
21.42,8,18.101107,True
21.19,6,18.106633,True
-12.02,2,18.108698,False
-12.01,1,18.109713,False
21.41,9,18.118081,True
-11.78,3,18.120619,False
20.41,9,18.128618,True
-12.02,2,18.131147,False
-11.53,3,18.134139,False
-11.54,4,18.138139,False
21.43,7,18.144673,True
-11.36,11,18.154689,False
-11.8,5,18.158689,False
-11.03,3,18.161201,False
-11.78,3,18.164217,False
-12.01,1,18.16522,False
-11.58,8,18.17322,False
-10.32,7,18.18022,False
21.37,13,18.191363,True
-11.76,1,18.192874,False
-11.76,1,18.193889,False
-11.3,5,18.198893,False
-10.13,13,18.209162,False
-12.01,1,18.211162,False
20.21,4,18.215753,True
21.18,7,18.221505,True
-10.56,6,18.22702,False
-11.55,5,18.232028,False
20.43,7,18.238495,True
-11.31,6,18.244023,False
21.64,10,18.253398,True
20.2,5,18.257933,True
-12.01,1,18.258933,False
-11.55,5,18.262933,False
-12.01,1,18.264926,False
-11.78,3,18.267817,False
21.43,7,18.273816,True
20.44,6,18.279343,True
21.18,7,18.285671,True
-11.77,2,18.286671,False
-11.77,2,18.289197,False
-11.11,11,18.299394,False
-12.01,1,18.300405,False
-11.56,6,18.305928,False
-11.53,3,18.308989,False
20.2,5,18.313999,True
-11.53,3,18.315999,False
-11.8,5,18.321338,False
-11.53,3,18.325024,False
-11.53,3,18.328025,False
-11.08,7,18.334934,False
-11.78,3,18.337934,False
-11.54,4,18.341969,False
-12.01,1,18.343973,False
-12.01,1,18.344974,False
20.44,6,18.350298,True
-12.01,1,18.351835,False
20.45,5,18.356851,True
20.21,4,18.359849,True
-11.77,2,18.36236,False
21.4,10,18.371786,True
-11.77,2,18.373312,False
21.16,9,18.382316,True
-12.03,3,18.385597,False
-11.78,3,18.388593,False
-12.01,1,18.39063,False
20.19,6,18.396165,True
20.44,6,18.401469,True
-11.06,6,18.407005,False
-12.01,1,18.408004,False
-12.01,1,18.409522,False
21.43,7,18.415887,True
-12.01,1,18.416899,False
-11.77,2,18.41889,False
-11.54,4,18.422897,False
-11.07,7,18.429421,False
-12.02,2,18.431416,False
-11.77,2,18.433878,False
-11.78,3,18.436423,False
-11.76,1,18.437428,False
20.21,4,18.44142,True
20.21,4,18.444427,True
-12.01,1,18.445427,False
-11.76,1,18.446945,False
20.19,6,18.453377,True
-11.53,3,18.455376,False
-11.79,4,18.459889,False
-11.53,3,18.462889,False
-11.54,4,18.467667,False
-11.77,2,18.469683,False
-11.34,8,18.476683,False
-11.57,7,18.482208,False
-11.31,6,18.487452,False
-11.55,5,18.491991,False
20.44,6,18.497992,True
-11.77,2,18.500885,False
-11.8,5,18.504882,False
21.41,9,18.512926,True
-10.79,4,18.517239,False
20.69,6,18.522271,True
-11.78,3,18.525275,False
-11.53,3,18.528276,False
-11.53,3,18.530795,False
-11.78,3,18.53409,False
-11.77,2,18.536088,False
-11.77,2,18.538198,False
21.42,8,18.545378,True
-11.09,9,18.553145,False
-11.52,2,18.555145,False
-11.55,5,18.560145,False
-11.77,2,18.561655,False
-11.77,2,18.563669,False
20.45,5,18.567945,True
-11.76,1,18.568945,False
-11.77,2,18.571945,False
-11.77,2,18.57347,False
-11.77,2,18.575467,False
21.17,8,18.582985,True
-11.77,2,18.584227,False
-11.8,5,18.589232,False
-12.01,1,18.590729,False
20.44,6,18.596247,True
-11.32,7,18.603062,False
-11.77,2,18.60508,False
-11.32,7,18.611602,False
-11.53,3,18.61463,False
-11.77,2,18.615644,False
20.21,4,18.619895,True
20.2,5,18.624413,True
-12.01,1,18.625417,False
-11.32,7,18.631943,False
-11.58,8,18.638834,False
-12.01,1,18.639834,False
-11.55,5,19.024297,False
-11.53,3,19.028296,False
-11.77,2,19.030297,False
22.15,10,19.040715,True
20.2,5,19.047221,True
21.18,7,19.056094,True
20.44,6,19.063596,True
-11.77,2,19.06592,False
21.15,9,19.076439,True
-11.76,1,19.078439,False
-11.77,2,19.080439,False
21.39,11,19.091759,True
-11.78,3,19.09529,False
-12.01,1,19.096289,False
-11.53,3,19.099674,False
-11.53,3,19.103698,False
-12.02,2,19.10621,False
-11.52,2,19.10821,False
-11.53,3,19.111717,False
-10.15,14,19.127669,False
-10.8,5,19.134108,False
21.4,10,19.144144,True
19.97,3,19.146646,True
-11.76,1,19.148648,False
-11.76,1,19.150569,False
-11.33,8,19.159092,False
20.2,5,19.16409,True
-11.56,6,19.170431,False
-11.78,3,19.17343,False
19.96,4,19.177932,True
20.69,6,19.185434,True
-11.55,5,19.191938,False
-11.53,3,19.196442,False
21.43,7,19.204426,True
-11.32,7,19.213941,False
21.65,10,19.224329,True
-12.02,2,19.226329,False
21.43,7,19.234233,True
-11.53,3,19.236232,False
-11.53,3,19.239757,False
-11.55,5,19.245996,False
-11.53,3,19.248996,False
-12.01,1,19.250347,False
-12.01,1,19.251493,False
20.21,4,19.256025,True
21.18,7,19.262553,True
22.08,17,19.278518,True
-11.53,3,19.281511,False
21.38,12,19.292277,True
-12.01,1,19.292812,False
-11.82,7,19.299832,False
-11.52,2,19.301819,False
-11.76,1,19.304327,False
20.94,6,19.310333,True
-11.32,7,19.31586,False
20.21,4,19.320173,True
20.69,6,19.326679,True
20.2,5,19.332679,True
21.65,10,19.342224,True
20.21,4,19.346246,True
-11.32,7,19.353665,False
21.34,16,19.3692,True
-11.77,2,19.3722,False
-11.77,2,19.374199,False
-11.54,4,19.377721,False
-11.3,5,19.383718,False
-11.78,3,19.387233,False
-12.01,1,19.388244,False
-11.54,4,19.39276,False
20.43,7,19.399981,True
20.21,4,19.403987,True
19.96,4,19.408506,True
-11.79,4,19.413568,False
-12.01,1,19.414562,False
-11.54,4,19.419075,False
-11.6,10,19.427613,False
-11.77,2,19.430129,False
-11.31,6,19.436134,False
-11.54,4,19.440657,False
-11.77,2,19.44266,False
-10.62,12,19.452773,False
22.73,27,19.477825,True
-11.77,2,19.479832,False
-11.35,10,19.489369,False
21.09,16,19.503402,True
-10.8,5,19.509411,False
-11.77,2,19.511417,False
-11.76,1,19.511417,False
-11.3,5,19.516346,False
-11.77,2,19.518346,False
-11.33,8,19.526672,False
-12.01,1,19.527672,False
20.67,8,19.5357,True
-11.52,2,19.537255,False
-11.3,5,19.542886,False
-11.79,4,19.546407,False
20.44,6,19.552407,True
20.19,6,19.558764,True
-11.76,1,19.559764,False
-11.77,2,19.561367,False
-11.79,4,19.565879,False
-11.77,2,19.567893,False
-12.01,1,19.568892,False
-11.77,2,19.570892,False
-11.55,5,19.574892,False
22.64,11,19.584417,True
-11.57,7,19.590943,False
-11.31,6,19.596466,False
20.44,6,19.601785,True
21.18,7,19.608303,True
20.44,6,19.613823,True
-11.77,2,19.616829,False
20.44,6,19.622354,True
-11.54,4,19.625354,False
21.38,12,19.636878,True
20.19,6,19.641403,True
-11.76,1,19.643403,False
-11.32,7,19.648403,False
-11.55,5,19.654277,False
20.45,5,19.659277,True
-11.56,6,19.663802,False
20.44,6,19.669803,True
-12.01,1,19.671315,False
-11.78,3,19.674329,False
-11.78,3,19.677329,False
-11.57,7,19.683414,False
-12.01,1,19.684409,False
-11.61,11,19.694451,False
22.15,10,19.702962,True
-12.01,1,19.703978,False
-10.57,7,19.7105,False
-11.56,6,19.716008,False
-12.01,1,19.717012,False
20.44,6,19.722009,True
20.2,5,19.726531,True
-12.06,6,19.732531,False
-11.77,2,19.73505,False
20.44,6,19.740576,True
20.2,5,19.745082,True
-11.07,7,19.751614,False
-12.01,1,19.752621,False
-11.78,3,19.754622,False
-11.77,2,19.757148,False
-10.57,7,19.764148,False
-11.53,3,19.76666,False
20.45,5,19.770676,True
-11.78,3,19.773675,False
-12.01,1,19.775676,False
-11.56,6,19.781193,False
-11.78,3,19.784205,False
-11.76,1,19.785201,False
-11.56,6,19.79072,False
-11.76,1,19.79173,False
21.67,8,19.799372,True
-11.54,4,19.80237,False
-10.57,7,19.808881,False
19.97,3,19.811896,True
-12.01,1,20.174904,False
-11.77,2,20.176428,False
-12.03,3,20.179429,False
-10.56,6,20.185428,False
-11.54,4,20.189553,False
-9.82,7,20.197576,False
20.45,5,20.203575,True
19.96,4,20.207108,True
-12.01,1,20.2091,False
-11.76,1,20.210108,False
21.1,15,20.224678,True
-10.35,10,20.235194,False
-11.77,2,20.237713,False
-11.78,3,20.241897,False
-11.56,6,20.248424,False
20.44,6,20.255038,True
-11.55,5,20.260559,False
20.44,6,20.267257,True
-11.54,4,20.270939,False
-11.77,2,20.272858,False
-11.54,4,20.277858,False
-12.01,1,20.278857,False
-11.76,1,20.28038,False
-11.54,4,20.28438,False
-11.04,4,20.288376,False
20.44,6,20.293913,True
22.16,9,20.30395,True
-11.84,9,20.312967,False
20.44,6,20.318485,True
20.68,7,20.326075,True
21.16,9,20.335246,True
21.66,9,20.343311,True
-12.02,2,20.345311,False
-12.01,1,20.346311,False
-11.54,4,20.351307,False
-10.79,4,20.354818,False
-11.77,2,20.357825,False
-10.34,9,20.367344,False
-11.77,2,20.370343,False
-12.01,1,20.371343,False
21.4,10,20.381374,True
-11.55,5,20.386904,False
21.66,9,20.395934,True
20.2,5,20.400945,True
20.43,7,20.407986,True
-11.54,4,20.41099,False
-12.01,1,20.41299,False
-10.81,6,20.418504,False
-11.57,7,20.81275,False
-11.77,2,20.815753,False
-11.55,5,20.82185,False
21.19,31,20.854867,True
-11.56,6,20.861869,False
-12.01,1,20.862869,False
-10.56,6,20.869374,False
-12.01,1,20.871374,False
-11.77,2,20.874374,False
-11.54,4,20.879879,False
-10.81,6,20.887383,False
-11.78,3,20.891383,False
-11.77,2,20.894383,False
21.17,8,20.902989,True
22.41,9,20.911494,True
-11.76,1,20.912494,False
-11.78,3,20.916998,False
-11.76,1,20.918506,False
-10.6,10,20.930569,False
-11.77,2,20.933575,False
21.18,7,20.940093,True
-11.76,1,20.942092,False
22.4,10,20.95159,True
-11.53,3,20.95459,False
-12.01,1,20.95659,False
-11.79,4,20.961094,False
-11.53,3,20.964094,False
-10.56,6,20.970598,False
-11.78,3,20.973598,False
-11.8,5,20.980101,False
-10.78,3,20.984103,False
-11.54,4,20.989103,False
20.21,4,20.994184,True
19.97,3,20.99869,True
20.2,5,21.004207,True
22.12,13,21.016872,True
20.69,6,21.022539,True
-11.77,2,21.02455,False
-12.01,1,21.02655,False
21.62,13,21.039075,True
20.2,5,21.0436,True
-11.78,3,21.0466,False
21.18,7,21.054119,True
21.62,13,21.06565,True
-11.53,3,21.069653,False
-11.76,1,21.070652,False
21.38,12,21.081176,True
-12.05,5,21.086701,False
-12.01,1,21.087701,False
21.38,12,21.097224,True
20.45,5,21.101412,True
22.39,11,21.110933,True
-11.3,5,21.11545,False
20.21,4,21.118965,True
-11.54,4,21.122979,False
19.97,3,21.125978,True
-11.77,2,21.128499,False
-10.79,4,21.13251,False
-11.53,3,21.135509,False
-11.53,3,21.13803,False
-11.77,2,21.14003,False
22.14,10,21.149817,True
20.68,7,21.155816,True
-11.32,7,21.162341,False
-12.01,1,21.16334,False
-11.76,1,21.164339,False
21.18,7,21.170786,True
-11.77,2,21.172786,False
-12.01,1,21.173787,False
20.44,6,21.179311,True
-11.78,3,21.182311,False
-11.3,5,21.186737,False
-11.77,2,21.189252,False
20.21,4,21.193257,True
-11.81,6,21.199556,False
-11.54,4,21.203569,False
-12.01,1,21.20457,False
-11.78,3,21.207888,False
21.4,10,21.217314,True
-11.76,1,21.218314,False
-12.02,2,21.220839,False
20.19,6,21.225622,True
-11.56,6,21.232146,False
-11.55,5,21.236652,False
-11.59,9,21.245236,False
21.17,8,21.252397,True
-11.77,2,21.254913,False
22.34,16,21.268467,True
20.2,5,21.272983,True
-11.55,5,21.277987,False
21.4,10,21.288249,True
-12.01,1,21.28925,False
21.39,10,21.297772,True
-12.02,2,21.299861,False
-11.31,6,21.305981,False
-11.77,2,21.307981,False
19.96,4,21.311981,True
-11.31,6,21.317906,False
20.69,6,21.322433,True
-11.78,3,21.325956,False
-12.01,1,21.326956,False
20.43,7,21.333522,True
-11.54,4,21.337047,False
-11.76,1,21.338047,False
-12.01,1,21.339047,False
-11.81,6,21.343841,False
-11.54,4,21.349365,False
21.3,20,21.366325,True
-12.01,1,21.367993,False
-11.77,2,21.369992,False
20.94,6,21.375001,True
20.21,4,21.378525,True
20.21,4,21.382526,True
-12.01,1,21.383817,False
-11.54,4,21.388339,False
-11.54,4,21.392339,False
-12.02,2,21.395345,False
21.4,10,21.40576,True
-11.58,8,21.414001,False
-11.78,3,21.417997,False
-12.01,1,21.418501,False
-11.77,2,21.421013,False
-11.76,1,21.422013,False
-11.3,5,21.426605,False
-11.78,3,21.430135,False
-10.41,16,21.444651,False
-11.29,4,21.44917,False
-11.55,5,21.454179,False
-11.53,3,21.457185,False
21.42,8,21.463718,True
-11.79,4,21.468273,False
19.96,4,21.471796,True
-11.33,8,21.479795,False
-12.01,1,21.480796,False
-11.54,4,21.484227,False
-11.53,3,21.487225,False
-11.56,6,21.493732,False
21.32,18,21.509198,True
20.21,4,21.512732,True
-12.01,1,21.514725,False
-11.76,1,21.515726,False
-11.8,5,21.521269,False
-11.76,1,21.523273,False
21.59,16,21.537232,True
21.57,18,21.553672,True
20.44,6,21.559192,True
20.44,6,21.564193,True
-11.29,4,21.568478,False
-12.02,2,21.570478,False
-11.79,4,21.574997,False
20.2,5,21.579001,True
-11.76,1,21.580002,False
-11.56,6,21.587509,False
20.2,5,21.592509,True
20.44,6,21.59802,True
-11.31,6,21.603534,False
-11.32,7,21.610105,False
-12.01,1,21.612105,False
22.4,10,21.620813,True
-11.77,2,21.623828,False
-12.03,3,21.626828,False
21.43,7,21.633222,True
-11.76,1,21.634223,False
-11.78,3,21.637221,False
20.68,7,21.644385,True
21.67,8,21.650815,True
-12.01,1,21.652815,False
-11.77,2,21.654817,False
-11.52,2,21.656816,False
-11.6,10,21.665337,False
21.89,11,21.674859,True
-11.53,3,21.67859,False
-11.54,4,21.682112,False
21.39,11,21.691632,True
-12.01,1,21.692632,False
20.43,7,21.699632,True
21.55,19,21.716688,True
20.2,5,21.721198,True
21.4,9,21.729406,True
-12.01,1,21.730406,False
-11.77,2,21.732928,False
-11.56,6,21.737927,False
-11.78,3,21.741927,False
-12.01,1,21.742443,False
-12.01,1,21.743448,False
-11.56,6,21.749448,False
-12.03,3,21.752448,False
-11.77,2,21.753968,False
22.41,9,21.761968,True
-11.55,5,21.766488,False
20.44,6,21.771489,True
22.14,11,21.781009,True
-11.77,2,21.783009,False
-12.01,1,21.784524,False
-11.78,3,21.787529,False
20.44,6,21.792529,True
-11.54,4,21.79605,False
-11.76,1,21.79705,False
-11.8,5,21.801574,False
-10.57,7,21.808448,False
-11.77,2,21.810448,False
-11.77,2,21.812449,False
-11.3,5,21.816969,False
-11.77,2,21.818969,False
-11.55,5,22.193417,False
22.65,10,22.205798,True
-11.57,7,22.212852,False
-11.77,2,22.214853,False
20.91,8,22.221675,True
-11.77,2,22.225775,False
-11.56,6,22.233787,False
-11.31,6,22.241292,False
-11.77,2,22.243797,False
-11.31,6,22.250272,False
21.39,11,22.26181,True
-11.53,3,22.265762,False
-11.53,3,22.270774,False
-11.54,4,22.274275,False
20.44,6,22.280278,True
-11.77,2,22.283278,False
-11.79,4,22.288316,False
-11.77,2,22.290316,False
-11.78,3,22.294818,False
-11.77,2,22.297821,False
20.19,6,22.305159,True
-11.83,8,22.313162,False
20.21,4,22.318648,True
21.18,7,22.333123,True
20.2,5,22.338646,True
-11.55,5,22.345819,False
-11.33,8,22.355649,False
-11.76,1,22.358153,False
-11.54,4,22.365153,False
-12.01,1,22.366628,False
-11.77,2,22.370654,False
-11.77,2,22.372654,False
-12.02,2,22.375655,False
-12.02,2,22.378158,False
-11.32,7,22.385675,False
-11.53,3,22.389757,False
-11.54,4,22.394765,False
-11.8,5,22.400197,False
20.2,5,22.405945,True
21.16,9,22.416476,True
20.69,6,22.423031,True
-11.76,1,22.424538,False
-12.01,1,22.426167,False
-11.76,1,22.427171,False
-11.3,5,22.433088,False
-11.53,3,22.436109,False
-11.79,4,22.440614,False
-11.77,2,22.443694,False
-11.02,2,22.445622,False
-11.31,6,22.452483,False
-11.78,3,22.456483,False
-11.54,4,22.460989,False
20.19,6,22.467551,True
-12.01,1,22.468614,False
-11.32,7,22.477143,False
21.41,9,22.486945,True
-11.3,5,22.493448,False
20.44,6,22.50076,True
-11.77,2,22.503932,False
-11.56,6,22.510936,False
-10.6,10,22.522786,False
20.44,6,22.532296,True
-11.54,4,22.537953,False
20.44,6,22.546466,True
-11.53,3,22.550478,False
22.4,10,22.563438,True
-11.76,1,22.564438,False
-11.29,4,22.569782,False
-11.79,4,22.572781,False
-11.55,4,22.576782,False
-10.79,4,22.580304,False
-11.81,6,22.585597,False
-11.79,4,22.590123,False
-11.76,1,22.591124,False
-11.77,2,22.593123,False
-10.8,5,22.597633,False
-11.33,8,22.605493,False
21.16,9,22.613801,True
21.03,21,22.630197,True
-10.79,4,22.634449,False
-11.76,1,22.635449,False
20.67,8,22.641972,True
-12.01,1,22.643966,False
-10.8,5,22.647965,False
-11.78,3,22.652278,False
-12.01,1,22.653276,False
-12.03,3,22.656285,False
-12.01,1,22.657282,False
22.61,14,22.669085,True
-11.79,4,22.672609,False
-12.01,1,22.674603,False
21.18,7,22.680608,True
-11.77,2,22.682123,False
-11.77,2,22.68438,False
-12.01,1,22.685378,False
-11.05,5,22.689378,False
-12.03,3,22.692218,False
-11.59,9,22.699223,False
20.2,5,22.704863,True
20.45,5,22.709374,True
21.17,8,22.716202,True
22.59,16,22.730267,True
-12.01,1,22.731261,False
-11.76,1,22.732271,False
-11.78,3,22.73628,False
-11.04,4,22.740286,False
-11.56,6,22.744798,False
-12.01,1,22.746798,False
-11.76,1,22.747796,False
-11.77,2,22.750066,False
-11.81,6,22.755572,False
-11.77,2,22.757574,False
20.68,7,22.763571,True
20.45,5,22.768335,True
-11.54,4,22.77134,False
22.4,10,22.780412,True
21.17,8,22.786792,True
21.19,6,22.791791,True
-11.77,2,22.793791,False
-11.77,2,22.796309,False
-12.01,1,22.797314,False
-12.01,1,22.79832,False
-12.01,1,22.799711,False
-11.77,2,22.801728,False
-11.31,6,22.807637,False
20.21,4,22.811637,True
-11.83,8,22.819117,False
20.2,5,22.823116,True
-11.77,2,22.825621,False
-11.77,2,22.827647,False
-11.83,8,22.835713,False
20.45,5,22.83975,True
21.39,11,22.849614,True
-11.32,7,22.855635,False
20.43,7,22.862157,True
21.33,17,22.875938,True
-11.77,2,22.877938,False
-11.56,6,22.883724,False
20.44,6,22.889722,True
-11.77,2,22.891246,False
21.65,10,22.900481,True
-12.01,1,22.901499,False
20.44,6,22.907023,True
-11.87,12,22.917598,False
20.2,5,22.922124,True
21.18,7,22.928659,True
21.33,16,22.941197,True
-11.53,3,22.944715,False
20.44,6,22.949721,True
22.29,21,22.967266,True
-12.01,1,22.968262,False
-12.01,1,22.969262,False
-11.76,1,22.970262,False
20.21,4,22.974794,True
-11.77,2,22.976794,False
-12.01,1,22.977794,False
20.45,5,22.9818,True
-11.31,6,22.987037,False
20.45,5,22.992038,True
20.21,4,22.995564,True
-11.77,2,22.997563,False
-11.76,1,22.998568,False
-12.01,1,22.999563,False
-11.76,1,23.000798,False
-11.77,2,23.002795,False
-11.3,5,23.007912,False
-10.57,7,23.013912,False
20.68,7,23.020179,True
-11.77,2,23.022193,False
-12.02,2,23.024185,False
-12.01,1,23.025182,False
-12.01,1,23.026695,False
-11.79,4,23.030709,False
-12.02,2,23.03271,False
20.44,6,23.03775,True
19.97,3,23.040754,True
-11.54,4,23.044754,False
-11.79,4,23.048254,False
-12.01,1,23.049262,False
-11.77,2,23.05251,False
-11.55,5,23.056515,False
-11.54,4,23.060039,False
-11.31,6,23.066039,False
-10.56,6,23.070923,False
-11.54,4,23.074923,False
20.41,8,23.081441,True
-11.07,7,23.087692,False
-12.01,1,23.088693,False
-10.35,9,23.096216,False
-11.77,2,23.099524,False
20.93,7,23.105595,True
-11.57,7,23.111114,False
-11.52,2,23.113863,False
20.21,4,23.117119,True
-11.77,2,23.119113,False
22.34,16,23.133365,True
-11.76,1,23.135348,False
20.21,4,23.138348,True
-12.01,1,23.139348,False
21.16,9,23.147866,True
-10.55,5,23.152708,False
-11.53,3,23.155722,False
-12.02,2,23.157722,False
-11.76,1,23.158722,False
-11.76,1,23.159722,False
20.44,6,23.165245,True
-12.01,1,23.166516,False
21.17,8,23.173515,True
-11.77,2,23.175038,False
-12.01,1,23.177041,False
21.43,7,23.183038,True
-12.01,1,23.183927,False
-11.53,3,23.186942,False
-11.76,1,23.187942,False
21.2,5,23.191941,True
-11.8,5,23.196475,False
-10.79,4,23.200702,False
-12.01,1,23.201697,False
20.68,7,23.20781,True
-11.53,3,23.210816,False
-10.58,8,23.218603,False
19.97,3,23.220603,True
19.94,6,23.226138,True
21.39,11,23.599606,True
-11.54,4,23.60413,False
-11.56,5,23.609636,False
-11.3,5,23.615141,False
-11.79,4,23.620596,False
-12.01,1,23.621596,False
-11.55,5,23.627601,False
-11.8,5,23.635418,False
20.19,6,23.641925,True
-11.81,6,23.651888,False
-10.79,4,23.659907,False
-12.01,1,23.661907,False
-11.77,2,23.664409,False
-11.54,4,23.668427,False
-12.02,2,23.670431,False
-11.76,1,23.672431,False
-12.01,1,23.673431,False
-11.78,3,23.677937,False
-11.55,5,23.684358,False
20.66,9,23.696308,True
21.15,9,23.707296,True
19.97,3,23.711296,True
20.19,6,23.719817,True
20.2,5,23.725816,True
19.97,3,23.728322,True
-11.79,4,23.733429,False
-10.8,5,23.738608,False
-11.53,3,23.743608,False
-11.77,2,23.746607,False
21.12,13,23.761657,True
-11.07,7,23.768505,False
-11.81,6,23.776508,False
-11.85,10,23.78838,False
21.37,13,23.801193,True
20.45,5,23.806709,True
20.2,5,23.811238,True
-11.78,3,23.814237,False
-11.77,2,23.817658,False
-11.78,3,23.820665,False
-12.03,3,23.823869,False
-11.76,1,23.824867,False
20.2,5,23.83098,True
20.45,5,23.836428,True
21.43,7,23.844484,True
-11.57,7,23.8508,False
-11.53,3,23.854321,False
-11.77,2,23.856321,False
-11.77,2,23.858321,False
-11.77,2,23.860321,False
20.2,5,23.864828,True
21.66,9,23.872613,True
-11.55,5,23.877627,False
21.42,8,23.884368,True
21.4,35,23.914158,True
-11.54,4,23.918561,False
-11.31,6,23.923083,False
-12.02,2,23.925594,False
-10.32,7,23.93214,False
21.18,7,23.937906,True
-11.79,4,23.941912,False
-11.78,3,23.944906,False
-10.78,3,23.947432,False
21.42,8,23.95419,True
-11.79,4,23.957716,False
-12.01,1,23.959714,False
21.61,14,23.97147,True
-12.01,1,23.97247,False
22.6,15,23.984526,True
20.45,5,23.989823,True
-11.77,2,23.991813,False
20.44,6,23.996952,True
21.41,9,24.004687,True
-11.54,4,24.0092,False
21.17,8,24.015718,True
22.15,10,24.02451,True
-10.55,5,24.02851,False
-10.58,8,24.037274,False
20.44,6,24.0418,True
20.2,5,24.046798,True
-11.76,1,24.047791,False
21.67,8,24.054687,True
-11.76,1,24.056692,False
-11.76,1,24.057687,False
21.33,17,24.072227,True
20.67,8,24.079231,True
-10.8,5,24.084031,False
-11.76,1,24.08503,False
21.39,11,24.094554,True
20.21,4,24.09856,True
-12.01,1,24.099554,False
-11.78,3,24.102798,False
20.2,5,24.106832,True
-12.01,1,24.107846,False
21.2,5,24.113351,True
20.21,4,24.116362,True
-11.78,3,24.119654,False
-12.01,1,24.120654,False
-11.02,2,24.122165,False
-10.82,7,24.128706,False
-12.02,2,24.131234,False
-11.56,6,24.137003,False
-11.76,1,24.138003,False
-12.01,1,24.139003,False
-12.01,1,24.140003,False
21.17,8,24.147532,True
19.96,4,24.150771,True
-11.53,3,24.153276,False
21.43,7,24.160806,True
-12.01,1,24.161816,False
-11.77,2,24.163812,False
20.2,5,24.16786,True
-11.55,5,24.172859,False
-11.55,5,24.177023,False
-11.79,4,24.181026,False
20.21,4,24.184462,True
-11.55,5,24.188984,False
-11.78,3,24.192985,False
-11.77,2,24.194984,False
-11.55,5,24.200028,False
21.63,12,24.210545,True
-11.78,3,24.212544,False
-11.79,4,24.216919,False
22.15,10,24.22596,True
21.67,8,24.232852,True
-12.02,2,24.234874,False
-11.77,2,24.236876,False
-11.77,2,24.239387,False
-11.77,2,24.241039,False
-11.78,3,24.244627,False
22.36,14,24.256451,True
-11.78,3,24.260517,False
20.44,6,24.265936,True
-11.55,5,24.271486,False
20.2,5,24.275485,True
-11.54,4,24.279485,False
-11.56,6,24.285305,False
-11.77,2,24.287305,False
-10.57,7,24.29383,False
-11.54,4,24.296831,False
-12.01,1,24.297823,False
-11.81,6,24.304334,False
-12.03,3,24.30784,False
-11.78,3,24.310846,False
-11.78,3,24.313357,False
-11.66,16,24.327694,False
20.2,5,24.333069,True
-11.76,1,24.334101,False
-11.56,6,24.339089,False
-11.56,6,24.344635,False
-12.01,1,24.345636,False
-12.01,1,24.346634,False
-11.78,3,24.349627,False
21.17,8,24.356999,True
-12.01,1,24.357999,False
-11.78,3,24.360992,False
-11.76,1,24.361999,False
-11.54,4,24.366513,False
-11.53,3,24.368755,False
-12.02,2,24.370754,False
21.18,7,24.377277,True
-11.55,5,24.38127,False
-11.34,9,24.389026,False
21.66,9,24.397535,True
-11.78,3,24.400795,False
-12.03,3,24.403794,False
-11.55,5,24.408824,False
-12.01,1,24.409829,False
-11.52,2,24.411829,False
-11.56,6,24.416757,False
20.19,6,24.422778,True
20.44,6,24.427296,True
-11.32,7,24.43363,False
-11.78,3,24.435627,False
-11.77,2,24.439152,False
20.44,6,24.444144,True
-11.76,1,24.445151,False
-11.77,2,24.446152,False
20.44,6,24.452039,True
-11.76,1,24.454041,False
-11.31,6,24.458559,False
21.65,10,24.466563,True
20.19,6,24.473319,True
-11.76,1,24.474319,False
-11.77,2,24.476319,False
-11.76,1,24.477319,False
-11.77,2,24.479847,False
-11.55,5,24.484072,False
-11.81,6,24.489573,False
-11.78,3,24.492579,False
21.43,7,24.499586,True
-10.36,11,24.508518,False
21.16,9,24.517472,True
20.45,5,24.522992,True
-11.77,2,24.523992,False
-11.77,2,24.526504,False
-12.01,1,24.527503,False
-12.01,1,24.529504,False
-12.02,2,24.532016,False
-11.57,7,24.538111,False
-11.77,2,24.540107,False
-12.01,1,24.540107,False
-11.77,2,24.542776,False
20.67,8,24.549803,True
-12.01,1,24.551822,False
-11.3,5,24.556346,False
-11.78,3,24.559347,False
20.21,4,24.562347,True
-11.76,1,24.563675,False
-12.02,2,24.566677,False
-12.01,1,24.567969,False
22.37,13,24.580005,True
20.2,5,24.584812,True
-11.76,1,24.585811,False
-12.01,1,24.586811,False
-11.8,5,24.591811,False
-11.77,2,24.592811,False
-11.77,2,24.596331,False
20.44,6,24.601604,True
22.16,9,24.980576,True
20.68,7,24.988015,True
-11.31,6,24.995519,False
-11.54,4,25.001383,False
-11.78,3,25.005386,False
-12.02,2,25.008386,False
-11.78,3,25.012392,False
-11.31,6,25.018804,False
19.96,4,25.024309,True
-11.54,4,25.027813,False
-11.54,4,25.032767,False
-11.54,4,25.038769,False
19.97,3,25.04177,True
-11.54,4,25.046274,False
-11.32,7,25.055173,False
20.21,4,25.060678,True
-11.58,8,25.07052,False
-11.77,2,25.07352,False
-10.81,6,25.081025,False
-10.8,5,25.086894,False
-12.01,1,25.087894,False
-11.77,2,25.089894,False
-11.79,4,25.093893,False
-12.01,1,25.096398,False
-12.02,2,25.099748,False
-10.35,10,25.110254,False
21.42,8,25.119656,True
-11.77,2,25.123162,False
-10.57,7,25.131667,False
20.44,6,25.139002,True
-10.58,8,25.149311,False
-11.54,4,25.153829,False
-11.31,6,25.161428,False
-12.02,2,25.164428,False
-11.55,5,25.169294,False
-11.78,3,25.173294,False
-11.77,2,25.175293,False
20.44,6,25.181044,True
21.18,7,25.187582,True
21.42,8,25.195706,True
-10.82,7,25.203574,False
-11.77,2,25.205575,False
21.81,19,25.224207,True
-11.79,4,25.228206,False
-11.54,4,25.231717,False
-11.77,2,25.234025,False
20.2,5,25.23904,True
-11.77,2,25.241091,False
-11.77,2,25.243101,False
21.18,7,25.249692,True
-11.55,5,25.254733,False
-11.57,6,25.259245,False
19.96,4,25.263377,True
-11.77,2,25.26637,False
-11.58,8,25.274518,False
-12.01,1,25.275518,False
22.41,9,25.284591,True
-12.01,1,25.285591,False
-11.78,3,25.289595,False
-11.78,3,25.293111,False
-12.01,1,25.294108,False
19.96,4,25.299127,True
-10.1,10,25.309625,False
-11.77,2,25.312139,False
21.65,10,25.322651,True
-11.54,4,25.32718,False
21.66,9,25.337276,True
22.63,11,25.348813,True
20.2,5,25.353326,True
-11.3,5,25.359715,False
20.21,4,25.364701,True
-11.53,3,25.367798,False
-11.77,2,25.369801,False
-11.54,4,25.374799,False
-12.01,1,25.37631,False
-11.77,2,25.378326,False
-11.77,2,25.380326,False
-12.01,1,25.382328,False
22.41,9,25.390851,True
-12.02,2,25.39285,False
-11.54,4,25.395851,False
-11.77,2,25.39936,False
-12.01,1,25.40036,False
-12.02,2,25.402367,False
-11.54,4,25.406362,False
20.68,7,25.413426,True
-11.53,3,25.417426,False
20.21,4,25.42095,True
21.61,13,25.433462,True
20.44,6,25.440507,True
19.97,3,25.443506,True
-12.01,1,25.44501,False
-10.38,12,25.457536,False
-11.79,4,25.462056,False
21.63,12,25.474359,True
-11.78,3,25.477359,False
20.42,8,25.485866,True
-11.76,1,25.486866,False
-11.76,1,25.488861,False
-11.31,6,25.49539,False
-11.77,2,25.49739,False
22.37,13,25.508659,True
-11.79,4,25.512177,False
-11.78,3,25.515203,False
-11.77,2,25.518203,False
-11.77,2,25.520195,False
-11.78,3,25.523724,False
-11.76,1,25.524739,False
20.68,7,25.53226,True
21.66,9,25.541284,True
21.41,9,25.549797,True
-11.77,2,25.552431,False
-11.53,3,25.554941,False
-11.55,5,25.560885,False
21.42,8,25.568906,True
-11.78,3,25.570906,False
20.43,7,25.577416,True
-11.76,1,25.578416,False
20.19,6,25.584417,True
-11.77,2,25.586416,False
21.39,11,25.595926,True
20.44,6,25.601436,True
-11.76,1,25.602436,False
-11.56,6,25.607941,False
-11.53,3,25.609947,False
-11.77,2,25.612453,False
19.96,4,25.616459,True
-11.77,2,25.618971,False
-11.58,8,25.625482,False
-11.79,4,25.628985,False
-11.77,2,25.630991,False
-11.55,5,25.635496,False
20.44,6,25.641013,True
-10.39,14,25.654525,False
-11.53,3,25.657035,False
-11.78,3,25.659035,False
-11.76,1,25.661545,False
-11.78,3,25.664547,False
-12.01,1,25.665547,False
-11.77,2,25.667547,False
-12.02,2,25.669547,False
-11.58,8,25.676059,False
20.44,6,25.681886,True
20.67,8,25.688571,True
20.66,9,25.697083,True
20.45,5,25.702084,True
20.2,5,25.706612,True
22.41,9,25.715566,True
21.17,8,25.722159,True
21.67,8,25.729672,True
-11.53,3,25.732671,False
20.44,6,25.737701,True
-11.55,5,25.742706,False
20.44,6,25.748222,True
-11.29,4,25.752317,False
20.44,6,25.757823,True
-11.77,2,25.759824,False
20.45,5,25.764823,True
-11.77,2,25.765823,False
-11.31,6,25.772336,False
21.42,8,25.778848,True
-11.54,4,25.782848,False
-11.79,4,25.786848,False
22.1,15,25.799174,True
-11.54,4,25.802871,False
20.94,6,25.807872,True
21.32,18,25.82409,True
-10.56,6,25.829607,False
22.65,10,25.839625,True
-11.29,4,25.843234,False
-11.78,3,25.846235,False
20.2,5,25.850756,True
-11.32,7,25.857264,False
-11.31,6,25.8623,False
-11.77,2,25.865322,False
-11.77,2,25.867673,False
-11.77,2,25.869663,False
-11.55,5,25.874187,False
21.18,7,25.880186,True
-12.01,1,25.88118,False
-12.03,3,25.884474,False
-11.53,3,25.887473,False
21.93,7,25.893984,True
-11.77,2,25.895993,False
21.42,8,25.903462,True
-12.01,1,25.904968,False
-12.05,5,25.908975,False
-11.52,2,25.910975,False
-11.08,8,25.91952,False
-11.55,5,25.923517,False
-10.81,6,25.92919,False
-11.54,4,25.933493,False
-12.01,1,25.934487,False
20.18,7,25.94035,True
-12.01,1,25.94135,False
-11.31,6,25.946795,False
-12.01,1,25.947793,False
20.16,9,25.955565,True
21.19,6,25.961071,True
-11.77,2,25.963071,False
22.16,9,25.970816,True
20.68,7,25.976816,True
-10.56,6,25.98234,False
-11.79,4,25.985574,False
21.16,9,25.993098,True
20.44,6,25.998629,True
-11.32,7,26.004841,False
21.19,6,26.010373,True
-12.02,2,26.012372,False
-10.56,6,26.38847,False
-11.52,2,26.39047,False
-10.82,7,26.398981,False
22.41,9,26.409936,True
-11.77,2,26.411936,False
-11.77,2,26.414936,False
-11.76,1,26.415833,False
-11.76,1,26.417851,False
-11.54,4,26.421851,False
20.19,6,26.428356,True
-12.01,1,26.430356,False
-11.77,2,26.432693,False
-11.82,7,26.442227,False
-11.8,5,26.448227,False
-11.78,3,26.452583,False
20.43,7,26.461086,True
-11.78,3,26.465414,False
21.41,9,26.475934,True
20.19,6,26.482755,True
20.93,7,26.489755,True
-11.76,1,26.490258,False
22.38,12,26.503261,True
20.2,5,26.509261,True
-11.53,3,26.512765,False
-11.77,2,26.516269,False
-11.77,2,26.518787,False
-11.54,4,26.523794,False
-11.53,3,26.528304,False
-10.79,4,26.533291,False
-11.77,2,26.536796,False
21.62,13,26.550744,True
-11.78,3,26.554808,False
-10.81,6,26.562017,False
-11.53,3,26.566224,False
-10.58,8,26.575307,False
-11.54,4,26.581307,False
-11.78,3,26.584124,False
21.37,13,26.596668,True
-11.57,7,26.602986,False
-11.53,3,26.60651,False
-11.78,3,26.61051,False
-11.3,5,26.61476,False
-11.55,5,26.620171,False
20.21,4,26.62417,True
20.21,4,26.628688,True
-11.77,2,26.631688,False
-11.77,2,26.63404,False
-11.78,3,26.637109,False
-10.57,7,26.643623,False
-11.76,1,26.644623,False
-12.01,1,26.646128,False
-10.56,6,26.651638,False
20.18,7,26.657685,True
-11.77,2,26.659681,False
-11.76,1,26.660681,False
-12.02,2,26.662681,False
-11.54,4,26.667126,False
-11.55,5,26.671141,False
20.21,4,26.675137,True
-12.01,1,26.676136,False
-11.55,5,26.680649,False
-11.52,2,26.683093,False
-12.01,1,26.684132,False
21.66,9,26.692564,True
20.21,4,26.696565,True
21.17,8,26.703586,True
-11.53,3,26.706592,False
-11.53,3,26.709172,False
-10.8,5,26.713264,False
-11.31,6,26.71969,False
21.44,6,26.725596,True
22.33,17,26.740118,True
21.18,7,26.746182,True
-11.78,3,26.749178,False
-11.76,1,26.750929,False
-11.77,2,26.752434,False
21.18,7,26.758444,True
-11.55,5,26.762971,False
-11.78,3,26.76739,False
-11.3,5,26.771384,False
19.96,4,26.774908,True
-10.57,7,26.781914,False
-11.8,5,26.78615,False
-11.77,2,26.78815,False
-11.54,4,26.79115,False
-10.79,4,26.795675,False
-12.01,1,26.796674,False
-12.01,1,26.797674,False
-11.56,6,26.802902,False
-12.01,1,26.804902,False
-12.02,2,26.806425,False
-11.53,3,26.809425,False
-12.03,3,26.811425,False
21.42,8,26.81885,True
-10.36,11,26.82901,False
-11.78,3,26.832021,False
-11.78,3,26.83446,False
-11.77,2,26.836987,False
-11.53,3,26.839489,False
-11.53,3,26.843028,False
-11.32,7,26.850021,False
-11.76,1,26.851019,False
-12.01,1,26.853018,False
-10.59,8,26.85908,False
-11.78,3,26.862073,False
20.69,6,26.867525,True
-11.31,6,26.873047,False
-11.77,2,26.875047,False
-11.77,2,26.877047,False
20.44,6,26.882574,True
-11.78,3,26.884803,False
-12.01,1,26.885803,False
-11.78,3,26.888802,False
20.44,6,26.89433,True
-11.56,6,26.899329,False
-11.78,3,26.903065,False
21.16,9,26.911075,True
-11.55,5,26.915601,False
-12.01,1,26.915601,False
20.93,7,26.922375,True
-11.76,1,26.923886,False
-12.01,1,26.924904,False
-11.53,3,26.9279,False
-12.01,1,26.928899,False
20.45,5,26.933133,True
-11.58,7,26.939655,False
-11.55,5,26.943187,False
20.2,5,26.948718,True
-11.54,4,26.951954,False
-12.04,4,26.956468,False
-11.76,1,26.957461,False
-11.77,2,26.959468,False
-11.34,9,26.96671,False
-11.79,4,26.970704,False
-11.78,3,26.973705,False
-9.6,10,26.982234,False
21.61,14,26.993938,True
-11.77,2,26.996938,False
-11.78,3,26.999693,False
22.36,14,27.012203,True
-11.3,5,27.016211,False
-11.54,4,27.020014,False
-12.01,1,27.022004,False
-11.55,5,27.026011,False
-11.76,1,27.027011,False
-12.01,1,27.028524,False
-11.55,5,27.032538,False
-10.56,6,27.039281,False
20.67,8,27.045799,True
19.96,4,27.050852,True
20.44,6,27.431511,True
-11.29,4,27.434884,False
-11.53,3,27.437912,False
20.2,5,27.442922,True
-12.01,1,27.444426,False
-11.79,4,27.449402,False
21.42,8,27.456427,True
-11.29,4,27.46096,False
21.43,7,27.466967,True
21.43,7,27.472502,True
-11.57,7,27.478502,False
-11.31,6,27.485028,False
-11.08,8,27.491572,False
21.43,7,27.497567,True
-11.77,2,27.49998,False
-11.53,3,27.503019,False
-11.06,6,27.509019,False
-11.77,2,27.510018,False
-11.76,1,27.511529,False
-11.8,5,27.515998,False
-11.56,6,27.522049,False
-11.53,3,27.52506,False
21.43,7,27.531059,True
-11.77,2,27.53309,False
-11.76,1,27.534109,False
-11.56,6,27.539344,False
-12.05,5,27.54386,False
-11.55,5,27.547879,False
-11.78,3,27.551322,False
-11.77,2,27.553841,False
-11.3,5,27.55785,False
21.39,11,27.567139,True
-11.31,6,27.572134,False
20.2,5,27.576658,True
-11.54,4,27.580657,False
21.19,6,27.585421,True
-11.55,5,27.590437,False
21.16,9,27.597956,True
-11.54,4,27.602183,False
-11.54,4,27.605183,False
-11.77,2,27.607687,False
-11.54,4,27.610687,False
-12.03,3,27.613697,False
-11.77,2,27.616021,False
20.45,5,27.621075,True
-11.78,3,27.62409,False
21.58,17,27.639066,True
-11.78,3,27.641065,False
-11.77,2,27.643589,False
-11.53,3,27.646114,False
-11.31,6,27.651531,False
-11.55,5,27.656054,False
20.44,6,27.661579,True
-12.01,1,27.663084,False
-12.01,1,27.664091,False
-11.77,2,27.666096,False
-11.54,4,27.670326,False
-12.01,1,27.671325,False
-12.01,1,27.672326,False
21.65,10,27.680849,True
-10.57,6,27.686085,False
20.18,7,27.692085,True
-11.78,3,27.695618,False
-12.01,1,27.696617,False
-12.01,1,27.697617,False
-11.79,4,27.700829,False
-12.03,3,27.703825,False
-11.77,2,27.706348,False
21.1,15,27.720149,True
-11.53,3,27.722671,False
20.44,6,27.727858,True
21.43,7,27.734613,True
-11.52,2,27.736145,False
21.43,7,27.743169,True
-11.31,6,27.748205,False
-11.31,6,27.754203,False
-11.56,6,27.759743,False
-11.79,4,28.172346,False
-11.57,7,28.181851,False
-11.78,3,28.18417,False
20.19,6,28.190674,True
-11.3,5,28.196175,False
-11.53,3,28.200475,False
-11.78,3,28.203476,False
-11.53,3,28.20698,False
20.45,5,28.211981,True
-11.56,6,28.217865,False
21.61,14,28.231377,True
21.14,11,28.24419,True
-12.01,1,28.24619,False
-11.33,8,28.256843,False
-11.77,2,28.260348,False
-11.77,2,28.26285,False
-11.54,4,28.266855,False
20.45,5,28.27236,True
-11.56,6,28.27936,False
-11.78,3,28.282865,False
21.41,9,28.293375,True
-12.01,1,28.295374,False
-10.35,9,28.306883,False
-11.56,6,28.314387,False
-12.01,1,28.316387,False
-12.09,9,28.327395,False
-11.55,5,28.332901,False
-11.78,3,28.3359,False
-11.56,6,28.343406,False
20.2,5,28.349911,True
20.45,5,28.356416,True
-11.77,2,28.359416,False
-12.02,2,28.362416,False
20.95,5,28.368921,True
-11.76,1,28.369921,False
20.19,6,28.376444,True
-12.02,2,28.378451,False
19.97,3,28.381448,True
-11.55,5,28.386563,False
-10.79,4,28.391563,False
22.14,11,28.402083,True
-11.53,3,28.405585,False
-12.01,1,28.406598,False
-11.79,4,28.409595,False
-11.07,7,28.416098,False
-11.76,1,28.417118,False
20.65,10,28.426642,True
20.18,7,28.433159,True
-11.54,4,28.436166,False
-10.34,9,28.44422,False
-11.34,9,28.452725,False
-12.01,1,28.453725,False
20.2,5,28.457725,True
-11.77,2,28.460253,False
-12.02,2,28.462252,False
20.19,6,28.468252,True
-10.8,5,28.472779,False
-11.54,4,28.475778,False
21.17,8,28.483299,True
20.44,6,28.4893,True
20.42,8,28.49681,True
-11.77,2,28.502258,False
21.19,6,28.507253,True
-11.31,6,28.517767,False
-11.76,1,28.518768,False
-11.57,6,28.526782,False
-11.53,3,28.529782,False
-11.31,6,28.5383,False
19.97,3,28.541105,True
19.94,6,28.546417,True
-11.76,1,28.547417,False
-12.02,2,28.549948,False
-11.58,8,28.556478,False
-12.01,1,28.558094,False
-11.78,3,28.561248,False
21.34,16,28.5758,True
22.39,11,28.58545,True
-12.01,1,28.586466,False
-12.01,1,28.587466,False
-10.08,8,28.595967,False
-11.3,5,28.600973,False
-11.54,4,28.604973,False
-11.04,4,28.608649,False
20.45,5,28.613646,True
-11.76,1,28.614568,False
-11.77,2,28.617095,False
-11.3,5,28.622107,False
21.19,6,28.62764,True
20.45,5,28.632655,True
-11.52,2,28.634654,False
-11.54,4,28.639162,False
-11.33,8,28.646688,False
-11.78,3,28.650211,False
-12.02,2,28.653204,False
20.44,6,28.659713,True
-12.01,1,28.660719,False
-11.31,6,28.667232,False
20.2,5,28.672826,True
-12.03,3,28.675826,False
-11.33,8,28.684271,False
-10.8,5,28.68927,False
21.02,23,28.709384,True
-11.77,2,28.710385,False
20.21,4,28.714915,True
-11.76,1,28.715916,False
-11.54,4,28.71991,False
-11.77,2,28.72091,False
-11.3,5,28.72544,False
-11.76,1,28.726958,False
-11.54,4,28.730921,False
-11.79,4,28.734956,False
22.6,15,28.747995,True
-11.79,4,28.751522,False
-11.77,2,28.754028,False
20.2,5,28.758034,True
20.44,6,28.764037,True
-11.79,4,28.767561,False
-11.54,4,28.771563,False
-11.55,5,28.775604,False
-11.53,3,28.778599,False
-11.07,7,28.785098,False
20.92,8,28.792042,True
-12.01,1,28.793047,False
-11.79,4,28.796973,False
-12.01,1,28.797965,False
20.67,8,28.805027,True
-11.79,4,28.809542,False
-10.55,5,28.813549,False
20.21,4,28.817549,True
-12.01,1,28.819069,False
21.42,8,28.826066,True
-11.53,3,28.829104,False
-11.78,3,28.831832,False
-11.79,4,28.835815,False
20.21,4,28.840347,True
-11.3,5,28.845353,False
21.63,12,28.855408,True
-11.77,2,28.857405,False
-11.83,8,28.864934,False
-11.54,4,28.868441,False
-11.53,3,28.87044,False
-12.01,1,28.872526,False
-12.01,1,28.87354,False
-11.54,4,28.877536,False
20.19,6,28.883044,True
21.42,8,28.890051,True
19.96,4,28.89357,True
20.21,4,28.896574,True
20.18,7,28.902575,True
-12.01,1,28.904079,False
-11.29,4,28.90809,False
-12.01,1,28.90909,False
20.94,6,28.914593,True
21.4,10,28.923599,True
-11.81,6,28.928624,False
-11.53,3,28.931644,False
-12.02,2,28.933632,False
21.39,11,28.944146,True
-12.01,1,28.945147,False
19.97,3,28.948678,True
-12.01,1,28.949683,False
21.1,15,28.961829,True
-11.54,4,28.965844,False
-11.52,2,28.968039,False
-11.76,1,28.96906,False
21.42,8,28.976049,True
20.2,5,28.980573,True
-11.76,1,28.981566,False
20.2,5,28.986568,True
-12.01,1,28.987568,False
-12.03,3,28.99108,False
-11.76,1,28.99208,False
20.2,5,28.99608,True
-11.76,1,28.998124,False
-11.31,6,29.003784,False
21.64,11,29.012238,True
-11.53,3,29.018232,False
-11.53,3,29.020765,False
21.66,9,29.02828,True
-11.78,3,29.032381,False
20.45,5,29.038366,True
20.43,7,29.044416,True
-11.53,3,29.047423,False
-11.84,9,29.055944,False
20.21,4,29.059946,True
-11.58,8,29.067479,False
-11.31,6,29.07299,False
-11.53,3,29.075017,False
-12.01,1,29.077017,False
-12.01,1,29.078016,False
-11.76,1,29.079011,False
20.44,6,29.085524,True
-11.3,5,29.0906,False
-11.76,1,29.091522,False
21.67,8,29.099042,True
22.11,14,29.111575,True
-11.8,5,29.117244,False
-11.76,1,29.118247,False
-11.56,6,29.12417,False
-11.54,4,29.127687,False
-11.55,5,29.133203,False
20.43,7,29.139276,True
-11.54,4,29.143282,False
21.17,8,29.150806,True
-11.32,7,29.15634,False
-11.77,2,29.159851,False
-11.54,4,29.163362,False
20.2,5,29.168367,True
22.62,13,29.181398,True
20.44,6,29.187401,True
-11.33,8,29.194527,False
-11.78,3,29.198527,False
-11.53,3,29.201047,False
21.42,8,29.599775,True
-11.78,3,29.602775,False
-11.77,2,29.604775,False
-11.77,2,29.607281,False
19.96,4,29.611289,True
20.43,7,29.620215,True
22.63,12,29.635243,True
-12.01,1,29.636252,False
-11.54,4,29.641752,False
-11.31,6,29.648759,False
-11.31,6,29.657419,False
20.21,4,29.661944,True
-11.29,4,29.666943,False
20.44,6,29.673463,True
-11.53,3,29.677456,False
21.4,10,29.689189,True
21.66,9,29.698265,True
22.64,11,29.709747,True
-11.76,1,29.71125,False
-11.77,2,29.714254,False
-11.76,1,29.716254,False
20.45,5,29.72282,True
-11.76,1,29.72458,False
-11.8,5,29.730586,False
22.15,10,29.741376,True
-11.77,2,29.744424,False
22.7,30,29.77868,True
21.42,8,29.789513,True
-11.3,5,29.795038,False
20.45,5,29.800046,True
-11.78,3,29.803042,False
-11.55,5,29.808566,False
-12.01,1,29.809565,False
-11.54,4,29.813566,False
-11.55,5,29.818647,False
21.42,8,29.826171,True
-11.29,4,29.830686,False
-11.57,7,29.837211,False
20.45,5,29.841736,True
21.34,16,29.855603,True
-11.53,3,29.860157,False
21.41,9,29.869012,True
-11.78,3,29.871011,False
-12.01,1,29.873536,False
20.45,5,29.878046,True
-11.31,6,29.883389,False
-9.9,13,29.896914,False
22.17,8,29.904284,True
-11.77,2,29.906285,False
-12.02,2,29.908283,False
22.36,14,29.920728,True
21.42,8,29.927728,True
-11.77,2,29.930231,False
-11.79,4,29.934231,False
-11.32,7,29.940743,False
-11.78,3,29.942759,False
-11.54,4,29.946759,False
-11.53,3,29.949695,False
20.45,5,29.954245,True
-12.01,1,29.955756,False
-12.01,1,29.956775,False
20.44,6,29.962288,True
-11.53,3,29.965656,False
-11.54,4,29.9692,False
-11.77,2,29.9712,False
20.21,4,29.975713,True
-12.01,1,29.976712,False
-11.78,3,29.979711,False
-9.81,6,29.984683,False
-11.77,2,29.986683,False
20.44,6,29.991683,True
-11.76,1,29.993194,False
-11.34,9,30.002147,False
-11.76,1,30.003663,False
-11.78,3,30.005678,False
-12.04,4,30.009045,False
-12.02,2,30.012045,False
-11.77,2,30.013044,False
-11.78,3,30.01682,False
-12.01,1,30.017803,False
-11.76,1,30.019802,False
-11.54,4,30.022809,False
-11.78,3,30.026335,False
20.68,7,30.032423,True
21.42,8,30.039969,True
-10.78,3,30.043498,False
-11.55,5,30.048016,False
-11.09,9,30.056643,False
-11.78,3,30.059657,False
-11.54,4,30.063651,False
21.66,9,30.07307,True
19.94,6,30.078594,True
-10.55,5,30.084593,False
-12.01,1,30.085592,False
-11.56,5,30.091129,False
-11.54,4,30.095136,False
-11.77,2,30.097633,False
-11.77,2,30.100645,False
-12.01,1,30.101639,False
20.67,8,30.110172,True
-11.54,4,30.114168,False
-11.54,4,30.118686,False
-11.31,6,30.124701,False
-12.01,1,30.125694,False
-11.06,6,30.131218,False
-11.77,2,30.13371,False
-11.76,1,30.134706,False
-11.77,2,30.136705,False
19.96,4,30.141232,True
-12.02,2,30.143227,False
20.45,5,30.148317,True
-10.56,6,30.154699,False
20.44,6,30.160392,True
22.39,10,30.169404,True
-12.01,1,30.170909,False
21.39,11,30.17992,True
-11.76,1,30.181424,False
-11.54,4,30.185711,False
-12.01,1,30.186711,False
-11.78,3,30.189711,False
-11.53,3,30.192231,False
-11.77,2,30.194236,False
-12.01,1,30.195236,False
-11.31,6,30.200543,False
-11.77,2,30.203078,False
-11.77,2,30.205069,False
-11.53,3,30.20807,False
-11.77,2,30.210069,False
19.96,4,30.213595,True
22.62,13,30.225368,True
19.96,4,30.229368,True
21.43,7,30.236188,True
-12.01,1,30.238188,False
-11.07,7,30.244699,False
-12.03,3,30.248698,False
-11.78,3,30.251673,False
21.14,11,30.261026,True
-11.53,3,30.263027,False
-11.78,3,30.267816,False
-11.09,9,30.275688,False
20.44,6,30.282688,True
-11.54,4,30.285712,False
20.44,6,30.291727,True
-11.33,8,30.29861,False
-10.58,8,30.30563,False
-11.05,5,30.310152,False
-11.76,1,30.311152,False
-11.84,9,30.320429,False
21.62,13,30.330954,True
-10.79,4,30.335078,False
-11.78,3,30.338588,False
-11.77,2,30.340602,False
-11.54,4,30.344596,False
-12.01,1,30.346602,False
20.44,6,30.352312,True
-12.01,1,30.353848,False
-10.59,9,30.361595,False
21.37,13,30.372474,True
-11.76,1,30.374475,False
21.48,27,30.395716,True
-11.77,2,30.39772,False
19.96,4,30.402061,True
-10.59,9,30.409585,False
19.95,5,30.414108,True
-11.79,4,30.418331,False
-12.01,1,30.419331,False
20.21,4,30.422842,True
22.38,12,30.434812,True
-11.58,8,30.441811,False
22.14,11,30.451264,True
-11.55,5,30.455782,False
20.2,5,30.460316,True
-11.78,3,30.463316,False
21.43,7,30.469199,True
-11.77,2,30.471192,False
-11.3,5,30.476726,False
21.39,10,30.485844,True
21.18,7,30.491852,True
-11.55,5,30.496371,False
20.21,4,30.499658,True
21.67,8,30.507177,True
20.21,4,30.510176,True
20.84,16,30.526071,True
21.19,6,30.531582,True
-12.01,1,30.531582,False
-10.33,8,30.539976,False
-11.53,3,30.541971,False
20.44,6,30.548152,True
19.95,5,30.553056,True
-10.57,7,30.559097,False
-11.76,1,30.560111,False
20.67,8,30.567389,True
-11.77,2,30.569901,False
-11.53,3,30.572906,False
-12.01,1,30.573906,False
-12.01,1,30.575416,False
-11.78,3,30.57743,False
-11.76,1,30.57843,False
20.68,7,30.586231,True
22.34,16,30.601112,True
21.09,16,30.998623,True
21.15,10,31.010589,True
-11.8,5,31.016962,False
-11.78,3,31.021466,False
-12.01,1,31.022466,False
-12.04,4,31.028466,False
-11.77,2,31.030971,False
-11.55,5,31.035958,False
20.17,8,31.043971,True
-11.78,3,31.047971,False
19.96,4,31.053005,True
20.19,6,31.058511,True
-11.3,5,31.064101,False
-11.77,2,31.066483,False
22.4,10,31.077493,True
-11.57,7,31.086468,False
-11.83,8,31.094973,False
20.45,5,31.101831,True
21.39,11,31.115697,True
-11.77,2,31.117719,False
-11.76,1,31.119719,False
21.39,11,31.1329,True
20.68,7,31.140913,True
20.44,6,31.148841,True
-11.33,8,31.157952,False
-11.55,5,31.164968,False
21.19,6,31.172276,True
21.56,19,31.194198,True
-11.76,1,31.195709,False
20.69,6,31.202079,True
-10.36,10,31.211601,False
-11.29,4,31.215601,False
-10.81,6,31.22192,False
-11.54,4,31.22591,False
-11.77,2,31.228437,False
20.18,7,31.235449,True
-11.77,2,31.238502,False
-10.34,9,31.246513,False
-11.77,2,31.249987,False
-11.54,4,31.253771,False
-11.31,6,31.258302,False
21.42,8,31.266593,True
-12.02,2,31.268139,False
21.13,12,31.279201,True
-11.77,2,31.281723,False
-11.77,2,31.284146,False
-12.01,1,31.285146,False
-11.76,1,31.286146,False
-12.02,2,31.288146,False
-11.8,5,31.292659,False
20.69,6,31.298657,True
-11.76,1,31.299931,False
-12.01,1,31.301449,False
21.19,6,31.306453,True
-10.55,5,31.310453,False
-11.78,3,31.313969,False
-11.77,2,31.316195,False
-10.81,6,31.320194,False
20.68,7,31.327719,True
-10.8,5,31.332641,False
-12.01,1,31.333668,False
-11.54,4,31.337194,False
21.42,8,31.345244,True
-11.56,6,31.35115,False
-11.78,3,31.353679,False
-11.76,1,31.35469,False
-11.32,7,31.362208,False
-11.54,4,31.365763,False
-12.02,2,31.367331,False
21.17,8,31.374863,True
-11.77,2,31.376862,False
20.67,8,31.383868,True
21.36,14,31.39593,True
-11.3,5,31.400225,False
-10.57,7,31.407749,False
-11.77,2,31.409749,False
-11.78,3,31.412749,False
-11.76,1,31.413749,False
-11.54,4,31.417109,False
-11.79,4,31.42111,False
-11.3,5,31.426109,False
-11.78,3,31.428634,False
22.17,8,31.436675,True
20.2,5,31.444198,True
20.45,5,31.448714,True
-11.79,4,31.452702,False
-12.01,1,31.45371,False
-10.59,9,31.461234,False
-11.54,4,31.466119,False
-12.01,1,31.467139,False
21.15,10,31.475665,True
-11.31,6,31.481187,False
20.2,5,31.486511,True
21.32,18,31.501944,True
-11.77,2,31.504959,False
-11.76,1,31.505959,False
-11.78,3,31.508959,False
20.43,7,31.514483,True
-11.54,4,31.51879,False
-11.29,4,31.522784,False
20.21,4,31.526417,True
21.64,11,31.535943,True
-12.05,5,31.540009,False
-11.54,4,31.543531,False
-11.53,3,31.546535,False
-12.03,3,31.549625,False
-12.01,1,31.550648,False
-11.77,2,31.553158,False
22.55,20,31.570913,True
-11.77,2,31.572913,False
22.1,15,31.586281,True
21.38,12,31.597312,True
21.42,8,31.603572,True
-11.77,2,31.606097,False
21.18,7,31.612097,True
-11.77,2,31.614096,False
-11.77,2,31.616894,False
-12.01,1,31.617891,False
-11.78,3,31.620891,False
-11.77,2,31.622891,False
-11.79,4,31.628416,False
20.2,5,31.632933,True
-11.77,2,31.634961,False
20.44,6,31.641013,True
-11.56,6,31.64501,False
-12.03,3,31.648532,False
21.19,6,31.654551,True
20.92,8,31.661078,True
21.91,9,31.6696,True
-11.29,4,31.673599,False
21.42,8,31.680127,True
-11.78,3,31.683753,False
-11.32,7,31.691276,False
-11.55,5,31.695276,False
20.21,4,31.70026,True
20.21,4,31.703256,True
22.17,8,31.710777,True
20.45,5,31.714777,True
-11.76,1,31.716232,False
-11.76,1,31.717238,False
-11.77,2,31.719742,False
-11.56,6,31.725828,False
-11.76,1,31.726827,False
-11.77,2,31.728827,False
-10.58,8,31.737235,False
-11.53,3,31.740241,False
-11.77,2,31.741753,False
21.42,8,31.749319,True
20.19,6,31.75541,True
-11.55,5,31.759921,False
-11.55,5,31.763972,False
21.39,11,31.773628,True
-12.01,1,31.775138,False
20.43,7,31.78247,True
-11.55,5,31.787565,False
-11.76,1,31.789565,False
-11.79,4,31.793071,False
-11.8,5,31.798767,False
-11.53,3,31.801508,False
-11.77,2,31.804034,False
-11.78,3,31.807033,False
-11.78,3,31.809033,False
21.61,14,31.823102,True
-11.77,2,31.82462,False
21.19,6,31.830236,True
-11.76,1,31.831243,False
-11.54,4,31.835218,False
-11.77,2,31.837223,False
22.05,20,31.854161,True
-11.3,5,31.859687,False
20.21,4,31.863687,True
-11.57,7,31.869716,False
20.19,6,31.87572,True
-11.55,5,31.879757,False
21.43,7,31.885689,True
-11.53,3,31.889914,False
20.45,5,31.893914,True
-12.02,2,31.895914,False
-11.77,2,31.897906,False
-11.76,1,31.899411,False
-11.76,1,31.90044,False
-11.54,4,31.904443,False
-12.03,3,31.907435,False
-11.77,2,31.909959,False
21.18,7,31.916351,True
21.66,9,31.924628,True
-12.01,1,31.925627,False
-11.55,5,31.930147,False
20.92,8,31.937634,True
-11.77,2,31.939157,False
-11.78,3,31.942197,False
-12.01,1,31.943197,False
21.05,20,31.959987,True
-12.07,7,31.967098,False
-11.82,7,31.973631,False
-12.01,1,31.97463,False
-11.77,2,31.977149,False
-11.77,2,31.979153,False
21.14,11,31.989058,True
-12.01,1,31.990058,False
-12.01,1,31.991058,False
21.43,7,31.997704,True
20.69,6,32.003533,True
-10.78,3,32.006547,False
20.19,6,32.011547,True
-11.77,2,32.395719,False
-11.57,7,32.408224,False
-11.76,1,32.411726,False
-11.79,4,32.419729,False
-11.78,3,32.424241,False
21.37,13,32.439258,True
-11.77,2,32.44277,False
19.97,3,32.446779,True
-11.8,5,32.453283,False
-11.77,2,32.455288,False
-12.01,1,32.457288,False
-11.78,3,32.461288,False
-11.77,2,32.46379,False
-12.02,2,32.467304,False
20.2,5,32.473302,True
-12.01,1,32.474804,False
-12.02,2,32.477807,False
-11.32,7,32.487314,False
19.97,3,32.491315,True
20.21,4,32.496829,True
21.41,9,32.507343,True
-12.01,1,32.509343,False
-11.54,4,32.514343,False
-12.04,4,32.518858,False
-11.79,4,32.523854,False
19.96,4,32.528369,True
-11.76,1,32.530369,False
-11.58,8,32.539909,False
-12.01,1,32.541916,False
-11.79,4,32.547933,False
-11.84,8,32.555503,False
20.68,7,32.563138,True
21.15,10,32.574863,True
-12.01,1,32.576863,False
-11.53,3,32.581368,False
-12.01,1,32.582368,False
20.44,6,32.588791,True
20.69,6,32.594296,True
-12.02,2,32.596297,False
20.21,4,32.600298,True
-11.77,2,32.603312,False
21.13,12,32.61459,True
-12.01,1,32.616585,False
-10.56,6,32.623103,False
22.38,11,32.633619,True
-11.77,2,32.636613,False
20.45,5,32.641129,True
-11.3,5,32.646151,False
-11.55,5,32.651147,False
-11.54,4,32.65566,False
-11.77,2,32.65766,False
-12.02,2,32.66066,False
-11.77,2,32.66166,False
20.44,6,32.667922,True
-11.77,2,32.669924,False
21.19,6,32.675536,True
21.58,17,32.691015,True
-11.81,6,32.696527,False
-11.56,6,32.7019,False
21.42,8,32.709109,True
20.45,5,32.714109,True
21.87,13,32.725956,True
-11.56,5,32.730959,False
-11.77,2,32.73236,False
-9.81,6,32.738907,False
-10.79,4,32.742419,False
-11.78,3,32.74493,False
-11.77,2,32.747442,False
-11.53,3,32.750976,False
-9.8,5,32.755971,False
-12.02,2,32.758482,False
-12.01,1,32.759482,False
21.67,8,32.766349,True
-11.31,6,32.772594,False
-11.34,9,32.780655,False
-12.01,1,32.781647,False
-12.01,1,32.783133,False
21.18,7,32.789675,True
-11.29,4,32.792675,False
-11.77,2,32.795675,False
-11.56,6,32.801359,False
-11.56,6,32.806347,False
-11.77,2,32.808347,False
-11.55,5,32.81287,False
21.43,7,32.819741,True
-11.78,3,32.822755,False
20.21,4,32.826755,True
20.43,7,32.833963,True
-11.76,1,32.834971,False
-11.77,2,32.836971,False
-11.54,4,32.840482,False
21.64,11,32.852588,True
-10.55,5,32.858111,False
-11.76,1,32.859112,False
19.96,4,32.863299,True
-12.01,1,32.865301,False
-11.77,2,32.867694,False
-12.01,1,32.868709,False
20.21,4,32.872228,True
22.59,16,32.888075,True
-11.55,5,32.892591,False
-11.77,2,32.895606,False
21.33,17,32.911376,True
-10.79,4,32.915231,False
-11.77,2,32.917254,False
-12.05,5,32.922249,False
-11.57,7,32.928761,False
20.19,6,32.934267,True
-11.77,2,32.936276,False
20.21,4,32.940783,True
-11.54,4,32.944816,False
-11.79,4,32.94783,False
21.64,11,32.959357,True
-11.77,2,32.961357,False
-12.01,1,32.962879,False
22.05,20,32.980306,True
20.19,6,32.98669,True
-11.78,3,32.990213,False
-10.87,12,33.00163,False
-11.3,5,33.006629,False
-11.32,7,33.014153,False
-11.29,4,33.017972,False
-12.01,1,33.018983,False
-11.78,3,33.021982,False
20.21,4,33.026978,True
21.18,7,33.033496,True
-11.33,8,33.041027,False
-11.76,1,33.042228,False
-11.54,4,33.045739,False
-11.78,3,33.049607,False
-11.3,5,33.054158,False
-11.31,6,33.060666,False
-11.04,4,33.064666,False
21.41,9,33.072715,True
21.15,10,33.082561,True
-12.03,3,33.085128,False
21.4,10,33.095658,True
-11.53,3,33.09765,False
-11.76,1,33.099647,False
-11.77,2,33.102151,False
-12.02,2,33.104157,False
-10.58,8,33.111157,False
-10.56,6,33.118021,False
21.4,10,33.126538,True
-12.01,1,33.128539,False
-11.78,3,33.131534,False
-11.76,1,33.133039,False
-11.77,2,33.135442,False
-11.76,1,33.136441,False
-11.76,1,33.137445,False
-11.76,1,33.138442,False
20.19,6,33.143471,True
-11.77,2,33.14601,False
22.64,11,33.156931,True
-11.76,1,33.157931,False
20.67,8,33.165442,True
-11.78,3,33.168948,False
22.17,8,33.175952,True
20.44,6,33.182579,True
-12.01,1,33.183579,False
-12.03,3,33.186085,False
20.2,5,33.191091,True
20.21,4,33.194091,True
-11.54,4,33.199032,False
-11.78,3,33.202234,False
-11.76,1,33.203234,False
-11.6,10,33.211747,False
-11.53,3,33.216058,False
-11.53,3,33.219234,False
20.2,5,33.223235,True
-11.32,7,33.229902,False
-11.55,5,33.23441,False
-11.54,4,33.239085,False
-10.59,9,33.246128,False
-11.79,4,33.250946,False
-11.29,4,33.254467,False
-11.54,4,33.258487,False
21.18,7,33.265574,True
20.2,5,33.270296,True
-9.8,5,33.274296,False
21.17,8,33.28173,True
-11.31,6,33.287847,False
-11.77,2,33.289448,False
-11.54,4,33.29345,False
21.41,9,33.302299,True
20.45,5,33.306298,True
22.18,7,33.312806,True
21.42,8,33.320203,True
20.45,5,33.325258,True
-12.02,2,33.327213,False
-10.33,8,33.335191,False
-11.79,4,33.339191,False
-11.78,3,33.34221,False
20.21,4,33.345722,True
-11.78,3,33.349152,False
-11.55,5,33.353681,False
20.91,9,33.362699,True
20.45,5,33.368129,True
-12.05,5,33.373154,False
-11.79,4,33.376154,False
-12.01,1,33.378154,False
21.43,7,33.38429,True
20.45,5,33.390217,True
-11.78,3,33.393214,False
21.63,12,33.402154,True
-11.54,4,33.406668,False
-12.03,3,33.409667,False
-11.77,2,33.411667,False
-11.77,2,33.414173,False
-9.85,10,33.424596,False
-11.57,7,33.431115,False
-11.8,5,33.436645,False
-11.76,1,33.437645,False
-11.35,10,33.446205,False
20.19,6,33.82705,True
21.41,9,33.835623,True
22.36,14,33.851667,True
-11.77,2,33.854177,False
-11.56,6,33.861174,False
-12.01,1,33.862175,False
20.89,11,33.875181,True
19.96,4,33.881181,True
20.2,5,33.888172,True
-11.77,2,33.891172,False
-10.8,5,33.897678,False
21.42,8,33.906694,True
-11.76,1,33.909199,False
21.13,12,33.923171,True
-11.77,2,33.92517,False
-11.52,2,33.927675,False
-11.3,5,33.932634,False
-10.58,8,33.942151,False
21.39,11,33.956105,True
-12.01,1,33.957607,False
20.44,6,33.965118,True
-11.76,1,33.966546,False
-11.61,11,33.980062,False
-12.01,1,33.982062,False
-12.01,1,33.983491,False
-11.08,8,33.991539,False
20.68,7,33.999598,True
20.44,6,34.005628,True
20.44,6,34.012144,True
-12.02,2,34.014144,False
-12.01,1,34.016144,False
-12.01,1,34.017544,False
-11.77,2,34.020053,False
-11.78,3,34.023063,False
-11.54,4,34.027063,False
22.34,15,34.041494,True
-11.79,4,34.046018,False
-11.77,2,34.048019,False
-11.3,5,34.052819,False
-11.76,1,34.054818,False
-11.79,4,34.05882,False
21.15,10,34.068572,True
20.45,5,34.073916,True
-11.77,2,34.075917,False
-11.35,9,34.084663,False
-11.55,5,34.089584,False
20.45,5,34.094096,True
-11.52,2,34.096097,False
-12.03,3,34.099318,False
21.17,8,34.105834,True
21.15,10,34.115504,True
-11.32,7,34.12176,False
19.97,3,34.125272,True
-11.31,6,34.131276,False
-11.78,3,34.13466,False
-11.77,2,34.136652,False
20.43,7,34.143163,True
-11.53,3,34.145675,False
-11.54,4,34.149897,False
-11.78,3,34.154082,False
-12.01,1,34.155082,False
-10.35,10,34.164099,False
-11.29,4,34.168339,False
-11.77,2,34.170338,False
20.43,7,34.176349,True
-12.01,1,34.177349,False
-12.01,1,34.178349,False
21.62,13,34.189917,True
20.68,7,34.195963,True
20.2,5,34.201233,True
-11.55,5,34.205746,False
-11.54,4,34.208745,False
-10.79,4,34.212746,False
21.43,7,34.219546,True
-10.64,14,34.231065,False
-11.79,4,34.235153,False
-11.77,2,34.237158,False
21.33,17,34.251997,True
22.17,8,34.25912,True
-11.1,10,34.26912,False
-11.53,3,34.27218,False
-11.55,5,34.276203,False
-12.01,1,34.277548,False
19.97,3,34.280539,True
-11.08,8,34.287893,False
20.21,4,34.291895,True
22.84,16,34.307508,True
20.45,5,34.311514,True
20.44,6,34.317641,True
21.43,7,34.323653,True
-11.55,5,34.32934,False
-11.55,5,34.334734,False
-9.49,24,34.354591,False
-11.55,5,34.359102,False
-12.01,1,34.360102,False
-11.76,1,34.361103,False
-11.77,2,34.362608,False
-12.01,1,34.365147,False
-11.8,5,34.369541,False
21.66,9,34.377052,True
20.2,5,34.743156,True
-11.82,7,34.749126,False
-11.77,2,34.752168,False
-11.77,2,34.754167,False
21.99,26,34.778403,True
20.21,4,34.782399,True
-12.01,1,34.783398,False
20.42,8,34.790966,True
-11.77,2,34.792966,False
-11.77,2,34.794966,False
-11.55,5,34.799904,False
-11.77,2,34.801904,False
-11.31,6,34.807899,False
19.95,5,34.812409,True
-11.31,6,34.818227,False
20.2,5,34.823237,True
20.94,6,34.828748,True
-11.32,7,34.835228,False
-12.01,1,34.83631,False
-11.78,3,34.839905,False
20.18,7,34.845578,True
21.87,13,34.857,True
21.18,7,34.863511,True
-11.79,4,34.86786,False
20.18,7,34.874455,True
-11.8,5,34.878734,False
21.15,10,34.888774,True
20.2,5,34.893286,True
21.37,13,34.90524,True
-10.79,4,34.908241,False
-12.01,1,34.909241,False
-11.79,4,34.913424,False
-12.01,1,34.914424,False
-12.03,3,34.917739,False
-11.54,4,34.921739,False
-11.77,2,34.924261,False
-11.78,3,34.926261,False
21.43,7,34.934749,True
-11.53,3,34.938251,False
20.19,6,34.943265,True
-11.78,3,34.94626,False
21.41,9,34.95482,True
-10.34,9,34.963345,False
-10.56,6,34.969661,False
-11.54,4,34.973183,False
19.95,5,34.978708,True
-11.77,2,34.980218,False
21.62,13,34.992547,True
20.2,5,34.996547,True
-12.01,1,34.998558,False
21.67,8,35.005352,True
-11.77,2,35.007348,False
20.92,8,35.014859,True
-11.78,3,35.017859,False
-10.79,4,35.022027,False
21.66,9,35.030037,True
-11.77,2,35.032549,False
-11.77,2,35.034576,False
-11.77,2,35.037571,False
-11.79,4,35.04057,False
20.42,8,35.04808,True
21.17,8,35.055879,True
20.45,5,35.059879,True
20.95,5,35.06439,True
-11.56,6,35.070858,False
-11.76,1,35.071938,False
-11.77,2,35.074455,False
-11.53,3,35.076979,False
20.92,8,35.084359,True
-10.36,11,35.093869,False
22.38,12,35.104861,True
-11.3,5,35.109531,False
-11.78,3,35.112535,False
21.42,8,35.120141,True
-11.77,2,35.12214,False
19.95,5,35.126653,True
21.17,8,35.133958,True
-12.01,1,35.135964,False
-11.04,4,35.139487,False
-11.78,3,35.142487,False
-10.81,6,35.148205,False
-12.03,3,35.150616,False
-11.77,2,35.153137,False
-11.78,3,35.155137,False
-11.54,4,35.158653,False
20.19,6,35.163911,True
20.92,7,35.170755,True
21.18,7,35.176792,True
-12.02,2,35.177792,False
21.4,10,35.187655,True
21.33,17,35.592512,True
19.97,3,35.596017,True
19.96,4,35.600522,True
-11.3,5,35.606523,False
-11.79,4,35.610027,False
-11.8,5,35.615693,False
-11.77,2,35.617693,False
-11.52,2,35.620198,False
-11.53,3,35.624197,False
20.19,6,35.6297,True
20.69,6,35.637702,True
22.17,8,35.647207,True
-11.06,6,35.653215,False
-11.77,2,35.656218,False
-11.53,3,35.661722,False
-12.01,1,35.663722,False
-11.02,2,35.665722,False
-11.54,4,35.670227,False
-11.76,1,35.67173,False
-12.01,1,35.673733,False
20.2,5,35.678806,True
-11.55,5,35.685311,False
-11.54,4,35.689816,False
-11.77,2,35.693321,False
-11.58,8,35.702321,False
-11.77,2,35.704826,False
20.2,5,35.711826,True
20.43,7,35.71933,True
19.93,7,35.727835,True
-11.78,3,35.730835,False
-11.78,3,35.734337,False
-11.53,3,35.737339,False
-12.01,1,35.739339,False
-11.78,3,35.74234,False
-11.8,5,35.748844,False
-11.77,2,35.750844,False
-12.01,1,35.753347,False
-11.55,5,35.759853,False
-11.56,6,35.76645,False
-11.06,6,35.773454,False
-11.52,2,35.775956,False
-11.54,4,35.781461,False
-11.81,6,35.786977,False
20.43,7,35.793985,True
-11.53,3,35.797508,False
-11.77,2,35.799387,False
22.16,9,35.808057,True
20.2,5,35.813057,True
-11.07,7,35.820568,False
20.67,8,35.828078,True
-11.77,2,35.830092,False
-11.79,4,35.835643,False
20.94,6,35.841151,True
21.15,10,35.849714,True
-11.77,2,35.851743,False
-11.78,3,35.855265,False
21.15,10,35.863786,True
-11.54,4,35.868178,False
20.87,13,35.878751,True
-11.77,2,35.882259,False
21.43,7,35.8885,True
20.44,6,35.894031,True
-11.78,3,35.897031,False
-11.53,3,35.900031,False
-11.77,2,35.902536,False
21.38,12,35.914054,True
-11.32,7,35.920054,False
20.44,6,35.927721,True
-11.53,3,35.930797,False
-12.01,1,35.932721,False
-12.01,1,35.932721,False
-11.54,4,35.938312,False
-11.55,5,35.943231,False
-11.78,3,35.946743,False
-11.54,4,35.950984,False
20.45,5,35.954994,True
21.39,11,35.96651,True
21.2,5,35.971022,True
-11.77,2,35.97402,False
-11.77,2,35.976022,False
-11.52,2,35.978533,False
-11.53,3,35.981533,False
-10.33,8,35.989065,False
20.43,7,35.995569,True
-12.01,1,35.996575,False
19.97,3,35.999964,True
-12.01,1,36.000999,False
-11.31,6,36.006989,False
-11.81,6,36.013513,False
-11.77,2,36.015952,False
-11.78,3,36.018973,False
21.42,8,36.027482,True
-11.76,1,36.028481,False
-11.78,3,36.032007,False
19.97,3,36.035281,True
-12.01,1,36.037269,False
-12.01,1,36.038272,False
19.97,3,36.041796,True
20.44,6,36.046788,True
-11.3,5,36.05234,False
-11.76,1,36.053331,False
-12.01,1,36.054843,False
-11.56,6,36.059858,False
20.95,5,36.065375,True
-10.78,3,36.068461,False
-11.8,5,36.072961,False
19.96,4,36.077473,True
-12.01,1,36.07848,False
-12.01,1,36.079479,False
-11.78,3,36.082982,False
19.97,3,36.085988,True
-11.78,3,36.088992,False
-12.02,2,36.090992,False
-11.54,4,36.094512,False
-11.77,2,36.096509,False
-11.55,5,36.102509,False
21.63,12,36.112034,True
-12.01,1,36.113034,False
20.2,5,36.118393,True
-11.77,2,36.121393,False
-11.79,4,36.124396,False
-12.01,1,36.125914,False
20.45,5,36.130913,True
-10.58,8,36.138442,False
21.17,8,36.145442,True
20.41,9,36.154278,True
-11.8,5,36.159795,False
-11.79,4,36.163799,False
-11.77,2,36.165813,False
21.18,7,36.171343,True
-12.02,2,36.174538,False
-11.77,2,36.176532,False
21.18,7,36.18289,True
-11.79,4,36.186897,False
-12.01,1,36.188417,False
20.43,7,36.194422,True
-11.55,5,36.199721,False
-11.77,2,36.201714,False
21.38,12,36.212354,True
-10.8,5,36.217355,False
-11.56,6,36.222878,False
-10.11,11,36.233394,False
-11.56,6,36.23939,False
-11.77,2,36.24191,False
-12.01,1,36.242905,False
-10.82,7,36.249224,False
-12.01,1,36.251252,False
19.96,4,36.254938,True
-12.01,1,36.255462,False
-11.76,1,36.2571,False
-10.8,5,36.261643,False
-11.76,1,36.262658,False
-11.54,4,36.267158,False
-11.78,3,36.26967,False
-12.01,1,36.270677,False
-11.53,3,36.274194,False
-12.01,1,36.276194,False
-11.53,3,36.279193,False
-12.1,10,36.28797,False
20.2,5,36.291971,True
-11.3,5,36.297494,False
-11.77,2,36.298791,False
-11.53,3,36.301809,False
20.21,4,36.306336,True
-11.31,6,36.311336,False
20.2,5,36.316147,True
20.2,5,36.320136,True
-11.77,2,36.32214,False
-12.01,1,36.32414,False
-11.57,7,36.329664,False
-11.04,4,36.333975,False
20.91,9,36.343235,True
20.45,5,36.346742,True
20.2,5,36.353083,True
-11.07,7,36.359148,False
-11.54,4,36.362147,False
-11.76,1,36.363147,False
-12.01,1,36.365453,False
20.45,5,36.370006,True
-11.77,2,36.372001,False
-12.01,1,36.373,False
-11.76,1,36.374,False
-11.53,3,36.377512,False
-11.55,5,36.381517,False
-12.02,2,36.384333,False
21.43,7,36.390859,True
-11.3,5,36.394859,False
-11.76,1,36.396852,False
21.4,10,36.405632,True
20.44,6,36.410681,True
-11.54,4,36.414674,False
-11.32,7,36.421211,False
20.43,7,36.428203,True
-12.01,1,36.430713,False
-11.52,2,36.432899,False
-11.76,1,36.433899,False
-11.34,9,36.442429,False
-11.77,2,36.444423,False
20.42,8,36.451444,True
-12.02,2,36.453449,False
-10.82,7,36.459972,False
-11.54,4,36.463499,False
-11.76,1,36.464493,False
-11.77,2,36.466907,False
21.41,9,36.473944,True
-10.57,7,36.480944,False
-11.78,3,36.484252,False
-11.03,3,36.486267,False
-11.06,6,36.492781,False
-11.08,8,36.500731,False
-11.3,5,36.505254,False
-12.01,1,36.506261,False
-11.79,4,36.510254,False
-11.53,3,36.512254,False
-11.3,5,36.518116,False
20.44,6,36.523109,True
-11.56,5,36.528168,False
-11.04,4,36.531174,False
20.2,5,36.53606,True
-11.53,3,36.539807,False
-12.02,2,36.541804,False
-11.8,5,36.546327,False
20.44,6,36.551637,True
-11.33,7,36.557689,False
21.16,9,36.565915,True
20.45,5,36.57093,True
-11.54,4,36.57493,False
-11.31,6,36.579978,False
-12.01,1,36.580978,False
21.17,8,36.589295,True
21.12,13,36.600683,True
21.39,11,36.610724,True
21.16,9,36.618948,True
-11.81,6,36.997719,False
-11.3,5,37.003201,False
-11.77,2,37.0052,False
-11.31,6,37.010705,False
-11.78,3,37.013705,False
-11.76,1,37.015705,False
-11.53,3,37.020075,False
22.62,13,37.03289,True
-12.02,2,37.034891,False
-10.81,6,37.042396,False
20.2,5,37.048857,True
21.47,28,37.081692,True
-12.01,1,37.08297,False
-11.3,5,37.089977,False
-11.53,3,37.09298,False
-10.57,7,37.100927,False
20.2,5,37.106928,True
-11.54,4,37.111939,False
-11.77,2,37.11394,False
-11.77,2,37.117216,False
-10.58,8,37.124722,False
21.6,15,37.140068,True
21.36,14,37.153531,True
-11.56,6,37.160036,False
-11.81,6,37.166905,False
21.16,9,37.175933,True
21.17,8,37.183933,True
-12.01,1,37.185446,False
22.12,13,37.197474,True
-11.79,4,37.201843,False
-12.01,1,37.203355,False
-12.01,1,37.204892,False
-11.3,5,37.20991,False
20.44,6,37.216754,True
-12.01,1,37.217753,False
-11.57,7,37.224753,False
-11.54,4,37.229871,False
-12.01,1,37.230871,False
-10.32,7,37.238396,False
-11.33,8,37.246897,False
21.18,7,37.252983,True
-11.78,3,37.257498,False
-12.01,1,37.258499,False
-11.3,5,37.263513,False
-11.53,3,37.265877,False
-11.81,5,37.270445,False
-11.82,7,37.277951,False
21.18,7,37.283949,True
-11.78,3,37.287456,False
20.44,6,37.293034,True
22.18,7,37.300544,True
22.41,9,37.310071,True
-11.81,6,37.316065,False
22.51,23,37.337578,True
-11.76,1,37.338587,False
-11.77,2,37.341103,False
20.44,6,37.347107,True
-11.32,7,37.354989,False
-11.77,2,37.355989,False
-12.02,2,37.359012,False
-12.01,1,37.360019,False
-11.78,3,37.363533,False
-10.32,7,37.371878,False
-11.79,4,37.376169,False
-11.77,2,37.377686,False
-12.02,2,37.379691,False
21.65,10,37.389502,True
-11.77,2,37.391502,False
-11.02,2,37.393502,False
-11.8,5,37.39802,False
20.19,6,37.403619,True
-12.03,3,37.405625,False
-11.56,6,37.411137,False
-12.02,2,37.413137,False
20.21,4,37.418093,True
19.96,4,37.421092,True
20.69,6,37.426623,True
-11.06,6,37.433105,False
22.17,8,37.44065,True
22.4,10,37.44965,True
20.2,5,37.454161,True
21.46,29,37.480228,True
-12.01,1,37.481228,False
21.42,8,37.489012,True
20.94,6,37.494534,True
-11.32,7,37.501009,False
-11.76,1,37.503008,False
-12.01,1,37.503527,False
-10.81,6,37.509527,False
-11.54,4,37.512527,False
-12.01,1,37.514031,False
-11.77,2,37.516503,False
-11.77,2,37.518495,False
-11.76,1,37.519495,False
-11.55,5,37.524334,False
-11.76,1,37.526026,False
-11.55,5,37.530022,False
-11.77,2,37.532358,False
-11.53,3,37.534898,False
22.55,20,37.552922,True
-10.57,7,37.559635,False
-11.6,10,37.567952,False
-11.31,6,37.573947,False
-11.54,4,37.578459,False
-11.77,2,37.580459,False
22.4,10,37.590182,True
22.35,15,37.603036,True
21.4,9,37.610547,True
-12.01,1,37.611547,False
-10.56,6,37.617592,False
-11.77,2,37.619798,False
-11.78,3,37.622799,False
20.43,7,37.628303,True
-11.54,4,37.633856,False
-11.78,3,37.636896,False
-11.57,7,37.642566,False
-11.54,4,37.646566,False
20.45,5,37.651659,True
-11.77,2,37.65366,False
-11.76,1,37.654659,False
-11.8,5,37.659659,False
-11.32,7,37.666772,False
21.6,14,37.678796,True
21.1,15,37.692386,True
-10.57,7,37.699688,False
-11.77,2,37.701684,False
-11.8,5,37.705207,False
22.39,11,37.715593,True
-10.81,6,37.721613,False
-11.54,4,37.725136,False
21.42,8,37.733084,True
-11.77,2,37.735091,False
-10.82,7,37.742091,False
20.2,5,37.746199,True
-11.76,1,37.747198,False
-11.32,7,37.753655,False
21.18,7,37.760672,True
-11.55,5,37.765647,False
-12.01,1,37.766738,False
-11.33,8,37.773668,False
20.45,5,37.779174,True
-11.54,4,37.783691,False
-11.77,2,37.785716,False
20.2,5,37.789732,True
-12.02,2,37.792435,False
-12.01,1,37.794077,False
-11.78,3,37.797229,False
-11.54,4,37.799807,False
21.43,7,37.807839,True
-11.8,5,37.811846,False
-11.77,2,37.814839,False
-11.77,2,37.816169,False
-11.77,2,37.819204,False
22.16,9,37.827616,True
21.36,14,37.840546,True
19.95,5,37.845546,True
21.43,7,37.852492,True
-12.02,2,37.854488,False
-12.03,3,37.857487,False
-12.01,1,37.858993,False
-11.78,3,37.861504,False
20.41,9,37.869568,True
-10.31,6,37.875584,False
-11.35,10,37.885438,False
22.12,12,37.895454,True
-12.01,1,37.896455,False
-11.79,3,37.899788,False
-11.77,2,37.902311,False
20.44,6,37.907311,True
20.44,6,37.912327,True
-12.01,1,37.913327,False
-11.56,6,37.919715,False
-11.77,2,37.921715,False
-12.01,1,37.923388,False
-11.77,2,37.924389,False
19.95,5,37.929388,True
-11.3,5,37.935263,False
-11.77,2,37.937263,False
-11.55,5,37.942264,False
21.42,8,37.949263,True
-10.57,7,37.955808,False
-11.31,6,37.959808,False
-11.54,4,37.96484,False
20.44,6,37.970147,True
22.53,22,37.990544,True
-11.77,2,37.993552,False
-11.8,5,37.998712,False
21.16,9,38.007044,True
-11.53,3,38.391735,False
-12.01,1,38.392237,False
-11.53,3,38.39524,False
-11.55,5,38.401766,False
-11.76,1,38.403268,False
-11.77,2,38.406271,False
20.44,6,38.414281,True
-11.53,3,38.418623,False
-12.01,1,38.419623,False
-12.01,1,38.421623,False
-11.79,4,38.427128,False
-12.02,2,38.429128,False
-11.56,6,38.438026,False
20.2,5,38.444528,True
-11.77,2,38.44653,False
19.95,5,38.452894,True
-11.3,5,38.458411,False
-11.79,4,38.463915,False
21.66,9,38.472959,True
-11.76,1,38.473959,False
-11.82,7,38.481475,False
-11.78,3,38.484947,False
-11.76,1,38.486457,False
21.39,11,38.498021,True
-12.01,1,38.499091,False
-11.57,7,38.50561,False
-12.01,1,38.508129,False
-11.56,6,38.515125,False
-11.77,2,38.517668,False
-11.77,2,38.52068,False
20.21,4,38.524679,True
20.2,5,38.531191,True
-11.52,2,38.533625,False
20.44,6,38.539664,True
-11.33,8,38.547255,False
-11.31,6,38.554311,False
-11.77,2,38.557307,False
-11.77,2,38.560321,False
20.44,6,38.567615,True
19.97,3,38.570801,True
20.19,6,38.579021,True
-10.81,6,38.585348,False
-11.76,1,38.586348,False
-11.54,4,38.590878,False
-11.76,1,38.591891,False
21.19,6,38.597908,True
-11.08,7,38.60474,False
-12.02,2,38.606736,False
21.4,10,38.615779,True
22.38,12,38.627359,True
-12.01,1,38.628359,False
-11.3,5,38.634334,False
-11.56,6,38.640339,False
-11.53,3,38.642859,False
-10.8,5,38.647862,False
-11.55,5,38.652697,False
-11.32,7,38.658711,False
-11.31,6,38.664737,False
-11.53,3,38.667076,False
-11.56,6,38.673569,False
19.97,3,38.67558,True
21.39,11,38.686358,True
-11.54,4,38.689869,False
-11.32,7,38.695895,False
-12.02,2,38.698304,False
21.4,9,38.705988,True
21.42,8,38.713994,True
20.44,6,38.719328,True
20.44,6,38.72484,True
-11.76,1,38.725839,False
20.44,6,38.731705,True
-11.77,2,38.7338,False
-10.58,8,38.739795,False
21.41,9,38.749399,True
21.66,9,38.757391,True
-11.76,1,38.75839,False
-12.01,1,38.75939,False
20.2,5,38.7644,True
22.38,12,38.775685,True
20.44,6,38.780678,True
19.97,3,38.78409,True
20.2,5,38.788088,True
20.45,5,38.792584,True
20.16,9,38.800549,True
-11.53,3,38.80405,False
20.2,5,38.808061,True
-11.31,6,38.813062,False
-11.77,2,38.816023,False
-11.3,5,38.821023,False
-12.03,3,38.823023,False
-11.76,1,38.825023,False
-11.78,3,38.827533,False
-11.32,7,38.833989,False
-12.01,1,38.833989,False
19.97,3,38.839637,True
-12.01,1,38.840637,False
21.42,8,38.848722,True
-11.54,4,38.852745,False
20.19,6,38.858255,True
20.44,6,38.863256,True
20.2,5,38.868781,True
-11.53,3,38.871781,False
21.17,8,38.878798,True
-12.02,2,38.880798,False
21.66,9,38.888748,True
-11.56,6,38.894267,False
-12.01,1,38.896267,False
-11.53,3,38.899187,False
-11.77,2,38.901211,False
-11.54,4,38.90521,False
-11.58,8,38.91237,False
-11.54,4,38.915679,False
19.97,3,38.918687,True
20.18,7,38.924999,True
-11.31,6,38.930499,False
-11.3,5,38.935886,False
21.42,8,38.942411,True
20.21,4,38.946407,True
-11.81,6,38.952803,False
-11.77,2,38.954803,False
-11.56,6,38.960803,False
-11.8,5,38.964831,False
22.54,20,38.983085,True
21.41,9,38.9906,True
-11.55,5,38.995647,False
-11.77,2,38.997647,False
-11.76,1,38.998965,False
-12.01,1,38.999993,False
-11.55,5,39.004987,False
-11.78,3,39.008219,False
-11.53,3,39.011217,False
-11.77,2,39.013217,False
-11.84,9,39.02177,False
-11.78,3,39.024769,False
-11.33,8,39.032166,False
-11.55,5,39.037678,False
-11.77,2,39.039679,False
-11.56,6,39.045679,False
-10.79,4,39.049902,False
21.38,11,39.059421,True
-11.77,2,39.061421,False
20.21,4,39.065418,True
21.43,7,39.072027,True
21.19,6,39.077192,True
20.2,5,39.081226,True
20.43,7,39.087675,True
-12.02,2,39.090206,False
20.18,7,39.096727,True
20.2,5,39.100667,True
-11.53,3,39.103673,False
21.65,10,39.112735,True
-11.76,1,39.11503,False
-11.57,7,39.121573,False
-11.07,7,39.127572,False
-11.54,4,39.131683,False
-11.54,4,39.135092,False
-11.52,2,39.13709,False
-11.76,1,39.13909,False
-11.32,7,39.144614,False
-11.77,2,39.146607,False
-11.56,6,39.152839,False
20.21,4,39.155839,True
21.41,9,39.164354,True
-11.55,5,39.169214,False
-11.78,3,39.172215,False
-11.77,2,39.173737,False
-11.77,2,39.175736,False
-11.56,6,39.182292,False
-11.78,3,39.185322,False
-11.82,7,39.191835,False
-11.77,2,39.193377,False
-11.52,2,39.195909,False
-11.77,2,39.1979,False
-11.77,2,39.200237,False
-12.01,1,39.201235,False
-10.81,6,39.206758,False
-11.53,3,39.209758,False
-11.53,3,39.212757,False
-12.02,2,39.214275,False
-11.77,2,39.216585,False
-10.83,8,39.224623,False
20.68,7,39.230627,True
-11.55,5,39.235438,False
-11.76,1,39.236438,False
-11.79,4,39.241433,False
-11.77,2,39.243433,False
-10.59,9,39.251441,False
-11.53,3,39.255434,False
20.45,5,39.259464,True
20.43,7,39.26594,True
-11.54,4,39.268955,False
-11.79,4,39.273472,False
-11.32,7,39.279987,False
-11.76,1,39.280987,False
-11.58,8,39.289405,False
20.2,5,39.293405,True
-11.77,2,39.294916,False
-11.77,2,39.297447,False
-10.8,5,39.302447,False
-11.55,5,39.307448,False
-11.78,3,39.309958,False
20.44,6,39.315699,True
-11.77,2,39.319221,False
20.21,4,39.322211,True
19.97,3,39.325211,True
-12.01,1,39.326211,False
-11.56,6,39.332055,False
-11.77,2,39.334132,False
-11.79,4,39.338639,False
-11.77,2,39.340647,False
20.21,4,39.344646,True
-11.76,1,39.345647,False
-11.54,4,39.350541,False
-11.8,5,39.354534,False
-12.02,2,39.357047,False
-10.83,8,39.364334,False
-11.54,4,39.368354,False
-11.52,2,39.370353,False
-11.54,4,39.373877,False
-12.01,1,39.374877,False
-11.54,4,39.377876,False
-11.77,2,39.380877,False
-12.01,1,39.382417,False
-11.54,4,39.386433,False
-11.78,3,39.389433,False
-11.77,2,39.389936,False
-11.77,2,39.392449,False
-11.76,1,39.394449,False
20.2,5,39.398981,True
-11.32,7,39.405809,False
21.18,7,39.779243,True
-11.77,2,39.782675,False
-11.78,3,39.785182,False
21.41,9,39.794686,True
20.68,7,39.802119,True
-11.77,2,39.804119,False
20.94,6,39.81062,True
-11.77,2,39.813623,False
-11.29,4,39.81897,False
-12.02,2,39.822476,False
-10.34,9,39.833297,False
21.41,9,39.8438,True
21.17,8,39.850147,True
-11.54,4,39.856697,False
-11.53,3,39.860697,False
-12.01,1,39.862198,False
20.2,5,39.868088,True
-11.76,1,39.87009,False
-11.56,6,39.876596,False
-11.55,5,39.882101,False
-10.55,5,39.888021,False
-12.02,2,39.891021,False
-10.79,4,39.895525,False
-11.3,5,39.902434,False
-10.33,8,39.910447,False
-11.78,3,39.914865,False
-12.01,1,39.915878,False
-12.03,3,39.918878,False
-11.77,2,39.921878,False
22.59,16,39.93926,True
22.14,11,39.952106,True
-11.78,3,39.956611,False
22.39,36,39.991965,True
-11.77,2,39.994962,False
21.43,7,40.001279,True
-12.02,2,40.004279,False
-11.56,6,40.010755,False
21.42,8,40.018771,True
-11.78,3,40.021293,False
21.19,6,40.027288,True
-11.57,7,40.034307,False
-11.77,2,40.036306,False
-11.76,1,40.037307,False
-11.79,4,40.041818,False
-11.54,4,40.044824,False
21.36,14,40.05747,True
-11.32,7,40.06499,False
19.97,3,40.06743,True
-11.08,8,40.07546,False
-10.81,6,40.080972,False
21.41,9,40.08887,True
20.86,14,40.101254,True
-11.8,5,40.105766,False
-11.32,7,40.112277,False
-11.3,5,40.117094,False
20.45,5,40.122094,True
-11.54,4,40.125606,False
20.2,5,40.130606,True
-11.3,5,40.135607,False
-11.77,2,40.137613,False
-12.02,2,40.139612,False
20.88,12,40.149281,True
-11.53,3,40.152306,False
-11.77,2,40.154825,False
-11.77,2,40.156829,False
-12.01,1,40.157829,False
20.44,6,40.162829,True
20.17,8,40.170277,True
-11.76,1,40.171277,False
21.36,13,40.183793,True
-11.79,4,40.187308,False
20.2,5,40.191833,True
-10.81,6,40.198337,False
20.21,4,40.201729,True
-11.77,2,40.203729,False
-11.77,2,40.205729,False
-11.77,2,40.207249,False
-11.77,2,40.210247,False
-12.02,2,40.212254,False
22.17,8,40.218093,True
-11.57,7,40.225614,False
-11.54,4,40.229124,False
-11.31,6,40.235441,False
-12.01,1,40.236441,False
-12.01,1,40.237953,False
-10.8,5,40.242959,False
-11.55,5,40.246967,False
-12.02,2,40.248797,False
21.41,9,40.257105,True
20.93,7,40.264156,True
22.14,11,40.27412,True
-11.78,3,40.277119,False
21.11,14,40.289294,True
21.2,5,40.293817,True
-11.79,4,40.297812,False
-11.78,3,40.300555,False
-11.77,2,40.302563,False
-11.31,6,40.308569,False
-11.77,2,40.309569,False
22.62,13,40.321556,True
-11.33,8,40.328577,False
20.45,5,40.334635,True
21.41,9,40.342635,True
-12.01,1,40.343138,False
20.2,5,40.348143,True
-11.82,7,40.354374,False
-11.78,3,40.357372,False
-11.76,1,40.358372,False
-11.76,1,40.359952,False
-11.77,2,40.361677,False
20.2,5,40.367681,True
21.92,8,40.374272,True
21.42,8,40.381788,True
-10.36,11,40.391549,False
-11.79,4,40.395059,False
-11.76,1,40.396076,False
-11.76,1,40.398066,False
-12.01,1,40.399575,False
-11.02,2,40.401581,False
-11.78,3,40.404581,False
-11.29,4,40.408092,False
-11.76,1,40.409092,False
-11.78,3,40.413097,False
-11.55,5,40.417425,False
20.44,6,40.422945,True
-11.77,2,40.424945,False
20.2,5,40.429458,True
-11.53,3,40.433464,False
-11.55,5,40.437983,False
-11.76,1,40.438987,False
21.15,10,40.449108,True
-11.55,5,40.454109,False
-11.56,6,40.459674,False
-11.77,2,40.461626,False
-11.31,6,40.467077,False
-12.01,1,40.468076,False
-12.01,1,40.469589,False
-11.54,4,40.472603,False
20.2,5,40.477603,True
-12.01,1,40.478603,False
19.97,3,40.481791,True
20.45,5,40.486338,True
-11.79,4,40.490858,False
-11.77,2,40.492864,False
-11.56,6,40.497857,False
21.34,16,40.51167,True
20.2,5,40.5162,True
-11.54,4,40.520201,False
-11.54,4,40.524731,False
-11.55,5,40.528731,False
-12.02,2,40.530731,False
20.2,5,40.536122,True
20.21,4,40.540125,True
21.17,8,40.546642,True
-11.77,2,40.549178,False
21.42,8,40.556717,True
-12.02,2,40.558717,False
-11.77,2,40.560717,False
-12.01,1,40.562226,False
-12.01,1,40.563322,False
-11.78,3,40.566684,False
21.43,7,40.572203,True
-11.78,3,40.575727,False
-11.52,2,40.577727,False
-11.54,4,40.580727,False
-11.57,7,40.588038,False
-11.55,5,40.592038,False
-11.76,1,40.593549,False
-11.76,1,40.594087,False
-12.02,2,40.596101,False
-11.76,1,40.598094,False
-11.76,1,40.599338,False
-12.01,1,40.599842,False
-11.29,4,40.604363,False
-11.53,3,40.606377,False
-11.78,3,40.609377,False
-11.8,5,40.613377,False
-12.02,2,40.615894,False
20.68,7,40.622141,True
-12.02,2,40.624141,False
20.21,4,40.627666,True
-10.61,10,40.637428,False
20.43,7,40.643428,True
-11.78,3,40.646429,False
-12.02,2,40.649307,False
20.45,5,40.653314,True
20.21,4,40.656825,True
-11.53,3,40.659839,False
20.45,5,40.664836,True
21.37,13,40.675759,True
-11.77,2,40.677758,False
-11.77,2,40.679996,False
-11.78,3,40.683344,False
-11.77,2,40.685339,False
-11.53,3,40.688859,False
-11.77,2,40.690863,False
21.43,7,40.696864,True
-11.77,2,40.698864,False
20.44,6,40.703631,True
19.96,4,40.70763,True
20.44,6,40.713155,True
-11.77,2,40.715156,False
-11.77,2,40.717402,False
-12.03,3,40.719914,False
20.45,5,40.724928,True
20.2,5,40.728928,True
-11.76,1,40.731446,False
-11.76,1,40.732682,False
-12.01,1,40.733679,False
20.21,4,40.736679,True
21.17,8,40.74519,True
-11.03,3,40.748491,False
-11.77,2,40.7505,False
-10.33,8,40.758023,False
-11.54,4,40.762022,False
-12.01,1,40.763546,False
-11.8,5,40.768201,False
-11.57,7,40.774244,False
-11.77,2,40.776243,False
-11.77,2,40.778243,False
-11.29,4,40.78172,False
-12.01,1,40.783762,False
-11.53,3,40.785761,False
-10.33,8,41.171719,False
-11.77,2,41.174226,False
-12.04,4,41.179728,False
20.21,4,41.184139,True
-12.02,2,41.18614,False
21.65,10,41.195645,True
20.19,6,41.202046,True
21.18,7,41.208552,True
-11.78,3,41.212614,False
-11.78,3,41.216974,False
-11.77,2,41.218974,False
-11.78,3,41.223478,False
-11.76,1,41.224478,False
20.44,6,41.232764,True
-12.01,1,41.234763,False
-11.76,1,41.235763,False
-11.52,2,41.238763,False
-11.77,2,41.241763,False
-10.79,4,41.246268,False
20.2,5,41.250636,True
22.4,10,41.262351,True
21.53,22,41.283466,True
22.62,13,41.298987,True
21.66,9,41.307385,True
20.92,8,41.315971,True
-11.56,6,41.321969,False
-12.01,1,41.323969,False
-12.02,2,41.326483,False
-11.56,6,41.332834,False
-12.01,1,41.334834,False
20.44,6,41.341344,True
20.2,5,41.346344,True
-11.54,4,41.350916,False
-11.55,5,41.35742,False
-11.77,2,41.359922,False
-11.79,4,41.363935,False
21.42,8,41.372352,True
-11.53,3,41.375368,False
22.36,14,41.389674,True
22.4,10,41.39945,True
20.44,6,41.404951,True
-11.77,2,41.406951,False
20.44,6,41.412464,True
21.2,5,41.417675,True
20.45,5,41.422187,True
20.45,5,41.426692,True
-11.53,3,41.429204,False
-11.78,3,41.432562,False
-11.53,3,41.434662,False
-12.01,1,41.436659,False
-12.01,1,41.437657,False
21.39,11,41.447333,True
21.89,11,41.457661,True
-11.79,4,41.460253,False
20.19,6,41.466915,True
-11.55,5,41.471427,False
-10.33,8,41.478939,False
-11.54,4,41.48261,False
22.4,10,41.491675,True
-11.54,4,41.495673,False
-11.77,2,41.498987,False
-11.54,4,41.502538,False
-12.01,1,41.502538,False
-10.1,9,41.512064,False
21.64,11,41.521471,True
-11.78,3,41.523993,False
20.45,5,41.5305,True
21.16,9,41.53899,True
-11.54,4,41.542672,False
-11.55,5,41.54719,False
-11.55,5,41.552597,False
21.63,12,41.56387,True
21.43,7,41.570119,True
-11.54,4,41.574404,False
21.65,10,41.583288,True
-11.78,3,41.585813,False
-11.76,1,41.586812,False
21.12,13,41.960313,True
-11.76,1,41.961318,False
-11.78,3,41.965822,False
-11.77,2,41.967861,False
-11.79,4,41.971867,False
-12.02,2,41.972866,False
-11.76,1,41.974921,False
-12.02,2,41.976927,False
21.4,10,41.985498,True
-12.01,1,41.986514,False
-11.3,5,41.99103,False
-12.02,2,41.993035,False
-12.01,1,41.995035,False
20.21,4,41.998679,True
-11.78,3,42.001678,False
20.21,4,42.006204,True
20.44,6,42.012731,True
20.42,8,42.019295,True
-11.83,8,42.025815,False
-11.76,1,42.029032,False
-12.02,2,42.031037,False
-11.53,3,42.034036,False
-11.82,7,42.03956,False
-11.54,4,42.043556,False
-12.02,2,42.045555,False
20.44,6,42.051991,True
-11.78,3,42.05399,False
-10.85,10,42.063065,False
-11.52,2,42.065407,False
-11.78,3,42.068425,False
20.42,8,42.076471,True
-10.8,5,42.081012,False
20.21,4,42.085368,True
-11.53,3,42.088367,False
-11.77,2,42.090886,False
-11.76,1,42.091891,False
19.92,8,42.099205,True
20.44,6,42.104757,True
20.44,6,42.110276,True
21.18,7,42.116318,True
-12.01,1,42.117324,False
-11.78,3,42.120324,False
-11.53,3,42.123837,False
-11.53,3,42.126837,False
-12.02,2,42.128837,False
21.43,7,42.135413,True
-11.77,2,42.137415,False
20.66,9,42.145087,True
-12.02,2,42.147091,False
-11.56,6,42.153001,False
-12.01,1,42.154006,False
-11.76,1,42.156007,False
-11.53,3,42.158007,False
20.68,7,42.164991,True
21.42,8,42.172009,True
-11.54,4,42.176036,False
-11.56,6,42.182709,False
21.17,8,42.189221,True
-11.54,4,42.192726,False
-12.04,4,42.196237,False
-11.77,2,42.198553,False
-12.01,1,42.200575,False
-11.78,3,42.202574,False
20.21,4,42.206102,True
-12.01,1,42.207117,False
-11.54,4,42.211116,False
-11.76,1,42.212116,False
-12.02,2,42.21496,False
21.16,9,42.221976,True
-11.77,2,42.224994,False
-12.01,1,42.226001,False
20.21,4,42.229999,True
-11.78,3,42.233495,False
22.15,10,42.242019,True
-11.77,2,42.244019,False
-12.01,1,42.245019,False
-12.02,2,42.247142,False
-12.01,1,42.249147,False
20.44,6,42.254572,True
-11.54,3,42.257094,False
-12.02,2,42.2591,False
-11.79,4,42.2631,False
22.37,13,42.274522,True
20.44,6,42.280543,True
-11.79,4,42.284356,False
-11.54,4,42.287939,False
-11.55,5,42.293031,False
-11.32,7,42.300699,False
-11.33,8,42.307217,False
-11.77,2,42.308728,False
22.62,13,42.320626,True
-11.53,3,42.323626,False
20.2,5,42.328626,True
-12.02,2,42.331152,False
-11.53,3,42.333429,False
-12.02,2,42.335424,False
21.18,7,42.341935,True
-11.77,2,42.343936,False
-11.77,2,42.346936,False
-11.78,3,42.349935,False
20.92,8,42.356444,True
21.42,8,42.363513,True
-11.76,1,42.365063,False
-10.84,8,42.371596,False
-11.78,3,42.374611,False
-11.3,5,42.379134,False
-11.54,4,42.383222,False
-10.83,8,42.391221,False
-11.77,2,42.392733,False
-11.55,5,42.398071,False
-11.77,2,42.400075,False
-11.57,7,42.405357,False
-11.77,2,42.407883,False
20.19,6,42.413393,True
-11.3,5,42.419022,False
-12.01,1,42.420022,False
-12.01,1,42.421022,False
21.42,8,42.428534,True
20.44,6,42.434902,True
19.96,4,42.437912,True
21.43,7,42.443912,True
21.17,8,42.451831,True
19.97,3,42.453837,True
-11.8,5,42.458352,False
20.2,5,42.463352,True
-11.78,3,42.466254,False
-12.01,1,42.467282,False
-11.54,4,42.471277,False
-11.76,1,42.472277,False
-11.54,4,42.475788,False
-12.01,1,42.477321,False
-11.78,3,42.480326,False
20.45,5,42.484697,True
-10.59,9,42.492747,False
21.16,9,42.501067,True
-11.79,4,42.504067,False
-11.57,7,42.510608,False
-11.31,6,42.517775,False
-12.01,1,42.518775,False
22.17,8,42.525815,True
19.96,4,42.529336,True
-12.01,1,42.530354,False
20.2,5,42.90904,True
-11.76,1,42.911042,False
20.94,6,42.917063,True
22.07,18,42.937024,True
-10.34,9,42.948031,False
-12.05,5,42.954405,False
-11.54,4,42.959491,False
21.43,7,42.968005,True
-12.01,1,42.970002,False
-12.02,2,42.972003,False
-10.79,4,42.978062,False
21.42,8,42.987567,True
20.43,7,42.997072,True
-11.56,6,43.002577,False
-11.77,2,43.004577,False
19.97,3,43.008079,True
-12.03,3,43.011584,False
21.41,9,43.022089,True
20.21,4,43.027175,True
-11.56,6,43.03468,False
21.18,7,43.04219,True
20.43,7,43.050696,True
-11.77,2,43.054695,False
-12.01,1,43.055698,False
-12.02,2,43.058696,False
20.21,4,43.064202,True
-11.79,4,43.068309,False
-11.76,1,43.069309,False
-11.53,3,43.072816,False
20.68,7,43.081322,True
-11.76,1,43.08253,False
21.19,6,43.08953,True
20.2,5,43.096035,True
20.68,7,43.104545,True
-12.01,1,43.106549,False
-11.77,2,43.108541,False
-11.78,3,43.112578,False
-12.01,1,43.113592,False
-11.31,6,43.119591,False
-11.76,1,43.121586,False
-11.54,4,43.126103,False
21.35,15,43.13987,True
-11.54,4,43.144388,False
20.2,5,43.148403,True
-11.77,2,43.151403,False
20.21,4,43.154913,True
-12.01,1,43.155717,False
-11.57,7,43.161727,False
20.21,4,43.166229,True
20.2,5,43.171233,True
21.43,7,43.177769,True
-11.53,3,43.180784,False
-12.02,2,43.183779,False
-11.54,4,43.188292,False
-11.55,5,43.192292,False
-11.54,4,43.196292,False
21.14,11,43.206004,True
-11.79,4,43.210527,False
21.41,9,43.219216,True
-11.78,3,43.222216,False
-11.78,3,43.225217,False
-12.01,1,43.226217,False
-11.77,2,43.228226,False
-11.78,3,43.23123,False
-12.01,1,43.233233,False
-12.01,1,43.234233,False
20.45,5,43.238822,True
21.42,8,43.245829,True
-11.77,2,43.247827,False
20.94,6,43.254606,True
20.45,5,43.259086,True
-12.01,1,43.260798,False
-11.07,7,43.267887,False
19.97,3,43.270556,True
-12.01,1,43.271559,False
21.43,7,43.278425,True
-11.57,7,43.284429,False
-11.54,4,43.288351,False
-11.56,6,43.293864,False
-11.54,4,43.297873,False
21.16,9,43.306609,True
-11.78,3,43.308609,False
-11.57,7,43.315732,False
21.14,11,43.325477,True
20.45,5,43.330399,True
19.96,4,43.333989,True
-11.77,2,43.335985,False
20.21,4,43.339989,True
-11.55,5,43.345586,False
-11.77,2,43.347586,False
-12.01,1,43.349584,False
21.15,9,43.357252,True
-11.76,1,43.359252,False
-11.77,2,43.361763,False
19.96,4,43.369229,True
20.93,7,43.375148,True
-11.78,3,43.378658,False
-11.77,2,43.380665,False
-10.8,5,43.385741,False
22.11,14,43.397936,True
21.64,11,43.406625,True
-10.82,7,43.413676,False
-11.04,4,43.417717,False
-11.8,5,43.423236,False
-11.77,2,43.425236,False
-11.78,3,43.428236,False
20.2,5,43.433287,True
-11.79,4,43.436284,False
-12.01,1,43.438278,False
-11.34,9,43.446791,False
-11.77,2,43.449005,False
-12.03,3,43.452517,False
22.17,8,43.460178,True
-12.01,1,43.462269,False
-11.77,2,43.464272,False
20.19,6,43.470771,True
20.93,7,43.476861,True
-11.76,1,43.47786,False
-9.8,5,43.482011,False
20.43,7,43.489285,True
-10.67,17,43.505343,False
-11.55,5,43.509342,False
-12.01,1,43.510343,False
20.2,5,43.516354,True
22.4,10,43.524866,True
20.2,5,43.529377,True
-11.79,4,43.535847,False
19.97,3,43.538517,True
20.45,5,43.542516,True
20.21,4,43.5469,True
20.68,7,43.553047,True
-11.56,6,43.558072,False
20.21,4,43.562576,True
-11.53,3,43.564987,False
-11.56,6,43.570534,False
-11.77,2,43.572534,False
-11.77,2,43.575044,False
-11.78,3,43.578057,False
-11.77,2,43.580589,False
-11.54,4,43.583971,False
-10.57,7,43.590137,False
-11.55,5,43.595643,False
-11.79,4,43.599972,False
-10.8,5,43.604966,False
19.97,3,43.607489,True
-11.76,1,43.608489,False
20.44,6,43.614013,True
-12.01,1,43.615006,False
21.42,8,43.622736,True
-11.78,3,43.625742,False
-11.77,2,43.627255,False
21.14,11,43.637599,True
20.19,6,43.643605,True
21.16,9,43.651391,True
20.19,6,43.657387,True
-12.04,4,43.660898,False
-11.76,1,43.662899,False
-12.01,1,43.663898,False
-12.02,2,43.666183,False
21.4,10,43.675697,True
-11.77,2,43.677697,False
-11.77,2,43.679714,False
-12.01,1,43.680721,False
-11.77,2,43.683034,False
-11.54,4,43.687037,False
-11.53,3,43.690711,False
21.37,13,43.701207,True
-11.81,6,43.708134,False
-11.85,10,43.716499,False
-11.3,5,43.721934,False
-12.01,1,43.722934,False
21.39,10,43.731444,True
-11.81,6,43.737674,False
-11.78,3,43.740674,False
21.66,9,43.749473,True
20.43,7,43.755497,True
-11.77,2,43.757497,False
-12.01,1,43.758496,False
-11.77,2,43.760496,False
-11.53,3,43.76505,False
21.43,7,43.770407,True
-12.01,1,43.771406,False
-11.54,4,43.775073,False
-11.54,4,43.779076,False
-12.01,1,43.780661,False
-11.3,5,43.785599,False
20.42,8,43.792599,True
21.19,6,43.798185,True
-11.32,7,43.804063,False
22.17,8,43.811609,True
-12.01,1,43.813122,False
20.44,6,43.818725,True
20.44,6,43.824236,True
-11.77,2,43.825251,False
-12.02,2,43.828773,False
-12.01,1,43.829773,False
-11.77,2,43.831773,False
-11.78,3,43.834569,False
-10.55,5,43.839118,False
-11.53,3,43.844112,False
21.18,7,43.849969,True
20.21,4,43.853958,True
-12.02,2,43.855469,False
-10.59,9,43.866291,False
-11.78,3,43.868313,False
21.43,7,43.875312,True
-12.01,1,43.876312,False
22.36,14,43.888927,True
-11.54,4,43.891926,False
20.19,6,43.897427,True
-11.32,7,43.904371,False
-11.54,4,43.908368,False
-11.77,2,43.909376,False
-11.53,3,43.913413,False
20.44,6,43.918824,True
-10.81,6,43.924354,False
21.19,6,43.929872,True
-11.04,4,43.933241,False
20.19,6,43.939245,True
20.21,4,43.943389,True
20.68,7,44.356967,True
-11.77,2,44.36047,False
-11.78,3,44.364176,False
21.19,6,44.371683,True
19.94,6,44.377682,True
-11.53,3,44.381189,False
-12.01,1,44.381189,False
-11.78,3,44.384956,False
-12.02,2,44.387956,False
-12.01,1,44.389956,False
-11.54,4,44.39446,False
-11.54,4,44.399545,False
-11.78,3,44.404016,False
22.38,12,44.418482,True
-11.54,4,44.423986,False
-11.78,3,44.428487,False
-11.76,1,44.42949,False
-11.06,6,44.436981,False
-11.53,3,44.439981,False
20.19,6,44.446487,True
-11.54,4,44.450929,False
-11.54,4,44.455276,False
21.43,7,44.462271,True
-10.33,8,44.473143,False
-11.77,2,44.475648,False
-12.01,1,44.477648,False
-11.55,5,44.483477,False
20.21,4,44.488988,True
19.97,3,44.492988,True
19.97,3,44.496492,True
20.68,7,44.50381,True
19.97,3,44.506314,True
-12.01,1,44.508316,False
-11.53,3,44.511315,False
-12.01,1,44.513316,False
-11.77,2,44.516222,False
-11.55,5,44.522224,False
-11.58,8,44.532216,False
21.65,10,44.541279,True
20.43,7,44.551331,True
22.86,14,44.565722,True
-11.53,3,44.569035,False
20.21,4,44.573519,True
-11.77,2,44.576175,False
21.41,9,44.585243,True
20.44,6,44.591766,True
-11.76,1,44.592762,False
-11.53,3,44.595761,False
20.44,6,44.602121,True
21.4,10,44.610492,True
-12.01,1,44.611506,False
-11.54,4,44.615864,False
-10.8,5,44.619882,False
-12.01,1,44.621388,False
-11.78,3,44.624394,False
-12.02,2,44.627394,False
-11.33,7,44.633809,False
21.67,8,44.641808,True
-11.54,4,44.645331,False
-11.56,6,44.65066,False
-11.76,1,44.652172,False
21.17,8,44.659186,True
20.67,8,44.666042,True
-11.77,2,44.66804,False
-12.03,3,44.67104,False
20.18,6,44.676564,True
20.42,8,44.683295,True
20.44,6,44.68884,True
-11.54,4,44.69284,False
-11.76,1,44.69384,False
-12.01,1,44.695362,False
20.19,6,44.700636,True
-11.76,1,44.701637,False
-12.03,3,44.704148,False
-11.53,3,44.707161,False
21.41,9,44.714679,True
20.44,6,44.719991,True
-11.77,2,44.722991,False
-11.34,8,44.730511,False
20.95,5,44.735246,True
-11.29,4,44.73826,False
21.17,8,44.746295,True
-11.78,3,44.749524,False
-11.77,2,44.751522,False
-11.76,1,44.752522,False
20.43,7,44.758049,True
-12.01,1,44.759049,False
-10.57,7,44.767378,False
-11.78,3,44.770385,False
-12.01,1,44.771378,False
20.67,8,44.778896,True
-11.76,1,44.779911,False
-12.01,1,44.781905,False
-11.55,5,44.786451,False
-11.53,3,44.789445,False
-11.54,4,44.793653,False
-11.79,4,44.797652,False
20.45,5,44.802206,True
-11.53,3,44.8052,False
-11.54,4,44.809206,False
-12.03,3,44.812585,False
-11.76,1,44.813582,False
-11.76,1,44.814578,False
-11.76,1,44.816097,False
-12.01,1,44.817108,False
-11.53,3,44.819107,False
21.43,7,44.827628,True
-12.01,1,44.828628,False
19.96,4,44.832975,True
-11.76,1,44.833974,False
-11.77,2,44.835974,False
-11.77,2,44.838969,False
-11.54,4,44.842501,False
-11.77,2,44.844508,False
22.37,13,44.856132,True
-11.55,5,44.861121,False
-12.01,1,44.862128,False
22.64,11,44.874156,True
-12.01,1,44.875171,False
-11.54,4,44.879163,False
20.93,7,44.8877,True
21.42,8,44.8957,True
-12.01,1,44.8977,False
-11.77,2,44.899769,False
-12.04,4,44.904796,False
-12.01,1,44.90579,False
-11.76,1,44.908239,False
-11.52,2,44.91023,False
-10.59,9,44.919287,False
-12.03,3,44.923281,False
-11.77,2,44.925287,False
-11.56,6,44.93221,False
-11.78,3,44.936225,False
21.17,8,44.944175,True
-11.53,3,44.947175,False
-11.78,3,44.950691,False
-10.32,7,44.957683,False
-11.76,1,44.959193,False
21.43,7,44.966201,True
-11.76,1,44.968207,False
-11.33,8,44.976729,False
-12.02,2,44.978733,False
-11.56,6,44.984423,False
21.39,11,44.995465,True
-11.76,1,44.996461,False
-11.77,2,44.999465,False
-10.79,4,45.002992,False
-10.83,8,45.010514,False
-11.76,1,45.011514,False
20.2,5,45.016047,True
19.95,5,45.020574,True
-11.77,2,45.023101,False
-11.79,4,45.027101,False
-11.53,3,45.0291,False
-12.01,1,45.0301,False
-11.78,3,45.033457,False
-11.76,1,45.034982,False
22.16,9,45.042988,True
-11.76,1,45.044511,False
-11.29,4,45.047511,False
-11.77,2,45.049805,False
20.21,4,45.054318,True
-11.78,3,45.057325,False
-11.76,1,45.058318,False
-11.54,4,45.062318,False
-11.76,1,45.062318,False
-11.77,2,45.065847,False
21.42,8,45.072844,True
20.19,6,45.07837,True
20.18,7,45.084882,True
-12.02,2,45.086897,False
-11.57,7,45.092896,False
-12.03,3,45.095936,False
-12.01,1,45.096941,False
-11.57,7,45.103104,False
20.21,4,45.107627,True
-11.31,6,45.113144,False
-10.78,3,45.115911,False
21.38,12,45.127171,True
20.18,7,45.133695,True
-11.77,2,45.135691,False
20.69,6,45.141206,True
-12.02,2,45.143206,False
-12.02,2,45.145718,False
20.44,6,45.151984,True
21.42,8,45.158501,True
22.4,10,45.16674,True
20.64,11,45.176262,True
-11.3,5,45.181538,False
-11.55,5,45.185563,False
20.19,5,45.190087,True
-12.01,1,45.191087,False
-11.34,9,45.199205,False
-11.78,3,45.20222,False
-11.77,2,45.20422,False
-11.05,5,45.208747,False
21.38,11,45.218788,True
20.44,6,45.22431,True
-12.01,1,45.22531,False
20.66,9,45.233841,True
-11.77,2,45.235842,False
22.17,8,45.243871,True
20.18,7,45.249871,True
-12.01,1,45.25087,False
20.19,6,45.256391,True
21.65,10,45.266414,True
21.64,11,45.277227,True
-12.02,2,45.279242,False
21.36,14,45.291466,True
22.28,22,45.31048,True
21.42,8,45.317286,True
-12.02,2,45.318798,False
-11.56,6,45.324323,False
-11.77,2,45.326337,False
19.95,5,45.330854,True
20.21,4,45.334716,True
-11.31,6,45.33973,False
-11.8,5,45.34373,False
20.2,5,45.349592,True
-11.54,4,45.353096,False
-11.76,1,45.354111,False
-11.77,2,45.356639,False
-12.01,1,45.357638,False
20.2,5,45.362154,True
-11.78,3,45.365183,False
-11.77,2,45.367478,False
22.63,12,45.378002,True
-11.76,1,45.379001,False
-11.57,7,45.38632,False
-11.54,4,45.760887,False
-11.57,7,45.768889,False
-11.78,3,45.771889,False
-12.01,1,45.772889,False
-10.79,4,45.779393,False
21.41,9,45.790218,True
-10.58,8,45.798227,False
-11.77,2,45.800524,False
-11.54,4,45.804524,False
-11.54,4,45.809029,False
-11.77,2,45.812029,False
-12.01,1,45.814029,False
-10.81,6,45.821335,False
-11.54,4,45.825335,False
-11.33,8,45.833811,False
-12.01,1,45.83481,False
-11.79,4,45.840314,False
20.93,7,45.848619,True
20.19,6,45.857143,True
20.2,5,45.86165,True
21.43,7,45.87014,True
21.18,7,45.878139,True
-12.01,1,45.880645,False
-12.01,1,45.882135,False
-12.02,2,45.886155,False
20.43,7,45.89366,True
-11.78,3,45.898614,False
-11.78,3,45.903134,False
-11.53,3,45.907134,False
-11.57,7,45.91529,False
-11.54,4,45.921315,False
21.46,29,45.954182,True
-11.77,2,45.956183,False
-12.01,1,45.958192,False
-12.01,1,45.959191,False
-11.77,2,45.961182,False
-11.56,6,45.967079,False
-10.56,6,45.973589,False
22.42,8,45.981597,True
-12.01,1,45.982839,False
20.93,7,45.98936,True
-12.01,1,45.991357,False
20.2,5,45.996019,True
19.96,4,46.000539,True
-12.01,1,46.002558,False
-12.01,1,46.003557,False
-10.56,6,46.011074,False
21.65,10,46.01945,True
-11.3,5,46.025489,False
20.2,5,46.029503,True
-12.01,1,46.030504,False
-11.31,6,46.035982,False
20.44,6,46.041997,True
19.96,4,46.044997,True
21.41,9,46.053102,True
-11.78,3,46.056096,False
20.43,7,46.062631,True
-10.37,12,46.074238,False
21.67,8,46.080764,True
-10.61,11,46.090578,False
-10.32,7,46.097099,False
20.94,6,46.102937,True
20.44,6,46.108937,True
-11.76,1,46.109457,False
20.19,6,46.114976,True
21.61,14,46.128228,True
-12.01,1,46.128228,False
-12.02,2,46.132067,False
-11.77,2,46.134071,False
-10.84,9,46.141583,False
-11.31,6,46.148093,False
21.65,10,46.156093,True
-11.8,5,46.160676,False
20.67,8,46.169002,True
21.32,18,46.184729,True
21.19,6,46.189729,True
-12.02,2,46.192247,False
-11.8,5,46.196785,False
-11.52,2,46.199198,False
-10.81,6,46.204718,False
19.96,4,46.207718,True
20.19,6,46.214743,True
21.9,10,46.223363,True
-12.01,1,46.224378,False
-10.08,8,46.232744,False
-11.77,2,46.234259,False
20.44,6,46.239771,True
19.97,3,46.242781,True
-11.55,5,46.247307,False
-11.76,1,46.248301,False
-11.78,3,46.251552,False
20.19,6,46.257082,True
-11.78,3,46.260578,False
20.68,7,46.26708,True
-11.77,2,46.269079,False
21.19,6,46.27508,True
-11.53,3,46.27711,False
-11.55,5,46.282205,False
20.44,6,46.288746,True
21.16,9,46.296265,True
21.42,8,46.303279,True
20.19,6,46.308803,True
-12.02,2,46.310802,False
-10.57,7,46.316988,False
-11.76,1,46.317985,False
-12.03,3,46.320989,False
21.4,10,46.330014,True
-12.02,2,46.333293,False
-11.77,2,46.335289,False
19.96,4,46.338806,True
-10.31,6,46.343806,False
-11.56,6,46.350198,False
20.43,7,46.357182,True
20.44,6,46.362896,True
-11.78,3,46.366181,False
-10.56,6,46.371708,False
-11.52,2,46.373708,False
20.21,4,46.376709,True
-11.76,1,46.377709,False
20.44,6,46.38367,True
21.16,9,46.391194,True
-11.07,7,46.397725,False
-11.54,4,46.401483,False
-11.54,4,46.405482,False
-11.53,3,46.407995,False
22.38,11,46.41801,True
-11.53,3,46.421534,False
-12.01,1,46.421534,False
20.94,6,46.427063,True
-11.77,2,46.430069,False
-11.54,4,46.433578,False
-11.52,2,46.435585,False
22.15,9,46.443635,True
-11.79,4,46.447634,False
-11.54,4,46.450936,False
-11.79,4,46.455448,False
20.2,5,46.460447,True
21.33,17,46.473774,True
-12.02,2,46.476789,False
-11.78,3,46.478788,False
-11.54,4,46.483034,False
-12.01,1,46.484549,False
-11.34,9,46.492554,False
-11.55,5,46.497594,False
20.43,7,46.503845,True
-12.03,3,46.506369,False
-11.32,7,46.513369,False
22.16,9,46.521161,True
-12.02,2,46.523662,False
21.19,6,46.529181,True
-11.53,3,46.532697,False
-11.54,4,46.536217,False
-11.54,4,46.541002,False
-11.53,3,46.543001,False
21.65,10,46.551905,True
-12.03,3,46.554901,False
-12.01,1,46.555909,False
22.41,9,46.564624,True
20.39,11,46.574986,True
21.16,9,46.583566,True
-11.76,1,46.584564,False
-11.54,4,46.588068,False
-11.3,5,46.593081,False
-12.01,1,46.594081,False
-11.77,2,46.596081,False
21.19,6,46.60162,True
-11.79,4,46.605619,False
20.18,7,46.611144,True
21.64,11,46.621511,True
22.39,11,46.631534,True
-11.77,2,46.633888,False
-12.01,1,46.634884,False
-11.76,1,46.635809,False
-11.56,6,46.641548,False
-11.77,2,46.64313,False
21.19,6,46.648453,True
21.41,9,46.656986,True
-11.79,4,46.659986,False
20.44,6,46.667008,True
20.2,5,46.671008,True
-11.78,3,46.67353,False
22.61,14,46.686373,True
-11.77,2,46.688373,False
-11.8,5,46.693899,False
-12.01,1,46.694903,False
-11.76,1,46.695899,False
-11.82,7,46.702299,False
-11.76,1,46.703299,False
20.44,6,46.707821,True
20.19,6,46.713821,True
20.21,4,46.717824,True
-11.77,2,46.718824,False
-12.01,1,46.720335,False
-11.54,4,46.724391,False
20.21,4,46.728405,True
-11.78,3,46.731399,False
21.18,7,46.737729,True
-11.8,5,46.742725,False
20.18,7,46.749478,True
-11.8,5,46.753471,False
-11.78,3,46.756988,False
-12.01,1,46.758997,False
21.42,8,46.766288,True
-11.77,2,46.768305,False
-12.01,1,46.769305,False
-11.55,5,47.140841,False
-11.77,2,47.143348,False
-12.01,1,47.144351,False
-11.78,3,47.14871,False
19.96,4,47.152724,True
-12.03,3,47.156229,False
21.39,11,47.167136,True
-12.02,2,47.170055,False
-11.76,1,47.171055,False
-11.05,5,47.17556,False
-11.31,6,47.1829,False
-11.6,10,47.195404,False
22.59,16,47.211369,True
-11.76,1,47.213369,False
20.19,6,47.218288,True
-11.79,4,47.223329,False
20.2,5,47.22939,True
20.44,6,47.236709,True
20.21,4,47.241711,True
-11.56,6,47.249056,False
-11.54,4,47.254495,False
20.21,4,47.259499,True
-11.53,3,47.263239,False
21.64,11,47.275988,True
20.21,4,47.280058,True
20.44,6,47.285396,True
-11.3,5,47.292127,False
-10.82,7,47.299632,False
20.19,6,47.305144,True
20.2,5,47.310665,True
-11.78,3,47.314184,False
-12.01,1,47.315607,False
-11.77,2,47.317637,False
-11.54,4,47.323148,False
-11.61,10,47.334554,False
-11.76,1,47.336557,False
-11.77,2,47.338557,False
-11.31,6,47.344587,False
-12.02,2,47.346591,False
-12.02,2,47.348976,False
-11.78,3,47.352568,False
-11.54,4,47.356574,False
-11.54,4,47.360574,False
-12.01,1,47.362164,False
19.97,3,47.363745,True
22.39,10,47.373548,True
19.97,3,47.376548,True
20.45,5,47.381541,True
-11.76,1,47.382369,False
-11.79,4,47.386375,False
-10.82,7,47.392881,False
-11.76,1,47.393888,False
-12.02,2,47.396888,False
20.2,5,47.401556,True
-10.79,4,47.405069,False
21.14,11,47.416034,True
-12.01,1,47.417034,False
21.42,8,47.424053,True
21.16,9,47.432571,True
-11.55,5,47.437083,False
-11.02,2,47.439595,False
-12.01,1,47.440594,False
-11.76,1,47.441594,False
20.21,4,47.446105,True
21.42,7,47.452235,True
-11.53,3,47.45523,False
22.62,13,47.467546,True
21.43,7,47.473546,True
-12.01,1,47.474546,False
-12.03,3,47.478066,False
-11.06,6,47.483506,False
22.37,13,47.495023,True
-11.53,3,47.498666,False
-11.77,2,47.501172,False
-12.01,1,47.502178,False
20.43,7,47.507684,True
-11.53,3,47.51069,False
21.19,6,47.516743,True
21.42,8,47.523786,True
20.44,6,47.529324,True
21.16,9,47.53854,True
-11.56,6,47.543546,False
-11.76,1,47.544545,False
-11.77,2,47.546546,False
20.67,8,47.554227,True
-11.77,2,47.557227,False
22.16,9,47.565595,True
-12.02,2,47.567761,False
-12.01,1,47.569086,False
-11.79,4,47.573115,False
-12.01,1,47.574633,False
-11.55,5,47.578748,False
-11.53,3,47.582616,False
20.94,6,47.587619,True
-12.01,1,47.589619,False
-12.01,1,47.591125,False
20.69,6,47.596644,True
21.4,10,47.605646,True
-11.78,3,47.608654,False
-11.53,3,47.612166,False
-11.56,6,47.617755,False
-11.53,3,47.620755,False
-11.77,2,47.623267,False
-11.07,7,47.629289,False
-11.07,7,47.636713,False
19.96,4,47.639713,True
-12.02,2,47.642235,False
-10.39,14,47.654755,False
19.97,3,47.657754,True
-10.32,7,47.665314,False
-11.54,4,47.669319,False
-11.58,8,47.676852,False
-11.54,4,47.680852,False
21.43,7,47.687492,True
-11.54,4,47.691492,False
-11.58,8,47.698004,False
20.2,5,47.702873,True
-11.3,5,47.707402,False
20.2,5,47.7144,True
-11.77,2,47.716479,False
22.4,10,47.726504,True
19.97,3,47.729017,True
-11.76,1,47.731464,False
21.19,6,47.736493,True
20.43,7,47.743017,True
21.19,6,47.747933,True
-12.02,2,47.749956,False
22.33,16,47.764521,True
-11.77,2,47.766006,False
-11.79,4,47.770549,False
-11.31,6,47.776549,False
-12.01,1,47.777548,False
-11.77,2,47.779738,False
-11.76,1,47.781034,False
20.21,4,47.784496,True
19.94,6,47.790574,True
-10.81,6,47.796584,False
-11.53,3,47.799336,False
-11.31,6,47.805874,False
-11.58,8,47.812386,False
-11.78,3,47.815405,False
-11.77,2,47.817707,False
-11.78,3,47.821236,False
-11.55,5,47.825232,False
-11.77,2,47.827231,False
21.2,5,47.832021,True
-11.79,4,47.837033,False
19.95,5,47.841544,True
-12.01,1,47.842548,False
21.63,12,47.853882,True
20.43,7,47.859882,True
-11.55,5,47.864964,False
22.41,9,47.872663,True
-11.77,2,47.874736,False
-11.54,4,47.878736,False
20.44,6,47.884689,True
-12.03,3,47.886688,False
-11.76,1,47.887689,False
20.2,5,47.891689,True
-12.01,1,47.8932,False
-12.02,2,47.895214,False
-11.03,3,47.898514,False
-11.78,3,47.900536,False
-12.01,1,47.902047,False
-11.82,7,47.908595,False
-11.8,5,47.912595,False
-11.78,3,47.916421,False
20.19,6,47.922421,True
20.2,5,47.926932,True
-11.78,3,47.930444,False
21.19,6,47.935575,True
-11.77,2,47.937675,False
-11.77,2,47.94026,False
20.19,6,47.944339,True
-11.31,6,47.951581,False
-11.76,1,47.952581,False
-11.29,4,47.955581,False
-12.01,1,47.958093,False
-12.02,2,47.960093,False
-11.78,3,47.963091,False
20.21,4,47.967424,True
-10.59,9,47.974946,False
-11.77,2,47.977941,False
-10.78,3,47.981003,False
20.2,5,47.985399,True
21.37,13,47.997924,True
-11.8,5,48.002638,False
-11.07,7,48.009158,False
-12.02,2,48.011166,False
19.96,4,48.015476,True
-11.78,3,48.018001,False
-11.55,5,48.023547,False
-12.01,1,48.024546,False
-11.77,2,48.026547,False
20.44,6,48.032437,True
-11.57,7,48.038958,False
-12.01,1,48.040473,False
-11.79,4,48.044479,False
-11.8,5,48.048602,False
-11.78,3,48.052378,False
-11.31,6,48.058296,False
-11.79,4,48.061809,False
-11.76,1,48.062808,False
-11.76,1,48.063808,False
21.43,7,48.071003,True
-11.78,3,48.074011,False
20.19,6,48.079011,True
-11.08,8,48.086917,False
-11.78,3,48.089864,False
-11.52,2,48.092382,False
-11.76,1,48.093386,False
-11.33,8,48.100623,False
-12.03,3,48.103642,False
21.14,11,48.113154,True
-12.05,5,48.118528,False
-11.54,4,48.121529,False
-11.76,1,48.123034,False
-11.77,2,48.125623,False
22.05,20,48.143578,True
-11.79,4,48.147587,False
-11.78,3,48.15114,False
-11.3,5,48.155665,False
-12.01,1,48.156665,False
-11.76,1,48.158665,False
-11.07,7,48.543054,False
-12.01,1,48.544054,False
-12.02,2,48.547556,False
-11.78,3,48.551542,False
-11.76,1,48.552542,False
-11.54,4,48.558541,False
-11.77,2,48.561043,False
-12.03,3,48.565428,False
20.44,6,48.571929,True
-11.55,5,48.578931,False
21.56,19,48.598219,True
-11.53,3,48.601232,False
-10.56,6,48.608244,False
-10.57,7,48.615233,False
-10.85,10,48.626747,False
-11.11,11,48.639328,False
20.44,6,48.645336,True
-12.01,1,48.647336,False
21.18,7,48.653335,True
-11.54,4,48.65884,False
-12.02,2,48.66184,False
-11.56,6,48.670346,False
-11.31,6,48.67785,False
-11.79,4,48.683285,False
21.39,11,48.696794,True
20.19,6,48.703797,True
-12.01,1,48.705299,False
-11.78,3,48.709807,False
-12.02,2,48.712806,False
-11.56,6,48.720311,False
-11.78,3,48.724816,False
-11.78,3,48.728318,False
20.45,5,48.734413,True
-11.79,4,48.738927,False
21.44,6,48.744934,True
21.42,8,48.752368,True
19.96,4,48.75637,True
-12.02,2,48.759368,False
20.2,5,48.763884,True
-11.79,4,48.768883,False
-11.78,3,48.772003,False
21.62,13,48.784606,True
-11.31,6,48.792077,False
22.39,11,48.801587,True
-11.78,3,48.804595,False
-11.33,8,48.812629,False
-12.02,2,48.815034,False
-11.78,3,48.818074,False
-12.01,1,48.820067,False
-10.8,5,48.824592,False
19.95,5,48.829591,True
-12.01,1,48.830108,False
-11.54,4,48.835742,False
-11.77,2,48.837748,False
-11.53,3,48.840748,False
21.39,11,48.851898,True
-11.82,7,48.859425,False
20.45,5,48.863935,True
-11.54,4,48.868945,False
-12.01,1,48.869946,False
-12.01,1,48.870945,False
-11.76,1,48.872945,False
-12.01,1,48.872945,False
-11.55,5,49.252539,False
-11.31,6,49.259058,False
-11.76,1,49.260074,False
19.96,4,49.263072,True
19.96,4,49.267187,True
21.61,14,49.291568,True
-11.53,3,49.298763,False
-11.76,1,49.301267,False
21.31,19,49.322301,True
-11.76,1,49.323813,False
-11.54,4,49.327813,False
-12.04,4,49.331326,False
-11.79,4,49.336574,False
-11.31,6,49.341574,False
20.93,7,49.3485,True
-11.76,1,49.349532,False
-11.78,3,49.352524,False
-12.02,2,49.355047,False
-11.77,2,49.357047,False
19.95,5,49.360569,True
-12.03,3,49.364079,False
20.2,5,49.368208,True
-11.55,5,49.373207,False
21.12,13,49.38491,True
-11.32,7,49.39042,False
-10.57,7,49.39797,False
19.97,3,49.400422,True
20.21,4,49.404413,True
-11.76,1,49.405413,False
21.41,8,49.412941,True
-11.53,3,49.416283,False
20.2,5,49.420316,True
20.94,6,49.426323,True
21.42,8,49.433299,True
-12.01,1,49.434882,False
-11.31,6,49.439554,False
21.85,15,49.453548,True
20.42,8,49.461625,True
21.38,12,49.472078,True
-11.78,3,49.474588,False
-12.01,1,49.475587,False
-11.54,4,49.479588,False
-12.01,1,49.480588,False
-12.01,1,49.482478,False
-11.77,2,49.484503,False
-11.77,2,49.486495,False
20.44,6,49.491495,True
20.44,6,49.497021,True
20.44,6,49.504014,True
22.59,16,49.517533,True
21.43,7,49.524061,True
-11.79,4,49.528067,False
-11.55,5,49.534026,False
-11.78,3,49.536507,False
-11.76,1,49.538513,False
20.19,6,49.543025,True
-11.56,6,49.548838,False
21.18,7,49.555011,True
-11.77,2,49.55701,False
20.2,5,49.561516,True
-11.56,6,49.569376,False
22.14,11,49.578887,True
20.45,5,49.583576,True
-11.53,3,49.586508,False
-11.77,2,49.588507,False
-11.54,4,49.592506,False
21.18,7,49.59956,True
19.94,6,49.604079,True
-11.54,4,49.607078,False
-12.03,3,49.610602,False
-12.02,2,49.612602,False
-11.77,2,49.615805,False
-11.78,3,49.619468,False
20.2,5,49.623979,True
-11.77,2,49.625993,False
-11.8,5,49.629994,False
-11.3,5,49.635444,False
-11.78,3,49.638458,False
-11.56,6,49.643458,False
-11.77,2,49.645977,False
20.43,7,49.652266,True
21.65,10,49.660788,True
21.4,10,49.670082,True
-11.77,2,49.672083,False
20.21,4,49.676595,True
-11.79,4,49.68061,False
-12.01,1,49.681944,False
-12.01,1,49.683962,False
-11.54,4,49.687486,False
-12.01,1,49.688491,False
-11.56,6,49.694486,False
20.45,5,49.699323,True
-11.77,2,49.701311,False
-11.78,3,49.704311,False
-11.76,1,49.705311,False
-11.31,6,49.710834,False
20.21,4,49.71492,True
-11.79,4,49.71944,False
-11.79,4,49.72344,False
20.2,5,49.72744,True
-11.54,4,49.731388,False
20.44,6,49.736863,True
-11.77,2,49.73945,False
-12.02,2,49.741535,False
-11.76,1,49.742536,False
-11.55,5,49.746535,False
-11.31,6,49.752724,False
20.2,5,49.757666,True
21.17,8,49.764864,True
22.37,13,49.776062,True
21.42,8,49.783506,True
-11.29,4,49.787505,False
-11.77,2,49.789505,False
-10.81,6,49.795028,False
-11.77,2,49.797029,False
-11.54,4,49.800327,False
-11.03,3,49.803856,False
-11.79,4,49.807855,False
19.95,5,49.812368,True
21.19,6,49.817126,True
-11.78,3,49.820126,False
-11.54,4,49.823652,False
-12.01,1,49.82505,False
20.42,8,49.831584,True
-10.81,6,49.836902,False
-11.78,3,49.83991,False
20.2,5,49.844428,True
21.37,13,49.85648,True
-11.54,4,49.859992,False
20.68,7,49.868372,True
-11.78,3,49.87037,False
-11.08,8,49.877028,False
21.38,12,49.888814,True
-11.76,1,49.889813,False
-12.02,2,49.891813,False
20.21,4,49.894813,True
-11.77,2,49.897336,False
19.96,4,49.90165,True
-12.02,2,49.904645,False
-11.55,5,49.909162,False
-12.01,1,49.910162,False
20.89,11,49.920027,True
-12.02,2,49.923037,False
-11.77,2,49.925025,False
20.94,6,49.930558,True
20.17,8,49.936901,True
-11.31,6,49.943432,False
-11.86,11,49.955046,False
20.21,4,49.958063,True
-11.77,2,50.340622,False
21.18,7,50.348129,True
-10.83,8,50.358207,False
-11.8,5,50.364745,False
-11.77,2,50.366778,False
-11.78,3,50.370294,False
22.11,13,50.385395,True
-12.03,3,50.388919,False
-11.53,3,50.392919,False
-12.01,1,50.394933,False
-11.8,5,50.399717,False
-12.01,1,50.401716,False
-11.54,4,50.406221,False
-12.05,5,50.412221,False
-11.3,5,50.418329,False
-11.77,2,50.421329,False
-11.78,3,50.424921,False
20.21,4,50.429431,True
20.44,6,50.435438,True
-11.86,11,50.447753,False
-10.79,4,50.453273,False
-10.8,5,50.458356,False
-11.58,8,50.467412,False
-11.79,4,50.471916,False
21.11,13,50.486823,True
-11.53,3,50.491331,False
19.97,3,50.49433,True
21.09,16,50.5112,True
-12.01,1,50.513201,False
20.21,4,50.518199,True
20.16,9,50.527309,True
-12.01,1,50.528309,False
20.41,9,50.53788,True
21.14,11,50.548803,True
-11.76,1,50.550366,False
-11.53,3,50.553891,False
-11.78,3,50.556896,False
-12.02,2,50.558896,False
20.19,6,50.565233,True
-11.54,4,50.569779,False
-11.79,4,50.57357,False
-12.02,2,50.575125,False
21.42,8,50.582488,True
-10.58,8,50.589051,False
-11.77,2,50.592052,False
-11.53,3,50.594574,False
-11.76,1,50.595574,False
-11.76,1,50.596568,False
-11.35,10,50.606391,False
-11.32,7,50.613065,False
21.42,8,50.620861,True
-12.02,2,50.62286,False
21.38,12,50.63423,True
-12.02,2,50.636746,False
-12.01,1,50.637754,False
20.21,4,50.640754,True
-11.77,2,50.643749,False
-11.76,1,50.64475,False
-12.01,1,50.646255,False
-11.78,3,50.648689,False
-11.76,1,50.649719,False
-11.53,3,50.653247,False
-12.03,3,50.656247,False
-10.86,11,50.666921,False
-12.01,1,50.668935,False
-11.79,4,50.672935,False
-11.77,2,50.67563,False
-11.77,2,50.677148,False
-11.77,2,50.679153,False
-10.58,8,50.687109,False
20.21,4,50.691501,True
-11.77,2,50.693516,False
20.44,6,50.698831,True
-11.77,2,50.701139,False
19.96,4,50.704138,True
21.18,7,50.710667,True
-11.53,3,50.713667,False
22.4,10,50.722559,True
-11.29,4,50.726558,False
-10.56,6,50.732511,False
-11.79,4,50.735503,False
-12.03,3,50.739005,False
-11.78,3,50.742012,False
-11.54,4,50.746012,False
-11.77,2,50.748009,False
-12.01,1,50.749395,False
-11.56,6,50.755627,False
-11.54,4,50.759221,False
-11.78,3,50.762224,False
-12.03,3,50.765487,False
-10.79,4,50.769997,False
-11.57,7,50.776002,False
-11.77,2,50.778002,False
-11.77,2,50.779513,False
21.59,16,50.797158,True
-11.77,2,50.799725,False
-12.02,2,50.802252,False
-12.01,1,50.804261,False
-11.8,5,50.80825,False
-11.77,2,50.810258,False
21.61,14,50.82284,True
20.69,6,50.827845,True
-11.77,2,50.830007,False
21.19,6,50.835953,True
-11.78,3,50.837953,False
22.18,7,50.844479,True
-12.01,1,50.846473,False
-11.78,3,50.849829,False
-11.76,1,50.850814,False
20.68,7,50.856858,True
20.92,8,50.864408,True
-11.37,12,50.875292,False
-11.53,3,50.87829,False
20.68,7,50.884597,True
21.42,8,50.891722,True
-11.77,2,50.893711,False
-10.58,8,50.901461,False
-10.82,7,50.907987,False
20.45,5,50.912986,True
21.17,8,50.920286,True
-10.6,10,50.928773,False
19.93,7,50.935007,True
21.4,10,50.944519,True
-10.59,9,50.953112,False
20.66,9,50.961618,True
22.01,22,50.979791,True
-11.54,4,50.983163,False
20.19,6,50.988683,True
-10.8,5,50.993683,False
-11.54,4,50.997683,False
-11.57,7,51.004414,False
-11.55,5,51.007926,False
-11.77,2,51.01094,False
20.44,6,51.016219,True
-11.79,4,51.019738,False
-11.78,3,51.022259,False
-11.31,6,51.027258,False
-11.76,1,51.028769,False
-12.01,1,51.031466,False
20.92,8,51.039301,True
-11.79,4,51.042315,False
-11.77,2,51.044315,False
20.2,5,51.050088,True
20.2,5,51.054626,True
-12.01,1,51.055626,False
-12.02,2,51.057626,False
20.21,4,51.061143,True
-11.76,1,51.063446,False
21.43,7,51.069233,True
21.66,9,51.077759,True
-11.59,9,51.085629,False
20.43,7,51.092155,True
21.41,9,51.10037,True
-10.56,6,51.105897,False
-12.01,1,51.106897,False
-12.01,1,51.107897,False
21.66,9,51.116741,True
20.21,4,51.11974,True
20.2,5,51.125249,True
-11.35,10,51.134617,False
-11.87,11,51.148044,False
20.18,7,51.154538,True
21.44,6,51.161697,True
-11.55,5,51.166528,False
-11.31,6,51.173182,False
-12.03,3,51.176181,False
21.41,9,51.184288,True
-12.02,2,51.186288,False
-12.01,1,51.188288,False
20.19,6,51.193815,True
-12.01,1,51.195814,False
20.2,5,51.200342,True
-11.76,1,51.201342,False
-11.78,3,51.204397,False
-11.79,4,51.208396,False
-12.01,1,51.210396,False
20.66,9,51.219224,True
-11.32,7,51.225756,False
22.09,14,51.238035,True
-12.03,3,51.241036,False
-11.55,5,51.245036,False
-11.32,7,51.252797,False
-11.79,4,51.255813,False
21.92,8,51.26334,True
-12.02,2,51.26578,False
-10.8,5,51.271341,False
-12.01,1,51.272341,False
-11.54,4,51.276341,False
21.54,21,51.294432,True
-11.55,5,51.299944,False
-12.01,1,51.300962,False
-11.78,3,51.30396,False
21.38,11,51.313479,True
21.17,8,51.320662,True
-12.03,3,51.323185,False
-12.01,1,51.325185,False
-11.77,2,51.327185,False
-11.53,3,51.330185,False
-11.77,2,51.332418,False
-12.01,1,51.333424,False
-11.55,5,51.338423,False
-11.54,4,51.341943,False
22.15,10,51.351851,True
-11.76,1,51.352354,False
-11.76,1,51.354366,False
21.43,7,51.360916,True
19.95,5,51.74973,True
-12.01,1,51.750729,False
-11.54,4,51.755233,False
-12.01,1,51.757743,False
20.44,6,51.765148,True
21.18,7,51.773256,True
-11.31,6,51.781776,False
-11.53,3,51.785131,False
21.43,7,51.793635,True
-12.03,3,51.797637,False
-11.29,4,51.802928,False
-10.79,4,51.807929,False
-11.77,2,51.811433,False
-11.3,5,51.817038,False
-12.01,1,51.818038,False
-11.58,8,51.825542,False
20.69,6,51.832766,True
20.44,6,51.840274,True
19.94,6,51.846884,True
-11.79,4,51.850908,False
21.19,6,51.857413,True
20.39,11,51.870586,True
-11.54,4,51.875091,False
21.41,9,51.885653,True
20.19,6,51.893161,True
21.18,7,51.902083,True
22.33,17,51.920099,True
20.43,7,51.926603,True
20.21,4,51.930602,True
22.41,9,51.94194,True
-11.79,4,51.946454,False
22.38,12,51.958813,True
-12.02,2,51.960813,False
-11.77,2,51.962813,False
20.43,7,51.97028,True
-12.01,1,51.971291,False
-12.03,3,51.974798,False
19.97,3,51.977812,True
-12.04,4,51.981157,False
-10.81,6,51.988064,False
-11.76,1,51.989064,False
20.95,5,51.994065,True
-11.6,10,52.003652,False
19.96,4,52.007169,True
-11.76,1,52.008248,False
-12.01,1,52.009173,False
-12.03,3,52.012172,False
-11.55,5,52.017011,False
20.21,4,52.021025,True
22.36,14,52.032162,True
-11.77,2,52.034711,False
20.21,4,52.038225,True
20.44,6,52.04323,True
-12.01,1,52.04423,False
-11.76,1,52.045935,False
20.21,4,52.049401,True
-10.81,6,52.055399,False
-11.78,3,52.056916,False
22.57,18,52.073954,True
20.19,6,52.079467,True
20.44,6,52.085775,True
-11.77,2,52.087775,False
-11.53,3,52.090292,False
21.2,5,52.095297,True
-11.79,4,52.098761,False
-12.02,2,52.101276,False
-11.79,4,52.104277,False
-11.77,2,52.106277,False
-11.78,3,52.109359,False
-11.76,1,52.11095,False
-11.8,5,52.115478,False
-11.55,5,52.119503,False
-11.57,7,52.126029,False
-11.78,3,52.130029,False
-11.77,2,52.131665,False
20.42,8,52.139325,True
20.88,12,52.149316,True
20.45,5,52.153825,True
-12.01,1,52.155832,False
-12.01,1,52.157357,False
-11.54,4,52.160362,False
-11.55,5,52.165925,False
-11.59,8,52.172668,False
-11.53,3,52.176181,False
-12.01,1,52.177181,False
20.44,6,52.182829,True
20.68,7,52.190353,True
-12.01,1,52.192353,False
-11.53,3,52.194345,False
-11.77,2,52.196871,False
-11.55,5,52.201434,False
20.98,27,52.224916,True
-11.79,4,52.228443,False
-12.01,1,52.229443,False
-11.76,1,52.230443,False
-11.76,1,52.231837,False
-11.76,1,52.232857,False
-11.85,10,52.241904,False
-11.53,3,52.243904,False
-11.06,6,52.24988,False
-10.57,7,52.256877,False
-11.77,2,52.257876,False
-12.01,1,52.259387,False
-10.11,11,52.269755,False
-11.53,3,52.272279,False
19.96,4,52.276279,True
-11.77,2,52.278279,False
-11.54,4,52.282318,False
-12.01,1,52.283328,False
-11.8,5,52.287854,False
21.39,11,52.298755,True
-12.02,2,52.300751,False
-12.01,1,52.301271,False
19.97,3,52.304275,True
-11.77,2,52.306275,False
20.21,4,52.310275,True
20.2,5,52.314797,True
-11.56,6,52.320803,False
20.2,5,52.325326,True
20.19,6,52.331326,True
-12.06,6,52.336964,False
19.96,4,52.340963,True
-11.55,5,52.345716,False
-11.53,3,52.349269,False
-11.79,4,52.354778,False
-11.78,3,52.357794,False
-11.76,1,52.358777,False
21.89,11,52.368706,True
21.38,12,52.381219,True
-11.78,3,52.384841,False
-12.01,1,52.386847,False
22.52,23,52.410274,True
-11.79,4,52.414274,False
21.41,9,52.423794,True
21.38,12,52.434441,True
20.45,5,52.440461,True
21.41,9,52.450099,True
-11.79,4,52.454094,False
20.44,6,52.460621,True
-11.3,5,52.464621,False
-11.77,2,52.467383,False
22.51,23,52.489466,True
21.19,6,52.495459,True
20.45,5,52.50154,True
22.39,11,52.511069,True
-12.02,2,52.513069,False
-12.02,2,52.515453,False
20.21,4,52.518958,True
-11.08,8,52.526972,False
21.19,6,52.532501,True
-11.29,4,52.53601,False
20.88,12,52.547171,True
-12.02,2,52.549171,False
19.95,5,52.553684,True
-11.32,7,52.561187,False
-12.01,1,52.562204,False
22.6,15,52.575752,True
-11.76,1,52.577379,False
-11.56,6,52.58345,False
21.19,6,52.588756,True
20.69,6,52.595235,True
-11.76,1,52.596235,False
-12.01,1,52.597235,False
-11.53,3,52.600235,False
22.14,9,52.607759,True
-11.77,2,52.609755,False
-11.53,3,52.61326,False
19.97,3,52.616424,True
19.97,3,52.619424,True
-11.29,4,52.622928,False
21.65,10,52.632066,True
-12.02,2,52.634579,False
20.2,5,52.638812,True
21.66,9,52.646347,True
-11.77,2,52.648347,False
21.42,8,52.656723,True
22.4,10,52.665796,True
22.16,9,52.674262,True
-11.8,5,52.679794,False
-11.77,2,52.681374,False
-12.01,1,52.683401,False
22.16,9,52.691622,True
-12.02,2,52.693622,False
20.19,6,52.699142,True
-10.57,7,52.706147,False
-11.53,3,52.708671,False
19.97,3,52.711671,True
-11.78,3,52.714664,False
21.6,15,52.728004,True
-11.57,7,52.735064,False
-11.76,1,52.735064,False
22.4,10,52.74413,True
-11.77,2,52.74613,False
-11.77,2,52.74754,False
-11.77,2,52.750256,False
-11.55,5,52.755256,False
20.92,8,52.761779,True
-11.53,3,52.764772,False
-11.55,5,53.142427,False
-12.01,1,53.144431,False
21.64,11,53.157842,True
-11.77,2,53.160842,False
-11.52,2,53.163344,False
-11.77,2,53.167703,False
-11.78,3,53.173263,False
20.21,4,53.178266,True
-12.05,5,53.184145,False
20.19,6,53.192145,True
21.39,11,53.204485,True
-11.79,4,53.209492,False
-12.01,1,53.211492,False
-11.54,4,53.216428,False
-11.53,3,53.220425,False
-11.79,4,53.225929,False
21.42,8,53.234504,True
-11.54,4,53.239544,False
-11.77,2,53.241544,False
21.61,14,53.256638,True
-12.02,2,53.259642,False
-12.03,3,53.262642,False
-11.52,2,53.265482,False
-11.32,7,53.274508,False
-11.54,4,53.279013,False
19.97,3,53.283621,True
22.37,13,53.299196,True
20.94,6,53.307195,True
19.97,3,53.3107,True
-12.02,2,53.3137,False
-11.78,3,53.318248,False
21.63,12,53.331172,True
20.21,4,53.3352,True
-11.55,5,53.341242,False
-10.56,6,53.347438,False
-11.54,4,53.351396,False
20.68,7,53.358395,True
20.44,6,53.365328,True
-11.33,7,53.372169,False
-11.8,5,53.378843,False
-11.77,2,53.381737,False
21.42,8,53.389778,True
22.4,10,53.398285,True
-11.77,2,53.401057,False
-11.54,4,53.404063,False
-11.77,2,53.407063,False
-11.3,5,53.411568,False
-11.32,7,53.417751,False
-11.54,4,53.421749,False
19.96,4,53.424785,True
-11.32,7,53.430785,False
-12.01,1,53.432555,False
20.21,4,53.437561,True
-11.77,2,53.439067,False
-11.31,6,53.445079,False
-11.31,6,53.450931,False
-10.79,4,53.45445,False
-12.01,1,53.455455,False
-12.03,3,53.458976,False
19.97,3,53.460976,True
20.69,6,53.467744,True
-11.77,2,53.47027,False
-10.6,10,53.478811,False
-11.77,2,53.480811,False
-11.58,8,53.488848,False
-11.77,2,53.490848,False
-11.76,1,53.491847,False
-11.79,4,53.494848,False
20.2,5,53.500755,True
-11.76,1,53.501755,False
-11.78,3,53.504754,False
21.4,10,53.513277,True
-11.78,3,53.516587,False
20.44,6,53.522103,True
-11.57,7,53.528103,False
-12.07,7,53.536099,False
-11.78,3,53.538104,False
19.97,3,53.541161,True
-11.53,3,53.544161,False
-12.01,1,53.545826,False
-11.54,4,53.550662,False
20.19,6,53.555676,True
21.19,6,53.561703,True
-11.55,5,53.566674,False
20.21,4,53.57039,True
-10.57,7,53.577235,False
21.07,18,53.593301,True
-11.77,2,53.595308,False
-12.01,1,53.596308,False
-11.78,3,53.599703,False
21.4,10,53.609075,True
-12.01,1,53.610088,False
21.19,6,53.615609,True
22.4,10,53.62454,True
-11.53,3,53.627533,False
-12.02,2,53.629533,False
-11.56,6,53.635301,False
-11.78,3,53.6383,False
21.18,7,53.644336,True
-11.55,5,53.649664,False
-11.76,1,53.651192,False
21.66,9,53.658716,True
-12.01,1,53.660715,False
-11.53,3,53.662715,False
-11.78,3,53.666741,False
-12.01,1,53.667737,False
22.63,12,53.678789,True
-11.77,2,53.679789,False
-12.05,5,53.68451,False
21.67,8,53.693035,True
-11.53,3,53.695035,False
-11.55,5,53.700168,False
20.19,6,53.70668,True
-11.82,7,53.712694,False
-12.01,1,53.713694,False
21.19,6,53.71958,True
21.66,9,53.72758,True
-12.02,2,53.729104,False
-11.32,7,53.736593,False
20.45,5,53.740611,True
20.44,6,53.745617,True
-11.79,4,53.750628,False
20.2,5,53.754634,True
20.43,7,53.760679,True
-11.53,3,53.763683,False
-11.76,1,53.76612,False
-11.54,4,53.769627,False
-11.77,2,53.772146,False
-11.81,6,53.778147,False
-11.29,4,53.782558,False
-12.01,1,53.784556,False
-11.3,5,53.789563,False
20.45,5,53.794078,True
19.96,4,53.798071,True
-12.01,1,53.799086,False
20.44,6,53.804602,True
-11.53,3,53.807604,False
-11.52,2,53.809603,False
-11.77,2,53.812103,False
21.33,17,53.828021,True
-11.56,6,53.833663,False
-11.76,1,53.834662,False
-11.56,6,53.841187,False
-11.55,5,53.846707,False
-11.77,2,53.848816,False
-11.57,7,53.855881,False
-11.3,5,53.860878,False
-11.54,4,53.864333,False
-11.3,5,53.869359,False
20.92,8,53.877399,True
-11.77,2,53.880399,False
-11.76,1,53.881393,False
20.69,31,53.909694,True
21.41,9,53.918381,True
21.16,9,53.92538,True
-10.57,7,53.933482,False
-11.53,3,53.936476,False
20.21,4,53.93957,True
-11.54,4,53.944096,False
-11.55,5,53.948714,False
-10.79,4,53.952704,False
21.18,7,53.959234,True
-11.77,2,53.96175,False
21.42,8,53.969669,True
-11.54,4,53.973891,False
21.18,7,53.979409,True
20.69,6,53.986416,True
-11.81,6,53.992449,False
-10.32,7,53.999132,False
-11.78,3,54.003147,False
19.95,5,54.007147,True
-11.77,2,54.009657,False
-11.77,2,54.012666,False
21.14,11,54.0222,True
-11.76,1,54.023198,False
-11.56,6,54.029616,False
22.17,8,54.035965,True
20.44,6,54.041478,True
-11.78,3,54.044495,False
-11.57,7,54.050493,False
22.37,13,54.062767,True
-11.56,6,54.06808,False
21.11,14,54.080604,True
-11.77,2,54.083107,False
-11.56,6,54.088624,False
-12.01,1,54.089634,False
-12.01,1,54.090631,False
-11.79,4,54.094167,False
21.17,8,54.102162,True
-12.01,1,54.103668,False
-10.33,8,54.110679,False
21.18,7,54.11743,True
22.13,12,54.127967,True
20.45,5,54.133382,True
-11.56,6,54.138902,False
20.66,9,54.146955,True
-11.55,5,54.152025,False
20.69,6,54.15756,True
-11.34,9,54.164553,False
-11.8,5,54.169266,False
-11.78,3,54.172761,False
-10.58,8,54.554626,False
19.95,5,54.561627,True
-11.55,5,54.566503,False
-12.02,2,54.568502,False
20.2,5,54.574515,True
-11.54,4,54.579514,False
-11.78,3,54.583468,False
21.42,8,54.592972,True
20.21,4,54.598477,True
21.88,12,54.61235,True
-11.53,3,54.616133,False
-11.56,6,54.623133,False
-11.8,5,54.629637,False
21.42,8,54.637142,True
-11.78,3,54.641143,False
-12.01,1,54.642143,False
-11.78,3,54.64716,False
-11.53,3,54.650501,False
-11.3,5,54.657006,False
-11.3,5,54.664006,False
-11.77,2,54.666927,False
20.45,5,54.67193,True
-11.81,6,54.680942,False
21.43,7,54.688949,True
-11.55,5,54.694949,False
-11.54,4,54.699003,False
21.4,10,54.711507,True
21.66,9,54.722164,True
22.64,11,54.73534,True
20.21,4,54.740845,True
-12.01,1,54.742845,False
-11.78,3,54.74735,False
21.14,11,54.757847,True
19.97,3,54.760364,True
-11.8,5,54.766469,False
22.42,8,54.77399,True
-12.01,1,54.774507,False
21.38,12,54.786935,True
21.17,8,54.794986,True
-11.54,4,54.799091,False
-10.8,5,54.803625,False
21.16,9,54.810625,True
-11.77,2,54.81415,False
19.95,5,54.818478,True
-11.55,5,54.822984,False
-11.79,4,54.826994,False
22.62,13,54.838618,True
21.4,10,54.847145,True
-12.02,2,54.850203,False
19.96,4,54.853714,True
21.63,12,54.864229,True
21.18,7,54.87036,True
-12.01,1,54.87136,False
-12.01,1,54.873357,False
21.63,11,54.883386,True
-11.78,3,54.88589,False
20.44,6,54.891897,True
-10.81,6,54.897729,False
-12.03,3,54.900745,False
-11.53,3,54.903744,False
-11.77,2,54.90625,False
-11.78,3,54.909257,False
-12.01,1,54.910256,False
-11.79,4,54.914257,False
-11.78,3,54.917463,False
-11.77,2,54.919467,False
-12.02,2,54.921464,False
21.17,8,54.92849,True
20.17,8,54.935884,True
-11.53,3,54.938398,False
20.44,6,54.944403,True
-11.52,2,54.945924,False
-12.01,1,54.946923,False
21.42,8,54.954828,True
-11.56,6,54.959346,False
-11.56,6,54.964776,False
-11.78,3,54.967799,False
-11.76,1,54.969311,False
-11.76,1,54.970325,False
20.2,5,54.974836,True
-11.77,2,54.97685,False
20.43,7,54.983616,True
20.21,4,54.987601,True
-12.01,1,54.988602,False
21.41,9,54.996674,True
21.43,7,55.004213,True
-11.3,5,55.008216,False
-11.58,8,55.016208,False
-12.01,1,55.018209,False
20.43,7,55.023791,True
21.38,12,55.034654,True
-12.01,1,55.03566,False
20.45,5,55.039659,True
22.4,10,55.049185,True
-11.78,3,55.052179,False
-11.78,3,55.055698,False
20.93,7,55.061696,True
-11.8,5,55.066708,False
-11.53,3,55.069217,False
-11.59,9,55.077248,False
-11.53,3,55.080247,False
21.42,8,55.087108,True
-12.02,2,55.089113,False
20.44,6,55.095112,True
-11.79,4,55.099223,False
-10.55,5,55.103748,False
-12.01,1,55.104748,False
19.97,3,55.107267,True
-11.53,3,55.110283,False
20.65,10,55.119032,True
-12.01,1,55.120032,False
-11.77,2,55.123032,False
-11.53,3,55.126032,False
-11.77,2,55.128032,False
-12.01,1,55.129032,False
-11.78,3,55.131536,False
-12.01,1,55.133773,False
-11.56,6,55.139769,False
20.44,6,55.145292,True
21.12,13,55.157001,True
-12.01,1,55.158001,False
-10.82,7,55.164528,False
22.38,11,55.173553,True
-11.59,9,55.181411,False
20.2,5,55.186703,True
-12.01,1,55.187702,False
-12.01,1,55.188702,False
-12.01,1,55.189703,False
-12.01,1,55.190702,False
-11.32,7,55.197224,False
21.41,9,55.204994,True
-12.01,1,55.205994,False
-11.58,8,55.212994,False
-11.76,1,55.214504,False
-10.79,4,55.218011,False
20.42,8,55.225529,True
-11.55,5,55.229534,False
-10.59,9,55.238454,False
-11.55,5,55.242453,False
-11.52,2,55.244964,False
-11.77,2,55.247235,False
-11.78,3,55.249446,False
21.4,10,55.257968,True
-11.78,3,55.260967,False
-12.01,1,55.262971,False
19.95,5,55.267536,True
-11.53,3,55.270549,False
20.21,4,55.274073,True
-11.52,2,55.276073,False
-11.54,4,55.280113,False
-11.77,2,55.282342,False
-11.53,3,55.285342,False
21.18,7,55.29137,True
-11.79,4,55.296374,False
20.43,7,55.302702,True
20.21,4,55.306702,True
19.97,3,55.30922,True
-11.78,3,55.312236,False
-11.57,7,55.318501,False
21.12,13,55.330026,True
-12.01,1,55.330544,False
-12.01,1,55.331804,False
20.2,5,55.33681,True
-12.01,1,55.33781,False
-11.29,4,55.342396,False
-11.31,6,55.348473,False
-11.33,8,55.356091,False
-11.53,3,55.359091,False
-12.01,1,55.36009,False
-11.77,2,55.362595,False
21.43,7,55.368588,True
20.45,5,55.373827,True
21.62,13,55.385306,True
-10.36,10,55.395548,False
-11.77,2,55.397548,False
22.41,9,55.405499,True
21.42,8,55.4125,True
-12.01,1,55.4145,False
-11.77,2,55.416714,False
-11.3,5,55.421643,False
-12.01,1,55.422642,False
20.68,7,55.429165,True
-11.54,4,55.432226,False
20.45,5,55.43774,True
-10.59,9,55.445762,False
-11.77,2,55.447769,False
-11.79,4,55.452536,False
22.5,25,55.47191,True
-11.76,1,55.47391,False
-11.77,2,55.47491,False
-10.13,13,55.487147,False
21.41,9,55.495148,True
-10.57,7,55.502448,False
-11.53,3,55.505448,False
-11.79,4,55.50896,False
-12.01,1,55.50996,False
-11.77,2,55.51196,False
-10.62,12,55.521915,False
19.97,3,55.524915,True
20.44,6,55.532174,True
22.09,16,55.548048,True
-12.06,6,55.554599,False
20.2,5,55.560751,True
20.21,4,55.564868,True
-10.57,7,55.95472,False
20.44,6,55.961719,True
-11.79,4,55.966674,False
20.2,5,55.971673,True
-9.8,5,55.977179,False
-11.55,5,55.983029,False
-12.01,1,55.98553,False
21.43,7,55.99365,True
20.43,7,56.002534,True
20.68,7,56.01104,True
-11.8,5,56.017546,False
-12.01,1,56.018545,False
-11.78,3,56.022545,False
-11.78,3,56.027059,False
-11.52,2,56.030069,False
-11.53,3,56.033068,False
20.43,7,56.040584,True
-10.8,5,56.047456,False
-11.82,7,56.056519,False
-11.54,4,56.062289,False
-11.55,5,56.068718,False
-11.54,4,56.073222,False
-12.02,2,56.075223,False
-11.77,2,56.077223,False
20.2,5,56.082342,True
-11.1,10,56.093415,False
-11.76,1,56.094415,False
21.42,8,56.103248,True
-11.35,10,56.115154,False
-11.53,3,56.119159,False
-11.3,5,56.125692,False
-11.35,10,56.13677,False
-11.77,2,56.14077,False
-11.76,1,56.142272,False
21.43,7,56.149249,True
-12.01,1,56.150852,False
20.44,6,56.156388,True
-11.78,3,56.160388,False
20.44,6,56.579136,True
-11.77,2,56.580135,False
-12.01,1,56.581639,False
-11.77,2,56.583904,False
-11.53,3,56.587724,False
-11.56,6,56.593255,False
-12.01,1,56.594256,False
-11.78,3,56.598248,False
-12.02,2,56.599748,False
-10.65,14,56.611308,False
21.42,8,56.620211,True
21.67,8,56.626723,True
-11.03,3,56.629723,False
-11.77,2,56.632731,False
20.44,6,56.638083,True
-12.02,2,56.640083,False
-12.01,1,56.642082,False
-11.53,3,56.644601,False
-11.76,1,56.646605,False
-11.76,1,56.647605,False
-10.59,8,56.655029,False
-11.79,4,56.659033,False
20.45,5,56.663033,True
-11.79,4,56.667912,False
-12.02,2,56.669912,False
20.45,5,56.673912,True
-12.02,2,56.676437,False
21.17,8,56.683296,True
-11.76,1,56.684292,False
21.41,9,56.691817,True
-11.77,2,56.693818,False
-11.79,4,56.698107,False
-10.34,9,56.705566,False
22.16,9,56.714092,True
-11.78,3,56.717404,False
20.2,5,56.720926,True
-11.53,3,56.723926,False
21.42,8,56.731631,True
-12.03,3,56.734654,False
-11.56,6,56.741179,False
-11.54,4,56.74518,False
20.44,6,56.75097,True
-11.78,3,56.75397,False
20.44,6,56.760482,True
-11.82,7,56.766873,False
21.17,8,56.775391,True
20.21,4,56.778397,True
-11.53,3,56.782838,False
-11.78,3,56.784854,False
20.19,6,56.791152,True
-11.57,7,56.797163,False
21.42,8,56.803992,True
-12.03,3,56.806986,False
-12.01,1,56.807992,False
-11.77,2,56.809992,False
-11.78,3,56.812519,False
-11.55,5,56.816907,False
-11.77,2,56.818907,False
-11.54,4,56.823321,False
-11.53,3,56.825319,False
19.97,3,56.828319,True
-11.53,3,56.831737,False
-11.53,3,56.83428,False
-11.31,6,56.840275,False
-11.78,3,56.842781,False
21.93,7,56.850045,True
21.84,16,56.862558,True
22.56,19,56.879955,True
21.38,12,56.890724,True
21.18,7,56.89625,True
20.2,5,56.901501,True
-11.53,3,56.9045,False
-11.54,4,56.908026,False
-10.79,4,56.912026,False
22.41,9,56.920341,True
-11.55,5,56.92434,False
20.43,7,56.930866,True
-10.36,11,56.940691,False
-10.79,4,56.94469,False
-11.58,7,56.951254,False
-11.32,7,56.957253,False
22.36,14,56.969734,True
20.69,6,56.974733,True
-12.01,1,56.975734,False
-12.02,2,56.977733,False
-11.54,4,56.982711,False
20.44,6,56.98723,True
-10.79,4,56.99175,False
-11.8,5,56.996493,False
-12.01,1,56.997492,False
-11.78,3,57.000383,False
-11.79,4,57.004398,False
21.17,8,57.011912,True
21.58,17,57.026702,True
-11.33,8,57.035031,False
-11.77,2,57.03703,False
-11.81,6,57.042631,False
20.2,5,57.046716,True
20.44,6,57.052538,True
20.45,5,57.057216,True
-11.53,3,57.06021,False
-10.57,7,57.067073,False
-12.02,2,57.069073,False
-11.77,2,57.071073,False
20.19,6,57.076076,True
-11.56,6,57.082415,False
21.18,7,57.089738,True
-11.53,3,57.092743,False
21.16,9,57.100611,True
21.12,13,57.111144,True
-11.53,3,57.113144,False
21.19,6,57.118941,True
20.18,7,57.125459,True
-11.54,4,57.129464,False
-11.79,4,57.133746,False
-11.78,3,57.136272,False
-11.76,1,57.137271,False
-11.54,4,57.141271,False
21.35,15,57.154777,True
20.43,7,57.161302,True
-11.55,5,57.164964,False
-10.83,8,57.172732,False
-10.56,6,57.178259,False
-12.01,1,57.180253,False
20.44,6,57.186221,True
-11.77,2,57.187732,False
-11.57,7,57.194981,False
21.41,9,57.20327,True
21.2,5,57.207271,True
20.44,6,57.213339,True
-11.3,5,57.21773,False
19.96,4,57.22224,True
21.36,14,57.234711,True
-12.04,4,57.238632,False
-11.56,6,57.244148,False
22.39,10,57.253523,True
-11.77,2,57.255523,False
-11.8,5,57.260774,False
-11.76,1,57.26178,False
-11.54,4,57.26516,False
-12.01,1,57.266196,False
-11.77,2,57.268714,False
20.36,14,57.280243,True
-12.01,1,57.281653,False
-11.77,2,57.283672,False
21.42,8,57.290328,True
-11.79,4,57.294858,False
-11.77,2,57.296859,False
-11.53,3,57.300046,False
20.69,6,57.305569,True
-12.01,1,57.306569,False
-11.77,2,57.308568,False
-11.77,2,57.310568,False
-11.76,1,57.311568,False
20.44,6,57.317416,True
-11.52,2,57.319416,False
-10.56,6,57.324952,False
21.17,8,57.332342,True
-11.78,3,57.335854,False
-12.02,2,57.33786,False
-10.33,8,57.34386,False
21.16,9,57.353184,True
-12.01,1,57.354182,False
-11.76,1,57.355694,False
-11.54,4,57.358709,False
-11.3,5,57.363709,False
-11.77,2,57.366122,False
-11.55,5,57.748831,False
21.38,12,57.76345,True
-11.78,3,57.767824,False
21.4,10,57.778329,True
-11.77,2,57.780329,False
21.42,8,57.7918,True
-11.32,7,57.799275,False
-12.01,1,57.801275,False
20.2,5,57.807758,True
21.66,9,57.818358,True
-12.03,3,57.822358,False
21.16,9,57.832828,True
-12.01,1,57.834828,False
-11.53,3,57.839341,False
-11.53,3,57.842341,False
-11.53,3,57.84534,False
-11.53,3,57.849478,False
-12.01,1,57.850474,False
-11.07,7,57.857481,False
-11.54,4,57.861481,False
-11.77,2,57.864481,False
-11.52,2,57.866838,False
-11.53,3,57.870841,False
20.21,4,57.875841,True
-11.78,3,57.879348,False
-12.03,3,57.883929,False
-11.56,6,57.891981,False
-12.01,1,57.892981,False
20.21,4,57.898037,True
-11.54,4,57.904062,False
-11.78,3,57.907062,False
-12.01,1,57.908567,False
-12.01,1,57.909569,False
-11.8,5,57.915017,False
21.43,7,57.923542,True
21.42,8,57.933381,True
-12.02,2,57.936381,False
-12.02,2,57.939883,False
-11.53,3,57.943885,False
-11.78,3,57.946967,False
21.58,17,57.963702,True
-11.77,2,57.96607,False
-12.01,1,57.967069,False
20.21,4,57.971591,True
-11.55,5,57.976591,False
-11.58,8,57.984534,False
-10.57,7,57.991056,False
-12.01,1,57.993219,False
21.67,8,58.001345,True
20.44,6,58.007517,True
19.96,4,58.014021,True
-11.54,4,58.018402,False
-12.03,3,58.021402,False
-10.8,5,58.025927,False
-11.78,3,58.028925,False
-11.77,2,58.031369,False
-11.54,4,58.034912,False
20.2,5,58.039907,True
-11.77,2,58.041912,False
20.2,5,58.046437,True
20.17,8,58.053795,True
-11.56,6,58.059331,False
-11.76,1,58.06033,False
-11.76,1,58.061331,False
-11.77,2,58.06333,False
-12.02,2,58.065781,False
21.17,8,58.07378,True
20.43,7,58.080293,True
22.4,10,58.090765,True
21.83,16,58.104344,True
-12.01,1,58.105924,False
21.62,13,58.11674,True
20.43,7,58.12383,True
20.2,5,58.128516,True
-11.78,3,58.131432,False
-12.01,1,58.132837,False
-11.54,4,58.135829,False
-11.54,4,58.140362,False
21.18,7,58.146361,True
-11.53,3,58.150424,False
-11.76,1,58.152927,False
-11.76,1,58.153931,False
20.45,5,58.160441,True
20.45,5,58.166234,True
-10.58,8,58.178247,False
20.44,6,58.185489,True
-11.77,2,58.18849,False
-10.57,7,58.196507,False
20.21,4,58.200839,True
21.35,15,58.216374,True
-11.78,3,58.21938,False
-10.82,7,58.229889,False
19.97,3,58.237398,True
-11.54,4,58.24223,False
20.41,8,58.250424,True
-10.34,9,58.258833,False
20.2,5,58.264364,True
-12.01,1,58.26537,False
20.21,4,58.270066,True
21.63,12,58.281076,True
-11.54,4,58.285602,False
-11.77,2,58.288604,False
21.17,8,58.296638,True
-11.54,4,58.301463,False
-12.01,1,58.301966,False
-12.02,2,58.305477,False
-11.78,3,58.308482,False
-11.58,8,58.315999,False
-11.76,1,58.317994,False
20.21,4,58.322994,True
-11.77,2,58.323998,False
-11.53,3,58.328525,False
-11.77,2,58.330978,False
-11.55,5,58.335994,False
-11.77,2,58.339098,False
20.45,5,58.344092,True
-11.77,2,58.346612,False
-11.77,2,58.349124,False
-11.53,3,58.353114,False
-11.07,7,58.360823,False
19.97,3,58.363824,True
-12.02,2,58.366821,False
22.16,9,58.375918,True
20.43,7,58.383928,True
21.15,10,58.393898,True
-11.77,2,58.396889,False
-11.56,6,58.40315,False
-11.77,2,58.406154,False
-11.32,7,58.413203,False
21.42,8,58.420822,True
-12.01,1,58.421828,False
-11.54,4,58.425821,False
-11.78,3,58.43008,False
-11.77,2,58.432078,False
-11.52,2,58.434285,False
21.63,12,58.445495,True
21.43,7,58.451019,True
-11.55,5,58.455552,False
21.33,17,58.47034,True
-11.77,2,58.472348,False
-11.78,3,58.475348,False
20.44,6,58.481165,True
-11.32,7,58.487182,False
-11.78,3,58.491181,False
-11.54,4,58.495695,False
20.43,7,58.501936,True
-11.76,1,58.50353,False
-10.31,6,58.509529,False
20.45,5,58.514399,True
-12.01,1,58.515416,False
20.19,6,58.521492,True
-11.78,3,58.524493,False
-11.53,3,58.527162,False
20.2,5,58.531159,True
-12.01,1,58.533348,False
-11.31,6,58.539469,False
-12.02,2,58.54245,False
-11.78,3,58.54445,False
-11.78,3,58.547958,False
-12.01,1,58.54913,False
-11.77,2,58.552037,False
19.97,3,58.555111,True
-11.8,5,58.559368,False
-12.01,1,58.56044,False
20.45,5,58.566301,True
-11.77,2,58.568126,False
20.21,4,58.572644,True
-11.78,3,58.574644,False
21.65,10,58.584668,True
-10.33,8,58.592204,False
-11.76,1,58.594198,False
-10.79,4,58.598515,False
21.19,6,58.604035,True
-11.76,1,58.605033,False
21.42,8,58.612572,True
-11.54,4,58.616557,False
21.16,9,58.625089,True
-11.76,1,58.626089,False
-11.78,3,58.630089,False
-11.77,2,58.63259,False
-11.53,3,58.635596,False
-11.56,6,58.640596,False
-11.77,2,58.6431,False
-10.8,5,58.64852,False
-11.77,2,58.65052,False
-12.01,1,58.65152,False
21.18,7,58.658303,True
-11.53,3,58.661303,False
-11.8,5,58.665833,False
-12.01,1,58.666829,False
-11.77,2,58.669348,False
21.4,10,58.677866,True
-10.8,5,58.683113,False
21.89,11,58.693624,True
-12.03,3,58.696624,False
20.44,6,58.701587,True
-11.77,2,58.703588,False
-11.76,1,58.705588,False
21.41,9,58.713099,True
21.42,8,58.720936,True
-12.04,4,58.725467,False
-11.77,2,58.727457,False
-12.01,1,58.728457,False
-11.77,2,58.73076,False
-11.77,2,58.73277,False
22.64,11,58.744085,True
-12.02,2,58.746089,False
-11.78,3,58.749165,False
-11.77,2,58.751157,False
-12.06,6,58.756209,False
-11.76,1,58.757214,False
-11.76,1,58.758214,False
22.4,10,58.767486,True
21.44,6,58.773486,True
21.4,9,58.780529,True
-11.3,5,58.78632,False
-11.54,4,58.79032,False
-11.77,2,58.79232,False
-11.82,7,58.799422,False
21.17,8,58.806111,True
22.37,13,58.818069,True
22.15,10,58.827079,True
21.18,7,59.21851,True
-11.77,2,59.22151,False
-11.77,2,59.225016,False
20.94,6,59.232465,True
-11.54,4,59.237968,False
20.43,7,59.24447,True
-12.01,1,59.246473,False
21.4,10,59.257013,True
20.21,4,59.261015,True
22.37,13,59.275879,True
-11.3,5,59.282778,False
-11.79,4,59.2883,False
-11.78,3,59.291805,False
20.44,6,59.299144,True
-11.59,8,59.309151,False
20.67,8,59.319034,True
-11.77,2,59.322034,False
20.89,11,59.333148,True
-11.78,3,59.33765,False
-11.76,1,59.338653,False
-11.79,4,59.343652,False
21.63,12,59.358736,True
-11.78,3,59.362735,False
-11.56,6,59.369654,False
-10.84,8,59.37987,False
-11.77,2,59.382247,False
-11.79,4,59.386259,False
-11.76,1,59.387259,False
21.39,11,59.400373,True
-11.77,2,59.402877,False
-12.01,1,59.404877,False
-11.53,3,59.408878,False
20.95,5,59.414523,True
-11.84,9,59.423695,False
20.41,8,59.431015,True
-12.01,1,59.433035,False
-11.79,4,59.437033,False
-11.55,4,59.441551,False
22.36,14,59.454508,True
22.63,12,59.465024,True
-11.3,5,59.471041,False
-12.01,1,59.471041,False
-11.78,3,59.474555,False
20.93,6,59.480078,True
21.18,7,59.486918,True
-12.01,1,59.487913,False
-11.55,5,59.491905,False
-10.58,8,59.500736,False
-11.3,5,59.504805,False
-11.55,5,59.509803,False
21.17,8,59.516732,True
21.17,8,59.523733,True
-12.01,1,59.525238,False
21.63,12,59.536637,True
21.92,8,59.543633,True
-11.77,2,59.545633,False
20.21,4,59.550028,True
-11.55,5,59.554028,False
20.45,5,59.558055,True
-11.76,1,59.559068,False
21.17,8,59.567376,True
20.44,6,59.572736,True
20.21,4,59.576461,True
20.44,6,59.581983,True
-11.54,4,59.585343,False
-11.53,3,59.588868,False
-12.01,1,59.589867,False
-11.33,8,59.59769,False
20.45,5,59.602712,True
-11.77,2,59.605234,False
-11.78,3,59.607745,False
-11.76,1,59.609476,False
-11.76,1,59.610487,False
-11.55,5,59.615797,False
-11.53,3,59.618306,False
21.42,8,59.625842,True
-12.02,2,59.627842,False
-11.57,7,59.633684,False
-11.54,4,59.637684,False
20.44,6,59.644208,True
-11.54,4,59.647208,False
-11.77,2,59.649972,False
-11.31,6,59.654986,False
-10.58,8,59.663014,False
20.2,5,59.667403,True
20.44,6,59.673922,True
-11.53,3,59.676921,False
-11.77,2,59.677921,False
-11.54,4,59.682369,False
-11.78,3,59.684888,False
-11.77,2,59.687892,False
-11.53,3,59.690888,False
-12.01,1,59.691881,False
19.96,4,59.695411,True
-11.77,2,59.697796,False
-11.8,5,59.702822,False
-11.3,5,59.707365,False
21.43,7,59.713365,True
-12.02,2,59.714869,False
20.45,5,59.720105,True
-11.78,3,59.723105,False
-11.78,3,59.725611,False
20.95,5,59.730129,True
19.97,3,59.734636,True
19.97,3,59.737151,True
20.44,6,59.74315,True
-10.82,7,59.750213,False
-11.04,4,59.754205,False
-11.55,5,59.758766,False
-11.57,7,59.764816,False
19.97,3,59.768375,True
-11.76,1,59.769375,False
-12.01,1,59.770375,False
-11.79,4,59.773885,False
-11.53,3,59.777415,False
-11.79,4,59.781414,False
-11.54,4,59.784762,False
-12.01,1,59.785761,False
21.39,11,59.796285,True
-12.01,1,59.798241,False
-10.34,9,59.805786,False
-10.36,10,59.815683,False
-11.34,9,59.8237,False
-11.78,3,59.826698,False
20.67,8,59.834044,True
20.45,5,59.838568,True
-11.76,1,59.839567,False
21.43,7,59.845567,True
21.66,9,59.853495,True
22.17,8,59.860545,True
20.93,7,59.865958,True
21.41,9,59.874484,True
-11.77,2,59.876484,False
21.14,11,59.885908,True
-10.57,7,59.893425,False
-12.01,1,59.894425,False
21.18,7,59.900743,True
-10.59,9,59.909703,False
-10.59,9,59.917469,False
20.21,4,59.921907,True
-11.53,3,59.924908,False
21.36,14,59.937744,True
-12.04,4,59.94127,False
20.42,8,59.948578,True
-12.02,2,59.951109,False
-11.76,1,59.952118,False
-11.55,5,59.956117,False
-12.01,1,59.957117,False
21.18,7,59.963176,True
-11.53,3,59.967411,False
20.42,8,59.973942,True
-11.78,3,59.976942,False
-11.32,7,59.984241,False
20.2,5,59.988753,True
20.44,6,59.994298,True
-11.78,3,59.996827,False
21.38,11,60.007268,True
-11.78,3,60.010268,False
-11.76,1,60.011268,False
-11.55,5,60.017222,False
21.42,8,60.024221,True
-12.03,3,60.026745,False
-10.82,7,60.032998,False
21.14,10,60.041525,True
-12.02,2,60.043525,False
21.12,13,60.054429,True
-11.53,3,60.057954,False
-11.77,2,60.060471,False
-12.01,1,60.061479,False
-11.31,6,60.067487,False
21.41,9,60.076008,True
-11.52,2,60.078547,False
-11.55,5,60.082785,False
20.44,6,60.088306,True
-12.02,2,60.090305,False
-11.76,1,60.091305,False
-11.33,8,60.099398,False
21.41,9,60.106914,True
-11.77,2,60.109954,False
20.21,4,60.112959,True
-11.78,3,60.116449,False
-11.77,2,60.11796,False
-11.54,4,60.121984,False
-11.78,3,60.124985,False
-11.76,1,60.125985,False
-10.79,4,60.129496,False
21.15,10,60.137838,True
21.18,7,60.144875,True
21.4,10,60.153025,True
-11.54,4,60.157721,False
-11.31,6,60.163234,False
-12.02,2,60.165958,False
21.38,12,60.176476,True
-11.77,2,60.178475,False
-11.53,3,60.181494,False
-11.53,3,60.18503,False
21.16,9,60.192568,True
20.43,7,60.198836,True
-12.01,1,60.201825,False
-11.33,8,60.209556,False
-11.8,5,60.214067,False
19.96,4,60.21752,True
-11.53,3,60.22152,False
-11.83,8,60.229061,False
-11.77,2,60.231062,False
-12.02,2,60.613673,False
-12.01,1,60.615169,False
-11.56,6,60.621704,False
20.2,5,60.627705,True
-12.01,1,60.629705,False
21.36,14,60.646075,True
20.21,4,60.65139,True
20.21,4,60.655899,True
20.44,6,60.662405,True
-12.01,1,60.662922,False
21.49,26,60.6932,True
-11.56,6,60.701265,False
-11.55,5,60.70728,False
-11.54,4,60.713279,False
-10.57,7,60.722251,False
-12.01,1,60.723251,False
20.91,9,60.735345,True
19.97,3,60.739038,True
-12.02,2,60.74204,False
21.42,8,60.752382,True
-11.77,2,60.754595,False
-11.54,4,60.760121,False
20.44,6,60.767887,True
-11.78,3,60.771889,False
-12.01,1,60.773726,False
19.97,3,60.777729,True
20.42,8,60.786793,True
21.17,8,60.795299,True
21.19,6,60.80222,True
21.39,11,60.814744,True
-12.01,1,60.815768,False
-11.54,4,60.819821,False
20.2,5,60.825821,True
-12.02,2,60.82782,False
-12.03,3,60.831338,False
-12.01,1,60.832737,False
-11.77,2,60.834735,False
20.2,5,60.84024,True
19.97,3,60.84325,True
-11.77,2,60.84525,False
-12.01,1,60.84725,False
21.41,9,60.856144,True
-11.78,3,60.859148,False
-12.01,1,60.860659,False
20.21,4,60.864737,True
-11.54,4,60.868758,False
20.21,4,60.872901,True
-11.77,2,60.8749,False
20.43,7,60.880899,True
21.65,10,60.890162,True
22.15,10,60.899066,True
-12.02,2,60.901063,False
-10.81,6,60.905453,False
21.14,11,60.91698,True
-11.76,1,60.917978,False
-11.54,4,60.921706,False
-11.53,3,60.923705,False
-11.77,2,60.926749,False
-12.01,1,60.927754,False
21.39,11,60.9372,True
21.42,8,60.9442,True
-12.02,2,60.946706,False
-11.53,3,60.950089,False
20.94,6,60.955089,True
-10.57,7,60.961602,False
20.69,6,60.968619,True
-11.76,1,60.969619,False
-10.8,5,60.973619,False
-12.01,1,60.974618,False
-11.54,4,60.978124,False
-11.78,3,60.981415,False
20.21,4,60.985494,True
21.18,7,60.992163,True
-11.06,6,60.997166,False
-11.54,4,61.00159,False
-11.34,9,61.011437,False
-11.78,3,61.014741,False
-11.55,5,61.01876,False
-12.01,1,61.020262,False
-12.01,1,61.021273,False
-12.02,2,61.023275,False
-11.76,1,61.024265,False
-11.54,4,61.028265,False
20.19,6,61.034415,True
-11.56,6,61.039423,False
-12.01,1,61.040934,False
-12.01,1,61.041949,False
-11.77,2,61.044483,False
22.39,11,61.053604,True
21.17,8,61.061597,True
-11.77,2,61.064446,False
-11.78,3,61.068459,False
-11.8,5,61.072993,False
20.21,4,61.077719,True
-10.66,15,61.091093,False
20.17,8,61.098087,True
21.18,7,61.104631,True
-11.78,3,61.108155,False
20.44,6,61.113669,True
21.39,11,61.123816,True
-11.78,3,61.127829,False
-11.08,8,61.134734,False
-12.01,1,61.135739,False
-12.01,1,61.136739,False
21.66,9,61.145259,True
-11.54,4,61.149669,False
-11.77,2,61.15167,False
22.39,11,61.161199,True
-11.77,2,61.163198,False
-11.55,5,61.168022,False
-11.78,3,61.171632,False
-11.54,4,61.174632,False
-12.02,2,61.177144,False
-11.55,5,61.182599,False
21.4,10,61.191093,True
-11.78,3,61.194092,False
-11.79,4,61.197598,False
21.41,9,61.205871,True
-11.78,3,61.209937,False
21.43,7,61.216001,True
21.41,9,61.223529,True
-11.55,5,61.22804,False
-11.8,5,61.233394,False
-12.02,2,61.235394,False
-12.03,3,61.238394,False
-11.55,5,61.242918,False
-11.53,3,61.245443,False
-11.77,2,61.248671,False
-11.77,2,61.249979,False
-11.31,6,61.255968,False
-11.3,5,61.260491,False
-12.01,1,61.261491,False
-11.54,4,61.266234,False
-12.01,1,61.267228,False
-11.8,5,61.270756,False
-12.01,1,61.273404,False
-11.29,4,61.276408,False
-12.01,1,61.277408,False
-11.29,4,61.281914,False
-10.37,12,61.293423,False
20.21,4,61.298096,True
-11.77,2,61.300631,False
-11.77,2,61.302638,False
-12.02,2,61.304638,False
-10.56,6,61.30915,False
-12.01,1,61.311379,False
-10.33,8,61.319536,False
20.18,7,61.326048,True
-11.79,4,61.329129,False
-11.8,5,61.333751,False
22.32,17,61.349531,True
-10.83,7,61.355044,False
-11.76,1,61.356044,False
-11.56,6,61.362048,False
20.44,6,61.367354,True
-12.02,2,61.369354,False
-10.86,11,61.380246,False
20.68,7,61.386666,True
-11.53,3,61.389666,False
-11.55,5,61.394186,False
-11.78,3,61.397186,False
-11.58,8,61.404747,False
-11.77,2,61.406743,False
22.39,11,61.416825,True
-11.77,2,61.419496,False
-11.77,2,61.421507,False
-11.76,1,61.423159,False
19.96,4,61.427169,True
-12.01,1,61.428169,False
20.45,5,61.433608,True
20.44,6,61.43913,True
21.18,7,61.445654,True
-11.53,3,61.448056,False
21.43,7,61.454592,True
-10.37,12,61.465914,False
21.39,11,61.475587,True
-12.01,1,61.476712,False
-11.55,5,61.482138,False
-12.02,2,61.484699,False
-10.58,8,61.491238,False
-11.32,7,61.499137,False
20.19,6,61.504143,True
21.65,10,61.513402,True
-12.01,1,61.514726,False
-11.56,6,61.520255,False
21.42,8,61.527255,True
-11.78,3,61.52977,False
-11.32,7,61.536705,False
-11.79,4,61.539221,False
-11.31,6,61.545126,False
20.68,7,61.551656,True
-12.01,1,61.552656,False
-10.79,4,61.556656,False
20.2,5,61.561181,True
-10.35,10,61.570128,False
-12.01,1,61.571652,False
19.97,3,61.574373,True
-11.53,3,61.577384,False
20.21,4,61.580901,True
21.18,7,61.587201,True
-11.77,2,61.589201,False
-11.55,5,61.594418,False
21.18,7,61.601276,True
21.17,8,61.607287,True
-10.55,5,61.612339,False
-11.79,4,61.616752,False
-11.79,4,61.620391,False
-11.79,4,61.623924,False
-11.78,3,61.626924,False
-11.77,2,61.628924,False
21.18,7,61.635422,True
22.15,10,62.024686,True
-12.01,1,62.026689,False
21.43,7,62.034822,True
-11.55,5,62.041327,False
21.61,14,62.0563,True
22.15,10,62.067678,True
-11.56,6,62.07605,False
20.19,6,62.083606,True
-11.06,6,62.091097,False
-11.77,2,62.094096,False
21.91,9,62.105016,True
-11.09,9,62.115027,False
-10.8,5,62.120393,False
22.42,8,62.127898,True
-10.61,11,62.140772,False
19.96,4,62.145278,True
19.95,5,62.15176,True
-11.79,4,62.157472,False
-11.77,2,62.160253,False
20.2,5,62.165764,True
-11.77,2,62.169295,False
-11.77,2,62.172259,False
20.94,6,62.178639,True
-11.77,2,62.181638,False
-11.31,6,62.188622,False
-12.01,1,62.189622,False
-11.78,3,62.192622,False
-11.07,7,62.201537,False
-12.01,1,62.202538,False
20.21,4,62.208044,True
20.95,5,62.214336,True
20.68,7,62.221366,True
-10.82,7,62.22789,False
20.18,7,62.235425,True
22.36,12,62.245948,True
-11.3,5,62.251776,False
-12.01,1,62.252776,False
-11.54,4,62.257287,False
-11.76,1,62.258301,False
-11.79,4,62.262293,False
20.2,5,62.26735,True
-12.01,1,62.267888,False
-11.1,10,62.277257,False
-11.77,2,62.279778,False
21.36,14,62.292203,True
22.17,8,62.298984,True
-11.77,2,62.300506,False
-11.79,4,62.305565,False
-11.53,3,62.307576,False
-11.77,2,62.310111,False
19.96,4,62.313975,True
20.2,5,62.317995,True
-11.77,2,62.321151,False
-10.79,4,62.325149,False
20.21,4,62.329149,True
22.14,10,62.339015,True
-11.8,5,62.34354,False
21.4,10,62.352267,True
-11.76,1,62.354038,False
21.65,10,62.362577,True
20.43,7,62.368725,True
-10.56,6,62.374245,False
-12.01,1,62.375761,False
-11.77,2,62.377766,False
20.2,5,62.382876,True
-11.54,4,62.386889,False
-11.77,2,62.388889,False
20.18,7,62.395379,True
-12.01,1,62.396379,False
20.2,5,62.401757,True
21.32,18,62.417502,True
-12.01,1,62.418501,False
-11.78,3,62.421501,False
-11.32,7,62.427024,False
-12.01,1,62.42902,False
20.21,4,62.432207,True
21.65,10,62.440724,True
-12.01,1,62.441725,False
-11.54,4,62.446239,False
-12.01,1,62.447663,False
-11.3,5,62.452683,False
-11.77,2,62.453684,False
-12.02,2,62.456204,False
-12.01,1,62.457209,False
-11.32,7,62.464957,False
20.45,5,62.469527,True
-10.79,4,62.473526,False
20.2,5,62.478694,True
-12.02,2,62.480694,False
20.44,6,62.486578,True
-11.78,3,62.489592,False
20.2,5,62.493586,True
20.44,6,62.499234,True
-11.78,3,62.502249,False
-11.76,1,62.503249,False
20.45,5,62.507773,True
-12.01,1,62.508777,False
-10.56,6,62.514301,False
-12.02,2,62.516556,False
22.16,9,62.524786,True
-12.02,2,62.526785,False
-11.54,4,62.530307,False
-11.52,2,62.532559,False
-10.63,13,62.545588,False
21.67,8,62.552853,True
-11.55,5,62.55777,False
20.21,4,62.561809,True
-11.77,2,62.564333,False
-12.03,3,62.567475,False
20.44,6,62.57351,True
20.44,6,62.578362,True
20.9,10,62.588197,True
-11.53,3,62.590707,False
21.17,8,62.597721,True
22.12,13,62.609217,True
-11.77,2,62.610217,False
-10.56,6,62.617153,False
20.2,5,62.622149,True
-11.78,3,62.624581,False
-11.56,6,62.629734,False
-12.02,2,62.632726,False
20.21,4,62.636249,True
-11.77,2,62.638248,False
20.45,5,62.642248,True
-11.53,3,62.644769,False
21.41,9,62.653454,True
20.21,4,62.656976,True
21.4,10,62.666246,True
21.19,6,62.671759,True
-11.31,6,62.677895,False
21.42,8,62.6847,True
20.45,5,62.689714,True
-11.3,5,62.695212,False
-11.06,6,62.701449,False
-12.01,1,62.702448,False
-11.53,3,62.705449,False
-12.01,1,62.705967,False
22.17,8,62.71349,True
-11.54,4,62.717263,False
-12.02,2,62.719263,False
20.43,7,62.725938,True
-11.77,2,62.727462,False
-11.77,2,62.730461,False
-12.03,3,62.732902,False
-12.03,3,62.7349,False
20.19,6,62.74142,True
-12.02,2,62.74442,False
-11.76,1,62.74542,False
-12.01,1,62.74542,False
-12.01,1,62.746925,False
-11.02,2,62.749228,False
-12.01,1,62.751227,False
21.66,9,62.758735,True
-11.77,2,62.760735,False
-11.78,3,62.763735,False
-12.02,2,62.766131,False
21.17,8,62.77477,True
22.1,14,62.786804,True
21.15,10,62.796432,True
-11.55,5,62.802176,False
-11.77,2,62.80418,False
-12.01,1,62.80518,False
20.69,6,62.811694,True
20.18,7,62.81858,True
-11.53,3,62.821095,False
-11.77,2,62.823092,False
-11.55,5,62.827092,False
-12.03,3,62.830603,False
-11.56,6,62.836088,False
-11.77,2,62.838088,False
-11.77,2,62.840088,False
-12.01,1,62.841606,False
22.41,9,62.849183,True
20.2,5,62.853705,True
-10.56,6,62.859705,False
-11.34,9,62.867897,False
-11.54,4,62.871933,False
20.2,5,62.875947,True
-11.54,4,62.880602,False
22.41,9,62.888339,True
-11.76,1,62.889338,False
-11.56,6,62.895849,False
21.18,7,62.902193,True
-11.78,3,62.904716,False
21.19,6,62.909716,True
-11.8,5,62.914855,False
-10.34,9,62.922889,False
20.66,9,62.931761,True
20.19,6,62.937329,True
-11.77,2,62.939319,False
-11.79,4,62.943322,False
21.42,8,62.951191,True
-12.03,3,62.95419,False
-12.05,5,62.958709,False
-12.03,3,62.961715,False
21.44,6,62.966784,True
20.43,7,62.973305,True
21.15,10,62.981738,True
20.19,6,62.987271,True
-12.02,2,62.990264,False
-11.78,3,62.99327,False
-11.32,7,62.999043,False
20.66,9,63.008201,True
-11.56,6,63.013193,False
-12.01,1,63.014194,False
21.65,10,63.023727,True
-11.76,1,63.024727,False
-12.01,1,63.026727,False
-11.57,7,63.032528,False
20.44,6,63.419331,True
20.68,7,63.425838,True
22.41,9,63.437351,True
-10.58,8,63.44687,False
21.43,7,63.454318,True
-12.02,2,63.456386,False
-11.32,7,63.465968,False
-11.78,3,63.469967,False
-11.53,3,63.473472,False
-12.01,1,63.474975,False
22.14,11,63.489332,True
19.96,4,63.879249,True
-11.76,1,63.880603,False
-11.54,4,63.884672,False
-11.56,6,63.889183,False
-12.02,2,63.891688,False
19.97,3,63.893695,True
-11.76,1,63.896206,False
-11.77,2,63.899281,False
-11.55,5,63.904281,False
20.2,5,63.907794,True
-12.03,3,63.911304,False
20.88,37,63.944285,True
-12.02,2,63.946286,False
21.19,6,63.951811,True
21.17,8,63.960331,True
-11.55,5,63.965332,False
-12.02,2,63.967331,False
-11.79,4,63.970857,False
22.17,8,63.978382,True
-12.01,1,63.979382,False
-12.02,2,63.9815,False
19.97,3,63.984532,True
-11.58,8,63.991579,False
-11.77,2,63.994109,False
-12.01,1,63.995108,False
21.42,8,64.002272,True
20.21,4,64.006272,True
-10.57,7,64.012779,False
-12.04,4,64.017213,False
-11.83,8,64.025267,False
-12.01,1,64.026266,False
-12.01,1,64.027266,False
-11.77,2,64.029266,False
-12.07,7,64.036312,False
20.2,5,64.041311,True
-11.76,1,64.042311,False
-10.58,8,64.04942,False
19.96,4,64.052926,True
-11.76,1,64.05493,False
21.58,16,64.068686,True
-11.76,1,64.070697,False
21.4,10,64.079214,True
-11.8,5,64.084244,False
-11.29,4,64.088259,False
-11.55,5,64.092258,False
-10.85,10,64.101545,False
-11.29,4,64.106058,False
-11.76,1,64.107058,False
-12.03,3,64.110075,False
-11.54,4,64.113062,False
-11.76,1,64.114062,False
19.97,3,64.117885,True
21.92,8,64.125407,True
21.58,16,64.139041,True
19.96,4,64.142566,True
-12.02,2,64.144566,False
-11.8,5,64.149826,False
-11.77,2,64.151826,False
19.97,3,64.154827,True
-11.78,3,64.156826,False
-11.78,3,64.160338,False
-11.31,6,64.166462,False
-12.01,1,64.167461,False
-11.78,3,64.170974,False
-10.87,12,64.181603,False
20.16,8,64.189153,True
-11.77,2,64.191167,False
21.17,8,64.198159,True
-11.32,7,64.204565,False
-11.29,4,64.207565,False
-11.81,6,64.214473,False
-11.77,2,64.217497,False
-11.79,4,64.22156,False
-11.55,5,64.22656,False
-12.01,1,64.22756,False
-12.01,1,64.22856,False
-11.79,4,64.232679,False
-11.79,4,64.237199,False
-12.01,1,64.238198,False
21.19,6,64.244723,True
-11.54,4,64.247962,False
21.17,8,64.255497,True
20.2,5,64.260489,True
-11.78,3,64.263001,False
-11.33,8,64.271328,False
-11.77,2,64.273363,False
21.42,8,64.280424,True
21.15,10,64.289251,True
-12.01,1,64.291257,False
-11.77,2,64.292258,False
-10.1,10,64.301697,False
21.42,8,64.308228,True
21.65,10,64.318506,True
-11.56,6,64.323656,False
-11.77,2,64.326179,False
-11.54,4,64.330179,False
20.45,5,64.334999,True
-12.01,1,64.336003,False
19.96,4,64.340009,True
20.19,6,64.345532,True
21.8,20,64.363091,True
-11.55,5,64.36939,False
-11.78,3,64.372383,False
22.31,19,64.390027,True
-11.79,4,64.394042,False
20.19,6,64.399641,True
-11.77,2,64.402641,False
-12.02,2,64.404639,False
-12.01,1,64.405652,False
-11.76,1,64.406645,False
-11.54,4,64.410644,False
20.2,5,64.416107,True
-11.78,3,64.42062,False
-11.55,5,64.425619,False
-12.01,1,64.42662,False
-11.78,3,64.430596,False
20.44,6,64.43762,True
-11.78,3,64.440619,False
19.96,4,64.445141,True
20.21,4,64.449575,True
20.45,5,64.454576,True
-11.55,5,64.460099,False
21.66,9,64.469053,True
-11.76,1,64.470045,False
-11.78,3,64.474045,False
-12.01,1,64.475548,False
-11.08,8,64.483539,False
21.42,8,64.490533,True
-11.53,3,64.493967,False
20.95,5,64.497966,True
-11.55,5,64.503733,False
-11.77,2,64.505732,False
20.18,7,64.51225,True
-11.36,10,64.521766,False
20.42,8,64.529288,True
21.94,6,64.535558,True
-11.77,2,64.538083,False
-11.77,2,64.540082,False
-11.55,5,64.545607,False
21.42,8,64.552349,True
-11.79,4,64.556878,False
-11.77,2,64.558878,False
-11.56,6,64.562878,False
-11.54,4,64.568007,False
-11.77,2,64.570393,False
20.2,5,64.574903,True
-11.08,8,64.581737,False
-11.77,2,64.583758,False
20.2,5,64.588284,True
21.18,7,64.594805,True
20.19,6,64.601479,True
-11.55,5,64.60448,False
-11.55,5,64.609992,False
-11.77,2,64.611992,False
-11.53,3,64.61542,False
-11.79,4,64.619931,False
-10.88,13,64.631051,False
20.45,5,64.635725,True
-11.54,4,64.639421,False
-11.05,5,64.643415,False
20.21,4,64.648248,True
-11.77,2,64.65035,False
-11.77,2,64.652349,False
20.44,6,64.657028,True
22.64,11,64.668593,True
21.18,7,64.674598,True
-11.56,6,64.680633,False
19.96,4,64.684083,True
-12.01,1,64.685084,False
20.44,6,64.691135,True
-10.58,8,64.699945,False
-10.79,4,64.703693,False
-11.3,5,64.708694,False
22.12,13,64.719481,True
-12.02,2,64.722012,False
-11.57,7,64.729005,False
-11.31,6,64.733966,False
-11.3,5,64.739556,False
-11.77,2,64.741555,False
-11.77,2,64.743064,False
20.21,4,64.747064,True
20.41,9,64.755922,True
-11.76,1,64.757922,False
20.44,6,64.763434,True
-11.76,1,64.764433,False
-12.01,1,64.766105,False
20.45,5,64.770097,True
20.45,5,64.774631,True
21.19,6,64.780293,True
-12.01,1,64.781548,False
-12.01,1,64.781548,False
21.15,10,64.791148,True
-11.77,2,64.792148,False
-11.76,1,64.793658,False
-12.01,1,64.794674,False
20.19,6,64.800412,True
-11.81,6,64.806917,False
-11.78,3,65.20135,False
-11.54,4,65.205862,False
-11.76,1,65.206862,False
-12.02,2,65.209862,False
-11.77,2,65.212364,False
-12.01,1,65.213367,False
-11.8,5,65.219086,False
-11.77,2,65.221086,False
22.17,8,65.22859,True
20.45,5,65.23448,True
-12.01,1,65.23548,False
-10.59,9,65.245491,False
20.45,5,65.252341,True
21.42,8,65.260846,True
-11.79,4,65.264234,False
-11.78,3,65.26825,False
19.96,4,65.273251,True
-11.76,1,65.274756,False
-12.01,1,65.276763,False
-11.76,1,65.277763,False
-12.01,1,65.280133,False
19.96,4,65.284559,True
21.42,8,65.295066,True
19.97,3,65.298166,True
-11.53,3,65.302186,False
-10.81,6,65.309691,False
-11.76,1,65.311691,False
-12.02,2,65.314693,False
20.21,4,65.319453,True
20.18,7,65.326958,True
20.67,8,65.336013,True
20.43,7,65.345521,True
-11.53,3,65.349228,False
20.69,6,65.356732,True
-11.55,5,65.363237,False
-12.02,2,65.365615,False
22.4,10,65.378181,True
20.4,10,65.3896,True
-10.8,5,65.395593,False
-11.77,2,65.398179,False
20.2,5,65.403743,True
-11.29,4,65.408256,False
-12.02,2,65.410262,False
-11.77,2,65.412262,False
-10.81,6,65.418856,False
-10.66,16,65.434221,False
-11.54,4,65.438221,False
21.18,7,65.445747,True
20.21,4,65.449683,True
19.97,3,65.45223,True
-11.32,7,65.459233,False
-11.54,4,65.46276,False
21.87,13,65.474743,True
-11.57,7,65.480638,False
20.2,5,65.485667,True
21.33,17,65.500072,True
20.45,5,65.50459,True
20.21,4,65.508588,True
-11.78,3,65.511588,False
21.42,8,65.519557,True
22.39,11,65.529069,True
-11.78,3,65.533177,False
-11.76,1,65.534177,False
-11.77,2,65.537201,False
-11.76,1,65.538202,False
21.58,17,65.553563,True
20.21,4,65.556564,True
-10.55,5,65.561075,False
-11.53,3,65.565923,False
-10.8,5,65.569818,False
-11.1,10,65.579677,False
-11.05,5,65.58381,False
-10.55,5,65.587884,False
-11.79,4,65.592565,False
-11.56,6,65.597633,False
20.67,8,65.604314,True
-11.57,7,65.611318,False
21.39,11,65.621406,True
-11.54,4,65.624918,False
-11.77,2,65.627916,False
-11.8,5,65.634234,False
20.44,6,65.638744,True
-11.55,5,65.644256,False
20.69,6,65.650409,True
20.2,5,65.654082,True
-11.58,7,65.660675,False
-11.77,2,65.662674,False
-11.55,5,65.667548,False
20.94,6,65.673555,True
-11.78,3,65.676385,False
-12.02,2,65.67797,False
21.55,20,65.696525,True
-11.76,1,65.69803,False
20.2,5,65.702472,True
21.38,12,65.715275,True
20.2,5,65.718774,True
-12.01,1,65.720788,False
-12.02,2,65.722784,False
-11.3,5,65.727784,False
-12.03,3,65.730296,False
-11.3,5,65.735558,False
-12.01,1,65.736558,False
-11.76,1,65.737553,False
-11.76,1,65.738565,False
20.43,7,65.745604,True
20.19,6,65.750361,True
-12.01,1,65.751366,False
-11.76,1,65.753372,False
20.42,8,65.760885,True
19.95,5,65.766467,True
-11.33,8,65.773979,False
-12.03,3,65.77698,False
20.44,6,65.782294,True
-12.02,2,65.785283,False
21.17,8,65.791788,True
-12.02,2,65.793795,False
-11.77,2,65.7953,False
-12.02,2,65.798557,False
-11.78,3,65.802063,False
21.42,8,65.809073,True
20.21,4,65.812584,True
-11.77,2,65.81585,False
-12.01,1,65.81685,False
-11.34,9,65.824362,False
-10.82,6,65.831838,False
-11.29,4,65.83537,False
-11.55,5,65.840876,False
-11.78,3,65.842883,False
20.43,7,65.85088,True
-11.56,6,65.855385,False
-12.01,1,65.85689,False
-12.01,1,65.858896,False
-11.55,5,65.863896,False
-12.01,1,65.865325,False
-11.77,2,65.867332,False
-11.78,3,65.870332,False
-11.76,1,65.871332,False
21.2,5,65.875838,True
-11.3,5,65.88035,False
21.43,7,65.886365,True
-11.78,3,65.889379,False
20.45,5,65.894374,True
-11.77,2,65.89688,False
-11.55,5,65.902185,False
21.12,13,65.913214,True
20.2,5,65.918007,True
-10.62,12,65.928512,False
21.9,9,65.936813,True
-11.76,1,65.937813,False
20.2,5,65.942836,True
-11.77,2,65.944835,False
-11.77,2,65.946836,False
-11.76,1,65.949115,False
-11.02,2,65.950625,False
-11.79,4,65.955136,False
-10.81,6,65.960137,False
-10.85,10,65.969537,False
20.45,5,65.975063,True
-12.03,3,65.977063,False
21.4,10,65.986965,True
-11.77,2,65.988959,False
-11.76,1,65.989958,False
-12.03,3,65.99247,False
21.18,7,65.999402,True
20.44,6,66.004928,True
-11.53,3,66.007926,False
-11.55,5,66.011927,False
-11.81,6,66.017736,False
20.21,4,66.021736,True
22.6,13,66.032984,True
-11.77,2,66.035492,False
21.67,8,66.042165,True
20.2,5,66.046913,True
21.17,8,66.054729,True
-11.77,2,66.056736,False
21.4,10,66.066089,True
-11.54,4,66.069088,False
-11.54,4,66.073083,False
-11.77,2,66.075588,False
-11.54,4,66.079594,False
-11.53,3,66.083237,False
20.19,6,66.08875,True
20.68,7,66.094767,True
20.43,7,66.102588,True
-11.55,5,66.1071,False
22.64,11,66.118391,True
-11.78,3,66.120405,False
21.54,21,66.13925,True
-12.01,1,66.139769,False
-11.78,3,66.143306,False
-11.56,6,66.149623,False
-12.01,1,66.150142,False
20.44,6,66.155146,True
-11.77,2,66.158146,False
-12.01,1,66.159146,False
20.2,5,66.16367,True
-12.01,1,66.164897,False
-11.3,5,66.16944,False
-11.78,3,66.172958,False
-11.53,3,66.174958,False
-12.01,1,66.176959,False
20.67,8,66.184282,True
-11.54,4,66.188801,False
21.39,11,66.198386,True
-12.02,2,66.200406,False
22.36,14,66.214796,True
-11.29,4,66.219415,False
-12.02,2,66.221414,False
-11.77,2,66.223414,False
-12.05,5,66.615876,False
-11.76,1,66.617875,False
-10.81,6,66.625377,False
19.94,6,66.632734,True
22.25,25,66.65966,True
-11.79,4,66.665135,False
-9.84,9,66.676164,False
-11.53,3,66.67967,False
-11.57,7,66.687999,False
20.21,4,66.692002,True
22.39,11,66.703883,True
-11.77,2,66.705883,False
20.44,6,66.712387,True
20.19,6,66.719342,True
-11.78,3,66.722346,False
19.97,3,66.725346,True
-11.04,4,66.729851,False
20.19,6,66.736538,True
-12.02,2,66.738538,False
20.45,5,66.743043,True
-12.01,1,66.744545,False
21.13,12,66.757472,True
-12.02,2,66.760475,False
-12.01,1,66.762478,False
19.97,3,66.767136,True
21.87,13,66.779651,True
21.16,9,66.789527,True
-11.53,3,66.793044,False
-12.01,1,66.794043,False
21.19,6,66.800416,True
-11.53,3,66.803922,False
-10.79,4,66.808428,False
-11.77,2,66.811229,False
-11.58,8,66.819145,False
21.19,6,66.82467,True
20.65,10,66.835254,True
-11.55,5,66.839254,False
-11.54,4,66.84376,False
-11.57,7,66.850699,False
-11.77,2,66.852699,False
-12.01,1,66.854204,False
22.14,10,66.86321,True
21.41,9,66.871666,True
-11.54,4,66.876197,False
-11.78,3,66.879196,False
21.19,6,66.885087,True
21.14,10,66.893612,True
-11.54,4,66.897467,False
21.17,8,66.905,True
21.15,10,66.913514,True
20.2,5,66.918335,True
-11.54,4,66.922336,False
20.67,8,66.929858,True
20.44,6,66.935102,True
-11.55,5,66.939637,False
19.97,3,66.942637,True
-12.02,2,66.944637,False
21.65,10,66.954029,True
-11.76,1,66.955029,False
-11.79,4,66.95854,False
-11.76,1,66.959556,False
-11.77,2,66.962072,False
21.38,12,66.971931,True
21.66,9,66.980454,True
-11.76,1,66.981716,False
-11.78,3,66.984724,False
20.45,5,66.988246,True
20.45,5,66.993771,True
21.32,18,67.009031,True
21.43,7,67.017036,True
-11.53,3,67.020036,False
-12.01,1,67.021539,False
20.21,4,67.024546,True
-11.55,5,67.029546,False
20.2,5,67.034482,True
-11.3,5,67.038563,False
20.44,6,67.044245,True
-12.01,1,67.045827,False
21.66,9,67.054853,True
-11.54,4,67.058379,False
20.19,6,67.063893,True
-11.77,2,67.06629,False
20.21,4,67.06929,True
-11.06,6,67.074802,False
20.45,5,67.079806,True
20.45,5,67.083756,True
19.96,4,67.088304,True
-11.77,2,67.090304,False
-11.29,4,67.094305,False
-11.53,3,67.096829,False
-11.53,3,67.099439,False
21.18,7,67.10548,True
-11.08,8,67.113821,False
-11.78,3,67.116845,False
-11.77,2,67.118844,False
21.43,7,67.125366,True
21.34,16,67.13916,True
21.18,7,67.145153,True
-12.02,2,67.146979,False
20.42,7,67.154,True
-11.76,1,67.155003,False
-11.79,4,67.158529,False
-12.03,3,67.16153,False
21.63,12,67.172721,True
20.43,7,67.178247,True
-11.76,1,67.179247,False
-11.77,2,67.182479,False
-11.55,5,67.186864,False
-11.36,11,67.1959,False
-11.53,3,67.198529,False
20.19,6,67.204457,True
-11.77,2,67.206455,False
-11.8,5,67.210978,False
-10.8,5,67.21596,False
-10.54,4,67.22037,False
20.21,4,67.224376,True
-12.03,3,67.227376,False
-11.31,6,67.233547,False
-11.31,6,67.239553,False
21.2,5,67.244075,True
22.16,9,67.251426,True
-12.01,1,67.253426,False
-11.78,3,67.256427,False
-11.77,2,67.258426,False
-10.57,7,67.264966,False
-11.77,2,67.266996,False
-12.01,1,67.267994,False
-11.77,2,67.270995,False
-11.79,4,67.274519,False
-10.85,10,67.283363,False
-11.78,3,67.286892,False
21.92,8,67.293413,True
20.21,4,67.297414,True
-11.76,1,67.29918,False
20.21,4,67.302692,True
-11.55,5,67.30721,False
21.43,7,67.313739,True
-12.01,1,67.31503,False
-11.77,2,67.318031,False
-11.76,1,67.31903,False
22.58,16,67.333398,True
-11.78,3,67.336405,False
20.44,6,67.342404,True
-11.81,6,67.348222,False
-11.77,2,67.350304,False
21.19,6,67.354891,True
21.17,8,67.362895,True
-11.3,5,67.367475,False
-12.01,1,67.369488,False
20.2,5,67.373494,True
-11.78,3,67.376013,False
-12.01,1,67.377012,False
-11.77,2,67.379536,False
21.43,7,67.385471,True
-11.57,7,67.392496,False
20.19,6,67.397889,True
21.18,7,67.403899,True
-11.77,2,67.406405,False
-11.53,3,67.409412,False
-11.76,1,67.410412,False
-11.77,2,67.412412,False
-11.76,1,67.413717,False
-12.01,1,67.414731,False
21.8,20,67.433195,True
-12.05,5,67.437203,False
21.61,14,67.448721,True
20.2,5,67.454029,True
-11.76,1,67.456029,False
-10.58,8,67.462553,False
-12.01,1,67.463894,False
-11.54,4,67.467916,False
-10.54,4,67.471443,False
-11.77,2,67.473442,False
-12.01,1,67.474442,False
-12.01,1,67.475442,False
-11.76,1,67.476442,False
-12.01,1,67.477442,False
20.43,7,67.484239,True
-11.57,7,67.489758,False
-10.56,6,67.495282,False
-12.01,1,67.496283,False
-11.77,2,67.498534,False
20.21,4,67.502059,True
-12.02,2,67.504063,False
20.45,5,67.509063,True
22.39,11,67.519482,True
-11.55,5,67.523994,False
20.94,6,67.528994,True
-12.01,1,67.531082,False
20.44,6,67.537256,True
-11.77,2,67.539254,False
20.2,5,67.543772,True
19.97,3,67.546454,True
-11.3,5,67.55125,False
20.2,5,67.555775,True
-11.78,3,67.558775,False
-11.78,3,67.561775,False
19.96,4,67.566059,True
20.44,6,67.571069,True
-12.01,1,67.572069,False
-11.3,5,67.577112,False
20.2,5,67.581432,True
-11.76,1,67.582442,False
-11.78,3,67.585965,False
20.67,8,67.59249,True
-12.01,1,67.593495,False
21.66,9,67.601502,True
-11.79,4,67.605028,False
21.39,11,68.000916,True
-10.34,9,68.01293,False
-12.02,2,68.015506,False
-11.77,2,68.017505,False
-11.77,2,68.020505,False
20.2,5,68.02501,True
22.65,10,68.03552,True
-12.01,1,68.037515,False
20.44,6,68.043515,True
22.32,18,68.065046,True
-11.79,4,68.068552,False
-11.58,8,68.078072,False
20.21,4,68.081383,True
-11.76,1,68.083382,False
21.19,6,68.089392,True
21.19,6,68.095393,True
21.16,9,68.107064,True
20.2,5,68.112068,True
20.2,5,68.117485,True
21.32,18,68.138368,True
-10.56,6,68.145376,False
-11.76,1,68.146376,False
-10.8,5,68.151362,False
-11.76,1,68.153362,False
-11.77,2,68.156362,False
20.67,8,68.165725,True
21.18,7,68.173228,True
-11.78,3,68.176228,False
22.4,10,68.187018,True
20.44,6,68.194529,True
21.13,12,68.206717,True
20.44,6,68.213257,True
20.44,6,68.219305,True
22.62,13,68.231191,True
-12.01,1,68.233231,False
-11.77,2,68.235223,False
-11.79,4,68.23923,False
-11.54,4,68.242741,False
20.21,4,68.245749,True
-11.56,6,68.252304,False
-10.56,6,68.25782,False
-12.01,1,68.25882,False
20.93,7,68.266135,True
-11.78,3,68.269134,False
21.67,8,68.27624,True
-11.77,2,68.278854,False
19.95,5,68.283175,True
21.41,9,68.291224,True
-11.77,2,68.293217,False
21.44,6,68.298251,True
-11.8,5,68.303362,False
-10.82,7,68.309884,False
21.65,10,68.318764,True
20.44,6,68.323767,True
-11.53,3,68.326984,False
-11.77,2,68.328509,False
-11.77,2,68.33082,False
-10.56,6,68.335828,False
-12.01,1,68.336829,False
-12.01,1,68.338351,False
-11.78,3,68.341351,False
-11.53,3,68.344351,False
-11.77,2,68.346351,False
-11.77,2,68.348704,False
-12.01,1,68.349704,False
-11.79,4,68.353217,False
20.21,4,68.357733,True
19.97,3,68.360748,True
-11.78,3,68.363748,False
21.43,7,68.370523,True
-11.77,2,68.372526,False
-11.77,2,68.374526,False
-11.77,2,68.376526,False
-11.77,2,68.379031,False
-10.8,5,68.384351,False
-12.01,1,68.38535,False
21.4,10,68.394619,True
-11.55,5,68.398861,False
-11.78,3,68.403384,False
-11.78,3,68.405384,False
21.39,10,68.414838,True
-10.33,8,68.423353,False
-11.55,5,68.427353,False
-12.02,2,68.430353,False
-12.01,1,68.430804,False
19.95,5,68.436347,True
20.18,7,68.442347,True
-11.06,6,68.447189,False
-11.76,1,68.449214,False
21.18,7,68.45526,True
20.44,6,68.460259,True
20.43,7,68.467028,True
-11.53,3,68.470028,False
-11.78,3,68.473028,False
21.41,9,68.482122,True
-11.77,2,68.484143,False
20.93,7,68.49016,True
-11.77,2,68.492167,False
21.4,10,68.501103,True
-11.32,7,68.507621,False
-10.6,10,68.516015,False
-12.02,2,68.518541,False
-11.78,3,68.521545,False
-11.53,3,68.524545,False
22.38,12,68.535605,True
19.96,4,68.539131,True
20.45,5,68.542652,True
-11.77,2,68.545349,False
20.44,6,68.551201,True
21.19,6,68.555722,True
-11.81,6,68.561255,False
-12.02,2,68.563247,False
-11.79,4,68.567472,False
-10.81,6,68.572367,False
-11.55,5,68.576884,False
-11.79,4,68.580897,False
-10.37,11,68.59017,False
-11.76,1,68.592185,False
22.4,10,68.601463,True
-11.76,1,68.602993,False
-12.02,2,68.604992,False
20.43,7,68.610992,True
-12.01,1,68.612503,False
-11.09,9,68.620829,False
21.19,6,68.62687,True
21.43,7,68.632118,True
-11.76,1,68.63463,False
-12.01,1,68.635629,False
-12.01,1,68.636629,False
-12.01,1,68.638636,False
20.2,5,68.642709,True
-11.77,2,68.64564,False
-11.55,5,68.650414,False
20.21,4,68.653925,True
-11.79,4,68.657928,False
-11.77,2,68.659929,False
-11.52,2,68.661451,False
-11.76,1,68.662451,False
-12.02,2,68.664849,False
-12.01,1,68.66588,False
-11.78,3,68.668874,False
21.42,8,68.677394,True
21.38,12,68.68823,True
20.19,6,68.693293,True
-11.77,2,68.695293,False
-11.53,3,68.698637,False
-11.53,3,68.701635,False
-11.54,4,68.705945,False
20.17,8,68.712466,True
-11.77,2,68.71447,False
-12.01,1,68.715768,False
-12.02,2,68.718767,False
21.15,9,68.72728,True
-11.78,3,68.73028,False
-11.79,4,68.734243,False
-12.02,2,68.736244,False
-10.56,6,68.742248,False
-10.6,10,68.751209,False
21.19,6,68.756235,True
-10.32,7,68.763234,False
-11.76,1,68.76512,False
-11.53,3,68.766699,False
-11.78,3,68.770486,False
21.4,10,68.779676,True
-11.3,5,68.784005,False
-11.78,3,68.787515,False
-11.07,7,68.794027,False
21.18,7,68.800808,True
20.91,9,68.807875,True
-11.78,3,68.81187,False
-12.01,1,68.812871,False
-12.02,2,68.815219,False
20.44,6,68.820736,True
-11.56,6,68.825736,False
-11.31,6,68.831542,False
21.18,7,68.838056,True
-11.54,4,68.843062,False
21.4,10,68.852035,True
-11.78,3,68.855047,False
-12.01,1,68.856047,False
19.96,4,68.860052,True
-11.55,5,68.864897,False
-10.82,7,68.87043,False
-11.54,4,68.874708,False
21.64,10,68.884135,True
-12.03,3,68.886656,False
-12.02,2,68.888649,False
-12.01,1,68.889658,False
-12.01,1,68.89117,False
-11.77,2,68.893696,False
20.44,6,68.89919,True
-11.78,3,68.902188,False
20.44,6,68.906716,True
21.43,7,68.912715,True
-12.01,1,68.914974,False
-12.01,1,68.91598,False
-11.54,4,68.919978,False
-12.01,1,68.921981,False
21.92,8,68.928493,True
-11.76,1,68.930493,False
20.18,7,68.937025,True
-11.54,4,68.94102,False
-11.78,3,68.94302,False
-11.59,9,68.952196,False
-11.77,2,68.953713,False
-11.77,2,68.955717,False
-12.02,2,68.958238,False
-11.78,3,68.960238,False
20.2,5,68.965539,True
-11.53,3,68.969054,False
-11.77,2,68.971053,False
-11.3,5,68.976053,False
-11.78,3,68.978569,False
20.45,5,68.982966,True
21.4,10,68.992013,True
-11.78,3,68.995019,False
-10.8,5,68.999523,False
-11.78,3,69.002542,False
-11.79,4,69.006529,False
20.64,11,69.379706,True
-11.54,4,69.384183,False
-11.77,2,69.387183,False
20.43,7,69.393687,True
-12.01,1,69.39569,False
-12.01,1,69.39669,False
-10.81,6,69.404166,False
-12.01,1,69.405671,False
-12.01,1,69.406671,False
-11.54,4,69.412671,False
-11.76,1,69.413524,False
20.2,5,69.42054,True
-11.77,2,69.42254,False
-12.01,1,69.42354,False
-10.9,15,69.439612,False
20.44,6,69.44756,True
-12.01,1,69.449572,False
20.2,5,69.456076,True
-11.77,2,69.459079,False
20.45,5,69.465557,True
-11.76,1,69.467061,False
-11.77,2,69.470062,False
-11.78,3,69.474565,False
20.44,6,69.481074,True
20.21,4,69.48513,True
20.2,5,69.490635,True
22.39,11,69.503028,True
20.45,5,69.507534,True
-11.53,3,69.511039,False
-11.77,2,69.514475,False
-11.78,3,69.517498,False
-11.78,3,69.522004,False
-11.79,4,69.526004,False
21.4,10,69.537426,True
-11.76,1,69.538426,False
-11.77,2,69.542463,False
19.95,5,69.548904,True
20.94,6,69.555913,True
-11.8,5,69.562418,False
20.43,7,69.570424,True
-11.76,1,69.571937,False
-11.03,3,69.574942,False
-12.02,2,69.576942,False
-12.02,2,69.579942,False
-11.78,3,69.582832,False
20.2,5,69.587832,True
-11.77,2,69.590832,False
-11.77,2,69.592859,False
20.68,7,69.600243,True
-11.78,3,69.603764,False
-11.3,5,69.608763,False
-11.76,1,69.609763,False
-12.02,2,69.611761,False
-11.78,3,69.615056,False
-11.78,3,69.618063,False
-11.29,4,69.622063,False
-12.02,2,69.624576,False
-12.02,2,69.626576,False
20.19,6,69.631873,True
-11.77,2,69.634378,False
-11.54,4,69.637384,False
21.38,12,69.648347,True
-11.79,4,69.652349,False
-11.78,3,69.655369,False
-11.78,3,69.658376,False
21.16,8,69.666293,True
21.18,7,69.67229,True
20.44,6,69.677802,True
-10.79,4,69.682302,False
21.4,10,69.690795,True
21.42,8,69.697749,True
-12.01,1,69.698778,False
-11.76,1,69.700267,False
-12.01,1,69.701273,False
-12.01,1,69.702271,False
20.44,6,69.708273,True
21.39,11,69.717597,True
-12.01,1,69.719596,False
-12.01,1,69.720597,False
-12.01,1,69.721117,False
-11.8,5,69.72612,False
-11.79,4,69.72912,False
22.17,8,69.736524,True
22.27,22,69.755693,True
-11.78,3,69.7587,False
-11.82,6,69.764212,False
20.43,7,69.770487,True
-11.54,4,69.774511,False
-10.37,12,69.785139,False
21.18,7,69.79114,True
-11.82,7,69.798048,False
-12.03,3,69.801051,False
20.69,6,69.806581,True
20.67,8,69.81445,True
-11.8,5,69.81946,False
20.68,7,69.82597,True
-11.53,3,69.828977,False
-12.01,1,69.830391,False
20.2,5,69.835408,True
-12.01,1,69.835912,False
-12.01,1,69.837919,False
20.95,5,69.842917,True
21.43,7,69.848487,True
-12.01,1,69.850489,False
22.18,7,69.858535,True
21.38,12,69.868962,True
-11.33,8,69.875962,False
20.43,7,69.882176,True
-11.78,3,69.885174,False
19.97,3,69.887685,True
20.2,5,69.8927,True
-11.55,5,69.897225,False
-11.57,7,69.90411,False
-10.37,12,69.913642,False
21.13,12,69.925261,True
-12.02,2,69.927261,False
-11.79,4,69.931068,False
-11.55,5,69.936063,False
-12.02,2,69.938062,False
-11.3,5,69.942589,False
-11.55,5,69.946589,False
-11.56,6,69.953185,False
-11.56,6,69.958709,False
-12.01,1,69.960221,False
21.66,9,69.96849,True
21.18,7,69.975085,True
-12.01,1,69.97659,False
-11.77,2,69.978597,False
-11.78,3,69.981994,False
20.45,5,69.986669,True
20.38,12,69.997099,True
20.43,7,70.003351,True
20.2,5,70.008373,True
-11.77,2,70.010373,False
-11.76,1,70.011373,False
22.17,8,70.01913,True
20.45,5,70.02313,True
-11.78,3,70.026654,False
-11.55,5,70.031444,False
-11.54,4,70.035978,False
-11.76,1,70.03699,False
19.94,6,70.041989,True
20.21,4,70.044984,True
-11.77,2,70.047815,False
21.42,8,70.055801,True
-12.01,1,70.056801,False
20.41,9,70.065412,True
21.19,6,70.070584,True
21.63,12,70.081625,True
19.97,3,70.084649,True
-11.78,3,70.087649,False
20.21,4,70.091174,True
-11.56,6,70.095173,False
-11.31,6,70.102438,False
20.44,6,70.107443,True
-12.01,1,70.108954,False
-12.01,1,70.109969,False
-11.55,5,70.11523,False
-11.77,2,70.117237,False
-12.02,2,70.119742,False
-11.55,5,70.124641,False
-11.57,7,70.131521,False
21.18,7,70.13753,True
21.38,12,70.147862,True
-10.82,7,70.155116,False
-10.09,9,70.163162,False
21.65,10,70.172977,True
20.44,6,70.177977,True
-11.3,5,70.182352,False
19.97,3,70.185349,True
-11.3,5,70.189348,False
20.21,4,70.192875,True
-11.06,6,70.199133,False
-11.79,4,70.20364,False
20.87,13,70.214987,True
21.36,14,70.226501,True
-12.02,2,70.228501,False
-11.53,3,70.232003,False
-11.81,6,70.237675,False
-12.01,1,70.238672,False
21.19,6,70.244269,True
20.43,7,70.250664,True
-11.8,5,70.255191,False
-11.78,3,70.258715,False
-11.55,5,70.263711,False
-12.01,1,70.264943,False
-10.79,4,70.268953,False
-11.31,6,70.273476,False
-11.77,2,70.276002,False
21.38,12,70.287208,True
-11.76,1,70.288208,False
-11.77,2,70.290208,False
-12.02,2,70.292208,False
-12.02,2,70.294208,False
20.17,8,70.30156,True
20.2,5,70.306083,True
-12.01,1,70.3066,False
21.18,7,70.312604,True
22.41,9,70.321007,True
-12.02,2,70.324001,False
21.39,11,70.742774,True
20.21,4,70.7463,True
-12.01,1,70.748293,False
-11.57,7,70.754299,False
-11.52,2,70.756827,False
20.21,4,70.76035,True
-11.55,5,70.765352,False
-12.01,1,70.766345,False
-11.76,1,70.768588,False
-11.77,2,70.770588,False
-12.03,3,70.774111,False
-12.02,2,70.775111,False
21.41,9,70.784995,True
-12.01,1,70.785995,False
20.94,6,70.791519,True
-11.77,2,70.793518,False
19.93,7,71.177742,True
21.15,10,71.1884,True
20.68,7,71.195433,True
-12.02,2,71.1974,False
-11.77,2,71.200183,False
-11.79,4,71.204592,False
-10.13,13,71.217927,False
-11.77,2,71.219924,False
21.19,6,71.226432,True
19.96,4,71.230532,True
-10.59,9,71.241106,False
-11.32,7,71.249417,False
22.34,16,71.265921,True
20.45,5,71.271927,True
-12.01,1,71.272929,False
20.94,6,71.280846,True
-11.54,4,71.286377,False
-12.02,2,71.288882,False
-12.01,1,71.290886,False
-11.04,4,71.296892,False
-10.82,7,71.305005,False
-12.01,1,71.307006,False
-11.78,3,71.311522,False
-11.31,6,71.318973,False
20.2,5,71.325479,True
-10.78,3,71.329478,False
-11.76,1,71.330832,False
20.44,6,71.33885,True
20.21,4,71.343356,True
-12.01,1,71.345861,False
-11.6,9,71.355763,False
-11.76,1,71.35731,False
-11.77,2,71.360312,False
21.63,12,71.374703,True
20.45,5,71.379782,True
-11.78,3,71.382894,False
20.2,5,71.388271,True
20.44,6,71.393797,True
-11.53,3,71.397797,False
21.19,6,71.401723,True
20.21,4,71.407237,True
-11.77,2,71.409229,False
-12.03,3,71.412236,False
21.4,10,71.421428,True
22.34,15,71.435454,True
-11.76,1,71.437059,False
-11.77,2,71.439061,False
-11.77,2,71.441061,False
-11.53,3,71.444061,False
-11.76,1,71.444061,False
22.35,15,71.457493,True
20.2,5,71.462493,True
-11.77,2,71.464422,False
21.4,10,71.47295,True
-11.3,5,71.478496,False
-11.76,1,71.479495,False
20.17,8,71.485796,True
-11.81,6,71.492323,False
-10.84,8,71.499759,False
-11.78,3,71.502271,False
20.68,7,71.508777,True
21.41,9,71.51908,True
20.9,10,71.527087,True
-12.04,4,71.531578,False
-11.81,6,71.537228,False
20.2,5,71.542924,True
20.44,6,71.548895,True
-11.53,3,71.551902,False
-10.61,10,71.560055,False
-11.76,1,71.56106,False
-11.54,4,71.565851,False
-11.53,3,71.569341,False
21.18,7,71.57671,True
21.11,14,71.58872,True
-11.55,5,71.592725,False
19.97,3,71.596237,True
21.17,8,71.60304,True
-11.77,2,71.60504,False
-11.54,4,71.609565,False
21.43,7,71.616303,True
-11.77,2,71.61831,False
-11.78,3,71.62082,False
-11.77,2,71.62382,False
-11.77,2,71.62582,False
-11.3,5,71.632692,False
-12.02,2,71.634691,False
-11.53,3,71.636769,False
-12.01,1,71.63944,False
-11.78,3,71.641441,False
-11.77,2,71.643443,False
-11.78,3,71.646443,False
-11.77,2,71.648856,False
-11.57,7,71.654868,False
-12.01,1,71.655944,False
-12.01,1,71.657874,False
-11.53,3,71.660399,False
-11.3,5,71.665345,False
-12.03,3,71.668344,False
-11.34,8,71.675861,False
-12.01,1,71.676861,False
-11.81,6,71.682631,False
-12.01,1,71.683631,False
21.2,5,71.688606,True
-11.55,5,71.693127,False
21.18,7,71.699371,True
-11.78,3,71.702422,False
20.2,5,71.707434,True
-12.01,1,71.708434,False
-10.31,6,71.713946,False
-11.76,1,71.715219,False
20.21,4,71.720228,True
-10.6,10,71.728285,False
21.66,9,71.737049,True
-11.31,6,71.742555,False
-11.53,3,71.746562,False
20.45,5,71.75094,True
-11.78,3,71.754441,False
-11.78,3,71.757026,False
-11.54,4,71.760027,False
-11.56,6,71.766341,False
20.45,5,71.771356,True
19.89,11,71.78018,True
-12.02,2,71.783183,False
20.44,6,71.787688,True
-12.01,1,71.788694,False
21.65,10,71.798723,True
21.62,13,71.809703,True
20.91,9,71.818518,True
-11.78,3,71.82103,False
-11.3,5,71.826036,False
-11.78,3,71.829547,False
-11.77,2,71.830858,False
22.39,11,71.841389,True
-11.76,1,71.84347,False
-12.02,2,71.845465,False
20.2,5,71.850232,True
-11.3,5,71.854232,False
-11.79,4,71.858309,False
-11.77,2,71.860979,False
19.97,3,71.862981,True
20.93,7,71.870229,True
20.2,5,71.875736,True
20.68,7,71.882566,True
-11.55,5,71.887241,False
-11.77,2,71.890166,False
-12.01,1,71.891166,False
-11.55,5,71.895688,False
20.43,7,71.901526,True
21.38,12,71.912553,True
20.2,5,71.917137,True
-11.54,4,71.921059,False
20.19,6,71.927579,True
20.2,5,71.931931,True
-11.78,3,71.934448,False
-11.31,6,71.940463,False
-12.03,3,71.943462,False
21.42,8,71.950293,True
19.96,4,71.954289,True
-11.78,3,71.956795,False
20.45,5,71.961801,True
-11.76,1,71.962801,False
19.97,3,71.966607,True
20.19,6,71.972216,True
-11.54,4,71.976213,False
-12.01,1,71.977216,False
-11.78,3,71.979882,False
-11.79,4,71.984201,False
-11.77,2,71.9862,False
21.58,17,72.001415,True
21.19,6,72.007928,True
21.31,19,72.024477,True
-11.58,8,72.033927,False
-11.3,5,72.039003,False
20.45,5,72.042593,True
-11.78,3,72.046664,False
-11.54,4,72.050952,False
-11.8,5,72.055465,False
-11.77,2,72.057465,False
-11.79,4,72.061463,False
21.18,7,72.068765,True
21.43,7,72.075276,True
19.96,4,72.079281,True
-12.01,1,72.08028,False
-11.77,2,72.08253,False
-11.76,1,72.084036,False
-10.56,6,72.089555,False
-11.78,3,72.092572,False
-11.77,2,72.095079,False
19.96,4,72.098327,True
21.17,8,72.106384,True
-10.57,7,72.112383,False
21.38,12,72.123653,True
-11.54,4,72.128166,False
-11.77,2,72.130166,False
-11.79,4,72.133479,False
-11.53,3,72.136991,False
-12.02,2,72.138991,False
-12.01,1,72.140991,False
-11.57,7,72.146509,False
-12.01,1,72.147791,False
-11.8,5,72.152781,False
-12.01,1,72.153799,False
-12.01,1,72.154786,False
-11.54,4,72.159308,False
21.65,10,72.168067,True
-12.01,1,72.170072,False
-11.77,2,72.172071,False
-10.55,5,72.176599,False
22.54,21,72.194514,True
-11.54,4,72.197788,False
20.2,5,72.59102,True
20.21,4,72.596028,True
20.2,5,72.601418,True
-12.03,3,72.604935,False
-10.8,5,72.610445,False
-12.01,1,72.611947,False
-12.01,1,72.614328,False
-11.53,3,72.617851,False
21.42,8,72.627355,True
-11.54,4,72.630732,False
-11.77,2,72.63325,False
-12.01,1,72.635252,False
20.45,5,72.640254,True
-12.01,1,72.641254,False
20.45,5,72.647079,True
-11.55,5,72.6521,False
-12.01,1,72.653602,False
-12.01,1,72.654605,False
-11.31,6,72.662605,False
-12.01,1,72.664474,False
20.2,5,72.670491,True
-11.79,4,72.674995,False
21.16,9,72.686558,True
-12.02,2,72.689636,False
-11.78,3,72.69374,False
-11.77,2,72.696334,False
20.2,5,72.702737,True
-12.01,1,72.703736,False
20.19,6,72.709748,True
20.43,7,72.717235,True
-11.32,7,72.726736,False
19.97,3,72.730739,True
-11.55,5,72.736635,False
-11.77,2,72.740144,False
21.14,11,72.752615,True
-12.02,2,72.755615,False
-11.52,2,72.758117,False
-11.77,2,72.76112,False
-11.53,3,72.765446,False
-12.02,2,72.767947,False
-11.31,6,72.77395,False
-11.77,2,72.775949,False
-11.87,12,72.787815,False
-11.53,3,72.791338,False
-11.79,4,72.795332,False
-11.53,3,72.799169,False
20.19,6,72.804699,True
-12.01,1,72.806225,False
21.38,11,72.816883,True
21.16,9,72.826391,True
-11.77,2,72.828393,False
-12.01,1,72.829391,False
-12.02,2,72.833218,False
-11.79,4,72.836218,False
20.41,9,72.844733,True
20.45,5,72.849356,True
-11.76,1,72.850354,False
21.4,10,72.859881,True
-12.02,2,72.860881,False
-12.01,1,72.862392,False
-12.01,1,72.863867,False
-10.8,5,72.868884,False
21.42,8,72.875427,True
-11.76,1,72.876427,False
20.65,9,72.885203,True
-11.54,4,72.889203,False
19.97,3,72.892203,True
-11.3,5,72.896728,False
-11.77,2,72.897982,False
21.41,9,72.907025,True
21.18,7,72.913022,True
20.18,7,72.919024,True
-12.02,2,72.921021,False
-12.01,1,72.923021,False
-11.57,7,72.929061,False
-12.01,1,72.930066,False
-11.79,4,72.934553,False
20.2,5,72.939788,True
-11.76,1,72.940787,False
-11.77,2,72.942787,False
-12.01,1,72.943787,False
-11.3,5,72.948892,False
20.19,6,72.95489,True
-11.77,2,72.956892,False
-11.77,2,72.959414,False
19.97,3,72.962414,True
-11.81,6,72.96841,False
-12.02,2,72.970408,False
-12.04,4,72.974408,False
21.43,7,72.981444,True
22.8,20,73.000262,True
-12.01,1,73.00126,False
-11.31,6,73.006766,False
-12.03,3,73.010285,False
-11.54,4,73.014592,False
-11.82,7,73.02012,False
-12.01,1,73.021623,False
21.62,13,73.033721,True
-11.53,3,73.036731,False
-12.01,1,73.037729,False
-11.8,5,73.042252,False
-11.79,4,73.046253,False
-11.31,6,73.051186,False
-11.77,2,73.053201,False
-11.8,5,73.058201,False
21.42,8,73.065538,True
19.96,4,73.069548,True
-10.33,8,73.078064,False
-10.09,9,73.087491,False
-12.02,2,73.089492,False
22.39,11,73.099923,True
-11.55,5,73.104455,False
-11.76,1,73.106455,False
-12.03,3,73.109775,False
-11.77,2,73.111773,False
-12.03,3,73.115151,False
-12.02,2,73.117158,False
20.21,4,73.121151,True
-12.01,1,73.123151,False
22.38,12,73.13308,True
20.92,8,73.141619,True
21.41,9,73.149553,True
-11.76,1,73.150551,False
-11.76,1,73.152544,False
-12.02,2,73.154551,False
21.16,9,73.162841,True
19.96,4,73.167834,True
-11.77,2,73.169848,False
-11.55,5,73.17385,False
21.38,12,73.185677,True
-12.02,2,73.188193,False
21.41,9,73.195717,True
21.42,8,73.203744,True
21.19,6,73.210256,True
20.93,7,73.216943,True
-10.6,10,73.226631,False
22.14,11,73.238301,True
20.43,7,73.24438,True
-12.02,2,73.246775,False
-11.08,8,73.255322,False
-11.77,2,73.257327,False
-11.77,2,73.259326,False
21.42,8,73.266793,True
20.2,5,73.271971,True
-11.52,2,73.273977,False
-12.01,1,73.274976,False
-10.82,7,73.282113,False
-11.77,2,73.283625,False
-11.53,3,73.286527,False
-11.78,3,73.289556,False
20.2,5,73.294879,True
-11.54,4,73.298875,False
-11.55,5,73.303886,False
21.64,11,73.313507,True
-10.81,6,73.319015,False
20.19,6,73.325532,True
-12.01,1,73.326531,False
-11.78,3,73.329531,False
-12.01,1,73.330834,False
-11.55,5,73.335051,False
-11.05,5,73.341058,False
-10.57,7,73.346578,False
-12.04,4,73.350892,False
-11.78,3,73.353892,False
-10.8,5,73.358248,False
-11.76,1,73.360248,False
-11.81,5,73.36425,False
-11.3,5,73.368632,False
22.65,10,73.378155,True
22.55,20,73.39513,True
-12.01,1,73.39664,False
21.43,7,73.403791,True
21.16,9,73.411814,True
-12.02,2,73.414381,False
21.17,8,73.42282,True
-11.79,4,73.425819,False
22.15,10,73.434807,True
21.06,19,73.452973,True
-12.01,1,73.453973,False
-12.01,1,73.455973,False
20.44,6,73.461499,True
20.2,5,73.466935,True
-11.77,2,73.469442,False
22.4,10,73.478453,True
20.2,5,73.482999,True
-11.05,5,73.488012,False
-11.3,5,73.492528,False
-11.53,3,73.494528,False
20.91,9,73.503386,True
-12.01,1,73.504386,False
-11.8,5,73.508914,False
-11.76,1,73.509913,False
20.69,6,73.515518,True
-11.76,1,73.516514,False
21.38,12,73.527041,True
-11.78,3,73.530053,False
20.67,8,73.538149,True
19.96,4,73.541804,True
-11.79,4,73.545323,False
21.17,8,73.552388,True
20.44,6,73.558403,True
-10.1,10,73.566791,False
22.15,10,73.575552,True
20.45,5,73.580069,True
-11.53,3,73.582441,False
-11.55,5,73.586989,False
-9.82,7,73.592985,False
-12.01,1,73.59449,False
20.2,5,73.599886,True
-12.02,2,73.602891,False
-11.77,2,73.604893,False
-11.77,2,73.60689,False
20.45,5,73.611432,True
-11.54,4,73.615764,False
-12.01,1,73.615764,False
19.95,5,74.004495,True
-11.55,5,74.012005,False
21.15,10,74.023361,True
21.41,9,74.032955,True
-11.53,3,74.03646,False
-11.77,2,74.038461,False
-10.86,11,74.051446,False
-12.09,9,74.061958,False
-12.01,1,74.064303,False
-10.57,7,74.07285,False
21.4,10,74.083858,True
-11.78,3,74.086858,False
21.41,9,74.096364,True
21.4,10,74.106689,True
21.42,8,74.114021,True
21.43,7,74.121543,True
-11.54,4,74.125542,False
-10.33,8,74.133417,False
21.16,9,74.144922,True
20.2,5,74.150865,True
21.16,9,74.161369,True
20.19,6,74.167708,True
-11.53,3,74.171709,False
20.43,7,74.180545,True
21.65,9,74.191064,True
-12.01,1,74.192567,False
-11.78,3,74.196988,False
-11.77,2,74.200013,False
21.33,17,74.215963,True
-11.77,2,74.217963,False
-11.54,4,74.221963,False
21.44,6,74.228485,True
20.44,6,74.234364,True
21.18,7,74.240378,True
-11.78,3,74.243378,False
-11.76,1,74.24529,False
-12.01,1,74.245905,False
-11.54,4,74.250189,False
20.2,5,74.254189,True
-10.54,4,74.258701,False
-11.77,2,74.260701,False
-12.01,1,74.261699,False
-12.01,1,74.263705,False
-12.01,1,74.263705,False
-11.76,1,74.266005,False
-11.53,3,74.268529,False
-11.53,3,74.271529,False
-11.78,3,74.274529,False
-12.03,3,74.277755,False
20.21,4,74.281047,True
-12.01,1,74.281047,False
-11.8,5,74.286757,False
-11.31,6,74.292801,False
-12.01,1,74.293794,False
22.15,10,74.302089,True
21.42,8,74.308513,True
-12.01,1,74.310528,False
19.97,3,74.31305,True
21.19,6,74.31884,True
-11.76,1,74.319839,False
20.21,4,74.323834,True
-11.53,3,74.32684,False
-12.01,1,74.32684,False
-12.02,2,74.329839,False
-11.76,1,74.33035,False
-12.01,1,74.331638,False
-11.29,4,74.336175,False
20.43,7,74.3427,True
-10.83,8,74.349547,False
21.14,11,74.359551,True
-12.01,1,74.36007,False
-11.8,5,74.365473,False
20.21,4,74.36847,True
21.42,8,74.375996,True
20.2,5,74.380509,True
-11.78,3,74.384282,False
-11.8,5,74.388456,False
-11.78,3,74.391998,False
-12.01,1,74.392997,False
-11.78,3,74.395507,False
-11.54,4,74.399796,False
22.64,11,74.409312,True
-11.78,3,74.412359,False
20.21,4,74.416746,True
-11.77,2,74.41975,False
-11.56,6,74.424276,False
-11.78,3,74.427794,False
-11.34,9,74.436592,False
21.65,10,74.445118,True
21.17,8,74.454097,True
-11.79,4,74.458108,False
21.18,7,74.463107,True
-11.77,2,74.466232,False
-10.32,7,74.472229,False
-11.09,9,74.480757,False
-11.76,1,74.482069,False
-11.56,6,74.487125,False
-11.77,2,74.489124,False
-11.77,2,74.491124,False
-11.76,1,74.493124,False
-10.58,8,74.501412,False
-11.56,6,74.505917,False
21.6,15,74.519778,True
20.41,9,74.529369,True
22.16,9,74.537027,True
-11.76,1,74.539541,False
-11.76,1,74.540545,False
-12.02,2,74.543269,False
-11.77,2,74.545267,False
-11.08,8,74.552745,False
20.92,8,74.561257,True
-12.01,1,74.562257,False
-12.02,2,74.564257,False
-11.77,2,74.566311,False
20.68,7,74.573492,True
19.9,10,74.582235,True
-12.01,1,74.583746,False
-11.76,1,74.585759,False
-11.55,5,74.590263,False
-12.01,1,74.592278,False
20.19,6,74.597638,True
-11.78,3,74.600658,False
-12.02,2,74.60397,False
20.45,5,74.609484,True
-11.53,3,74.612551,False
20.2,5,74.617933,True
20.19,6,74.623465,True
20.2,5,74.628464,True
20.68,7,74.634824,True
21.18,7,74.640824,True
-11.82,7,74.64771,False
20.42,8,74.655234,True
-11.82,7,74.661233,False
-11.54,4,74.665426,False
21.17,8,74.672343,True
-11.53,3,74.675869,False
-12.01,1,74.676869,False
-11.54,4,74.680868,False
-11.31,6,74.685672,False
-12.01,1,74.687671,False
-11.3,5,74.691671,False
-11.53,3,74.695187,False
-12.01,1,74.696193,False
-11.79,4,74.700456,False
-11.08,8,74.706982,False
20.43,7,74.714329,True
-11.56,6,74.719361,False
-12.02,2,74.721361,False
-11.56,6,74.727907,False
-12.01,1,74.728902,False
-10.58,8,74.736526,False
22.13,12,74.747928,True
19.95,5,74.752927,True
-11.77,2,74.754926,False
21.18,7,74.760453,True
-11.77,2,74.767833,False
20.45,5,74.773349,True
20.18,7,74.77947,True
20.68,7,74.786709,True
-11.57,7,74.794225,False
-12.02,2,74.796674,False
-11.78,3,74.799211,False
20.96,4,74.803736,True
-11.77,2,74.80675,False
21.18,7,74.814165,True
-11.07,7,74.820711,False
-10.83,8,74.829715,False
-12.01,1,74.831165,False
-11.55,5,74.836716,False
-11.78,3,74.839709,False
-11.3,5,74.845235,False
-12.01,1,74.846613,False
20.44,6,74.852172,True
-11.76,1,74.853176,False
-11.77,2,74.855171,False
-12.01,1,74.856183,False
-11.76,1,74.85817,False
20.19,6,74.8637,True
20.21,4,74.867076,True
-11.82,7,74.874593,False
-11.56,6,74.879592,False
-11.78,3,74.882953,False
-11.79,4,74.886995,False
-12.01,1,74.88799,False
-10.56,6,74.894495,False
-12.01,1,74.895495,False
-11.31,6,74.901017,False
-11.78,3,74.904017,False
20.95,5,74.91031,True
-11.82,7,74.917336,False
-11.77,2,74.919337,False
-10.79,4,74.92333,False
-11.56,6,74.929912,False
-12.02,2,74.932318,False
-11.78,3,74.936176,False
-11.78,3,74.939701,False
-11.53,3,74.942701,False
-11.31,6,74.948613,False
-11.54,4,74.952622,False
-12.01,1,74.954615,False
20.19,6,74.960146,True
-11.54,4,74.963731,False
20.9,10,74.9743,True
20.17,8,74.98343,True
21.66,9,74.990488,True
-11.78,3,74.993488,False
-12.03,3,74.996488,False
-11.78,3,75.000006,False
-12.03,3,75.003011,False
-11.54,4,75.006011,False
-12.01,1,75.007011,False
21.17,8,75.015418,True
-11.53,3,75.018418,False
20.45,5,75.021928,True
20.19,6,75.02844,True
-11.76,1,75.029438,False
-11.77,2,75.032126,False
-12.01,1,75.033132,False
-10.36,11,75.425274,False
-11.77,2,75.427777,False
-11.78,3,75.432201,False
-12.01,1,75.434199,False
-9.83,8,75.443706,False
20.2,5,75.450615,True
-12.01,1,75.452615,False
-11.54,4,75.457614,False
-11.76,1,75.457614,False
-11.78,3,75.462119,False
21.18,7,75.470014,True
-12.01,1,75.471016,False
21.42,8,75.481432,True
-12.01,1,75.482431,False
-11.53,3,75.485431,False
-12.03,3,75.488936,False
-11.76,1,75.491441,False
20.19,6,75.496819,True
-11.76,1,75.498832,False
21.64,11,75.509837,True
-11.56,6,75.515216,False
21.18,7,75.523723,True
20.45,5,75.530688,True
-10.55,5,75.537278,False
19.97,3,75.541278,True
-11.79,4,75.546782,False
-11.53,3,75.550275,False
-11.31,6,75.556781,False
20.39,11,75.568153,True
21.39,11,75.581001,True
-11.77,2,75.584515,False
-12.02,2,75.587517,False
20.44,6,75.595021,True
20.21,4,75.599824,True
-11.05,5,75.606833,False
-11.36,11,75.619673,False
-11.55,5,75.625753,False
-11.79,4,75.629437,False
-11.76,1,75.630945,False
20.2,5,75.635973,True
-12.01,1,75.637495,False
-11.55,5,75.642489,False
-11.8,5,75.647457,False
21.41,9,75.655477,True
-11.82,7,75.662993,False
-11.77,2,75.665326,False
-11.53,3,75.669612,False
-11.77,2,75.6716,False
19.97,3,75.674599,True
-11.77,2,75.6766,False
21.17,8,75.68322,True
20.44,6,75.689739,True
-11.53,3,75.692746,False
-11.79,4,75.697148,False
20.45,5,75.701698,True
20.21,4,75.705692,True
-11.54,4,75.710224,False
-11.77,2,75.712224,False
22.39,11,75.722707,True
-11.78,3,75.725703,False
-12.02,2,75.727703,False
-11.31,6,75.733684,False
-12.01,1,75.735684,False
-12.01,1,75.736677,False
-11.78,3,75.740684,False
-11.77,2,75.742208,False
-11.78,3,75.745207,False
-12.02,2,75.748638,False
21.42,8,75.756688,True
-10.59,9,75.765577,False
21.41,9,75.774088,True
-11.54,4,75.778088,False
-10.82,7,75.784987,False
21.41,9,75.793587,True
-12.01,1,75.794592,False
-12.01,1,75.795592,False
-11.77,2,75.798957,False
-11.78,3,75.801964,False
-11.77,2,75.803475,False
-12.01,1,75.805483,False
-12.01,1,75.806483,False
-11.53,3,75.810013,False
-11.77,2,75.812013,False
-11.76,1,75.813969,False
-11.77,2,75.815977,False
-11.78,3,75.819489,False
20.2,5,75.825013,True
-11.08,8,75.833393,False
-11.78,3,75.83692,False
-11.54,4,75.841454,False
-11.54,4,75.845959,False
-11.78,3,75.849402,False
-11.77,2,75.8514,False
20.44,6,75.857915,True
20.2,5,75.862915,True
-11.3,5,75.868836,False
-11.78,3,75.871837,False
-11.77,2,75.873837,False
21.18,7,75.881355,True
-10.32,7,75.88839,False
20.45,5,75.893398,True
-11.81,6,75.898935,False
20.64,11,75.908973,True
22.59,16,75.923866,True
-11.54,4,75.927395,False
20.21,4,75.931244,True
-11.34,8,75.939764,False
-12.01,1,75.940762,False
-12.01,1,75.94177,False
-11.77,2,75.944294,False
-12.01,1,75.945294,False
-11.32,7,75.950848,False
-11.78,3,75.954359,False
-11.77,2,75.956366,False
-11.33,8,75.962877,False
22.08,17,75.978136,True
20.2,5,75.982544,True
22.39,11,75.992581,True
20.42,8,76.000993,True
21.17,8,76.008524,True
-10.56,6,76.013047,False
-12.03,3,76.016822,False
-12.03,3,76.020343,False
-11.77,2,76.022344,False
-11.78,3,76.025342,False
-11.56,6,76.029865,False
-11.54,4,76.035696,False
-11.53,3,76.038712,False
-12.02,2,76.040707,False
-11.77,2,76.041707,False
-11.78,3,76.045233,False
21.42,8,76.052883,True
-10.55,5,76.058407,False
-12.01,1,76.059406,False
-10.78,3,76.062407,False
-12.02,2,76.064967,False
-10.81,6,76.070498,False
20.21,4,76.074498,True
21.38,12,76.086331,True
-12.01,1,76.087843,False
21.17,8,76.094379,True
-12.01,1,76.096379,False
-11.54,4,76.099282,False
20.44,6,76.104792,True
-11.77,2,76.106799,False
-10.61,11,76.11659,False
20.2,5,76.121635,True
21.42,8,76.128639,True
21.4,10,76.137044,True
20.2,5,76.14256,True
21.18,7,76.148864,True
-11.54,4,76.152391,False
-11.78,3,76.155392,False
-11.77,2,76.157392,False
-11.79,4,76.160904,False
-11.31,6,76.167228,False
-11.54,4,76.171235,False
-11.77,2,76.172759,False
-12.01,1,76.17476,False
-11.54,4,76.177758,False
19.97,3,76.180758,True
20.44,6,76.186072,True
-12.06,6,76.192108,False
-11.77,2,76.194122,False
-11.77,2,76.196122,False
21.17,8,76.203909,True
-11.77,2,76.206909,False
21.17,8,76.213432,True
-11.77,2,76.2157,False
21.19,6,76.222217,True
-12.03,3,76.224741,False
-11.78,3,76.227741,False
-11.76,1,76.228741,False
-12.01,1,76.230215,False
-11.79,4,76.233739,False
-11.55,5,76.239746,False
-11.77,2,76.241746,False
21.42,8,76.248679,True
20.2,5,76.253668,True
20.43,7,76.260177,True
-11.76,1,76.262177,False
-12.01,1,76.263177,False
22.16,9,76.272039,True
-11.77,2,76.274039,False
19.96,4,76.276566,True
-11.76,1,76.277566,False
21.42,8,76.284731,True
-11.79,4,76.288277,False
20.44,6,76.293783,True
20.43,7,76.300879,True
-11.78,3,76.303879,False
20.2,5,76.308563,True
-11.31,6,76.313561,False
-11.77,2,76.315834,False
-11.53,3,76.319373,False
-12.01,1,76.320373,False
-11.76,1,76.321373,False
-11.31,6,76.326373,False
-11.03,3,76.330456,False
-11.3,5,76.335161,False
-12.01,1,76.336161,False
-12.01,1,76.337672,False
-11.77,2,76.33923,False
20.2,5,76.344235,True
-11.76,1,76.345231,False
-11.78,3,76.349108,False
-10.85,10,76.357111,False
-11.53,3,76.361621,False
21.42,8,76.368203,True
21.41,9,76.376728,True
19.97,3,76.378726,True
-12.01,1,76.380714,False
-11.79,4,76.383794,False
-11.29,4,76.386794,False
-11.53,3,76.391495,False
-11.76,1,76.392501,False
21.43,7,76.398879,True
-11.78,3,76.401391,False
19.96,4,76.405391,True
21.39,10,76.414349,True
21.19,6,76.420375,True
21.36,13,76.431477,True
21.41,9,76.440076,True
-10.78,3,76.442653,False
-12.02,2,76.444739,False
-11.55,5,76.449268,False
20.2,5,76.454189,True
-11.77,2,76.456189,False
-11.78,3,76.4587,False
-11.79,4,76.4627,False
-11.77,2,76.464165,False
-11.53,3,76.467844,False
-10.8,5,76.85909,False
-11.77,2,76.862089,False
-12.01,1,76.863089,False
-11.53,3,76.866947,False
22.41,9,76.878455,True
-11.81,6,76.884974,False
20.44,6,76.891064,True
20.44,6,76.898529,True
-12.03,3,76.90303,False
-12.01,1,76.905033,False
-11.79,4,76.909537,False
-12.02,2,76.912537,False
-12.02,2,76.91597,False
20.21,4,76.920975,True
-11.55,5,76.926978,False
-11.54,4,76.931953,False
-11.78,3,76.936462,False
-10.57,7,76.944967,False
19.95,5,76.949954,True
-11.79,4,76.956954,False
20.42,8,76.971389,True
-11.29,4,76.975388,False
19.96,4,76.980883,True
-12.02,2,76.98451,False
-11.78,3,76.988509,False
-11.59,8,76.996898,False
22.11,14,77.011926,True
-11.76,1,77.013389,False
21.19,6,77.020413,True
-11.76,1,77.022424,False
-11.31,6,77.029843,False
20.21,4,77.034383,True
19.96,4,77.040381,True
-11.56,6,77.047428,False
-11.77,2,77.050452,False
-11.77,2,77.052452,False
-12.01,1,77.053963,False
-11.78,3,77.057977,False
21.35,15,77.072184,True
-11.78,3,77.075185,False
21.4,10,77.084211,True
-11.55,5,77.089735,False
20.45,5,77.09526,True
-11.78,3,77.100264,False
-12.01,1,77.101264,False
-10.57,7,77.108148,False
-12.01,1,77.109173,False
-11.54,4,77.11316,False
-11.55,5,77.117483,False
-12.01,1,77.119001,False
-11.54,4,77.122522,False
21.41,9,77.130375,True
-11.77,2,77.132397,False
-11.61,10,77.141445,False
-11.54,4,77.14544,False
-10.56,6,77.151266,False
20.43,7,77.157439,True
-11.53,3,77.159953,False
20.19,6,77.166271,True
19.96,4,77.169271,True
-11.32,7,77.175786,False
20.68,7,77.182055,True
19.96,4,77.18605,True
-11.79,4,77.190043,False
21.16,9,77.198331,True
-11.55,5,77.202845,False
-11.52,2,77.205844,False
-11.55,5,77.209849,False
-11.78,3,77.213374,False
21.17,8,77.221161,True
-12.03,3,77.223673,False
-11.8,5,77.228674,False
-10.61,11,77.23996,False
22.37,13,77.251116,True
-11.54,4,77.255115,False
-11.76,1,77.256114,False
-12.01,1,77.257115,False
20.2,5,77.261641,True
-11.78,3,77.264109,False
-11.77,2,77.26719,False
-11.55,5,77.271619,False
-12.01,1,77.272625,False
-12.02,2,77.274625,False
-11.76,1,77.275625,False
-12.01,1,77.276625,False
-11.55,5,77.281565,False
21.18,7,77.28784,True
-12.02,2,77.2898,False
-11.76,1,77.291812,False
-12.01,1,77.292316,False
-11.77,2,77.294828,False
-11.55,5,77.300306,False
-11.54,4,77.303817,False
21.85,14,77.315819,True
-11.53,3,77.318819,False
-11.79,4,77.322324,False
-11.56,6,77.327843,False
-11.56,5,77.33369,False
-11.77,2,77.335697,False
-11.8,5,77.340203,False
-11.55,5,77.344209,False
-11.77,2,77.347137,False
20.21,4,77.351158,True
21.42,8,77.35867,True
20.2,5,77.363565,True
-12.01,1,77.36489,False
20.44,6,77.369978,True
-12.01,1,77.370975,False
-11.31,6,77.37749,False
20.2,5,77.38181,True
19.97,3,77.385327,True
-11.56,6,77.39086,False
-11.78,3,77.39286,False
-11.59,9,77.402195,False
-11.77,2,77.404195,False
-11.53,3,77.406738,False
-11.78,3,77.410177,False
-12.01,1,77.412182,False
19.94,6,77.417366,True
22.34,16,77.431633,True
-11.78,3,77.434633,False
22.14,11,77.445146,True
-11.54,4,77.449515,False
-11.07,7,77.456514,False
-12.03,3,77.459027,False
-12.01,1,77.460026,False
-11.77,2,77.463026,False
-11.78,3,77.466383,False
22.1,14,77.477895,True
20.21,4,77.4817,True
-12.01,1,77.483702,False
-11.77,2,77.485702,False
21.18,7,77.492237,True
-12.02,2,77.493237,False
-12.03,3,77.496761,False
20.45,5,77.502568,True
-12.02,2,77.503563,False
-11.59,8,77.511097,False
-11.78,3,77.51449,False
-11.77,2,77.517488,False
-11.77,2,77.519494,False
-12.02,2,77.521015,False
21.17,8,77.52854,True
-11.54,4,77.532642,False
20.44,6,77.537822,True
-12.02,2,77.539333,False
-11.53,3,77.542878,False
20.43,7,77.549931,True
-11.54,4,77.553455,False
-11.8,5,77.557455,False
21.19,6,77.563327,True
-11.77,2,77.565349,False
-11.78,3,77.56909,False
20.21,4,77.572902,True
20.42,8,77.579475,True
-12.02,2,77.580783,False
-11.76,1,77.582305,False
20.21,4,77.585836,True
21.18,7,77.592836,True
20.43,7,77.600123,True
-11.55,5,77.604635,False
-11.56,5,77.609635,False
19.92,8,77.617562,True
-11.53,3,77.619569,False
-12.01,1,77.620568,False
21.66,9,77.629079,True
-11.78,3,77.632387,False
20.42,8,77.639983,True
-12.01,1,77.640979,False
-11.54,4,77.644563,False
-12.02,2,77.647022,False
21.42,8,77.654724,True
20.21,4,77.658236,True
-11.59,9,77.666101,False
-12.01,1,77.668101,False
-11.76,1,77.669101,False
21.38,12,77.679613,True
-11.77,2,77.682099,False
21.36,14,77.69406,True
20.45,5,77.699425,True
-12.01,1,77.701426,False
-11.77,2,77.703428,False
-11.31,6,77.708939,False
-11.53,3,77.711445,False
21.15,10,78.094333,True
-10.32,7,78.101167,False
20.2,5,78.108676,True
20.44,6,78.114045,True
21.33,17,78.130985,True
-11.02,2,78.133297,False
21.17,8,78.140809,True
20.45,5,78.144809,True
-11.33,8,78.153397,False
21.19,6,78.15857,True
-12.01,1,78.159654,False
-11.77,2,78.161654,False
21.39,11,78.173092,True
-11.31,6,78.178092,False
-11.79,4,78.182916,False
20.19,6,78.187916,True
-11.78,3,78.191428,False
-10.33,8,78.199269,False
-10.61,11,78.208283,False
-11.77,2,78.210793,False
-11.82,7,78.217127,False
19.96,4,78.221719,True
-12.01,1,78.22279,False
-10.59,9,78.23139,False
20.2,5,78.2359,True
-12.04,4,78.239412,False
-12.03,3,78.242967,False
21.4,10,78.252806,True
21.78,21,78.655276,True
20.18,7,78.664266,True
21.63,12,78.678771,True
-11.55,5,78.684724,False
-11.78,3,78.689226,False
21.41,9,78.699669,True
-11.31,6,78.705531,False
19.96,4,78.709531,True
-11.79,3,78.714468,False
-11.56,6,78.720467,False
-12.01,1,78.721969,False
21.37,13,78.736412,True
-11.54,4,78.740413,False
19.97,3,78.744925,True
-10.56,6,78.750975,False
-11.55,5,78.756509,False
-12.02,2,78.759506,False
21.19,6,78.766432,True
-11.31,6,78.773409,False
-11.77,2,78.775919,False
-11.76,1,78.777918,False
-11.56,5,78.783811,False
-12.01,1,78.784822,False
-10.32,7,78.79282,False
-12.01,1,78.794325,False
-10.36,11,78.807649,False
19.96,4,78.812649,True
-12.01,1,78.814045,False
-11.78,3,78.818064,False
20.89,11,78.833478,True
-11.79,4,78.837984,False
-11.85,10,78.847858,False
22.35,15,78.861379,True
-11.55,5,78.865674,False
-10.56,6,78.873189,False
-11.53,3,78.87619,False
21.19,6,78.882113,True
-11.31,6,78.888629,False
-11.83,8,78.89663,False
-12.01,1,78.898432,False
-11.77,2,78.899944,False
-12.02,2,78.90195,False
-11.31,6,78.90695,False
-11.53,3,78.910459,False
-11.54,4,78.915753,False
-11.54,4,78.919258,False
20.19,6,78.924776,True
20.44,6,78.930452,True
-12.01,1,78.931501,False
-10.82,7,78.937503,False
20.68,7,78.944525,True
20.45,5,78.948795,True
-11.77,2,78.952321,False
-11.52,2,78.954321,False
-12.01,1,78.95532,False
-11.83,8,78.961853,False
-11.55,5,78.967175,False
-11.77,2,78.969175,False
20.19,6,78.973698,True
20.2,5,78.978698,True
-12.02,2,78.980698,False
-12.01,1,78.982948,False
-10.58,8,78.989954,False
-11.79,4,78.993954,False
19.96,4,78.998229,True
-12.02,2,79.000231,False
-10.79,4,79.003743,False
-12.01,1,79.004742,False
-12.02,2,79.00775,False
-12.01,1,79.008749,False
-11.58,8,79.01654,False
20.21,4,79.02005,True
20.44,6,79.026455,True
-11.77,2,79.028959,False
21.17,8,79.037405,True
-11.77,2,79.039405,False
-11.32,7,79.044946,False
-10.39,13,79.056975,False
-11.54,4,79.060983,False
-12.01,1,79.062982,False
21.66,9,79.070923,True
-12.01,1,79.071922,False
-12.03,3,79.074448,False
-11.54,4,79.078448,False
20.2,5,79.084282,True
-11.77,2,79.086286,False
-11.53,3,79.089285,False
-11.54,4,79.093292,False
-10.37,12,79.104296,False
-11.77,2,79.106442,False
-11.78,3,79.109447,False
20.21,4,79.113831,True
-11.79,4,79.117382,False
-11.77,2,79.119382,False
22.19,6,79.124382,True
20.94,6,79.130281,True
19.97,3,79.134299,True
21.19,6,79.13881,True
20.44,6,79.144323,True
-11.34,9,79.154691,False
20.2,5,79.159364,True
19.94,6,79.165607,True
20.2,5,79.170291,True
21.63,12,79.180042,True
21.63,11,79.189601,True
-11.77,2,79.191606,False
-10.8,5,79.197042,False
-11.77,2,79.198054,False
-12.02,2,79.201582,False
-11.3,5,79.205582,False
19.96,4,79.210104,True
19.96,4,79.213529,True
19.95,5,79.217548,True
19.96,4,79.221591,True
-11.78,3,79.224584,False
20.43,7,79.230956,True
20.45,5,79.23597,True
-11.81,6,79.241468,False
20.18,7,79.247479,True
21.11,14,79.259861,True
-10.59,9,79.267652,False
20.68,7,79.274176,True
20.21,4,79.277176,True
-11.3,5,79.281427,False
22.11,13,79.29352,True
-11.78,3,79.296857,False
-11.78,3,79.299881,False
-11.78,3,79.302885,False
-11.78,3,79.305404,False
-11.05,5,79.310297,False
21.38,12,79.321147,True
19.96,4,79.324659,True
-11.77,2,79.326673,False
20.91,9,79.334991,True
-11.53,3,79.338004,False
-11.79,4,79.342004,False
-12.01,1,79.343515,False
-11.31,6,79.349358,False
-12.01,1,79.350357,False
20.88,12,79.360872,True
20.21,4,79.365224,True
21.65,10,79.373533,True
-10.82,7,79.381124,False
20.21,4,79.384801,True
-11.53,3,79.388394,False
-11.54,4,79.391914,False
21.16,9,79.400378,True
-11.78,3,79.403386,False
-11.53,3,79.406386,False
20.21,4,79.411906,True
20.2,5,79.416229,True
-11.54,4,79.419761,False
20.44,6,79.425287,True
21.65,10,79.434694,True
20.18,7,79.440216,True
-11.53,3,79.444209,False
22.15,10,79.452698,True
-11.78,3,79.455702,False
19.96,4,79.459703,True
20.43,7,79.465567,True
-11.53,3,79.468567,False
-11.06,6,79.474093,False
-11.77,2,79.476092,False
-11.77,2,79.478092,False
21.4,10,79.487026,True
-12.01,1,79.488025,False
21.18,7,79.49455,True
-10.79,4,79.498816,False
-11.32,7,79.50633,False
-10.31,6,79.512389,False
21.38,11,79.522232,True
-11.3,5,79.527248,False
21.62,13,79.539111,True
-11.54,4,79.54311,False
-12.01,1,79.54411,False
-11.32,7,79.551741,False
21.17,8,79.558765,True
-12.01,1,79.560766,False
-11.79,4,79.564155,False
-11.76,1,79.566668,False
-11.04,4,79.570901,False
-12.01,1,79.571902,False
-11.3,5,79.575902,False
-11.56,6,79.582119,False
-11.76,1,79.583121,False
-11.53,3,79.587119,False
-11.79,4,79.590663,False
-10.81,6,79.595663,False
21.44,6,79.6026,True
-11.77,2,79.605895,False
20.45,5,79.610042,True
-12.02,2,79.613042,False
-11.77,2,79.61454,False
-12.02,2,79.617564,False
-11.78,3,79.62007,False
-12.01,1,79.621076,False
20.19,6,79.627597,True
21.35,15,79.642104,True
22.17,8,79.649557,True
-12.03,3,79.653594,False
-12.02,2,79.655603,False
-11.77,2,79.658604,False
-11.76,1,79.659604,False
-12.03,3,79.66262,False
-11.77,2,79.665212,False
20.21,4,79.669295,True
-12.01,1,79.670301,False
-11.77,2,79.672897,False
-12.01,1,79.673908,False
-11.53,3,79.676898,False
22.16,9,80.057101,True
20.2,5,80.064085,True
19.94,6,80.071606,True
-11.77,2,80.074606,False
-11.81,6,80.082517,False
-12.02,2,80.085517,False
-11.78,3,80.088517,False
-11.3,5,80.095021,False
20.69,6,80.102109,True
-11.77,2,80.104109,False
-12.01,1,80.105109,False
-11.76,1,80.107109,False
-11.77,2,80.109109,False
-11.77,2,80.111623,False
-12.01,1,80.113096,False
19.97,3,80.117111,True
20.45,5,80.123118,True
-12.01,1,80.125122,False
-11.54,4,80.130544,False
22.58,16,80.147631,True
-11.79,4,80.153155,False
21.81,19,80.175644,True
-10.82,7,80.184641,False
20.2,5,80.189645,True
-12.01,1,80.191648,False
-11.54,4,80.196609,False
21.19,6,80.203632,True
-11.77,2,80.206138,False
-11.55,5,80.212642,False
-11.8,5,80.218295,False
-11.77,2,80.221295,False
-11.78,3,80.2278,False
20.68,7,80.234315,True
20.45,5,80.240822,True
20.44,6,80.248296,True
20.44,6,80.254303,True
20.19,6,80.260818,True
-11.59,9,80.269932,False
21.58,15,80.284868,True
-12.01,1,80.28587,False
20.21,4,80.289889,True
21.18,7,80.29731,True
-11.78,3,80.300242,False
-12.03,3,80.304241,False
21.41,9,80.313396,True
21.4,10,80.322946,True
-10.82,7,80.329989,False
-11.54,4,80.334558,False
-11.76,1,80.335557,False
-11.77,2,80.338552,False
-11.56,6,80.344086,False
-11.54,4,80.347765,False
-11.76,1,80.349771,False
20.2,5,80.355805,True
20.2,5,80.360331,True
20.43,7,80.367318,True
-11.53,3,80.370829,False
-10.78,3,80.373843,False
-11.54,4,80.378404,False
-11.79,4,80.382446,False
-11.77,2,80.384442,False
21.42,8,80.392972,True
-11.33,8,80.400442,False
20.44,6,80.405968,True
19.96,4,80.409961,True
-11.54,4,80.413007,False
-11.78,3,80.416011,False
-11.04,4,80.420011,False
21.39,11,80.429535,True
20.92,8,80.436583,True
20.21,4,80.440586,True
20.42,8,80.447109,True
-11.53,3,80.450415,False
-12.04,4,80.454415,False
-11.55,5,80.459938,False
20.44,6,80.464943,True
-11.77,2,80.466949,False
-10.8,5,80.471949,False
-10.55,5,80.47648,False
20.2,5,80.481844,True
-11.53,3,80.484845,False
-11.53,3,80.488376,False
-12.01,1,80.489371,False
-11.54,4,80.493376,False
-12.03,3,80.496376,False
-9.8,5,80.501237,False
-11.78,3,80.505232,False
-12.01,1,80.506737,False
21.39,11,80.51717,True
-11.77,2,80.519181,False
-11.34,9,80.527697,False
21.41,9,80.536125,True
20.21,4,80.539654,True
-11.54,4,80.542654,False
-12.01,1,80.544654,False
-10.79,4,80.548481,False
-11.77,2,80.550484,False
-12.02,2,80.552492,False
20.69,6,80.557491,True
-11.79,4,80.562018,False
-10.37,11,80.572544,False
-10.58,8,80.579603,False
22.62,13,80.591401,True
-11.56,6,80.597704,False
20.44,6,80.603255,True
21.62,13,80.614348,True
20.44,6,80.619347,True
-12.01,1,80.620858,False
-11.8,5,80.625876,False
-11.77,2,80.627873,False
-11.77,2,80.629874,False
-11.54,4,80.633617,False
-12.01,1,80.635127,False
-11.78,3,80.639138,False
21.16,9,80.647543,True
20.2,5,80.652055,True
-12.01,1,80.65307,False
-11.78,3,80.65607,False
20.21,4,80.660065,True
-11.77,2,80.66257,False
-12.02,2,80.664903,False
-10.35,10,80.673049,False
21.4,10,80.681669,True
19.97,3,80.685194,True
-11.78,3,80.688717,False
-11.77,2,80.69073,False
-11.76,1,80.692729,False
19.95,5,80.697571,True
20.19,6,80.702593,True
21.19,6,80.708108,True
20.2,5,80.712926,True
-12.01,1,80.71446,False
-11.77,2,80.716474,False
20.2,5,80.721104,True
-11.77,2,80.723097,False
-11.76,1,80.72461,False
-11.3,5,80.728624,False
20.44,6,80.735482,True
21.17,8,80.742496,True
21.63,12,80.752916,True
-11.53,3,80.756436,False
20.45,5,80.76044,True
20.44,6,80.766262,True
-11.56,6,80.772277,False
21.15,10,80.781251,True
21.42,8,80.787764,True
22.39,11,80.797989,True
19.97,3,80.800989,True
20.44,6,80.806507,True
21.43,7,80.813349,True
-11.3,5,80.817889,False
-11.54,4,80.821889,False
-11.54,4,80.824889,False
-11.52,2,80.827394,False
20.95,5,80.831833,True
-11.53,3,80.83484,False
20.41,9,80.843103,True
-11.53,3,80.846114,False
-12.01,1,80.847625,False
-10.33,8,80.855016,False
20.43,7,80.861235,True
19.96,4,80.865661,True
-12.01,1,80.86666,False
-12.03,3,80.870173,False
-11.78,3,80.872173,False
-11.79,4,80.876178,False
-10.57,7,80.883117,False
-11.76,1,80.884118,False
-11.52,2,80.886117,False
20.45,5,80.891643,True
-12.01,1,80.892642,False
-11.57,6,80.8979,False
-12.02,2,80.900418,False
20.44,6,80.906426,True
20.19,6,80.911422,True
-11.76,1,80.912422,False
22.02,22,80.931803,True
21.38,11,80.942064,True
20.44,6,80.947545,True
21.15,9,80.956093,True
-11.76,1,80.957093,False
-11.77,2,80.959621,False
21.15,10,80.96806,True
20.21,4,80.972289,True
-11.77,2,80.974289,False
-11.56,6,80.979808,False
-11.77,2,80.981958,False
-12.02,2,80.983975,False
-12.01,1,80.984974,False
-11.78,3,80.987975,False
21.15,10,80.996501,True
20.2,5,81.001856,True
21.38,12,81.012378,True
-11.77,2,81.013889,False
-11.77,2,81.016896,False
-12.01,1,81.017912,False
20.2,5,81.022423,True
-12.01,1,81.02443,False
-11.76,1,81.02543,False
-11.54,4,81.02843,False
-11.57,7,81.035697,False
-11.54,4,81.039228,False
-12.01,1,81.040229,False
-11.78,3,81.04375,False
-11.31,6,81.049723,False
-12.01,1,81.051731,False
21.19,6,81.056794,True
-11.53,3,81.059801,False
-12.02,2,81.061802,False
-11.78,3,81.064725,False
21.66,9,81.071733,True
-11.76,1,81.073244,False
-11.31,6,81.079254,False
-12.01,1,81.080562,False
-11.54,4,81.471441,False
-11.54,4,81.47644,False
-11.54,4,81.482375,False
-12.01,1,81.483375,False
-11.78,3,81.487376,False
-11.77,2,81.489879,False
20.21,4,81.493883,True
-12.01,1,81.494883,False
-11.56,6,81.50142,False
-11.55,5,81.50742,False
-11.76,1,81.50942,False
22.31,19,81.531896,True
-11.78,3,81.535911,False
-11.79,4,81.54142,False
21.08,17,81.559371,True
22.4,10,81.568885,True
-11.31,6,81.575391,False
-11.54,4,81.579391,False
-12.01,1,81.581716,False
-11.79,4,81.586222,False
20.21,4,81.591222,True
-11.33,8,81.601038,False
-11.56,6,81.608542,False
-11.76,1,81.609542,False
-11.56,6,81.617889,False
-10.85,9,81.627399,False
21.64,11,81.638285,True
-11.77,2,81.639786,False
-11.58,8,81.649256,False
-12.01,1,81.651255,False
20.18,7,81.659763,True
-12.01,1,81.661763,False
-11.77,2,81.664111,False
-12.01,1,81.666126,False
-11.77,2,81.668711,False
21.14,11,81.679161,True
-12.02,2,81.681473,False
22.39,10,81.691006,True
-12.01,1,81.692005,False
21.42,8,81.699793,True
-12.01,1,81.701793,False
-11.55,5,81.706793,False
-11.78,3,81.710318,False
-11.78,3,81.713317,False
21.34,16,81.726636,True
-10.81,6,81.732424,False
20.45,5,81.738434,True
20.21,4,81.741953,True
-11.77,2,81.743953,False
-12.02,2,81.745953,False
-10.55,5,81.750749,False
21.67,8,81.758501,True
-12.01,1,81.759501,False
-11.55,5,81.76435,False
21.66,9,81.773332,True
-12.05,5,81.776842,False
20.21,4,81.781232,True
-11.53,3,81.783724,False
-12.01,1,81.785736,False
-10.87,12,81.795261,False
20.21,4,81.799776,True
-11.57,7,81.806305,False
-11.56,6,81.811298,False
-11.53,3,81.815271,False
-10.09,9,81.822808,False
20.2,5,81.82733,True
-11.81,6,81.833283,False
-11.77,2,81.836283,False
20.21,4,81.839793,True
-11.78,3,81.842305,False
-10.59,9,81.850834,False
20.65,10,81.859358,True
21.63,12,81.870198,True
-11.83,8,81.876198,False
-11.82,7,81.883257,False
-11.55,5,81.888257,False
21.13,12,81.899029,True
-11.53,3,81.902029,False
-11.77,2,81.904534,False
-12.03,3,81.907541,False
20.43,7,81.914452,True
21.42,8,81.921855,True
21.43,7,81.928364,True
21.42,8,81.9355,True
-12.05,5,81.939507,False
-11.77,2,81.942788,False
-11.54,4,81.947067,False
-12.01,1,81.949152,False
22.39,11,81.958497,True
-11.81,6,81.963886,False
-11.77,2,81.965907,False
21.42,8,81.972426,True
-11.53,3,81.975425,False
-12.01,1,81.976935,False
-11.76,1,81.97795,False
20.2,5,81.982431,True
-10.79,4,81.98643,False
-11.78,3,81.988941,False
21.32,18,82.005276,True
20.21,4,82.008781,True
-11.77,2,82.010788,False
-11.76,1,82.012793,False
20.44,6,82.017562,True
-11.55,5,82.02377,False
20.93,7,82.02877,True
20.2,5,82.034575,True
-11.78,3,82.037572,False
-11.02,2,82.038572,False
-12.01,1,82.040082,False
-11.54,4,82.043618,False
-11.81,6,82.048969,False
19.97,3,82.053091,True
-10.8,5,82.058098,False
-11.78,3,82.061098,False
-12.01,1,82.062621,False
20.44,6,82.068029,True
-11.8,5,82.072562,False
20.44,6,82.077557,True
-11.78,3,82.080886,False
-11.55,5,82.085907,False
-12.01,1,82.087907,False
-11.78,3,82.089907,False
20.2,5,82.09442,True
21.18,7,82.101711,True
-11.77,2,82.103231,False
20.68,7,82.110231,True
-10.82,7,82.116673,False
-12.03,3,82.120184,False
-11.78,3,82.122185,False
-11.3,5,82.127701,False
21.39,11,82.137465,True
-11.77,2,82.139465,False
21.42,8,82.146833,True
-11.78,3,82.150857,False
-11.79,4,82.153857,False
20.18,7,82.160369,True
-12.02,2,82.162367,False
-11.78,3,82.166197,False
-11.31,6,82.171202,False
-11.8,5,82.175713,False
-12.01,1,82.176729,False
-11.54,4,82.180992,False
21.89,11,82.190514,True
-12.01,1,82.191514,False
-11.55,5,82.196514,False
-11.56,6,82.201773,False
-12.01,1,82.202773,False
20.45,5,82.207279,True
21.17,8,82.214621,True
20.43,7,82.221629,True
-11.54,4,82.226382,False
-11.78,3,82.229056,False
-11.32,7,82.23529,False
-11.54,4,82.238802,False
-9.82,6,82.245314,False
20.18,7,82.25124,True
-11.53,3,82.256021,False
-11.55,5,82.260694,False
-12.02,2,82.261694,False
20.43,7,82.268007,True
-11.07,7,82.274521,False
21.19,6,82.280038,True
-10.56,6,82.286298,False
-12.01,1,82.287298,False
-11.55,5,82.291315,False
-11.55,5,82.296647,False
21.4,9,82.305203,True
-12.01,1,82.306203,False
20.44,6,82.310714,True
-11.56,6,82.316841,False
-11.31,6,82.322368,False
-11.54,4,82.325891,False
-11.78,3,82.328892,False
19.97,3,82.333047,True
-11.77,2,82.334565,False
-11.54,4,82.33857,False
-11.53,3,82.340569,False
-10.8,5,82.346274,False
-12.01,1,82.347638,False
21.67,8,82.355162,True
19.97,3,82.358169,True
-12.02,2,82.360169,False
-11.78,3,82.36348,False
-11.54,4,82.367014,False
21.14,11,82.376531,True
-10.08,8,82.383907,False
-11.76,1,82.384907,False
-11.63,13,82.39702,False
20.44,6,82.403044,True
-11.53,3,82.406045,False
-11.79,4,82.409471,False
22.17,8,82.416752,True
20.43,7,82.423404,True
20.21,4,82.427918,True
-11.76,1,82.428934,False
-10.87,12,82.439862,False
-11.03,3,82.442372,False
22.38,12,82.453387,True
-11.53,3,82.456396,False
-12.03,3,82.459922,False
20.2,5,82.464277,True
-11.07,7,82.470798,False
-10.56,6,82.475796,False
-11.77,2,82.477796,False
-12.01,1,82.478797,False
-12.02,2,82.856063,False
-11.78,3,82.860063,False
20.2,5,82.866484,True
-12.01,1,82.867484,False
20.43,7,82.87699,True
-11.78,3,82.880525,False
21.42,8,82.890045,True
-11.79,4,82.895547,False
-11.79,4,82.900922,False
-11.54,4,82.906424,False
-11.77,2,82.908426,False
20.44,6,82.914889,True
20.41,9,82.923901,True
20.67,8,82.93229,True
-11.77,2,82.93529,False
-11.79,4,82.938796,False
-11.78,3,82.942795,False
-12.03,3,82.947149,False
20.19,6,82.954152,True
-11.8,4,82.959218,False
-12.02,2,82.961218,False
-11.77,2,82.96364,False
22.39,10,82.974159,True
-11.33,8,82.98401,False
-11.77,2,82.98701,False
-12.03,3,82.990515,False
20.44,6,82.996514,True
20.19,6,83.003318,True
-12.01,1,83.004318,False
20.43,7,83.010823,True
-11.77,2,83.013219,False
-11.77,2,83.016231,False
-11.53,3,83.01823,False
-11.3,5,83.024823,False
-12.03,3,83.028823,False
21.15,10,83.041681,True
-12.01,1,83.042681,False
-12.01,1,83.045186,False
-11.53,3,83.048612,False
-11.53,3,83.052675,False
-11.57,7,83.059682,False
20.43,7,83.066622,True
-11.77,2,83.069622,False
20.2,5,83.074145,True
20.19,6,83.080474,True
21.17,8,83.088961,True
-11.3,5,83.093466,False
-11.55,5,83.097994,False
20.2,5,83.103111,True
20.92,8,83.109634,True
-11.77,2,83.111634,False
-11.77,2,83.114034,False
-12.02,2,83.116059,False
-11.77,2,83.118057,False
20.45,5,83.122581,True
-11.02,2,83.124582,False
20.45,5,83.129652,True
20.21,4,83.133184,True
-11.77,2,83.135184,False
20.18,7,83.141355,True
20.67,8,83.149229,True
-11.77,2,83.15123,False
-12.01,1,83.152229,False
20.45,5,83.156742,True
21.19,6,83.162749,True
20.45,5,83.167637,True
20.44,6,83.173636,True
21.43,7,83.179636,True
21.13,12,83.193224,True
-12.01,1,83.194223,False
20.17,8,83.201092,True
-12.01,1,83.203091,False
-12.01,1,83.204092,False
-10.85,10,83.212599,False
19.96,4,83.216573,True
-12.01,1,83.217588,False
21.19,6,83.223094,True
-12.01,1,83.224102,False
-11.57,7,83.230624,False
-11.81,6,83.235899,False
-11.77,2,83.239416,False
-11.77,2,83.241416,False
-10.79,4,83.243415,False
-11.78,3,83.247813,False
-11.78,3,83.250826,False
-12.01,1,83.251827,False
-11.55,5,83.256481,False
-12.01,1,83.257986,False
-12.02,2,83.259992,False
19.97,3,83.262998,True
19.97,3,83.266321,True
-11.32,7,83.272738,False
22.6,15,83.286579,True
21.17,8,83.293602,True
-11.3,5,83.299744,False
21.66,9,83.30875,True
-11.77,2,83.310255,False
19.97,3,83.313769,True
-11.78,3,83.316456,False
-11.3,5,83.321144,False
-11.54,4,83.32481,False
20.21,4,83.328811,True
-11.78,3,83.332246,False
19.95,5,83.336334,True
-11.77,2,83.338329,False
-11.54,4,83.341921,False
-12.02,2,83.344,False
-11.79,4,83.347956,False
-11.79,4,83.352071,False
-11.53,3,83.355076,False
21.18,7,83.361076,True
-11.54,4,83.364886,False
-11.53,3,83.367893,False
-12.01,1,83.368893,False
21.19,6,83.374417,True
-11.3,5,83.379417,False
20.43,7,83.385206,True
-11.79,4,83.389206,False
21.67,8,83.396935,True
-11.57,7,83.403691,False
-12.03,3,83.405698,False
-12.01,1,83.407697,False
20.19,6,83.412695,True
21.19,6,83.41848,True
-11.79,4,83.422985,False
-11.57,7,83.430052,False
19.96,4,83.434076,True
20.44,6,83.439593,True
-11.8,5,83.444598,False
21.16,9,83.451473,True
20.2,5,83.455978,True
21.93,7,83.462516,True
-12.03,3,83.464807,False
21.43,7,83.472329,True
-11.77,2,83.474329,False
-11.77,2,83.475329,False
-12.01,1,83.477841,False
20.45,5,83.48213,True
-11.77,2,83.484135,False
21.19,6,83.489666,True
-11.54,4,83.493666,False
-11.57,7,83.499952,False
-11.53,3,83.502945,False
19.96,4,83.50695,True
-10.79,4,83.510476,False
-11.55,5,83.514708,False
-11.55,5,83.520222,False
-11.54,4,83.524734,False
-11.77,2,83.526734,False
-11.3,5,83.531564,False
-11.76,1,83.533565,False
-12.01,1,83.534576,False
-11.78,3,83.536572,False
-11.8,5,83.542064,False
-11.81,6,83.546576,False
20.44,6,83.55344,True
-12.01,1,83.55444,False
-11.05,5,83.558945,False
-11.53,3,83.561458,False
21.39,11,83.571523,True
20.2,5,83.576341,True
-11.56,6,83.581591,False
-11.54,4,83.585632,False
-11.77,2,83.587631,False
-11.32,7,83.594155,False
20.2,5,83.599091,True
20.2,5,83.603612,True
-11.79,4,83.607612,False
-10.57,7,83.614365,False
21.1,15,83.627866,True
21.17,8,83.635634,True
19.97,3,83.638145,True
-11.55,5,83.643743,False
-10.79,4,83.647255,False
-11.77,2,83.649521,False
20.2,5,83.654026,True
-12.01,1,83.655033,False
-11.81,6,83.660031,False
-11.31,6,83.665836,False
20.2,5,83.670364,True
-11.54,4,83.674364,False
-11.78,3,83.677887,False
-11.77,2,83.679887,False
22.39,11,83.689698,True
20.19,6,83.694705,True
-11.77,2,83.697549,False
-10.82,7,83.70454,False
22.17,8,83.711072,True
-12.01,1,83.712071,False
-11.54,4,83.716647,False
20.45,5,83.721161,True
21.18,7,83.727189,True
-11.54,4,83.731545,False
20.2,5,83.736548,True
-10.34,9,83.74506,False
20.21,4,83.749092,True
-11.79,4,83.753102,False
-12.01,1,83.754097,False
-11.56,6,83.75911,False
-11.76,1,83.760616,False
21.64,11,83.770604,True
20.19,6,83.776604,True
-12.01,1,83.777604,False
-12.02,2,83.779604,False
21.42,8,83.786508,True
-11.53,3,83.79002,False
-11.53,3,83.792034,False
-12.02,2,83.794034,False
20.2,5,83.799356,True
-11.54,4,83.802868,False
20.19,6,83.807868,True
20.42,8,83.816703,True
-11.78,3,83.818702,False
-12.02,2,83.821215,False
-11.77,2,83.823232,False
-12.02,2,83.825232,False
-11.78,3,83.828749,False
20.2,5,83.83362,True
-11.77,2,83.83562,False
19.96,4,83.839133,True
-12.02,2,83.841132,False
21.4,10,83.851045,True
-11.55,5,83.85657,False
-11.77,2,83.858569,False
20.68,7,83.864762,True
-11.78,3,83.867763,False
-11.55,5,83.872286,False
-12.01,1,83.873286,False
20.43,7,84.281164,True
21.37,11,84.294172,True
20.2,5,84.300485,True
20.43,7,84.30799,True
-11.04,4,84.31099,False
-12.02,2,84.314417,False
22.41,9,84.325938,True
21.44,6,84.333464,True
-11.79,4,84.33847,False
22.17,8,84.347323,True
-10.79,4,84.351846,False
-11.82,7,84.358352,False
-11.54,4,84.363838,False
21.17,8,84.371375,True
21.19,6,84.378446,True
20.68,7,84.386336,True
20.2,5,84.393338,True
-12.01,1,84.394338,False
-11.77,2,84.397669,False
-11.54,4,84.402967,False
-10.82,7,84.411472,False
-11.78,3,84.415841,False
-11.76,1,84.417344,False
-12.02,2,84.419345,False
-10.79,4,84.425346,False
-11.77,2,84.427849,False
-12.01,1,84.428352,False
-11.78,3,84.432726,False
19.96,4,84.436725,True
-11.77,2,84.439571,False
-11.77,2,84.442573,False
-11.07,7,84.450761,False
20.44,6,84.458263,True
-11.77,2,84.460267,False
-11.53,3,84.464177,False
-12.02,2,84.467179,False
20.2,5,84.473684,True
19.97,3,84.476691,True
21.16,9,84.485677,True
-10.78,3,84.488677,False
-12.02,2,84.4912,False
20.21,4,84.494199,True
20.44,6,84.500118,True
-11.04,4,84.504133,False
21.43,7,84.510644,True
-12.01,1,84.511658,False
-12.02,2,84.512964,False
-12.01,1,84.514964,False
-11.3,5,84.518971,False
-11.54,4,84.522495,False
-11.58,7,84.529011,False
-11.77,2,84.531438,False
-12.01,1,84.532441,False
21.19,6,84.537601,True
20.19,6,84.543648,True
-12.05,5,84.548638,False
20.2,5,84.553716,True
-11.53,3,84.556716,False
-11.77,2,84.557715,False
-11.77,2,84.559716,False
-10.56,6,84.566097,False
-11.55,5,84.570096,False
-11.55,5,84.575619,False
-12.01,1,84.576618,False
-12.01,1,84.577619,False
20.45,5,84.582049,True
-11.56,6,84.588562,False
21.41,9,84.596153,True
-11.78,3,84.600452,False
-12.02,2,84.602452,False
-10.8,5,84.607169,False
20.16,9,84.615574,True
-11.58,8,84.623098,False
-11.77,2,84.626083,False
20.93,7,84.632659,True
19.97,3,84.635652,True
-11.77,2,84.638172,False
-11.53,3,84.64218,False
-11.79,4,84.646187,False
-11.53,3,84.649649,False
-12.01,1,84.650649,False
-11.56,6,84.65762,False
-11.8,5,84.663122,False
-10.8,5,84.669146,False
21.62,13,84.683628,True
-11.54,4,84.687628,False
21.43,7,84.694139,True
21.19,6,84.700472,True
-11.77,2,84.702981,False
-11.76,1,84.704979,False
-11.77,2,84.706978,False
-12.02,2,84.709978,False
21.37,13,84.723392,True
-11.34,9,84.732326,False
19.96,4,84.736837,True
20.21,4,84.740841,True
-11.56,6,84.746366,False
20.2,5,84.751239,True
-11.78,3,84.754765,False
22.39,11,84.763604,True
-11.79,4,84.768631,False
21.4,10,84.777157,True
21.42,8,84.784546,True
-11.76,1,84.786051,False
-11.3,5,84.790058,False
20.44,6,84.796058,True
21.18,7,84.80189,True
20.44,6,84.807403,True
21.43,7,84.814766,True
-12.01,1,84.815762,False
-12.01,1,84.817428,False
19.97,3,84.820511,True
-10.79,4,84.82351,False
21.43,7,84.829762,True
-12.01,1,84.83127,False
-12.01,1,84.832276,False
-11.78,3,84.835262,False
-11.57,7,84.841312,False
21.08,17,84.856264,True
-11.78,3,84.858783,False
-10.55,5,84.864549,False
-11.79,4,84.867479,False
21.17,8,84.874527,True
-11.78,3,84.877536,False
-10.56,6,84.88331,False
-10.79,4,84.887311,False
-11.79,4,84.890834,False
-11.35,10,84.900148,False
21.64,11,84.909152,True
-11.78,3,84.912677,False
21.65,10,84.920432,True
21.16,9,84.928446,True
-11.57,7,84.935237,False
-10.6,10,84.944489,False
-12.01,1,84.94549,False
-11.77,2,84.948358,False
-11.55,5,84.952882,False
21.39,11,84.962388,True
-12.03,3,84.965326,False
-12.01,1,84.967286,False
-11.57,7,84.973803,False
20.19,6,84.978469,True
-11.76,1,84.980546,False
-11.54,4,84.983894,False
-11.78,3,84.986897,False
-11.8,5,84.991424,False
-12.01,1,84.992424,False
20.2,5,84.99673,True
-11.77,2,84.999252,False
-11.53,3,85.00227,False
21.82,18,85.017107,True
-10.81,6,85.389768,False
-11.54,4,85.392768,False
-11.77,2,85.397288,False
-11.54,4,85.401801,False
20.21,4,85.405308,True
-12.02,2,85.407315,False
-12.01,1,85.409315,False
-11.56,6,85.414901,False
-10.79,4,85.418943,False
21.18,7,85.424943,True
-11.78,3,85.42847,False
20.44,6,85.434245,True
-11.77,2,85.436246,False
-11.78,3,85.438768,False
-11.31,6,85.445017,False
-11.78,3,85.448529,False
21.18,7,85.45458,True
20.21,4,85.458095,True
21.18,7,85.465512,True
20.67,8,85.47155,True
-11.02,2,85.474554,False
-11.06,6,85.47855,False
-12.01,1,85.480062,False
20.21,4,85.484364,True
-11.55,5,85.488364,False
-11.53,3,85.49189,False
-11.79,4,85.494889,False
-11.76,1,85.49689,False
-11.78,3,85.499216,False
-11.79,4,85.502742,False
-11.78,3,85.505736,False
-11.77,2,85.507743,False
-12.01,1,85.509742,False
-12.01,1,85.509742,False
20.43,7,85.517557,True
-11.31,6,85.523072,False
20.2,5,85.528071,True
21.36,14,85.539796,True
21.14,11,85.549186,True
-11.54,4,85.55269,False
21.41,9,85.561223,True
19.95,5,85.566586,True
-11.77,2,85.568761,False
21.41,9,85.575294,True
-11.78,3,85.578817,False
20.44,6,85.584612,True
-11.56,6,85.590616,False
21.43,7,85.596138,True
21.65,10,85.604927,True
19.96,4,85.608941,True
-11.78,3,85.61194,False
22.31,19,85.629349,True
-12.02,2,85.630611,False
21.18,7,85.637651,True
-11.79,4,85.640648,False
20.94,6,85.646649,True
20.44,6,85.652926,True
-11.77,2,85.654437,False
21.17,7,85.660971,True
21.89,11,86.04633,True
20.2,5,86.052786,True
-12.02,2,86.055291,False
-11.78,3,86.059298,False
-10.82,7,86.06772,False
-12.02,2,86.07072,False
-11.77,2,86.07372,False
-11.55,5,86.080225,False
-11.77,2,86.082622,False
21.2,5,86.089127,True
-11.55,5,86.095127,False
-11.78,3,86.099037,False
-12.02,2,86.102037,False
-11.76,1,86.103037,False
-11.77,2,86.105037,False
-11.8,5,86.110543,False
-11.52,2,86.113847,False
-11.78,3,86.117361,False
-11.77,2,86.120363,False
21.15,10,86.133377,True
20.21,4,86.137882,True
-12.03,3,86.142135,False
20.19,6,86.150103,True
-11.78,3,86.153604,False
-12.02,2,86.157109,False
-11.77,2,86.159613,False
-10.36,11,86.172539,False
-10.33,8,86.181877,False
-11.77,2,86.184876,False
20.44,6,86.192382,True
21.65,10,86.204235,True
-11.54,4,86.209235,False
-12.01,1,86.21174,False
-11.39,13,86.225153,False
-10.81,6,86.231492,False
-11.86,11,86.242533,False
-11.77,2,86.245537,False
-11.54,4,86.249422,False
21.41,9,86.258057,True
21.2,5,86.263429,True
-12.01,1,86.264454,False
-12.03,3,86.268451,False
-11.77,2,86.270445,False
-12.01,1,86.271448,False
-11.32,7,86.278974,False
-12.02,2,86.280862,False
-11.3,5,86.286085,False
-12.02,2,86.289085,False
-11.77,2,86.291086,False
20.21,4,86.295113,True
19.96,4,86.299167,True
-10.8,5,86.302822,False
-11.53,3,86.30634,False
-11.78,3,86.30934,False
-11.54,4,86.31334,False
-11.79,4,86.317033,False
21.18,7,86.324041,True
20.43,7,86.329552,True
21.17,8,86.337386,True
20.2,5,86.341386,True
19.97,3,86.344386,True
-12.02,2,86.347213,False
-11.79,4,86.351231,False
21.42,8,86.357748,True
20.19,6,86.363758,True
20.21,4,86.367914,True
-10.82,7,86.373928,False
-11.78,3,86.376929,False
-10.57,7,86.383855,False
-12.02,2,86.385856,False
20.19,6,86.390379,True
20.2,5,86.39538,True
-11.8,5,86.400851,False
-11.3,5,86.405373,False
20.68,7,86.411904,True
-11.53,3,86.41516,False
-12.01,1,86.41716,False
-12.01,1,86.41816,False
-11.77,2,86.42016,False
20.44,6,86.425684,True
20.19,6,86.431849,True
20.68,7,86.438874,True
-11.79,4,86.442953,False
-11.77,2,86.444549,False
20.45,5,86.449911,True
-11.8,5,86.454928,False
20.2,5,86.459676,True
-11.76,1,86.460752,False
21.14,10,86.469811,True
20.21,4,86.473737,True
-12.02,2,86.476247,False
-12.01,1,86.477323,False
19.97,3,86.480719,True
-11.77,2,86.483317,False
-10.39,12,86.494827,False
22.15,10,86.503716,True
-11.77,2,86.505717,False
-11.55,5,86.509717,False
20.92,8,86.517738,True
-11.79,4,86.521738,False
-11.53,3,86.524261,False
20.67,8,86.532118,True
-11.79,4,86.535136,False
21.18,7,86.540655,True
-11.55,5,86.54618,False
-12.02,2,86.548359,False
-11.77,2,86.550708,False
-10.57,7,86.557246,False
-11.56,6,86.561771,False
-11.77,2,86.56513,False
20.2,5,86.56987,True
19.96,4,86.573332,True
19.94,6,86.578692,True
21.18,7,86.585105,True
-11.8,5,86.590105,False
20.2,5,86.59461,True
-11.76,1,86.595617,False
-12.03,3,86.598984,False
22.16,9,86.606497,True
-11.79,4,86.610497,False
-11.31,6,86.617038,False
-12.04,4,86.620036,False
-11.53,3,86.623039,False
-11.76,1,86.624034,False
22.41,9,86.632962,True
-12.01,1,86.633962,False
-10.81,6,86.639979,False
-11.53,3,86.642979,False
-11.56,6,86.648295,False
-10.57,7,86.65481,False
-11.77,2,86.657323,False
-12.02,2,86.659322,False
-11.77,2,86.661876,False
-11.29,4,86.66519,False
-11.77,2,86.667702,False
-12.01,1,86.668702,False
-11.79,4,86.672702,False
-11.77,2,86.675777,False
19.95,5,86.679235,True
-11.77,2,86.682487,False
-11.8,5,86.685999,False
-11.77,2,86.688512,False
20.44,6,86.694512,True
-11.76,1,86.695511,False
-12.03,3,86.699287,False
-11.56,6,86.70428,False
-12.01,1,86.70629,False
-11.59,9,86.71405,False
-11.33,8,86.721571,False
19.97,3,86.724558,True
19.96,4,86.728558,True
-11.59,9,86.737319,False
-10.81,6,86.742838,False
-11.78,3,86.746164,False
-11.78,3,86.749132,False
-11.54,4,86.753132,False
-11.77,2,86.75513,False
22.06,19,86.771978,True
-11.58,8,86.7793,False
-10.55,5,86.785317,False
21.16,9,86.792843,True
-12.01,1,86.793844,False
-11.79,4,86.797305,False
20.2,5,86.80285,True
-12.01,1,86.803849,False
21.18,7,86.80885,True
-11.77,2,86.811373,False
20.19,6,86.817748,True
-11.53,3,86.820748,False
21.18,7,86.826258,True
-10.56,6,86.832583,False
-11.8,5,86.837576,False
20.2,5,86.841098,True
19.96,4,86.845626,True
-11.77,2,86.847872,False
20.2,5,86.85237,True
19.97,3,86.855376,True
20.21,4,86.858892,True
-12.01,1,86.859891,False
-11.32,7,86.867219,False
-11.56,6,86.873219,False
-12.02,2,86.874731,False
-12.02,2,86.877748,False
-11.77,2,86.879735,False
20.19,6,86.885504,True
20.42,8,86.893022,True
-11.82,7,86.899789,False
-11.52,2,86.901789,False
-11.56,6,86.907319,False
-11.53,3,86.910305,False
-12.01,1,86.911305,False
-12.01,1,86.912305,False
22.39,11,86.923071,True
-12.01,1,86.924058,False
-11.53,3,86.926585,False
-12.01,1,86.927584,False
20.44,6,86.933826,True
-12.01,1,86.934827,False
-10.82,7,86.941844,False
-11.77,2,86.943844,False
20.44,6,86.949631,True
21.65,10,86.959144,True
-12.01,1,86.960144,False
21.17,8,86.967984,True
21.36,14,86.979523,True
-11.79,4,86.983775,False
-11.78,3,86.986773,False
-11.31,6,86.993289,False
-11.78,3,86.99629,False
-11.78,3,86.999624,False
-11.8,5,87.004675,False
20.44,6,87.009675,True
-11.56,6,87.015583,False
-10.79,4,87.019587,False
-10.85,9,87.027112,False
-11.54,4,87.030417,False
-11.55,5,87.036509,False
-11.54,4,87.039509,False
-11.52,2,87.041508,False
-11.78,3,87.046024,False
-12.01,1,87.047332,False
-12.05,5,87.051384,False
22.13,11,87.061429,True
-12.02,2,87.063819,False
-12.01,1,87.065328,False
21.43,7,87.071335,True
-11.77,2,87.448432,False
-12.01,1,87.450947,False
-11.77,2,87.453946,False
-12.02,2,87.456947,False
20.45,5,87.462858,True
19.96,4,87.468893,True
20.44,6,87.474448,True
20.44,6,87.481279,True
-10.81,6,87.487282,False
-11.78,3,87.491784,False
-11.77,2,87.494787,False
-11.78,3,87.498139,False
20.44,6,87.505647,True
21.42,8,87.513588,True
-12.02,2,87.516607,False
-11.77,2,87.521606,False
21.39,11,87.538513,True
-11.78,3,87.541514,False
21.14,11,87.553046,True
22.37,13,87.569106,True
-11.55,5,87.574623,False
19.97,3,87.577136,True
21.17,8,87.586037,True
-11.78,3,87.589041,False
-10.79,4,87.59304,False
-12.01,1,87.594041,False
-11.04,4,87.599906,False
-12.01,1,87.601906,False
20.21,4,87.606906,True
19.94,6,87.614692,True
20.44,6,87.6222,True
21.19,6,87.629708,True
-11.3,5,87.635074,False
-11.56,6,87.641587,False
-12.01,1,87.643585,False
21.56,18,87.661373,True
20.21,4,87.666296,True
-10.34,9,87.674832,False
22.18,7,87.681718,True
-11.31,6,87.686744,False
-11.77,2,87.688746,False
-11.77,2,87.691273,False
20.67,8,87.697571,True
-10.83,8,87.705093,False
22.1,14,87.717896,True
20.2,5,87.722407,True
-11.07,7,87.729407,False
21.19,6,87.735743,True
20.18,7,87.740743,True
-11.81,6,87.746587,False
-11.53,3,87.751112,False
-10.6,10,87.759135,False
-11.33,8,87.767676,False
-11.32,7,87.774188,False
21.42,8,87.780192,True
-11.79,4,87.783982,False
-12.01,1,87.785997,False
-11.78,3,87.788996,False
-11.09,9,87.796039,False
-11.76,1,87.797509,False
20.21,4,87.801525,True
20.93,7,87.8078,True
-11.55,5,87.8128,False
-11.78,3,87.815783,False
-11.57,7,87.822799,False
20.44,6,87.82809,True
-11.76,1,87.829083,False
21.36,14,87.841431,True
-12.02,2,87.843431,False
21.42,8,87.850508,True
19.97,3,87.853512,True
-12.01,1,87.854512,False
-11.55,5,87.859026,False
20.19,6,87.864355,True
-11.54,4,87.868418,False
22.62,13,87.879462,True
-11.54,4,87.88371,False
-11.54,4,87.886709,False
-11.29,4,87.891227,False
21.19,6,87.897612,True
-11.54,4,87.901668,False
-12.02,2,87.903668,False
-12.02,2,87.905668,False
20.39,11,87.916524,True
-11.59,9,87.92505,False
20.43,7,87.930817,True
20.94,6,87.936816,True
21.43,7,87.94234,True
20.2,5,87.947601,True
-11.79,4,87.951115,False
-10.83,8,87.959114,False
-11.57,7,87.967096,False
20.21,4,87.971137,True
-12.01,1,87.972154,False
-11.78,3,87.975152,False
-12.01,1,87.976152,False
-10.55,5,87.980253,False
-11.76,1,87.981768,False
20.2,5,87.986778,True
20.45,5,87.990778,True
-11.77,2,87.993303,False
-11.76,1,87.994814,False
-11.55,5,88.000077,False
21.79,21,88.017385,True
-12.02,2,88.019384,False
-11.32,7,88.025908,False
21.14,11,88.035798,True
20.19,6,88.040798,True
-11.54,4,88.045322,False
21.17,8,88.053214,True
-11.78,3,88.055726,False
-12.01,1,88.056726,False
20.2,5,88.061732,True
-11.55,5,88.066514,False
20.66,9,88.074533,True
-11.78,3,88.079045,False
-11.77,2,88.08041,False
21.19,6,88.085837,True
-11.77,2,88.088844,False
-11.04,4,88.092843,False
-11.77,2,88.094845,False
-11.76,1,88.09635,False
-11.54,4,88.100634,False
20.21,4,88.103634,True
-11.78,3,88.10714,False
21.17,8,88.114556,True
-12.01,1,88.115478,False
19.97,3,88.119067,True
21.62,13,88.13108,True
-11.78,3,88.134081,False
-10.86,11,88.143762,False
-11.78,3,88.145763,False
-11.79,4,88.150172,False
22.41,9,88.158683,True
20.2,5,88.163609,True
21.64,11,88.174206,True
21.41,9,88.181719,True
-11.79,4,88.185729,False
21.16,9,88.193256,True
-11.55,5,88.197773,False
21.41,9,88.205873,True
-11.79,4,88.209872,False
-11.57,7,88.218165,False
-12.01,1,88.219158,False
19.96,4,88.223156,True
-12.02,2,88.224682,False
-11.77,2,88.226682,False
-11.77,2,88.228682,False
-11.78,3,88.232007,False
-11.53,3,88.235536,False
-11.77,2,88.237534,False
-11.79,4,88.241534,False
-12.01,1,88.242534,False
21.19,6,88.248473,True
-11.77,2,88.251103,False
-11.53,3,88.254114,False
-12.01,1,88.254633,False
-11.78,3,88.257638,False
-11.56,6,88.263037,False
-11.76,1,88.264579,False
21.19,6,88.27411,True
22.39,11,88.283925,True
-12.01,1,88.285431,False
-11.54,4,88.289438,False
-11.77,2,88.291438,False
-11.3,5,88.295944,False
20.68,7,88.302146,True
22.58,16,88.318495,True
22.32,17,88.334262,True
20.45,5,88.338773,True
-12.02,2,88.340774,False
20.43,7,88.347485,True
20.19,6,88.352553,True
19.96,4,88.356558,True
-11.77,2,88.358558,False
21.43,7,88.365399,True
-10.8,5,88.369441,False
-11.55,5,88.375457,False
20.45,5,88.379454,True
-12.01,1,88.380743,False
-12.02,2,88.382742,False
-10.57,7,88.388742,False
-10.61,10,88.398212,False
-11.02,2,88.400206,False
22.1,14,88.411895,True
-12.01,1,88.412895,False
-11.78,3,88.416223,False
-11.53,3,88.419223,False
21.41,9,88.428734,True
-11.77,2,88.431167,False
-11.52,2,88.433177,False
21.64,11,88.44269,True
-10.62,12,88.454552,False
-11.77,2,88.456602,False
-11.55,5,88.460636,False
-12.01,1,88.461631,False
-11.77,2,88.464744,False
-11.55,5,88.46917,False
-11.56,6,88.843816,False
20.44,6,88.851377,True
21.2,5,88.856886,True
-11.78,3,88.860391,False
-11.77,2,88.862802,False
-11.77,2,88.864818,False
20.2,5,88.869822,True
-10.81,6,88.876825,False
-11.54,4,88.882171,False
20.44,6,88.888677,True
-11.77,2,88.892182,False
-11.54,4,88.897506,False
-12.01,1,88.898504,False
20.44,6,88.906015,True
21.4,10,88.91491,True
-12.01,1,88.916911,False
-11.77,2,88.91891,False
-12.02,2,88.921419,False
19.95,5,88.928424,True
-11.78,3,88.932304,False
20.19,6,88.939305,True
-12.01,1,88.940305,False
20.2,5,88.945809,True
20.21,4,88.949237,True
-10.54,4,88.954254,False
22.35,15,88.972328,True
-12.01,1,88.973847,False
-11.56,5,88.980758,False
-10.57,7,88.99328,False
19.96,4,88.998252,True
-11.32,7,89.00676,False
21.63,11,89.024274,True
21.43,7,89.031206,True
-10.55,5,89.036707,False
-11.77,2,89.038732,False
-11.77,2,89.040796,False
-11.78,3,89.04379,False
-12.02,2,89.047143,False
21.37,12,89.058221,True
-11.54,4,89.062218,False
21.32,18,89.080086,True
20.21,4,89.084121,True
-12.01,1,89.086121,False
-11.79,4,89.089634,False
-10.78,3,89.092641,False
-11.81,6,89.098924,False
19.97,3,89.10144,True
20.21,4,89.105444,True
-11.78,3,89.108439,False
-10.55,5,89.11327,False
-12.01,1,89.114302,False
-11.55,5,89.119319,False
22.39,11,89.128845,True
-11.79,4,89.132836,False
-12.01,1,89.133842,False
20.21,4,89.137842,True
21.91,9,89.146371,True
21.39,11,89.156661,True
-11.77,2,89.158655,False
-12.03,3,89.161655,False
-11.77,2,89.163655,False
21.12,13,89.176497,True
-11.54,4,89.180135,False
-12.01,1,89.183159,False
-11.54,4,89.186691,False
-10.55,5,89.192396,False
21.6,15,89.206828,True
20.88,12,89.219515,True
21.43,7,89.226033,True
-12.02,2,89.228047,False
-11.56,6,89.23441,False
-11.78,3,89.237933,False
21.34,16,89.252647,True
19.94,6,89.258192,True
20.44,6,89.264119,True
20.17,8,89.271698,True
-11.54,4,89.275529,False
-11.77,2,89.277447,False
20.44,6,89.283356,True
-10.57,7,89.289878,False
20.2,5,89.294872,True
-12.01,1,89.295871,False
-12.01,1,89.297266,False
-11.82,7,89.303553,False
20.43,7,89.309075,True
-11.77,2,89.31232,False
-11.54,4,89.315742,False
-11.78,3,89.318256,False
-10.32,7,89.324819,False
20.43,7,89.331651,True
20.2,5,89.337658,True
-11.77,2,89.339658,False
20.67,8,89.347366,True
-12.01,1,89.349371,False
-11.77,2,89.351886,False
-11.79,4,89.355407,False
20.44,6,89.361925,True
-11.31,6,89.367906,False
20.45,5,89.374368,True
-10.79,4,89.377368,False
21.39,11,89.387752,True
20.21,4,89.391752,True
21.43,7,89.397638,True
-11.79,4,89.401637,False
-11.81,6,89.407186,False
21.12,13,89.419507,True
-11.55,5,89.423513,False
-11.77,2,89.42604,False
20.67,8,89.433376,True
21.17,8,89.441448,True
-10.8,5,89.445967,False
-12.03,3,89.44941,False
-11.53,3,89.45242,False
20.21,4,89.455929,True
21.41,9,89.464409,True
-11.78,3,89.467701,False
-12.01,1,89.4687,False
20.68,7,89.475235,True
-11.77,2,89.476745,False
20.92,8,89.484172,True
21.38,12,89.494694,True
20.19,6,89.500553,True
-11.77,2,89.502552,False
20.67,8,89.509077,True
21.32,18,89.524974,True
21.16,9,89.533071,True
-11.8,5,89.537137,False
-11.77,2,89.53964,False
-11.78,3,89.542655,False
-12.02,2,89.544655,False
-12.01,1,89.546305,False
19.96,4,89.548594,True
-11.76,1,89.551122,False
-11.53,3,89.554121,False
-11.54,4,89.557644,False
21.17,8,89.564523,True
20.95,5,89.570268,True
-12.01,1,89.571308,False
21.43,7,89.577928,True
-12.02,2,89.580015,False
-10.79,4,89.583563,False
-12.03,3,89.586563,False
-11.54,4,89.590085,False
-11.53,3,89.592589,False
-11.76,1,89.5946,False
-12.01,1,89.595599,False
21.86,13,89.606518,True
-11.79,4,89.611521,False
-11.56,6,89.61647,False
-11.53,3,89.619469,False
-11.53,3,89.622469,False
21.17,8,89.630364,True
-11.55,5,89.635128,False
-12.02,2,89.63713,False
-12.01,1,89.638129,False
-11.55,5,89.643053,False
-11.76,1,89.644564,False
-11.53,3,89.647089,False
-11.77,2,89.649113,False
-12.02,2,89.651111,False
-10.62,12,89.662459,False
-11.32,7,89.668528,False
-11.78,3,89.671521,False
21.18,7,89.678571,True
21.65,10,89.687901,True
-12.02,2,89.6899,False
-11.55,5,89.6949,False
20.21,4,89.698191,True
20.2,5,89.70319,True
21.17,8,89.709715,True
-11.77,2,89.711711,False
21.38,12,89.722533,True
-11.77,2,89.724532,False
-10.57,7,89.731325,False
20.2,5,89.736331,True
-12.01,1,89.737331,False
20.94,6,89.742857,True
-11.78,3,89.744857,False
-12.02,2,89.747206,False
-11.55,5,89.75175,False
21.4,10,89.760798,True
-11.81,6,89.76813,False
-12.01,1,89.76913,False
-11.76,1,89.770637,False
-11.78,3,89.773149,False
-12.01,1,89.77466,False
-11.76,1,89.775661,False
-11.54,4,89.779664,False
-11.76,1,89.780518,False
22.16,9,89.788043,True
21.14,11,89.798913,True
20.95,5,89.80244,True
-11.54,4,89.806439,False
-11.53,3,89.809435,False
-11.77,2,89.81194,False
-11.77,2,89.814222,False
20.44,6,89.819211,True
21.42,8,89.826431,True
-11.55,5,89.831726,False
20.17,8,89.838257,True
-11.77,2,89.841257,False
-12.01,1,89.842257,False
-11.77,2,89.843776,False
-11.54,4,89.847304,False
-12.02,2,89.849305,False
21.41,9,89.858337,True
21.36,14,90.255698,True
22.15,10,90.26869,True
21.16,9,90.279708,True
-11.3,5,90.285731,False
-11.78,3,90.290232,False
-12.01,1,90.291235,False
-12.01,1,90.292235,False
21.41,9,90.304567,True
20.19,6,90.311571,True
-11.8,5,90.317538,False
20.2,5,90.322617,True
-11.32,7,90.330472,False
-11.78,3,90.334471,False
-12.02,2,90.336978,False
-11.53,3,90.340978,False
20.2,5,90.347343,True
-11.8,5,90.353341,False
20.19,6,90.36067,True
21.65,10,90.370107,True
-12.01,1,90.372107,False
20.43,7,90.381493,True
20.21,4,90.389001,True
-11.54,4,90.395001,False
-11.53,3,90.397857,False
-11.55,5,90.405566,False
-11.53,3,90.409073,False
20.45,5,90.415512,True
-11.52,2,90.419015,False
20.21,4,90.423016,True
-11.78,3,90.426016,False
20.2,5,90.431555,True
-11.58,7,90.438555,False
-11.3,5,90.443608,False
-11.77,2,90.445993,False
-12.01,1,90.44701,False
-11.77,2,90.449014,False
21.18,7,90.456527,True
20.2,5,90.461578,True
-11.53,3,90.46493,False
21.17,8,90.47346,True
-10.56,6,90.479522,False
21.17,8,90.487376,True
-12.01,1,90.488377,False
-11.54,4,90.492903,False
-11.78,3,90.494903,False
20.21,4,90.500192,True
20.2,5,90.504714,True
-12.01,1,90.505714,False
21.15,10,90.514796,True
-11.78,3,90.517802,False
-12.01,1,90.518802,False
-11.31,6,90.524316,False
21.61,14,90.536952,True
22.36,14,90.548653,True
20.93,7,90.555162,True
21.39,11,90.563797,True
-11.77,2,90.566329,False
-11.79,4,90.570328,False
-11.76,1,90.570844,False
20.44,6,90.576353,True
-11.76,1,90.577356,False
20.44,6,90.583689,True
20.94,6,90.588213,True
-12.01,1,90.589213,False
-11.77,2,90.592207,False
-11.77,2,90.594214,False
21.4,10,90.602527,True
21.38,12,90.61305,True
-11.54,4,90.617324,False
-12.01,1,90.617842,False
21.17,8,90.624847,True
-11.3,5,90.629753,False
21.17,8,90.636771,True
-11.77,2,90.638282,False
-11.79,4,90.642296,False
20.21,4,90.646296,True
-11.78,3,90.649075,False
21.43,7,90.656085,True
-11.31,6,90.661132,False
-12.02,2,90.663712,False
-11.53,3,90.666734,False
-11.31,6,90.672254,False
-11.31,6,90.677767,False
20.44,6,90.684103,True
-11.53,3,90.687104,False
-11.77,2,90.689103,False
21.17,8,90.696544,True
-11.77,2,90.698559,False
-12.01,1,90.699566,False
-11.77,2,90.701914,False
-10.61,11,90.711429,False
21.61,14,90.725221,True
22.17,8,90.732193,True
21.38,12,90.742863,True
-11.77,2,90.744933,False
22.61,14,90.757034,True
-12.02,2,90.759034,False
21.19,6,90.764431,True
-11.3,5,90.769436,False
20.21,4,90.772436,True
-11.53,3,90.77596,False
20.44,6,90.781755,True
20.95,5,90.786827,True
-12.02,2,90.788827,False
-10.79,4,90.792349,False
-12.01,1,90.79386,False
22.12,12,90.804699,True
21.4,10,90.814433,True
19.95,5,90.818446,True
20.2,5,90.823439,True
-11.54,4,90.827964,False
19.96,4,90.831348,True
21.18,7,90.837415,True
-11.77,2,90.839415,False
-10.82,7,90.84607,False
-11.78,3,90.849488,False
20.21,4,90.853491,True
-11.54,4,90.858002,False
-12.01,1,90.859004,False
-12.01,1,90.860017,False
-11.57,7,90.867167,False
21.15,9,90.873689,True
-11.54,4,90.87774,False
20.93,7,90.883868,True
20.21,4,90.888372,True
-11.06,6,90.893383,False
21.18,7,90.899543,True
20.45,5,90.904547,True
-10.55,5,90.909058,False
19.97,3,90.912228,True
-11.77,2,90.914764,False
20.43,7,90.921441,True
-12.01,1,90.922441,False
-11.76,1,90.923442,False
-11.3,5,90.927922,False
21.43,7,90.936758,True
-11.53,3,90.938757,False
-11.56,6,90.944798,False
-11.8,5,90.949233,False
-12.01,1,90.950752,False
20.21,4,90.954755,True
-10.56,6,90.960756,False
21.41,9,90.969129,True
-12.02,2,90.971635,False
20.43,7,90.977679,True
21.67,8,90.984688,True
-12.02,2,90.986681,False
-10.79,4,90.9902,False
-11.77,2,90.99274,False
-11.55,5,90.998106,False
21.42,8,91.005623,True
-11.78,3,91.008623,False
19.97,3,91.011616,True
-11.76,1,91.013468,False
21.14,11,91.024008,True
21.42,8,91.032387,True
-12.01,1,91.033921,False
-11.76,1,91.034925,False
-11.77,2,91.036925,False
20.45,5,91.040925,True
-11.78,3,91.044423,False
-10.56,6,91.051253,False
-11.55,5,91.055318,False
19.97,3,91.059307,True
21.16,9,91.066886,True
-12.01,1,91.068892,False
-11.77,2,91.070892,False
-10.33,8,91.078942,False
21.39,11,91.088315,True
-11.32,7,91.094315,False
-12.01,1,91.095826,False
-12.02,2,91.09814,False
-11.77,2,91.101136,False
-11.77,2,91.103135,False
21.17,8,91.110661,True
-11.56,6,91.114945,False
20.19,6,91.125468,True
21.42,8,91.136564,True
-11.77,2,91.140072,False
-12.02,2,91.144074,False
-12.02,2,91.147699,False
-11.55,5,91.154212,False
21.65,10,91.1636,True
20.42,8,91.171157,True
19.97,3,91.174156,True
-11.54,4,91.178676,False
20.45,5,91.184014,True
20.45,5,91.189007,True
-11.78,3,91.192538,False
22.14,11,91.204001,True
20.19,6,91.210001,True
-10.81,6,91.216125,False
-11.53,3,91.219122,False
-12.01,1,91.220122,False
-11.57,7,91.227644,False
-11.59,9,91.236521,False
-11.76,1,91.238521,False
-10.32,7,91.245039,False
19.97,3,91.247469,True
21.42,8,91.254989,True
-10.56,6,91.260983,False
-12.01,1,91.261984,False
20.2,5,91.266479,True
-12.01,1,91.268479,False
-11.79,4,91.272479,False
-12.01,1,91.272479,False
-11.31,6,91.279001,False
-11.77,2,91.28152,False
-11.77,2,91.283512,False
21.17,8,91.29053,True
-12.03,3,91.293538,False
-10.82,7,91.682875,False
-11.78,3,91.685879,False
-12.01,1,91.687878,False
-12.02,2,91.689879,False
21.14,11,91.701253,True
21.43,7,91.707758,True
21.41,9,91.717111,True
-11.76,1,91.719111,False
-12.01,1,91.72011,False
-11.77,2,91.72311,False
20.44,6,91.731034,True
22.31,19,91.750618,True
-11.77,2,91.752618,False
20.2,5,91.757622,True
20.45,5,91.763221,True
-10.55,5,91.769241,False
21.36,14,91.784682,True
21.59,16,91.803526,True
-11.76,1,91.805526,False
-12.02,2,91.807526,False
21.41,9,91.817895,True
-11.8,5,91.823909,False
-12.01,1,91.825909,False
21.34,16,91.843677,True
-11.78,3,91.847016,False
21.12,13,91.863925,True
-12.02,2,91.86694,False
20.44,6,91.874446,True
-11.8,5,91.879781,False
-12.01,1,91.880836,False
20.44,6,91.887371,True
-12.02,2,91.889364,False
-12.01,1,91.890875,False
-11.79,4,91.894889,False
21.19,6,91.901684,True
-11.52,2,91.903691,False
-11.77,2,91.905695,False
-10.59,9,91.913483,False
-12.01,1,91.915484,False
-10.59,9,91.923991,False
-11.78,3,91.92699,False
-12.01,1,91.92799,False
19.97,3,91.930554,True
19.97,3,91.934081,True
20.45,5,91.93908,True
-9.59,9,91.946216,False
-11.34,9,91.954756,False
-11.29,4,91.957756,False
20.44,6,91.963631,True
-11.76,1,91.964649,False
-12.02,2,91.967156,False
-11.55,5,91.971162,False
-11.77,2,91.973673,False
-11.54,4,91.977205,False
-11.76,1,91.97821,False
-11.78,3,91.981073,False
-11.31,6,91.986615,False
-11.8,5,91.991615,False
20.2,5,91.996378,True
22.17,8,92.003395,True
20.45,5,92.007908,True
-11.76,1,92.008908,False
-11.78,3,92.011908,False
-11.77,2,92.014273,False
-11.77,2,92.016783,False
-11.76,1,92.017781,False
20.66,9,92.025778,True
22.13,12,92.038264,True
-12.01,1,92.038894,False
-11.53,3,92.042192,False
-11.54,4,92.047101,False
19.96,4,92.051124,True
-12.01,1,92.052116,False
21.4,10,92.061688,True
21.14,11,92.072062,True
22.36,13,92.084423,True
20.45,5,92.089469,True
19.94,6,92.094468,True
-11.77,2,92.096469,False
20.2,5,92.101248,True
20.21,4,92.105247,True
-11.54,4,92.109243,False
-12.01,1,92.110755,False
19.97,3,92.113095,True
-11.55,5,92.118128,False
-11.78,3,92.120655,False
-11.55,5,92.125646,False
20.2,5,92.130579,True
-12.01,1,92.131598,False
21.88,12,92.14269,True
-11.54,4,92.146115,False
21.44,6,92.151657,True
-11.79,4,92.154664,False
-11.77,2,92.156662,False
20.17,8,92.163583,True
-12.01,1,92.164582,False
-11.56,6,92.171101,False
21.16,9,92.178215,True
-11.53,3,92.181712,False
-11.55,5,92.187245,False
-11.54,4,92.191244,False
-10.57,7,92.197227,False
20.19,6,92.203761,True
-11.82,7,92.209776,False
-11.56,6,92.215153,False
-10.33,8,92.22316,False
-11.54,4,92.226679,False
20.21,4,92.231055,True
-11.76,1,92.232055,False
-12.02,2,92.234055,False
-12.01,1,92.235573,False
-10.83,7,92.241646,False
20.44,6,92.247478,True
-10.6,10,92.256985,False
-12.01,1,92.257985,False
21.65,10,92.268317,True
22.45,30,92.672298,True
-12.01,1,92.673304,False
21.16,9,92.681185,True
20.45,5,92.686721,True
20.2,5,92.691734,True
-12.01,1,92.692257,False
-12.01,1,92.69426,False
20.4,9,92.703368,True
20.44,6,92.708366,True
-11.57,7,92.715286,False
-11.79,4,92.718593,False
-12.01,1,92.720594,False
-11.56,6,92.725115,False
-11.55,5,92.730115,False
-11.78,3,92.733117,False
-12.02,2,92.735284,False
-11.53,3,92.738284,False
21.15,10,92.747802,True
-11.54,4,92.751806,False
-11.78,3,92.754326,False
20.44,6,92.75933,True
-11.59,9,92.768165,False
19.97,3,92.77045,True
21.16,9,92.778972,True
21.43,7,92.784917,True
-11.3,5,92.79057,False
-11.78,3,92.793565,False
-11.77,2,92.796384,False
21.19,6,92.801406,True
-12.01,1,92.803405,False
-11.04,4,92.806929,False
-12.02,2,92.808924,False
-11.54,4,92.812929,False
-11.53,3,92.815715,False
20.18,7,92.822722,True
-12.01,1,92.823721,False
21.43,7,92.830543,True
-11.54,4,92.834534,False
-11.55,5,92.839056,False
21.15,10,92.847357,True
-11.56,6,92.853373,False
20.2,5,92.857883,True
20.42,8,92.865172,True
21.33,17,92.880549,True
20.2,5,92.885078,True
20.45,5,92.889585,True
-11.76,1,92.8906,False
-11.77,2,92.892599,False
21.39,10,92.901214,True
21.16,9,92.908216,True
-12.02,2,92.910727,False
-10.32,7,92.917308,False
22.08,16,92.931071,True
-11.78,3,92.93412,False
-11.77,2,92.936121,False
20.43,7,92.942639,True
21.94,6,92.949124,True
21.9,10,92.957655,True
21.32,18,92.973081,True
20.2,5,92.976603,True
21.41,9,92.985525,True
-12.05,5,92.990049,False
-11.54,4,92.994048,False
-12.02,2,92.995571,False
-11.77,2,92.998818,False
-11.77,2,93.000817,False
-11.79,4,93.003777,False
-12.01,1,93.005289,False
-12.01,1,93.006306,False
20.2,5,93.011298,True
-11.77,2,93.013652,False
-12.01,1,93.015681,False
-11.54,4,93.019191,False
-11.8,5,93.023191,False
-10.36,10,93.03319,False
-12.01,1,93.034189,False
-11.6,10,93.043783,False
21.19,6,93.049096,True
-11.58,8,93.056097,False
-11.3,5,93.442698,False
-10.56,6,93.449734,False
-11.54,4,93.455227,False
-11.32,7,93.463691,False
21.18,7,93.472725,True
-12.03,3,93.47623,False
-11.53,3,93.480681,False
-12.01,1,93.48268,False
-12.01,1,93.48368,False
-12.01,1,93.486182,False
-12.01,1,93.487185,False
-11.77,2,93.490184,False
-11.55,5,93.496705,False
-11.78,3,93.500709,False
-11.55,5,93.505709,False
20.45,5,93.510216,True
-11.78,3,93.514637,False
20.44,6,93.522142,True
-10.92,16,93.540575,False
-11.31,6,93.548797,False
19.97,3,93.552815,True
20.2,5,93.559318,True
-11.77,2,93.562321,False
-12.01,1,93.563698,False
21.4,10,93.573221,True
-10.8,5,93.580142,False
-11.54,4,93.58565,False
-11.55,5,93.591668,False
-10.37,11,93.604634,False
21.13,37,93.640647,True
21.16,9,93.64912,True
-12.02,2,93.651118,False
-11.53,3,93.654634,False
20.2,5,93.659633,True
20.2,5,93.664506,True
-11.76,1,93.666505,False
-10.59,9,93.67546,False
21.19,6,93.681784,True
-10.32,7,93.68907,False
-11.54,4,93.693084,False
-11.77,2,93.69461,False
-11.79,4,93.699075,False
-11.78,3,93.70208,False
-11.77,2,93.70508,False
20.21,4,93.708604,True
-11.77,2,93.710604,False
-11.8,5,93.715652,False
20.21,4,93.719663,True
-11.77,2,93.721663,False
-10.57,7,93.727182,False
-12.03,3,93.731918,False
-10.55,5,93.736443,False
21.39,11,93.746443,True
-10.56,6,93.752935,False
21.14,11,93.762523,True
20.2,5,93.768601,True
20.19,6,93.773114,True
-11.78,3,93.776114,False
-11.79,4,93.782103,False
20.21,4,93.785136,True
-12.01,1,93.786722,False
21.66,9,93.795074,True
-11.53,3,93.79791,False
21.16,9,93.805584,True
21.67,8,93.812034,True
-12.01,1,93.813562,False
-12.01,1,93.814588,False
-12.02,2,93.816584,False
21.18,7,93.823102,True
-10.81,6,93.829103,False
-11.52,2,93.832208,False
21.14,11,93.841219,True
-11.78,3,93.844744,False
20.2,5,93.849366,True
-11.34,9,93.856732,False
20.2,5,93.860739,True
20.44,6,93.866872,True
-11.76,1,93.867872,False
21.18,7,93.874398,True
19.96,4,93.87792,True
-12.01,1,93.87892,False
-11.77,2,93.882222,False
21.38,12,93.894269,True
-11.77,2,93.895257,False
-11.77,2,93.898437,False
-11.54,4,93.902452,False
19.94,6,93.90797,True
-11.52,2,93.909481,False
19.95,5,93.913997,True
-12.02,2,93.915995,False
22.5,24,93.936368,True
-10.78,3,93.939892,False
-12.02,2,93.941891,False
-11.76,1,93.942892,False
22.4,10,93.95273,True
-11.77,2,93.95473,False
-12.01,1,93.95573,False
-12.01,1,93.95673,False
20.21,4,93.961242,True
21.15,10,93.970129,True
-11.79,4,93.973665,False
-11.53,3,93.976665,False
-11.76,1,93.977665,False
20.45,5,93.982679,True
21.16,9,93.990723,True
21.37,13,94.002307,True
-12.02,2,94.004824,False
-11.55,5,94.008829,False
-12.01,1,94.010829,False
-12.01,1,94.01183,False
20.21,4,94.015823,True
21.62,12,94.027333,True
-11.77,2,94.029648,False
-11.76,1,94.03074,False
22.16,9,94.038177,True
-11.55,5,94.04385,False
-11.05,5,94.048586,False
-11.8,5,94.053661,False
22.15,10,94.062253,True
20.43,7,94.068913,True
20.68,7,94.075351,True
-11.78,3,94.078393,False
-11.31,6,94.084482,False
-11.76,1,94.085568,False
-11.55,5,94.089497,False
-11.78,3,94.093023,False
-12.02,2,94.09554,False
21.64,11,94.105431,True
19.97,3,94.10757,True
-11.78,3,94.11057,False
20.43,7,94.11731,True
-12.02,2,94.12031,False
-11.76,1,94.12131,False
-11.58,8,94.128821,False
-9.8,5,94.133122,False
-11.76,1,94.135203,False
-11.78,3,94.13788,False
21.18,7,94.14388,True
-10.79,4,94.147269,False
-11.55,5,94.152281,False
-11.81,6,94.157786,False
20.45,5,94.162793,True
-11.54,4,94.167099,False
-12.02,2,94.169602,False
-12.01,1,94.170602,False
-11.78,3,94.173104,False
20.19,6,94.179653,True
-11.55,5,94.18461,False
-12.01,1,94.185618,False
-11.78,3,94.187617,False
21.15,10,94.198203,True
-11.55,5,94.202717,False
-12.05,5,94.207716,False
-11.56,6,94.21257,False
-11.54,4,94.216586,False
-11.54,4,94.221092,False
-11.31,6,94.226098,False
-11.77,2,94.229097,False
-12.01,1,94.230109,False
21.39,10,94.238081,True
-11.58,8,94.2456,False
-12.01,1,94.246045,False
-12.01,1,94.248059,False
-11.76,1,94.248059,False
20.21,4,94.253089,True
22.16,9,94.261127,True
-11.77,2,94.262639,False
-12.01,1,94.264915,False
-12.01,1,94.265921,False
-12.01,1,94.26692,False
-11.61,11,94.277454,False
-10.83,8,94.283475,False
22.12,13,94.296584,True
-12.01,1,94.297612,False
-11.57,7,94.303608,False
-12.01,1,94.304636,False
21.18,7,94.310916,True
19.95,5,94.316386,True
-11.8,5,94.321417,False
-12.03,3,94.323933,False
21.35,15,94.337268,True
21.43,7,94.34326,True
-11.53,3,94.346773,False
21.16,9,94.355029,True
20.44,6,94.360554,True
-11.79,4,94.36481,False
22.63,12,94.375853,True
-11.77,2,94.377853,False
20.94,6,94.38313,True
-10.6,10,94.392159,False
21.41,9,94.400535,True
-11.77,2,94.402539,False
19.97,3,94.405539,True
-11.77,2,94.407052,False
21.6,15,94.421009,True
21.16,9,94.429013,True
-11.08,8,94.436263,False
-12.01,1,94.437263,False
-12.02,2,94.439263,False
21.39,10,94.449049,True
-11.54,4,94.452554,False
-11.8,5,94.45756,False
-10.56,6,94.857781,False
19.96,4,94.862726,True
22.4,10,94.875753,True
20.2,5,94.881233,True
-12.01,1,94.883737,False
-12.02,2,94.885737,False
-10.84,9,94.897748,False
20.43,7,94.905765,True
-12.02,2,94.908765,False
-11.55,5,94.914668,False
20.2,5,94.919667,True
-11.79,4,94.922667,False
21.17,8,94.9325,True
-11.61,11,94.946518,False
-12.03,3,94.949544,False
21.65,10,94.961059,True
21.1,14,94.976991,True
-11.53,3,94.981382,False
-12.05,5,94.986887,False
20.2,5,94.993389,True
-11.77,2,94.996706,False
-11.54,4,95.002212,False
-11.78,3,95.006212,False
-11.54,4,95.010716,False
-10.56,6,95.015998,False
-12.01,1,95.018502,False
20.44,6,95.025502,True
-12.01,1,95.026502,False
-12.02,2,95.030312,False
20.2,5,95.036314,True
-12.02,2,95.038818,False
-11.54,4,95.043818,False
-11.78,3,95.047197,False
20.94,6,95.05371,True
-12.03,3,95.057709,False
21.16,9,95.065556,True
-11.53,3,95.069555,False
-12.03,3,95.072844,False
21.11,13,95.085237,True
19.93,7,95.091751,True
-11.55,5,95.097131,False
21.1,15,95.110193,True
20.19,6,95.116113,True
-11.76,1,95.117113,False
21.63,12,95.127637,True
-10.85,10,95.136453,False
-12.03,3,95.139453,False
20.2,5,95.143979,True
21.3,20,95.160578,True
-12.04,4,95.165434,False
20.44,6,95.170432,True
-11.76,1,95.171433,False
20.19,6,95.177036,True
-12.01,1,95.178041,False
20.2,5,95.183482,True
20.21,4,95.187516,True
-11.77,2,95.18952,False
20.21,4,95.193514,True
-11.78,3,95.196548,False
20.44,6,95.202579,True
20.17,8,95.210095,True
-11.77,2,95.212094,False
20.69,6,95.217113,True
21.41,9,95.225625,True
-11.54,4,95.230421,False
20.2,5,95.234413,True
21.91,9,95.242939,True
-11.78,3,95.245939,False
19.96,4,95.249715,True
20.19,6,95.255709,True
-11.78,3,95.258231,False
-11.78,3,95.261246,False
-11.78,3,95.263781,False
20.2,5,95.26878,True
20.44,6,95.274302,True
21.4,10,95.282755,True
-11.76,1,95.283755,False
-12.01,1,95.285748,False
20.2,5,95.29102,True
-11.53,3,95.294028,False
21.16,8,95.300452,True
-12.01,1,95.301456,False
20.68,7,95.307995,True
-11.55,5,95.312533,False
20.44,6,95.318829,True
21.19,6,95.323864,True
22.37,11,95.334112,True
-11.78,3,95.337111,False
20.95,5,95.341111,True
21.15,10,95.350194,True
-11.77,2,95.352699,False
20.92,8,95.360219,True
21.89,10,95.369541,True
-11.78,3,95.372541,False
21.87,13,95.383082,True
20.2,5,95.387607,True
-11.79,4,95.392132,False
-12.02,2,95.394132,False
-11.78,3,95.396641,False
22.41,9,95.405428,True
19.97,3,95.407953,True
-11.56,6,95.412662,False
20.4,10,95.422936,True
21.19,6,95.429447,True
-11.76,1,95.430794,False
-12.02,2,95.432784,False
19.96,4,95.436789,True
-11.78,3,95.439313,False
-11.79,4,95.443313,False
-11.77,2,95.445313,False
-11.55,5,95.450289,False
21.14,11,95.459823,True
21.37,12,95.470734,True
20.43,7,95.477239,True
-11.77,2,95.480246,False
-11.56,6,95.485286,False
20.43,7,95.49181,True
-10.78,3,95.49481,False
-12.01,1,95.49581,False
-11.78,3,95.499619,False
20.45,5,95.505137,True
-10.32,7,95.510644,False
20.93,7,95.51817,True
-11.78,3,95.520674,False
-11.52,2,95.522686,False
20.44,6,95.528684,True
-11.55,5,95.534134,False
-11.76,1,95.534134,False
20.21,4,95.538672,True
-11.3,5,95.543195,False
20.44,6,95.549494,True
-11.53,3,95.552198,False
-11.78,3,95.555212,False
20.44,6,95.560212,True
-11.77,2,95.563011,False
20.43,7,95.569849,True
-11.8,5,95.574389,False
-10.39,13,95.58677,False
-12.01,1,95.58777,False
20.21,4,95.591288,True
21.13,12,95.601783,True
-11.04,4,95.605309,False
-11.32,7,95.612194,False
21.4,10,95.620542,True
-11.85,10,95.629375,False
20.19,6,95.635396,True
19.96,4,95.638921,True
20.21,4,95.642921,True
21.38,12,95.654376,True
-11.6,10,95.663289,False
-11.54,4,95.667828,False
-12.01,1,95.668966,False
-12.02,2,95.670965,False
21.17,8,95.678603,True
-12.01,1,95.679919,False
-11.77,2,95.68192,False
21.19,6,95.687438,True
19.96,4,95.691455,True
-12.01,1,95.692452,False
20.2,5,95.697791,True
-11.82,7,95.703329,False
-12.01,1,95.704329,False
-12.01,1,95.706328,False
-11.76,1,95.707335,False
21.4,10,95.716121,True
-12.01,1,95.717121,False
-11.54,4,95.721646,False
-12.02,2,95.724642,False
-11.77,2,95.726642,False
-10.35,10,95.735311,False
-11.77,2,95.738306,False
-10.32,7,95.743817,False
-11.77,2,95.746177,False
-10.81,6,95.751729,False
20.43,7,95.758231,True
21.4,9,95.767215,True
-11.77,2,95.769219,False
-11.76,1,95.770737,False
-11.29,4,95.773744,False
20.44,6,95.779741,True
-11.78,3,95.7833,False
-11.79,4,95.787296,False
-11.76,1,95.788296,False
22.26,24,95.809838,True
21.18,7,95.816113,True
-11.77,2,95.818113,False
-11.77,2,95.820113,False
-12.02,2,95.821112,False
-11.52,2,95.823638,False
-12.01,1,95.824637,False
-12.03,3,95.827638,False
-11.55,5,95.833203,False
-11.57,7,95.839207,False
-11.8,5,95.843723,False
-11.56,6,95.849154,False
-11.56,6,95.854677,False
-11.57,7,95.860677,False
-10.63,13,96.26344,False
-10.55,5,96.269441,False
20.95,5,96.274947,True
-10.6,10,96.284488,False
-11.76,1,96.286488,False
-10.8,5,96.29299,False
-11.53,3,96.297363,False
20.21,4,96.301874,True
-11.76,1,96.303404,False
-11.53,3,96.307924,False
20.2,5,96.313462,True
-11.77,2,96.315951,False
21.66,9,96.324452,True
-11.56,6,96.331402,False
-11.54,4,96.335906,False
21.43,7,96.344906,True
20.43,6,96.351891,True
-11.79,4,96.357396,False
-10.8,5,96.363935,False
-11.32,7,96.372431,False
-11.54,4,96.376949,False
-11.78,3,96.381001,False
22.57,18,96.401394,True
21.43,7,96.408405,True
22.16,9,96.417587,True
-11.53,3,96.420091,False
20.44,6,96.426092,True
-12.03,3,96.429953,False
21.41,9,96.438454,True
-12.02,2,96.441457,False
-12.02,2,96.444458,False
-11.78,3,96.447857,False
-10.81,6,96.455375,False
-11.78,3,96.458379,False
20.21,4,96.462901,True
-11.55,5,96.468338,False
-11.77,2,96.470869,False
-12.02,2,96.472865,False
20.2,5,96.477869,True
-11.8,5,96.483752,False
21.94,6,96.488751,True
-11.77,2,96.491271,False
-10.6,10,96.501661,False
-11.78,3,96.504665,False
-12.03,3,96.507665,False
-11.53,3,96.510183,False
-12.02,2,96.512707,False
-11.78,3,96.516016,False
-11.53,3,96.519004,False
-11.58,8,96.526512,False
20.19,6,96.533412,True
-12.03,3,96.536935,False
20.95,5,96.541927,True
20.18,7,96.548128,True
-12.02,2,96.55013,False
-11.77,2,96.552648,False
-11.78,3,96.555191,False
-11.82,7,96.56119,False
-11.78,3,96.564306,False
-11.33,8,96.57132,False
20.21,4,96.574831,True
-12.01,1,96.575845,False
-11.3,5,96.579392,False
21.64,11,96.590539,True
-11.53,3,96.593057,False
22.26,24,96.615345,True
20.21,4,96.618858,True
-11.3,5,96.623858,False
22.16,9,96.632247,True
-11.77,2,96.634251,False
-11.78,3,96.63777,False
-10.57,7,96.643774,False
20.21,4,96.648607,True
-11.78,3,96.651608,False
20.21,4,96.655608,True
-10.63,13,96.667382,False
-12.04,4,96.670905,False
-11.53,3,96.673904,False
20.21,4,96.677899,True
21.2,5,96.68327,True
-11.08,8,96.690781,False
20.2,5,96.696274,True
-11.79,4,96.700803,False
-12.01,1,96.702308,False
20.17,8,96.70932,True
21.33,17,96.723979,True
-11.76,1,96.724989,False
-10.8,5,96.728984,False
-11.76,1,96.731018,False
20.21,4,96.734028,True
-11.77,2,96.736028,False
-10.56,6,96.742552,False
-11.77,2,96.744551,False
-11.78,3,96.746882,False
20.17,8,96.755385,True
-11.76,1,96.756391,False
-12.01,1,96.757391,False
-12.01,1,96.758391,False
21.87,13,96.770695,True
-11.77,2,96.772703,False
-11.77,2,96.774227,False
21.65,10,96.78365,True
20.19,6,96.78969,True
20.44,6,96.794196,True
20.2,5,96.798641,True
-12.01,1,96.800147,False
-11.6,9,96.808666,False
-11.78,3,96.812172,False
-11.3,5,96.816774,False
-11.6,10,96.826213,False
20.45,5,96.831645,True
-10.81,6,96.837407,False
-11.53,3,96.839407,False
-11.54,4,96.843409,False
-12.02,2,96.844404,False
20.15,10,96.854562,True
-11.8,5,96.859088,False
-12.01,1,96.860089,False
-12.01,1,96.861088,False
20.43,7,96.868041,True
-11.8,5,96.873039,False
-10.58,8,96.879956,False
-11.77,2,96.882553,False
-12.01,1,96.883565,False
-11.79,4,96.887564,False
-11.77,2,96.889074,False
-12.01,1,96.890074,False
-12.02,2,96.892074,False
19.96,4,96.896455,True
-10.81,6,96.902526,False
-10.79,4,96.905526,False
-11.54,4,96.909589,False
21.18,7,96.917019,True
-11.32,7,96.922542,False
-11.77,2,96.924542,False
-11.57,7,96.931993,False
-11.53,3,96.934991,False
19.97,3,96.937991,True
-11.54,4,96.941502,False
21.4,10,96.951314,True
-11.77,2,96.953313,False
-11.77,2,96.955313,False
-11.77,2,96.957313,False
22.16,8,96.965283,True
21.9,9,96.972816,True
-11.3,5,96.979815,False
21.17,8,96.986366,True
22.39,11,96.995889,True
21.13,12,97.006515,True
20.2,5,97.010522,True
20.2,5,97.014642,True
20.44,6,97.020641,True
-12.01,1,97.02164,False
-11.77,2,97.023641,False
-11.77,2,97.025938,False
-12.01,1,97.026938,False
-11.78,3,97.029347,False
20.44,6,97.036057,True
-11.76,1,97.037057,False
19.96,4,97.041065,True
20.2,5,97.045588,True
-11.81,6,97.050874,False
-11.8,5,97.056396,False
-11.76,1,97.057385,False
-11.76,1,97.058384,False
-11.76,1,97.059385,False
-12.01,1,97.060384,False
20.18,7,97.067316,True
-10.65,15,97.079155,False
20.21,4,97.083694,True
20.2,5,97.087229,True
-11.54,4,97.091228,False
21.41,9,97.100007,True
-12.01,1,97.100007,False
-11.54,4,97.104532,False
20.44,6,97.110046,True
-12.02,2,97.111046,False
-11.79,4,97.116356,False
-12.03,3,97.118877,False
-11.54,4,97.122877,False
20.45,5,97.126399,True
-11.53,3,97.129923,False
20.19,6,97.135229,True
-11.78,3,97.138747,False
-12.02,2,97.140752,False
22.34,15,97.152667,True
-11.78,3,97.155667,False
20.94,6,97.161191,True
-12.01,1,97.16249,False
-10.81,6,97.168505,False
-11.76,1,97.170011,False
20.2,5,97.174017,True
-11.56,6,97.180012,False
-12.03,3,97.18353,False
21.17,8,97.190536,True
-12.03,3,97.194046,False
-10.81,6,97.199312,False
21.58,17,97.214645,True
-11.31,6,97.220641,False
22.16,9,97.229155,True
-11.77,2,97.230449,False
20.2,5,97.235963,True
-11.3,5,97.240964,False
21.42,8,97.247873,True
-11.77,2,97.249873,False
21.27,23,97.653519,True
20.44,6,97.661024,True
20.19,6,97.668334,True
-11.31,6,97.67684,False
-11.78,3,97.680696,False
20.19,6,97.688219,True
-12.01,1,97.689219,False
20.21,4,97.694725,True
22.58,16,97.711628,True
-11.76,1,97.712468,False
-10.58,8,97.720993,False
21.19,6,97.727063,True
-11.54,4,97.732896,False
-11.3,5,97.738898,False
20.43,7,97.747789,True
-11.77,2,97.750788,False
21.42,8,97.760306,True
-11.56,6,97.766145,False
20.2,5,97.771145,True
-11.77,2,97.774651,False
-11.77,2,97.777653,False
-11.78,3,97.781058,False
-11.32,7,97.790071,False
-12.01,1,97.792075,False
21.41,9,97.801966,True
-12.02,2,97.804467,False
20.44,6,97.812208,True
-11.77,2,97.814297,False
-11.77,2,97.817801,False
-11.79,4,97.823352,False
-11.78,3,97.827359,False
-11.76,1,97.828864,False
-11.56,6,97.834941,False
-11.55,5,97.842445,False
-11.32,7,97.849499,False
-11.76,1,97.850467,False
21.41,9,97.859973,True
20.96,4,97.864297,True
-11.8,5,97.869819,False
-12.01,1,97.87082,False
20.21,4,97.87482,True
-11.79,4,97.879341,False
-12.01,1,97.880654,False
-12.02,2,97.882653,False
-12.01,1,97.883655,False
20.18,7,97.890702,True
-10.81,6,97.897153,False
20.43,7,97.902666,True
-12.03,3,97.905707,False
-11.78,3,97.909221,False
-11.78,3,97.91224,False
19.96,4,97.916488,True
22.4,10,97.92501,True
21.61,14,97.938266,True
-11.57,7,97.944791,False
-11.03,3,97.947246,False
-11.77,2,97.949239,False
21.58,16,97.963767,True
-11.78,3,97.966763,False
-12.01,1,97.967762,False
-11.79,4,97.970762,False
-12.01,1,97.972274,False
21.1,15,97.985685,True
-12.01,1,97.986699,False
21.61,14,97.999172,True
21.42,8,98.005991,True
21.18,7,98.011987,True
20.19,6,98.018023,True
-11.76,1,98.019023,False
20.2,5,98.023024,True
21.17,8,98.030916,True
-11.78,3,98.033905,False
-11.55,5,98.039416,False
-11.79,4,98.043416,False
20.44,6,98.049664,True
-10.85,9,98.057176,False
21.41,8,98.063826,True
-11.53,3,98.067332,False
-12.02,2,98.069324,False
-11.77,2,98.071324,False
-12.01,1,98.072324,False
20.2,5,98.076842,True
-11.76,1,98.077846,False
-11.76,1,98.079415,False
-11.77,2,98.082434,False
-11.55,5,98.087939,False
-11.55,5,98.092941,False
19.97,3,98.096527,True
-11.54,4,98.100076,False
-12.01,1,98.101081,False
-11.79,4,98.105081,False
-11.82,7,98.110643,False
20.19,6,98.117214,True
-12.01,1,98.118214,False
21.9,9,98.125741,True
-10.79,4,98.130116,False
20.43,7,98.136158,True
-12.01,1,98.137158,False
20.19,6,98.142686,True
-11.77,2,98.145679,False
-11.54,4,98.149985,False
-11.34,9,98.157497,False
19.96,4,98.161572,True
21.15,10,98.170917,True
20.44,6,98.175428,True
-12.01,1,98.177427,False
-12.01,1,98.179747,False
-11.53,3,98.181764,False
-11.37,12,98.193452,False
-12.02,2,98.195541,False
-11.76,1,98.196959,False
-11.76,1,98.198056,False
-10.78,3,98.201057,False
21.35,14,98.212665,True
22.34,16,98.22728,True
20.94,6,98.232517,True
-11.8,5,98.237063,False
20.2,5,98.242225,True
22.13,12,98.252857,True
-11.8,5,98.25839,False
-11.78,3,98.26039,False
-12.02,2,98.262807,False
-11.79,4,98.266334,False
-11.53,3,98.269349,False
-11.62,12,98.279368,False
-11.76,1,98.280389,False
-11.76,1,98.281388,False
20.18,7,98.287903,True
20.4,9,98.296309,True
-11.3,5,98.300859,False
19.96,4,98.305855,True
-12.02,2,98.307365,False
21.62,12,98.318819,True
-12.01,1,98.320343,False
20.93,7,98.326336,True
-12.01,1,98.327343,False
-12.05,5,98.332225,False
-11.54,4,98.33623,False
-11.79,4,98.339741,False
20.21,4,98.343755,True
-12.01,1,98.344755,False
-11.57,7,98.351788,False
-11.76,1,98.352788,False
22.16,9,98.360788,True
-11.54,4,98.364914,False
-12.01,1,98.365923,False
21.16,9,98.374443,True
-11.82,7,98.379567,False
-11.79,4,98.384339,False
-11.53,3,98.387844,False
-11.76,1,98.388851,False
-11.77,2,98.390851,False
-11.78,3,98.394363,False
-10.6,10,98.403226,False
-11.78,3,98.404736,False
20.44,6,98.411703,True
-12.01,1,98.412719,False
-11.79,4,98.416999,False
-12.02,2,98.418999,False
-12.01,1,98.420505,False
-10.84,9,98.428029,False
-11.79,4,98.432417,False
-11.53,3,98.434938,False
-12.01,1,98.435939,False
20.94,6,98.441938,True
19.96,4,98.445925,True
-11.08,8,98.452945,False
-12.06,6,98.459461,False
-11.77,2,98.461461,False
21.59,16,98.476604,True
-11.8,5,98.48095,False
-11.54,4,98.485456,False
-12.03,3,98.487983,False
21.14,11,98.498267,True
-12.01,1,98.499772,False
-10.63,12,98.510849,False
20.45,5,98.51518,True
22.14,10,98.524697,True
20.21,4,98.528223,True
-12.02,2,98.530129,False
19.97,3,98.534156,True
21.18,7,98.54078,True
-11.78,3,98.543782,False
-11.29,4,98.548257,False
-11.77,2,98.549766,False
-12.01,1,98.550772,False
-11.33,8,98.558772,False
-12.01,1,98.559292,False
-11.82,7,98.566707,False
-10.32,7,98.573203,False
-11.58,8,98.580552,False
-11.76,1,98.581117,False
19.97,3,98.585126,True
-11.53,3,98.588126,False
-11.77,2,98.590136,False
-11.77,2,98.592143,False
20.44,6,98.597674,True
-11.53,3,98.601098,False
20.44,6,98.607105,True
-11.77,2,98.609115,False
20.38,11,98.618782,True
-11.55,5,98.623307,False
-11.56,6,98.628307,False
-11.81,6,98.634786,False
-11.31,6,98.640786,False
-12.01,1,98.642297,False
20.21,4,98.646734,True
21.17,8,98.653285,True
19.95,5,98.658288,True
21.2,5,98.663587,True
22.36,14,99.048289,True
-12.01,1,99.050791,False
-11.81,6,99.057794,False
-11.54,4,99.062641,False
21.19,6,99.069699,True
22.29,20,99.088315,True
-11.79,4,99.093354,False
-11.77,2,99.095707,False
-11.76,1,99.096725,False
-11.76,1,99.097724,False
-12.02,2,99.100724,False
-10.86,11,99.111979,False
-11.55,5,99.117402,False
20.45,5,99.12311,True
-10.79,4,99.128113,False
21.42,8,99.135996,True
-11.77,2,99.137996,False
-11.77,2,99.141002,False
-11.8,5,99.146551,False
-12.01,1,99.147579,False
-11.77,2,99.150579,False
21.31,19,99.169471,True
21.41,9,99.181287,True
-11.77,2,99.184287,False
-11.62,12,99.199226,False
21.18,7,99.20774,True
-12.02,2,99.210255,False
-12.02,2,99.213189,False
20.2,5,99.218727,True
-11.79,4,99.222727,False
-11.78,3,99.226727,False
-11.77,2,99.22924,False
-11.53,3,99.232571,False
20.42,8,99.242084,True
20.19,6,99.247382,True
-10.83,8,99.255487,False
-11.54,4,99.260012,False
-12.02,2,99.262012,False
-11.54,4,99.266473,False
21.37,13,99.278175,True
-10.31,6,99.284346,False
-11.77,2,99.286346,False
20.2,5,99.290861,True
-11.77,2,99.292877,False
-11.53,3,99.296442,False
-11.09,9,99.305014,False
-12.07,7,99.311455,False
-11.36,10,99.320596,False
-12.02,2,99.32313,False
-11.78,3,99.32613,False
-11.77,2,99.328133,False
21.43,7,99.335082,True
-12.02,2,99.337082,False
-11.34,9,99.345945,False
-11.76,1,99.346973,False
21.39,11,99.356496,True
-12.03,3,99.360496,False
-12.01,1,99.361496,False
20.67,8,99.368361,True
20.17,8,99.37589,True
-11.29,4,99.380256,False
-11.32,7,99.386779,False
22.13,12,99.398137,True
-11.78,3,99.400831,False
20.42,8,99.407893,True
-11.54,4,99.412087,False
-11.76,1,99.413375,False
21.34,16,99.427436,True
20.44,6,99.433699,True
-12.02,2,99.435705,False
-11.77,2,99.439028,False
-11.55,5,99.443028,False
21.18,7,99.450066,True
-12.02,2,99.452065,False
-11.78,3,99.455062,False
-11.81,6,99.460573,False
-11.3,5,99.466074,False
-11.78,3,99.46858,False
-10.79,4,99.47259,False
-12.02,2,99.47459,False
21.42,8,99.482467,True
-11.54,4,99.486473,False
-12.02,2,99.487473,False
21.6,15,99.501424,True
20.18,7,99.507431,True
-11.77,2,99.50843,False
-11.77,2,99.511501,False
-11.8,5,99.515873,False
-12.01,1,99.517879,False
-11.78,3,99.52039,False
21.14,11,99.529406,True
-11.54,4,99.533741,False
-11.77,2,99.535748,False
20.44,6,99.929569,True
-11.78,3,99.932597,False
21.93,7,99.940093,True
-11.77,2,99.94211,False
-12.02,2,99.944103,False
-12.01,1,99.945104,False
19.95,5,99.950014,True
-11.64,14,99.962559,False
-11.53,3,99.965086,False
22.17,8,99.972619,True
-11.08,7,99.978618,False
-11.55,5,99.982806,False
21.42,8,99.990803,True
22.41,9,99.998497,True
-11.55,5,100.004006,False
19.96,4,100.008013,True
-12.01,1,100.009013,False
-10.85,10,100.019158,False
-11.55,5,100.024667,False
-11.76,1,100.026202,False
-12.02,2,100.027207,False
-11.78,3,100.030775,False
21.18,7,100.038295,True
-12.02,2,100.040301,False
-11.77,2,100.042301,False
-12.01,1,100.0443,False
21.43,7,100.051396,True
21.42,8,100.05892,True
-11.77,2,100.060921,False
21.87,12,100.072765,True
-11.53,3,100.07577,False
-12.01,1,100.077591,False
-11.04,4,100.081723,False
21.64,10,100.091937,True
-11.77,2,100.09394,False
21.18,7,100.101349,True
-12.02,2,100.103349,False
-11.77,2,100.105344,False
-11.53,3,100.108863,False
-11.78,3,100.112793,False
19.96,4,100.116818,True
-12.01,1,100.117817,False
-12.01,1,100.11933,False
-11.79,4,100.124344,False
-11.55,5,100.13023,False
20.69,6,100.136253,True
-11.77,2,100.139252,False
-11.29,4,100.143497,False
20.21,4,100.14694,True
-11.59,9,100.156336,False
-11.77,2,100.158343,False
-11.77,2,100.160343,False
-11.77,2,100.162855,False
-11.79,4,100.166315,False
-12.03,3,100.169314,False
-11.78,3,100.172661,False
-11.81,6,100.178841,False
-11.77,2,100.180421,False
21.18,7,100.187015,True
-11.55,5,100.192015,False
22.35,14,100.205871,True
20.44,6,100.210876,True
-12.02,2,100.213418,False
-10.79,4,100.216961,False
-11.81,6,100.222956,False
20.21,4,100.227485,True
22.58,17,100.242639,True
21.16,9,100.251319,True
-11.78,3,100.254319,False
-11.78,3,100.256843,False
-12.05,5,100.261847,False
19.94,6,100.267986,True
20.2,5,100.271986,True
-12.01,1,100.272985,False
20.2,5,100.277503,True
20.2,5,100.282516,True
20.45,5,100.287508,True
-11.81,6,100.293032,False
-12.02,2,100.294032,False
20.68,7,100.30108,True
21.64,11,100.310638,True
19.95,5,100.315032,True
20.8,20,100.3341,True
-11.78,3,100.337092,False
-11.8,5,100.342143,False
-11.77,2,100.344143,False
-11.77,2,100.346513,False
21.35,14,100.358557,True
-11.58,7,100.365443,False
20.44,6,100.370969,True
-11.77,2,100.372489,False
-12.01,1,100.373494,False
20.21,4,100.377488,True
-11.55,5,100.383266,False
-11.57,7,100.389271,False
-11.78,3,100.392772,False
-11.79,4,100.397152,False
19.97,3,100.400074,True
-11.78,3,100.403075,False
20.2,5,100.407663,True
21.12,13,100.419521,True
-11.78,3,100.422507,False
-11.77,2,100.425098,False
20.68,7,100.43051,True
22.16,9,100.440027,True
21.18,7,100.446963,True
22.35,15,100.851984,True
-10.8,5,100.858491,False
21.92,8,100.868958,True
-11.54,4,100.872959,False
20.19,6,100.880856,True
-12.01,1,100.882857,False
-11.54,4,100.887362,False
19.96,4,100.892361,True
-12.02,2,100.894361,False
-11.55,5,100.899773,False
21.19,6,100.905773,True
21.18,7,100.914286,True
-12.01,1,100.9163,False
21.35,15,100.934322,True
-11.77,2,100.936326,False
-11.77,2,100.939436,False
-12.01,1,100.941436,False
-11.53,3,100.945808,False
-12.01,1,100.946826,False
-12.01,1,100.947826,False
-11.77,2,100.951096,False
20.96,4,100.956096,True
-12.03,3,100.959611,False
-11.57,7,100.967021,False
-10.8,5,100.973532,False
21.17,8,100.983461,True
-11.79,4,100.988461,False
-11.54,4,100.993968,False
-11.54,4,100.998475,False
-11.77,2,101.001981,False
19.97,3,101.00598,True
-11.78,3,101.010482,False
-11.57,7,101.019049,False
21.43,7,101.027062,True
-12.04,4,101.030413,False
-11.53,3,101.034595,False
-12.01,1,101.036597,False
-10.85,10,101.046559,False
-11.77,2,101.048628,False
21.65,10,101.058319,True
21.19,6,101.065174,True
-11.05,5,101.070181,False
-11.76,1,101.07118,False
-11.31,6,101.077705,False
-10.86,10,101.087486,False
-12.01,1,101.088486,False
-12.01,1,101.090486,False
20.21,4,101.093998,True
-10.84,9,101.103173,False
-12.01,1,101.104173,False
19.96,4,101.107697,True
-11.78,3,101.111699,False
21.19,6,101.116858,True
-11.77,2,101.118864,False
-12.03,3,101.121376,False
-11.53,3,101.124882,False
21.18,7,101.131526,True
-11.57,7,101.138066,False
19.95,5,101.143062,True
22.39,10,101.1513,True
22.13,11,101.161541,True
20.43,7,101.168802,True
-11.78,3,101.171313,False
-11.81,6,101.176821,False
20.68,7,101.183612,True
20.43,7,101.191351,True
-11.79,4,101.194357,False
-10.55,5,101.199829,False
-11.55,5,101.204915,False
-11.77,2,101.206916,False
-11.78,3,101.210421,False
21.14,11,101.221251,True
-11.79,4,101.224256,False
-12.02,2,101.226332,False
-11.77,2,101.229008,False
19.94,6,101.235007,True
-12.01,1,101.235961,False
20.44,6,101.241477,True
21.18,7,101.248792,True
-11.78,3,101.251791,False
-12.02,2,101.254303,False
-11.77,2,101.256302,False
-11.3,5,101.260302,False
-11.79,4,101.264643,False
20.18,7,101.271645,True
-11.76,1,101.272644,False
20.94,6,101.277316,True
-12.01,1,101.278314,False
-11.82,7,101.287037,False
20.21,4,101.291039,True
21.19,6,101.297001,True
-11.54,4,101.301224,False
-12.02,2,101.303229,False
-11.79,4,101.306892,False
-10.58,8,101.314489,False
20.2,5,101.319019,True
-11.77,2,101.321532,False
-11.54,4,101.324532,False
-11.77,2,101.327125,False
-11.78,3,101.331154,False
-10.84,9,101.338755,False
-12.02,2,101.340755,False
21.17,8,101.34924,True
21.17,8,101.356244,True
-10.34,9,101.365908,False
-11.8,5,101.370429,False
20.18,7,101.376429,True
-11.32,7,101.382673,False
21.43,7,101.388673,True
-11.8,5,101.393818,False
-12.03,3,101.397104,False
-11.57,7,101.403126,False
21.41,9,101.411639,True
21.42,8,101.419176,True
-11.56,6,101.424848,False
-11.88,13,101.437422,False
-11.81,6,101.442015,False
-11.76,1,101.443093,False
-11.77,2,101.445094,False
21.12,13,101.457358,True
-11.77,2,101.460366,False
-11.79,4,101.463658,False
-11.78,3,101.469654,False
20.2,5,101.474178,True
-11.81,6,101.479498,False
21.41,9,101.489761,True
-11.8,5,101.49477,False
21.49,26,101.518136,True
-11.78,3,101.522135,False
20.44,6,101.527159,True
-12.01,1,101.528159,False
19.97,3,101.531642,True
20.18,7,101.537179,True
-12.05,5,101.542179,False
-12.01,1,101.544179,False
21.18,7,101.550375,True
20.45,5,101.556404,True
-11.32,7,101.562954,False
-11.3,5,101.567498,False
20.2,5,101.57256,True
-11.78,3,101.575457,False
21.41,9,101.584011,True
21.42,8,101.592586,True
20.2,5,101.597266,True
21.41,9,101.605813,True
-12.01,1,101.606811,False
21.63,11,101.61803,True
20.42,8,101.626569,True
-12.01,1,101.627569,False
-12.03,3,101.630974,False
21.33,17,101.645492,True
20.44,6,101.652018,True
20.45,5,101.656618,True
-11.34,9,101.664514,False
-11.08,8,101.672507,False
-12.02,2,101.674779,False
21.35,15,101.687298,True
21.4,10,101.695828,True
-12.01,1,101.696829,False
20.43,7,101.702343,True
-11.35,10,101.711385,False
-11.53,3,101.714154,False
-11.54,4,101.71869,False
20.67,8,101.725196,True
-11.8,5,101.730524,False
-10.57,7,101.73704,False
-11.55,5,101.742035,False
-11.78,3,101.744546,False
-12.01,1,101.746095,False
21.14,11,101.756118,True
-11.33,7,101.762934,False
-11.79,4,101.766452,False
22.4,10,101.775458,True
-11.31,6,101.781572,False
20.45,5,101.785574,True
20.2,5,101.790085,True
-11.54,4,101.795083,False
-10.33,8,101.802796,False
-12.02,2,101.8048,False
-12.01,1,101.805798,False
-11.54,4,101.809472,False
-12.01,1,101.810467,False
-12.06,6,101.816687,False
20.21,4,101.820197,True
21.16,9,101.828203,True
-11.77,2,101.830508,False
-11.78,3,101.833507,False
21.41,9,101.842022,True
-11.78,3,101.845021,False
20.21,4,101.848238,True
-11.76,1,101.850316,False
-11.8,5,101.853981,False
-12.01,1,101.855906,False
-11.55,5,101.860565,False
19.97,3,101.863954,True
-11.31,6,101.869874,False
-12.01,1,101.870874,False
20.19,6,102.253741,True
19.95,5,102.258243,True
-11.53,3,102.261245,False
-11.78,3,102.265719,False
-11.76,1,102.267719,False
-12.01,1,102.269224,False
-11.53,3,102.273225,False
21.86,13,102.287548,True
21.4,10,102.298457,True
21.17,8,102.308473,True
-11.54,4,102.314429,False
-11.09,9,102.32495,False
21.43,7,102.333658,True
20.44,6,102.340657,True
-10.81,6,102.347124,False
-11.8,5,102.35263,False
-12.02,2,102.354631,False
-12.01,1,102.356631,False
21.19,6,102.36419,True
-11.77,2,102.367188,False
-12.02,2,102.369189,False
21.16,9,102.381094,True
21.42,8,102.389606,True
21.19,6,102.396543,True
-11.77,2,102.39854,False
-11.76,1,102.399541,False
21.41,9,102.40958,True
20.44,6,102.41544,True
-12.01,1,102.417443,False
-11.54,4,102.421948,False
-11.77,2,102.423948,False
20.21,4,102.429819,True
-11.54,4,102.433843,False
20.2,5,102.439967,True
-12.01,1,102.440967,False
-11.54,4,102.444967,False
-10.8,5,102.4509,False
-11.77,2,102.452899,False
20.91,9,102.461436,True
21.36,13,102.473316,True
20.21,4,102.477827,True
-11.77,2,102.480143,False
20.42,8,102.48866,True
-11.53,3,102.491661,False
-12.02,2,102.49366,False
19.95,5,102.499447,True
-11.78,3,102.502436,False
-11.77,2,102.503955,False
22.61,14,102.516297,True
-10.8,5,102.521342,False
-12.02,2,102.523346,False
21.39,11,102.53299,True
-11.77,2,102.534983,False
-12.01,1,102.535977,False
-11.79,4,102.540579,False
-11.55,5,102.5453,False
-11.56,5,102.549722,False
21.4,10,102.55925,True
21.18,7,102.56511,True
20.44,6,102.570117,True
-10.8,5,102.574639,False
-11.53,3,102.57764,False
20.2,5,102.582414,True
20.45,5,102.586428,True
-11.57,7,102.593951,False
-11.8,5,102.599348,False
20.21,4,102.602347,True
-11.76,1,102.603859,False
-11.56,6,102.609874,False
-11.03,3,102.612873,False
21.39,11,102.622196,True
-11.78,3,102.625718,False
21.41,9,102.633591,True
20.95,5,102.638113,True
-12.02,2,102.640108,False
22.14,11,102.650593,True
-11.06,6,102.656098,False
-12.01,1,102.657104,False
-12.01,1,102.659105,False
-11.78,3,102.662105,False
19.97,3,102.664582,True
21.66,9,102.672566,True
20.68,7,102.679086,True
-12.01,1,102.679621,False
-11.57,7,102.687142,False
21.18,7,102.693153,True
-11.77,2,102.695153,False
-10.85,9,102.702654,False
-11.77,2,102.706173,False
-11.54,4,102.709397,False
-11.78,3,102.712762,False
20.2,5,102.716778,True
-12.03,3,102.720305,False
19.94,6,102.724827,True
-11.77,2,102.727352,False
20.15,10,102.737241,True
-10.83,7,102.743765,False
-12.02,2,102.745765,False
-11.76,1,102.746209,False
-11.56,6,102.752736,False
-11.77,2,102.754736,False
20.2,5,102.758736,True
21.92,8,102.767566,True
19.96,4,102.771085,True
19.96,4,102.774089,True
-12.01,1,102.77609,False
-11.78,3,102.779487,False
-11.77,2,102.781021,False
-11.77,2,102.783035,False
-11.54,4,102.787035,False
-10.08,8,102.794554,False
-11.78,3,102.797525,False
-11.32,7,102.804555,False
-12.01,1,102.805569,False
-12.03,3,102.808569,False
-11.76,1,102.809569,False
-11.78,3,102.81322,False
21.18,7,102.819237,True
-11.79,4,102.823258,False
-11.77,2,102.826263,False
20.2,5,102.83065,True
-11.81,6,102.836665,False
20.19,6,102.842664,True
-11.77,2,102.845202,False
20.2,5,102.849605,True
21.42,8,102.857126,True
21.4,9,102.864607,True
-11.54,4,102.868773,False
-11.54,4,102.872791,False
-11.77,2,102.875297,False
-11.54,4,102.879302,False
19.95,5,102.883715,True
20.19,6,102.889235,True
-11.79,4,102.89324,False
-11.3,5,102.897075,False
-12.01,1,102.898073,False
-12.02,2,102.900073,False
-12.02,2,102.902072,False
-12.01,1,102.904066,False
-11.55,5,102.909081,False
-11.77,2,102.91108,False
-11.3,5,102.915377,False
-11.84,8,102.923421,False
-12.01,1,102.92442,False
21.42,8,102.931707,True
21.43,7,102.938236,True
-11.56,6,102.944235,False
21.64,11,102.953774,True
-11.78,3,102.956775,False
-11.55,5,102.961301,False
-12.01,1,102.9623,False
21.44,6,102.969064,True
-11.77,2,102.971068,False
19.97,3,102.974068,True
-11.79,4,102.977067,False
20.96,4,102.980387,True
-12.02,2,102.98339,False
20.2,5,102.988385,True
21.66,9,102.994908,True
-11.32,7,103.003843,False
-12.02,2,103.005349,False
-11.54,4,103.010353,False
-11.76,1,103.01141,False
20.21,4,103.016861,True
-11.77,2,103.018861,False
20.2,5,103.024383,True
-11.55,5,103.030811,False
20.45,5,103.036317,True
-11.06,6,103.041828,False
21.62,13,103.054752,True
20.2,5,103.058752,True
21.18,7,103.06604,True
21.19,6,103.071037,True
-10.83,8,103.07956,False
-11.8,5,103.083352,False
-11.76,1,103.085367,False
-11.79,4,103.088367,False
21.19,6,103.093872,True
-11.53,3,103.09619,False
21.64,11,103.105736,True
-11.3,5,103.110751,False
-11.77,2,103.112751,False
-12.02,2,103.114575,False
-11.77,2,103.11611,False
-10.8,5,103.121124,False
-11.77,2,103.122127,False
19.96,4,103.126192,True
-12.02,2,103.128191,False
20.2,5,103.132473,True
20.18,7,103.139986,True
-12.02,2,103.141986,False
20.69,6,103.145986,True
22.21,28,103.171237,True
-11.79,4,103.175237,False
-12.01,1,103.176237,False
-11.57,6,103.182151,False
-11.76,1,103.18315,False
-12.01,1,103.185149,False
-12.03,3,103.187656,False
-11.32,7,103.194663,False
-11.77,2,103.197064,False
21.37,13,103.208149,True
-11.78,3,103.210163,False
-12.02,2,103.212486,False
-11.32,7,103.21976,False
20.2,5,103.224266,True
19.96,4,103.227783,True
-12.01,1,103.229153,False
20.44,6,103.235171,True
19.97,3,103.238379,True
-11.55,5,103.242902,False
20.21,4,103.246422,True
-11.78,3,103.250043,False
-11.76,1,103.25105,False
-12.01,1,103.252049,False
19.97,3,103.25505,True
22.4,10,103.263852,True
-11.78,3,103.266848,False
-12.01,1,103.267848,False
21.41,9,103.66391,True
-11.77,2,103.66691,False
-11.54,4,103.672023,False
-10.64,12,103.686143,False
-11.55,5,103.691649,False
21.41,9,103.70047,True
21.15,10,103.712939,True
-11.54,4,103.717958,False
21.65,10,103.730426,True
-12.01,1,103.731496,False
-11.82,7,103.740996,False
-11.59,9,103.751859,False
-12.01,1,103.753859,False
-11.8,5,103.758361,False
-11.56,6,103.766251,False
21.35,15,103.783649,True
-11.78,3,103.787649,False
-12.01,1,103.789649,False
-11.8,5,103.795461,False
20.2,5,103.801477,True
-11.77,2,103.804983,False
-11.77,2,103.806983,False
-11.31,6,103.814337,False
20.2,5,103.820844,True
-12.01,1,103.821844,False
22.63,12,103.834003,True
-10.83,8,103.842006,False
-12.03,3,103.845842,False
20.2,5,103.850363,True
-11.78,3,103.853363,False
20.2,5,103.859877,True
21.12,13,103.871773,True
-11.76,1,103.873772,False
-11.78,3,103.876289,False
-11.76,1,103.878294,False
20.42,8,103.886126,True
-11.81,6,103.89214,False
20.89,10,103.900975,True
-11.54,4,103.905975,False
-11.55,5,103.910021,False
-11.78,3,103.913476,False
-12.02,2,103.915462,False
21.12,13,103.927913,True
-11.78,3,103.930261,False
-11.55,5,103.935261,False
-12.01,1,103.936254,False
-11.76,1,103.938261,False
-11.53,3,103.940784,False
20.43,7,103.947178,True
-12.01,1,103.947178,False
-11.53,3,103.951692,False
-11.79,3,103.954691,False
-11.77,2,103.956692,False
-11.59,9,103.965453,False
-11.59,9,103.972967,False
-11.78,3,103.975967,False
-11.77,2,103.977967,False
-11.82,6,103.983874,False
21.41,9,103.9924,True
19.97,3,103.994913,True
21.13,12,104.005493,True
20.43,7,104.012486,True
-11.77,2,104.014511,False
19.97,3,104.01651,True
-12.01,1,104.01851,False
19.97,3,104.02051,True
21.18,7,104.027549,True
-12.02,2,104.029132,False
21.42,8,104.035669,True
-11.57,6,104.041196,False
-11.78,3,104.044728,False
21.92,8,104.052279,True
-11.58,8,104.059796,False
-11.53,3,104.063202,False
20.21,4,104.066748,True
-11.55,5,104.071748,False
20.44,6,104.077269,True
21.41,9,104.085255,True
-12.01,1,104.086259,False
-10.32,7,104.093259,False
-11.76,1,104.09426,False
-11.53,3,104.09775,False
22.11,13,104.110776,True
-11.76,1,104.111776,False
-11.77,2,104.11406,False
21.19,6,104.119585,True
21.32,18,104.134921,True
-11.77,2,104.13805,False
20.21,4,104.141048,True
-12.01,1,104.142048,False
-10.58,8,104.149574,False
-11.53,3,104.152576,False
19.97,3,104.155574,True
21.65,10,104.164338,True
-12.02,2,104.166336,False
-11.33,7,104.173861,False
-11.77,2,104.174861,False
19.95,5,104.179956,True
-11.77,2,104.181948,False
-12.01,1,104.182947,False
-11.78,3,104.185956,False
20.2,5,104.190481,True
-11.78,3,104.193482,False
-12.01,1,104.194481,False
-11.76,1,104.195866,False
20.44,6,104.201136,True
20.19,6,104.206141,True
-11.78,3,104.208141,False
-11.55,5,104.213652,False
-11.3,5,104.218651,False
20.21,4,104.222176,True
19.97,3,104.225176,True
21.17,8,104.232654,True
-12.02,2,104.234651,False
-12.04,4,104.238651,False
21.19,30,104.263507,True
21.18,7,104.269506,True
21.55,20,104.286846,True
-11.76,1,104.287846,False
20.21,4,104.291847,True
21.15,10,104.300709,True
20.19,6,104.306232,True
20.45,5,104.31207,True
20.19,6,104.317613,True
19.95,5,104.321613,True
-11.76,1,104.323611,False
20.44,6,104.328637,True
-12.01,1,104.329938,False
-11.76,1,104.331939,False
-12.03,3,104.335009,False
-11.54,4,104.342239,False
21.39,11,104.352063,True
20.2,5,104.357588,True
-11.77,2,104.359588,False
-12.03,3,104.362588,False
-11.79,4,104.366398,False
-11.56,6,104.372408,False
21.36,14,104.384338,True
-11.78,3,104.388387,False
-11.32,7,104.394385,False
20.21,4,104.398078,True
21.14,11,104.407593,True
-11.55,5,104.413164,False
21.38,12,104.423716,True
20.44,6,104.428756,True
20.19,6,104.433581,True
-11.56,6,104.439581,False
-11.78,3,104.442625,False
-11.77,2,104.444629,False
-12.02,2,104.447125,False
21.16,9,104.45465,True
-11.54,4,104.458646,False
-11.54,4,104.462152,False
-11.55,5,104.468441,False
-12.03,3,104.471441,False
21.61,14,104.484001,True
-12.02,2,104.486998,False
20.17,8,104.493521,True
-12.01,1,104.494526,False
-11.07,7,104.501941,False
19.95,5,104.506467,True
21.62,13,104.518765,True
20.45,5,104.522765,True
21.4,10,104.531803,True
21.17,8,104.538877,True
-11.32,7,104.546038,False
-10.57,7,104.551588,False
-12.01,1,104.553587,False
-11.78,3,104.556105,False
-11.76,1,104.55711,False
19.95,5,104.56211,True
-11.77,2,104.564359,False
-12.01,1,104.565871,False
-11.8,5,104.57039,False
-11.57,7,104.576991,False
-11.54,4,104.581093,False
-11.31,6,104.585636,False
21.42,8,104.593151,True
-11.78,3,104.596991,False
20.2,5,104.601005,True
-11.77,2,104.603005,False
20.69,6,104.60948,True
-10.82,7,104.616415,False
-11.54,4,104.61994,False
-12.02,2,104.62194,False
22.4,10,104.631263,True
-10.32,7,104.637255,False
20.2,5,104.64178,True
-12.02,2,104.643779,False
-11.82,7,104.650569,False
-11.77,2,104.652565,False
-12.02,2,104.654565,False
-12.02,2,104.656565,False
-11.3,5,104.661075,False
-11.76,1,104.66252,False
-11.53,3,104.665548,False
-12.01,1,104.667547,False
-12.01,1,104.669002,False
21.4,9,105.064202,True
-11.77,2,105.067201,False
-11.77,2,105.07071,False
-11.78,3,105.074711,False
20.44,6,105.080671,True
-11.77,2,105.082671,False
-10.55,5,105.087671,False
21.65,10,105.100095,True
-11.77,2,105.103098,False
20.68,7,105.111603,True
21.87,13,105.127017,True
22.63,11,105.140409,True
-11.55,5,105.145769,False
21.18,7,105.15385,True
-12.03,3,105.15785,False
-10.57,7,105.166689,False
-11.53,3,105.170689,False
-11.55,5,105.177196,False
-11.78,3,105.181528,False
-11.77,2,105.185031,False
20.44,6,105.192036,True
-11.76,1,105.193035,False
-11.79,4,105.198018,False
-11.77,2,105.200017,False
22.15,10,105.210523,True
-11.77,2,105.212966,False
-11.77,2,105.216005,False
22.16,9,105.226514,True
-11.54,4,105.23243,False
-12.01,1,105.23343,False
-11.56,6,105.240461,False
-11.06,6,105.247334,False
-11.78,3,105.251333,False
20.21,4,105.256846,True
21.17,8,105.264163,True
-10.8,5,105.269682,False
22.58,17,105.286489,True
-12.01,1,105.286489,False
-10.85,9,105.297456,False
-12.01,1,105.298452,False
20.45,5,105.303863,True
21.17,8,105.312152,True
21.84,15,105.325664,True
-12.01,1,105.326664,False
-11.78,3,105.330499,False
21.43,7,105.335538,True
-11.77,2,105.338546,False
21.16,9,105.346646,True
-11.77,2,105.349648,False
-11.76,1,105.350647,False
-12.01,1,105.35217,False
20.2,5,105.356688,True
20.21,4,105.359693,True
20.2,5,105.36476,True
-11.76,1,105.36576,False
-12.01,1,105.366759,False
20.19,6,105.373283,True
-11.53,3,105.376283,False
-11.77,2,105.378283,False
20.68,7,105.385345,True
-12.01,1,105.387352,False
21.17,8,105.393877,True
-11.76,1,105.395266,False
-12.01,1,105.396272,False
-11.54,4,105.40127,False
21.64,11,105.41053,True
-12.01,1,105.41153,False
21.4,10,105.421195,True
-11.53,3,105.423777,False
-11.77,2,105.426457,False
-11.78,3,105.428545,False
-11.32,7,105.435677,False
-11.77,2,105.437676,False
21.4,10,105.446173,True
-11.78,3,105.449186,False
-11.77,2,105.452192,False
-11.54,4,105.455713,False
-12.01,1,105.456718,False
-10.61,10,105.466053,False
21.43,7,105.472056,True
-10.6,10,105.481916,False
-12.01,1,105.482917,False
-11.78,3,105.484917,False
20.44,6,105.491429,True
-11.56,6,105.496808,False
20.45,5,105.501811,True
-10.82,6,105.507332,False
20.21,4,105.511347,True
-11.33,8,105.517958,False
21.42,8,105.524962,True
-11.77,2,105.526962,False
-10.58,8,105.534493,False
20.2,5,105.538532,True
-11.55,5,105.544163,False
-11.77,2,105.546507,False
-10.41,16,105.559533,False
-11.3,5,105.563992,False
-11.31,6,105.569714,False
-11.77,2,105.571729,False
21.18,7,105.577729,True
-11.77,2,105.58024,False
-10.81,6,105.586527,False
-12.01,1,105.587523,False
-11.78,3,105.591029,False
-12.01,1,105.592036,False
-12.01,1,105.593035,False
-11.77,2,105.595036,False
21.19,6,105.600914,True
-10.79,4,105.604922,False
20.21,4,105.608444,True
-11.55,5,105.613408,False
-12.01,1,105.614428,False
-12.01,1,105.614428,False
-11.77,2,105.617955,False
20.44,6,105.623211,True
-10.32,7,105.629288,False
21.18,7,105.635818,True
-10.8,5,105.640824,False
-12.01,1,105.640824,False
-11.77,2,105.643352,False
21.43,7,105.650273,True
20.45,5,105.654791,True
21.63,12,105.666654,True
-11.55,5,105.670641,False
20.21,4,105.67517,True
-11.79,4,105.67817,False
-12.01,1,105.679749,False
21.42,8,105.686302,True
20.45,5,105.691302,True
-11.36,11,105.701468,False
-10.78,3,105.703467,False
-12.02,2,105.706993,False
19.97,3,105.709993,True
-11.3,5,105.714297,False
20.21,4,105.718366,True
20.43,7,105.724366,True
-11.54,4,105.728884,False
-11.58,7,105.734219,False
-11.78,3,105.736745,False
-11.76,1,105.738255,False
-12.01,1,105.740269,False
-10.33,8,105.747197,False
21.42,8,105.754195,True
-10.84,9,105.762026,False
21.41,9,105.76857,True
20.44,6,105.77457,True
20.2,5,105.779093,True
20.19,6,105.784332,True
-11.54,4,105.787843,False
-11.77,2,105.790851,False
-11.55,5,105.796168,False
-12.01,1,105.797201,False
-12.01,1,105.79818,False
-12.01,1,105.800443,False
20.2,5,105.804442,True
-12.01,1,105.806436,False
-11.78,3,105.808975,False
-11.79,4,105.813378,False
-11.55,5,105.817907,False
-11.78,3,105.820418,False
-11.76,1,105.822418,False
21.63,12,105.83237,True
-12.01,1,105.834384,False
20.21,4,105.838378,True
20.2,5,105.842902,True
22.37,13,105.85435,True
20.19,6,105.859385,True
-12.01,1,105.860906,False
-12.01,1,105.861918,False
20.45,5,105.867508,True
20.44,6,105.8727,True
20.2,5,105.876699,True
-11.77,2,105.878699,False
-11.77,2,105.881499,False
22.11,14,105.893035,True
-11.87,11,105.903825,False
20.68,7,105.909816,True
22.16,9,105.919312,True
20.2,5,105.923818,True
-11.8,5,105.928336,False
20.2,5,105.933355,True
-11.76,1,105.933866,False
-11.77,2,105.93588,False
21.41,9,105.944406,True
-12.01,1,105.945446,False
20.44,6,105.951466,True
-11.78,3,105.953466,False
20.67,8,105.960992,True
-11.76,1,105.962367,False
-11.77,2,105.96439,False
20.2,5,105.968901,True
-11.78,3,105.971897,False
20.21,4,105.975897,True
-11.58,8,105.983926,False
20.19,6,105.989438,True
21.13,12,106.000186,True
-11.8,5,106.005186,False
21.42,8,106.012708,True
-12.01,1,106.014003,False
19.96,4,106.017514,True
21.18,7,106.023528,True
-11.3,5,106.028028,False
-12.01,1,106.029392,False
-12.02,2,106.032415,False
21.19,6,106.037452,True
-11.76,1,106.038463,False
20.21,4,106.042471,True
-11.55,5,106.047135,False
-12.05,5,106.051649,False
-11.77,2,106.053648,False
-11.33,8,106.061167,False
21.66,9,106.068697,True
22.59,16,106.486041,True
-12.01,1,106.487543,False
-12.02,2,106.489546,False
-11.77,2,106.491546,False
21.62,13,106.504436,True
20.21,4,106.508944,True
21.15,10,106.519836,True
-11.78,3,106.52384,False
-12.01,1,106.525843,False
-12.01,1,106.527841,False
-11.05,5,106.533248,False
-10.35,10,106.543838,False
-12.06,6,106.550219,False
20.2,5,106.555723,True
22.34,15,106.573789,True
-11.79,4,106.578821,False
-10.78,3,106.582747,False
21.41,9,106.593255,True
-11.77,2,106.5966,False
21.17,8,106.606106,True
22.4,10,106.621652,True
20.16,9,106.636169,True
-12.02,2,106.640176,False
22.13,12,106.656202,True
-12.01,1,106.658202,False
20.43,7,106.668168,True
20.68,7,106.676872,True
20.17,7,106.683356,True
20.2,5,106.688356,True
20.94,6,106.694884,True
-12.01,1,106.696074,False
20.44,6,106.702099,True
21.37,13,106.714413,True
-11.57,7,106.721936,False
-10.88,12,106.733338,False
-11.53,3,106.736334,False
-11.77,2,106.73884,False
-12.01,1,106.740345,False
-11.32,7,106.74699,False
-11.77,2,106.749507,False
-12.03,3,106.751505,False
20.21,4,106.756031,True
-11.55,5,106.760044,False
20.19,6,106.765594,True
19.97,3,106.769102,True
-12.01,1,106.770117,False
21.67,8,106.777116,True
21.41,9,106.784149,True
-12.02,2,106.786149,False
21.4,10,106.796605,True
20.43,7,106.802121,True
21.42,8,106.810117,True
-11.77,2,106.813147,False
-12.01,1,106.814137,False
-10.58,8,106.820136,False
-12.01,1,106.822644,False
-11.77,2,106.824651,False
-12.01,1,106.82565,False
-11.76,1,106.82717,False
22.18,7,106.833118,True
20.68,7,106.840619,True
20.67,8,106.847749,True
-10.79,4,106.851764,False
21.16,9,106.860107,True
-12.01,1,106.861107,False
-11.76,1,106.862107,False
-11.53,3,106.865119,False
-10.79,4,106.869129,False
19.96,4,106.872126,True
-11.53,3,106.875652,False
22.32,16,107.397881,True
22.15,10,107.408413,True
21.37,13,107.420573,True
-11.53,3,107.423587,False
20.41,9,107.431761,True
-12.01,1,107.433762,False
21.39,11,107.442798,True
20.44,6,107.449315,True
21.42,8,107.45585,True
-10.8,5,107.460371,False
-10.58,8,107.467892,False
-12.01,1,107.468893,False
-11.76,1,107.469893,False
20.44,6,107.475416,True
20.68,7,107.483502,True
-12.01,1,107.48402,False
-11.77,2,107.486025,False
20.45,5,107.491025,True
20.44,6,107.496925,True
-11.77,2,107.498922,False
-12.01,1,107.500921,False
-12.01,1,107.50192,False
21.1,15,107.514807,True
-12.01,1,107.515312,False
-12.04,4,107.51932,False
20.2,5,107.52332,True
20.67,8,107.531218,True
21.4,10,107.539792,True
-11.77,2,107.542547,False
20.69,6,107.547552,True
-10.38,12,107.558609,False
-11.32,7,107.565003,False
21.58,17,107.58016,True
-11.79,4,107.58403,False
21.18,7,107.589556,True
20.2,5,107.594556,True
21.65,10,107.602979,True
-11.78,3,107.605974,False
-12.01,1,107.60698,False
-11.3,5,107.611506,False
-11.54,4,107.614874,False
21.19,6,107.621127,True
-11.55,5,107.625127,False
-12.01,1,107.626127,False
20.2,5,107.631457,True
-11.3,5,107.635636,False
-11.31,6,107.641156,False
21.19,6,107.64693,True
-10.89,14,107.658773,False
21.41,9,107.668634,True
20.41,9,107.676157,True
21.17,8,107.684057,True
21.18,7,107.690052,True
-11.78,3,107.692565,False
21.41,9,107.701912,True
-12.01,1,107.702432,False
21.43,7,107.708436,True
-11.79,4,107.713082,False
-11.56,6,107.719109,False
-12.02,2,107.721109,False
-12.01,1,107.722109,False
-12.03,3,107.724633,False
-11.31,6,107.730942,False
-11.77,2,107.733445,False
-11.78,3,107.736996,False
-11.78,3,107.738996,False
-11.78,3,107.741997,False
-11.77,2,107.745042,False
-11.77,2,107.747643,False
22.4,10,107.756169,True
20.2,5,107.761688,True
-11.56,6,107.766641,False
21.18,7,107.772641,True
22.39,11,107.782573,True
-12.01,1,107.78457,False
-11.52,2,107.78557,False
22.38,12,107.797743,True
-12.02,2,107.800518,False
-12.02,2,107.802199,False
-11.79,4,107.806723,False
-11.83,8,107.814413,False
20.21,4,107.818373,True
21.17,8,107.826388,True
-11.78,3,107.829298,False
-12.01,1,107.83132,False
-11.78,3,107.83432,False
-11.79,4,107.838356,False
-10.58,8,107.846808,False
21.38,12,107.857877,True
-12.01,1,107.859389,False
-11.77,2,107.861403,False
20.68,7,107.8678,True
21.6,15,107.881253,True
-11.59,8,107.889252,False
21.88,12,107.900112,True
-12.01,1,107.90111,False
22.4,10,107.909631,True
-12.01,1,107.910631,False
-12.04,4,107.915498,False
19.96,4,107.918506,True
-11.52,2,107.920506,False
-11.77,2,107.923033,False
20.44,6,107.928032,True
-11.76,1,107.929433,False
21.15,10,107.939504,True
20.44,6,107.94403,True
-12.02,2,107.946819,False
20.2,5,107.951819,True
-12.03,3,107.954346,False
-12.02,2,107.956345,False
20.43,7,107.962378,True
-11.31,6,107.967941,False
-11.54,4,107.971941,False
-11.77,2,107.974452,False
-12.01,1,107.975466,False
20.45,5,107.979735,True
20.2,5,107.98473,True
20.44,6,107.990254,True
21.64,11,107.999605,True
19.97,3,108.00262,True
-11.79,4,108.384891,False
-11.77,2,108.386891,False
-10.57,7,108.394396,False
-12.01,1,108.395845,False
-12.05,5,108.400864,False
-12.02,2,108.403369,False
-11.76,1,108.404376,False
-12.01,1,108.406376,False
19.97,3,108.409376,True
-11.54,4,108.414382,False
-11.55,5,108.420901,False
-11.29,4,108.425413,False
-11.8,5,108.432375,False
-12.02,2,108.434887,False
-11.54,4,108.440407,False
20.93,7,108.448392,True
-11.77,2,108.451392,False
-11.54,4,108.455894,False
-12.01,1,108.456896,False
-11.78,3,108.459896,False
-11.56,6,108.467921,False
-11.54,4,108.473921,False
-11.6,10,108.485435,False
20.41,9,108.497316,True
21.18,7,108.505821,True
-11.77,2,108.509325,False
-12.01,1,108.510325,False
-11.56,6,108.516683,False
21.43,7,108.524187,True
20.19,6,108.530056,True
-11.78,3,108.534055,False
-11.77,2,108.536562,False
-10.87,12,108.549579,False
21.17,8,108.55891,True
-11.78,3,108.562775,False
20.2,5,108.567804,True
21.19,6,108.574318,True
-11.79,4,108.57932,False
22.37,13,108.592223,True
-11.77,2,108.594223,False
-11.78,3,108.597581,False
-11.76,1,108.59958,False
-11.76,1,108.60058,False
-11.29,4,108.604808,False
-11.77,2,108.606807,False
21.42,8,108.6152,True
-11.77,2,108.617207,False
-11.53,3,108.620207,False
-11.53,3,108.623731,False
-11.54,4,108.627731,False
-11.76,1,108.629992,False
-11.78,3,108.633699,False
-12.01,1,108.635079,False
20.45,5,108.6396,True
-11.57,7,108.645519,False
-11.55,5,108.651057,False
20.44,6,108.655581,True
-12.02,2,108.657581,False
-12.01,1,108.659091,False
-12.01,1,108.660104,False
21.18,7,108.667014,True
21.42,8,108.674014,True
-11.78,3,108.677537,False
-11.54,4,108.681987,False
-11.79,4,108.684986,False
-12.01,1,108.686503,False
-11.54,4,108.690018,False
-11.31,6,108.695032,False
22.02,23,108.716128,True
21.81,19,108.733501,True
-11.79,4,108.7375,False
-12.01,1,108.739017,False
21.64,11,108.749952,True
21.42,8,108.757486,True
-12.01,1,108.7585,False
-10.81,6,108.764433,False
-11.54,4,108.768433,False
-11.57,7,108.774957,False
-11.54,4,108.779384,False
-11.52,2,108.781414,False
21.59,16,108.796356,True
-11.77,2,108.799372,False
-11.78,3,108.801889,False
-12.04,4,108.806893,False
-11.53,3,108.809893,False
22.15,10,108.820256,True
21.15,10,108.827776,True
-11.81,6,108.834746,False
-12.01,1,108.835746,False
-11.53,3,108.838745,False
-11.53,3,108.842176,False
-12.01,1,108.843681,False
21.19,6,108.849783,True
-12.01,1,108.851783,False
-12.01,1,108.852783,False
-11.78,3,108.855294,False
-11.78,3,108.858294,False
-11.3,5,108.863194,False
-11.32,7,108.870241,False
21.37,13,108.882486,True
-11.77,2,108.883486,False
-11.52,2,108.885997,False
-11.76,1,108.886997,False
-10.79,4,108.890998,False
21.14,11,108.901972,True
-11.77,2,108.90398,False
-10.8,5,108.907562,False
21.39,10,108.918175,True
-12.01,1,108.919181,False
-11.53,3,108.921693,False
-12.01,1,108.922693,False
21.19,6,108.928359,True
19.96,4,108.9329,True
21.42,8,108.939078,True
21.36,14,108.953471,True
21.2,5,108.957476,True
-12.02,2,108.960005,False
-10.59,9,108.968396,False
-12.02,2,108.970908,False
-12.02,2,108.972908,False
21.18,7,108.979466,True
-12.01,1,108.980569,False
-11.55,5,108.985495,False
-11.78,3,108.98849,False
-11.53,3,108.992002,False
-11.07,7,108.998351,False
-12.01,1,108.999351,False
21.0,25,109.022336,True
-12.06,6,109.027335,False
-10.33,8,109.036303,False
-12.02,2,109.037303,False
20.17,8,109.045348,True
-11.78,3,109.047662,False
-12.02,2,109.051186,False
21.19,6,109.05671,True
20.44,6,109.062232,True
-11.03,3,109.066169,False
-11.56,6,109.071168,False
-11.78,3,109.073679,False
-12.03,3,109.076692,False
-12.01,1,109.077692,False
-12.05,5,109.083115,False
-11.32,7,109.089625,False
-11.54,4,109.093625,False
20.21,4,109.097499,True
-11.77,2,109.099505,False
-10.56,6,109.105016,False
20.21,4,109.109032,True
-11.76,1,109.110032,False
19.95,5,109.11537,True
-12.01,1,109.115889,False
-11.54,4,109.119892,False
22.13,12,109.130692,True
-11.54,4,109.134692,False
-12.01,1,109.136202,False
-12.03,3,109.139216,False
20.44,6,109.145127,True
21.42,8,109.152187,True
-11.77,2,109.154711,False
-12.01,1,109.15571,False
-11.79,4,109.15923,False
-12.03,3,109.162616,False
-11.52,2,109.165636,False
-11.77,2,109.167636,False
21.18,7,109.174159,True
22.35,15,109.186973,True
-11.54,4,109.191489,False
-11.78,3,109.194489,False
21.5,25,109.217405,True
-11.83,8,109.224968,False
21.41,9,109.233484,True
20.19,6,109.239402,True
-11.77,2,109.24191,False
19.95,5,109.246228,True
-11.77,2,109.248242,False
21.39,11,109.258506,True
21.87,13,109.270505,True
20.44,6,109.276016,True
21.15,10,109.284982,True
-11.58,8,109.291987,False
-11.33,8,109.300874,False
19.97,3,109.303957,True
-11.78,3,109.306627,False
-11.77,2,109.308626,False
21.41,9,109.317364,True
20.18,7,109.323535,True
21.43,7,109.329212,True
-11.84,9,109.339164,False
-11.54,4,109.342693,False
-11.76,1,109.343698,False
-11.79,4,109.349117,False
-11.56,6,109.354801,False
20.18,7,109.36115,True
-11.55,5,109.365641,False
21.12,13,109.377152,True
-11.56,6,109.38324,False
-12.02,2,109.38524,False
-11.8,5,109.389752,False
-11.79,4,109.393751,False
-11.53,3,109.397099,False
-11.53,3,109.39969,False
21.16,9,109.407763,True
-11.31,6,109.786654,False
21.38,12,109.799881,True
-12.01,1,109.80188,False
-12.01,1,109.80288,False
-11.77,2,109.804883,False
-11.78,3,109.807883,False
-11.79,4,109.812786,False
-10.55,5,109.819328,False
-12.03,3,109.823328,False
-11.77,2,109.825328,False
-12.01,1,109.826833,False
-11.79,4,109.832312,False
-12.01,1,109.833312,False
-12.01,1,109.835311,False
-11.3,5,109.839813,False
20.44,6,109.84669,True
-11.78,3,109.850484,False
-11.77,2,109.85399,False
-11.78,3,109.858496,False
-10.61,11,109.87206,False
-11.78,3,109.876059,False
21.19,6,109.882935,True
21.43,7,109.892443,True
20.2,5,109.897838,True
-11.77,2,109.899836,False
-11.77,2,109.902339,False
21.64,11,109.913765,True
-11.57,7,109.923267,False
-11.79,4,109.927269,False
20.43,7,109.934218,True
-10.84,9,109.945107,False
-12.01,1,109.946146,False
20.44,6,109.954154,True
-11.77,2,109.956157,False
-11.77,2,109.959157,False
20.2,5,109.965548,True
-11.53,3,109.968552,False
21.9,9,109.979528,True
-11.53,3,109.983557,False
-11.53,3,109.987077,False
-10.85,10,109.99658,False
-11.32,7,110.00361,False
-12.04,4,110.007129,False
-11.8,5,110.012133,False
-11.77,2,110.014431,False
-10.83,8,110.022949,False
-12.01,1,110.023949,False
-11.77,2,110.02595,False
20.66,9,110.035822,True
-12.01,1,110.036828,False
-12.01,1,110.038349,False
-11.77,2,110.040352,False
-11.57,6,110.045335,False
20.43,7,110.053152,True
20.45,5,110.057159,True
-11.79,4,110.060671,False
-12.02,2,110.063202,False
20.44,6,110.068196,True
22.37,13,110.079599,True
-12.03,3,110.082617,False
-11.78,3,110.08561,False
-11.78,3,110.088609,False
-12.01,1,110.090122,False
-11.78,3,110.093136,False
20.2,5,110.097476,True
-10.58,8,110.105001,False
-11.32,7,110.111003,False
20.44,6,110.116773,True
-11.78,3,110.119772,False
20.44,6,110.125292,True
-11.78,3,110.128299,False
-10.57,7,110.134156,False
20.16,9,110.142674,True
-12.01,1,110.143686,False
21.38,12,110.154098,True
-11.53,3,110.157853,False
-11.78,3,110.160852,False
-11.76,1,110.161853,False
21.17,8,110.169898,True
21.41,9,110.17843,True
20.44,6,110.183806,True
-11.55,5,110.188324,False
-11.77,2,110.190325,False
20.2,5,110.195135,True
-11.04,4,110.199157,False
20.19,6,110.20567,True
-12.01,1,110.20666,False
21.16,9,110.214112,True
-11.77,2,110.216629,False
20.21,4,110.220628,True
-11.79,4,110.223628,False
-12.02,2,110.226149,False
-11.76,1,110.227154,False
20.43,7,110.233806,True
22.36,14,110.247176,True
-11.55,5,110.252175,False
-12.03,3,110.254697,False
-11.56,6,110.260742,False
20.4,10,110.269615,True
-11.77,2,110.271615,False
-11.3,5,110.275615,False
20.45,5,110.280482,True
21.19,6,110.285482,True
-11.78,3,110.289006,False
20.44,6,110.295002,True
-11.77,2,110.297306,False
-11.07,6,110.303678,False
21.41,9,110.311201,True
-12.01,1,110.312616,False
20.69,6,110.318667,True
21.18,7,110.32422,True
-12.03,3,110.32722,False
-11.77,2,110.330091,False
-11.77,2,110.331115,False
21.42,8,110.338324,True
21.19,6,110.344404,True
20.2,5,110.348749,True
21.41,9,110.35631,True
-11.8,5,110.361462,False
21.65,10,110.371235,True
21.18,7,110.377247,True
20.21,4,110.381021,True
-12.01,1,110.383035,False
-12.01,1,110.384035,False
21.42,8,110.391541,True
21.42,8,110.39902,True
-11.76,1,110.400022,False
21.1,14,110.41304,True
20.21,4,110.417062,True
22.38,12,110.42711,True
20.45,5,110.432241,True
-11.77,2,110.433763,False
21.13,12,110.444287,True
-11.53,3,110.447147,False
-11.53,3,110.450142,False
-11.76,1,110.451141,False
22.77,23,110.472132,True
-11.77,2,110.474644,False
21.37,13,110.48681,True
-11.76,1,110.48781,False
-11.78,3,110.48981,False
-12.01,1,110.49181,False
21.17,8,110.498279,True
21.43,7,110.505281,True
20.21,4,110.508793,True
-10.85,10,110.519675,False
20.21,4,110.522675,True
-12.02,2,110.524673,False
-11.55,5,110.529628,False
20.21,4,110.534614,True
-11.78,3,110.537714,False
-11.81,6,110.54523,False
-12.03,3,110.549352,False
21.15,9,110.557504,True
-11.79,4,110.562134,False
-11.56,6,110.567851,False
-11.77,2,110.569894,False
-12.01,1,110.570893,False
22.29,21,110.591558,True
-12.02,2,110.594558,False
20.19,6,110.600031,True
20.44,6,110.605548,True
-11.77,2,110.608551,False
-11.31,6,110.614951,False
-11.03,3,110.617952,False
-12.01,1,110.618968,False
-11.3,5,110.624497,False
-11.77,2,110.626496,False
-10.58,8,110.63341,False
-12.01,1,110.63441,False
-11.09,9,110.64354,False
-12.01,1,110.64554,False
19.97,3,110.647576,True
20.44,6,110.653098,True
21.42,8,110.660326,True
-11.55,5,110.665241,False
-10.81,6,110.672407,False
-11.54,4,110.675721,False
-11.53,3,110.679063,False
-12.12,12,110.690021,False
-12.05,5,110.69451,False
-10.56,6,110.700963,False
-12.01,1,110.701962,False
21.31,18,110.720865,True
21.18,7,110.728393,True
-12.02,2,110.72978,False
-12.01,1,110.731799,False
-11.77,2,110.734802,False
-12.01,1,110.735307,False
-11.3,5,110.741314,False
21.72,28,110.767226,True
-12.01,1,110.76923,False
-11.32,7,110.775144,False
-10.82,7,110.78231,False
20.44,6,110.78783,True
-12.03,3,110.78983,False
-11.05,5,110.79483,False
20.2,5,110.800247,True
20.93,7,110.806236,True
21.41,9,111.190493,True
19.96,4,111.194995,True
21.42,8,111.202455,True
21.4,10,111.213545,True
22.15,10,111.224054,True
-12.01,1,111.225557,False
-11.77,2,111.22756,False
-11.78,3,111.231014,False
-12.01,1,111.233014,False
-10.57,7,111.241519,False
-11.53,3,111.245986,False
-11.54,4,111.251023,False
20.2,5,111.256576,True
-11.56,6,111.263621,False
-11.56,6,111.270714,False
-10.82,7,111.279671,False
-11.3,5,111.286698,False
-11.77,2,111.2892,False
21.43,7,111.29671,True
20.43,7,111.305217,True
-11.77,2,111.308216,False
21.19,6,111.315705,True
21.15,10,111.328213,True
-11.57,7,111.336308,False
22.09,16,111.353322,True
-11.54,4,111.35783,False
-12.01,1,111.358829,False
-11.77,2,111.360829,False
20.2,5,111.367955,True
21.41,9,111.3788,True
-11.76,1,111.380826,False
-10.78,3,111.384353,False
-11.56,5,111.390352,False
-11.8,5,111.396202,False
-11.78,3,111.399205,False
-12.01,1,111.400202,False
22.03,22,111.42083,True
-10.59,9,111.429694,False
20.19,6,111.435192,True
21.19,6,111.441199,True
-11.76,1,111.442198,False
-10.31,6,111.448159,False
-11.79,4,111.451673,False
-11.77,2,111.453673,False
-10.56,6,111.45971,False
21.41,9,111.468596,True
-11.29,4,111.471595,False
22.32,18,111.489142,True
21.59,16,111.502177,True
-11.78,3,111.50617,False
-11.77,2,111.50869,False
-12.01,1,111.509707,False
-11.3,5,111.514042,False
-11.78,3,111.518038,False
-11.55,5,111.522553,False
-11.3,5,111.527553,False
20.95,5,111.531533,True
-11.77,2,111.53354,False
-11.54,4,111.537072,False
21.42,8,111.543586,True
-10.33,8,111.551679,False
-11.54,4,111.554685,False
19.9,10,111.563629,True
-11.77,2,111.566291,False
-11.77,2,111.568301,False
20.44,6,111.573824,True
-11.53,3,111.575824,False
-10.83,8,111.583644,False
-12.02,2,111.585643,False
-11.54,4,111.589643,False
-12.01,1,111.590643,False
-11.8,5,111.595465,False
20.44,6,111.601488,True
-11.78,3,111.604015,False
-11.76,1,111.605014,False
22.38,12,111.61642,True
-11.76,1,111.61742,False
-11.77,2,111.61942,False
20.19,6,111.624946,True
-11.77,2,111.626944,False
20.2,5,111.631504,True
-12.02,2,111.632508,False
-11.76,1,111.63402,False
20.19,6,111.639034,True
-11.54,4,111.643034,False
20.9,10,111.652376,True
-11.32,7,111.6594,False
21.39,11,111.668943,True
-12.01,1,111.670943,False
-11.78,3,111.673942,False
-12.01,1,111.674942,False
-12.01,1,111.677159,False
20.44,6,111.682416,True
-12.01,1,111.683415,False
21.4,10,111.692932,True
-12.02,2,111.694934,False
-11.77,2,111.696857,False
-10.33,8,111.703872,False
21.19,6,111.709392,True
-11.77,2,111.71154,False
19.96,4,111.715804,True
-11.78,3,111.718323,False
-11.77,2,111.720327,False
-11.81,5,111.725616,False
-11.07,7,111.732511,False
-12.02,2,111.73451,False
21.4,9,111.74199,True
21.65,10,111.751229,True
20.67,8,111.758809,True
-11.78,3,111.761654,False
-11.82,7,111.767688,False
20.18,7,111.774846,True
20.43,7,111.781603,True
-11.77,2,111.783609,False
19.96,4,111.78801,True
21.66,9,111.794531,True
-11.04,4,111.798886,False
-12.01,1,111.799884,False
-10.56,6,111.80741,False
-11.78,3,111.81041,False
-11.56,6,111.815494,False
21.42,8,111.82302,True
-11.07,7,111.829025,False
-6.8,80,111.898961,False
-12.01,1,111.900959,False
-11.56,6,111.905959,False
-11.05,5,111.910482,False
22.87,13,111.922391,True
-12.02,2,111.92439,False
-10.56,6,111.930234,False
-12.01,1,111.931234,False
21.39,11,111.940757,True
-12.02,2,111.943753,False
-12.02,2,111.946118,False
22.6,15,111.959197,True
-12.01,1,111.960208,False
-11.77,2,111.962544,False
-12.02,2,111.964566,False
-12.02,2,111.966565,False
-11.55,5,111.971091,False
22.4,10,111.980672,True
-11.77,2,111.982662,False
20.43,7,111.98866,True
-11.55,5,111.994011,False
-11.78,3,111.99736,False
-11.32,7,112.003884,False
-11.53,3,112.006882,False
-12.01,1,112.00788,False
-12.02,2,112.009881,False
-11.57,7,112.016917,False
-11.78,3,112.019916,False
20.45,5,112.024432,True
-11.8,5,112.028783,False
-10.62,12,112.0399,False
21.4,10,112.048022,True
20.21,4,112.051014,True
20.2,5,112.056147,True
20.21,4,112.060672,True
21.62,13,112.072141,True
-11.77,2,112.074665,False
-11.78,3,112.077665,False
-11.57,7,112.083911,False
-12.01,1,112.085229,False
-12.02,2,112.087226,False
20.21,4,112.090226,True
-12.01,1,112.092227,False
22.41,9,112.100081,True
21.19,6,112.105593,True
20.44,6,112.110593,True
-12.02,2,112.113057,False
22.19,31,112.14081,True
-11.56,6,112.144809,False
-11.53,3,112.148694,False
-11.77,2,112.150694,False
-10.82,6,112.156736,False
-11.78,3,112.15975,False
-11.78,3,112.162573,False
-12.02,2,112.164584,False
-10.57,7,112.171113,False
-11.79,4,112.174112,False
-11.76,1,112.175112,False
-12.02,2,112.177623,False
-11.77,2,112.180919,False
-11.78,3,112.182918,False
-11.54,4,112.186918,False
-11.61,11,112.587812,False
21.3,20,112.608205,True
-11.77,2,112.611205,False
-11.78,3,112.614573,False
-12.01,1,112.617079,False
20.43,7,112.625078,True
-10.64,14,112.642483,False
-12.04,4,112.647461,False
20.44,6,112.654966,True
20.89,11,112.665826,True
-11.53,3,112.669333,False
-12.01,1,112.671333,False
-11.3,5,112.677333,False
21.43,7,112.686218,True
-11.77,2,112.68972,False
-11.54,4,112.694722,False
21.18,7,112.703523,True
-11.78,3,112.707522,False
-12.01,1,112.708522,False
-12.02,2,112.712026,False
21.4,10,112.72187,True
-12.01,1,112.72387,False
-11.53,3,112.726869,False
-12.01,1,112.729252,False
-11.56,6,112.736776,False
-11.02,2,112.739776,False
19.96,4,112.745282,True
-11.78,3,112.748596,False
-11.77,2,112.752102,False
20.42,8,112.761688,True
-12.04,4,112.766984,False
20.69,6,112.774491,True
21.19,6,112.78083,True
-11.81,6,112.787348,False
-10.6,10,112.797513,False
-11.57,7,112.804731,False
21.82,18,112.82189,True
-12.01,1,112.82289,False
-11.78,3,112.825417,False
-11.76,1,112.827948,False
-11.3,5,112.832349,False
-11.77,2,112.834861,False
21.38,12,112.845974,True
-11.76,1,112.847006,False
-12.05,5,112.852001,False
22.41,9,112.860074,True
-12.02,2,112.862488,False
21.42,8,112.869642,True
22.39,11,112.878169,True
-11.79,4,112.882498,False
22.4,10,112.891018,True
-11.77,2,112.892018,False
20.2,5,112.89635,True
-11.78,3,112.899879,False
-11.77,2,112.901876,False
20.43,7,112.908389,True
-10.64,14,112.921461,False
-11.76,1,112.922461,False
-12.01,1,112.92346,False
-11.76,1,112.924841,False
-11.77,2,112.926856,False
-12.01,1,112.927853,False
20.67,8,112.936174,True
-12.03,3,112.939174,False
21.19,6,112.944685,True
20.93,7,112.950547,True
-11.55,5,112.954554,False
-11.53,3,112.957083,False
19.97,3,112.960082,True
20.45,5,112.965507,True
-11.77,2,112.967506,False
20.44,6,112.97303,True
21.41,9,112.981033,True
-12.01,1,112.982544,False
21.39,11,112.993061,True
-11.55,5,112.998373,False
-12.02,2,113.000388,False
19.96,4,113.003909,True
-11.77,2,113.006901,False
-12.01,1,113.007901,False
-12.03,3,113.010909,False
20.68,7,113.018273,True
-11.76,1,113.019274,False
21.17,8,113.027779,True
21.64,11,113.037692,True
20.2,5,113.042698,True
20.68,7,113.048579,True
-12.01,1,113.050587,False
-11.32,7,113.057638,False
21.19,6,113.063488,True
21.66,9,113.07224,True
-11.77,2,113.074233,False
-12.01,1,113.075746,False
-11.8,5,113.080107,False
19.97,3,113.0831,True
21.08,17,113.098495,True
-12.01,1,113.100502,False
-11.77,2,113.102502,False
-12.01,1,113.103502,False
-10.79,4,113.107018,False
-11.56,6,113.113364,False
-12.01,1,113.114361,False
20.44,6,113.120657,True
-12.01,1,113.121657,False
-11.81,6,113.126658,False
-11.36,11,113.136568,False
-11.77,2,113.139096,False
-11.79,4,113.143096,False
-11.54,4,113.146463,False
21.39,11,113.156964,True
21.39,11,113.167656,True
-11.54,4,113.172175,False
-11.76,1,113.173184,False
-11.77,2,113.175181,False
-12.01,1,113.176181,False
21.35,15,113.19062,True
-11.55,5,113.195966,False
-12.03,3,113.198965,False
-11.79,4,113.202494,False
20.21,4,113.206494,True
-11.78,3,113.209494,False
20.21,4,113.21336,True
20.21,4,113.217354,True
21.96,29,113.24159,True
-11.77,2,113.243117,False
22.17,8,113.250397,True
-11.79,4,113.254925,False
-12.01,1,113.255925,False
-11.54,4,113.259457,False
-12.01,1,113.261457,False
-11.76,1,113.26289,False
20.68,7,113.268905,True
20.44,6,113.275188,True
21.42,8,113.281831,True
-12.01,1,113.282831,False
20.2,5,113.287348,True
20.21,4,113.291348,True
21.42,8,113.297992,True
20.2,5,113.301991,True
-10.56,6,113.308523,False
-11.53,3,113.310523,False
-11.78,3,113.312523,False
21.42,8,113.320675,True
21.42,8,113.327702,True
-12.01,1,113.32903,False
-11.31,6,113.334045,False
20.45,5,113.339555,True
20.2,5,113.343555,True
21.41,9,113.35145,True
-11.58,8,113.358493,False
-12.01,1,113.359498,False
-11.53,3,113.361496,False
21.66,9,113.371456,True
20.21,4,113.374456,True
21.41,9,113.383291,True
-11.54,4,113.386803,False
20.43,7,113.392817,True
-11.53,3,113.395811,False
-11.53,3,113.399618,False
-11.03,3,113.402617,False
20.2,5,113.406617,True
-12.03,3,113.409144,False
21.41,8,113.417564,True
21.44,6,113.42261,True
-12.02,2,113.42461,False
-11.79,4,113.429511,False
21.18,7,113.435534,True
-12.01,1,113.437535,False
-11.79,4,113.442054,False
21.34,16,113.456018,True
21.17,8,113.463573,True
-12.01,1,113.465592,False
-11.56,6,113.469588,False
-11.78,3,113.473255,False
20.15,10,113.483252,True
-11.07,7,113.490247,False
-11.29,4,113.493759,False
-11.55,5,113.499139,False
-12.03,3,113.502139,False
20.45,5,113.507653,True
21.18,7,113.51361,True
-11.77,2,113.515601,False
20.45,5,113.520603,True
20.44,6,113.526154,True
21.43,7,113.532576,True
-11.78,3,113.535606,False
19.96,4,113.539627,True
-12.03,3,113.542623,False
-11.77,2,113.544135,False
-11.77,2,113.546595,False
-11.78,3,113.549608,False
-12.01,1,113.551405,False
-11.77,2,113.553402,False
20.43,7,113.560066,True
-12.01,1,113.561066,False
20.21,4,113.565502,True
-12.01,1,113.566517,False
-11.53,3,113.569513,False
-11.77,2,113.571513,False
19.95,5,113.576919,True
-11.53,3,113.579463,False
21.58,17,113.596318,True
-11.81,6,113.602851,False
-11.54,4,113.978692,False
21.43,7,113.986544,True
22.17,8,113.996375,True
21.41,9,114.007477,True
21.91,9,114.016323,True
22.85,15,114.033309,True
20.68,7,114.041813,True
19.96,4,114.047719,True
21.38,12,114.062134,True
-11.02,2,114.064151,False
21.32,18,114.08258,True
-11.53,3,114.085578,False
-11.78,3,114.089084,False
-12.01,1,114.090083,False
-11.77,2,114.092083,False
-11.78,3,114.095439,False
21.17,8,114.10496,True
21.18,7,114.112867,True
-11.56,6,114.120372,False
-12.03,3,114.124371,False
-12.01,1,114.126371,False
-11.76,1,114.127371,False
-11.76,1,114.128787,False
-11.77,2,114.131825,False
-11.79,4,114.136825,False
-11.33,8,114.145733,False
-12.02,2,114.148751,False
-12.01,1,114.149751,False
20.44,6,114.157257,True
21.61,39,114.19524,True
-11.79,4,114.199261,False
-11.76,1,114.200262,False
20.21,4,114.204786,True
20.43,7,114.21215,True
-11.53,3,114.215181,False
-11.78,3,114.218187,False
20.94,6,114.224717,True
21.42,8,114.231157,True
19.97,3,114.234677,True
-11.78,3,114.23768,False
-10.55,5,114.242681,False
-12.02,2,114.245202,False
-11.55,5,114.249615,False
-11.77,2,114.796602,False
-11.83,8,114.805163,False
-11.77,2,114.808196,False
21.1,15,114.820883,True
-11.79,4,114.824887,False
-12.01,1,114.825886,False
21.43,7,114.83299,True
-12.01,1,114.834499,False
-11.78,3,114.83751,False
-11.53,3,114.84051,False
-11.55,5,114.844728,False
-11.76,1,114.845729,False
-11.77,2,114.847728,False
20.2,5,114.851722,True
20.2,5,114.857025,True
-12.01,1,114.858025,False
19.97,3,114.861026,True
21.43,7,114.867682,True
-11.8,5,114.872721,False
-12.01,1,114.873726,False
-12.01,1,114.875237,False
20.21,4,114.878572,True
-12.02,2,114.880591,False
-11.76,1,114.881584,False
22.4,10,114.891116,True
-12.03,3,114.893624,False
-10.32,7,114.900916,False
21.41,9,114.909437,True
-11.78,3,114.912436,False
-12.01,1,114.912436,False
-12.02,2,114.915248,False
-11.08,8,114.922251,False
-11.53,3,114.925763,False
-12.01,1,114.926763,False
20.95,5,114.932164,True
-10.57,7,114.937685,False
-12.01,1,114.938685,False
-11.37,12,114.948526,False
20.68,7,114.954533,True
-11.76,1,114.956669,False
-12.01,1,114.957668,False
-11.54,4,114.961668,False
21.16,9,114.96901,True
19.96,4,114.972531,True
20.2,5,114.977049,True
19.95,5,114.982288,True
-11.54,4,114.985801,False
20.93,7,114.992317,True
-11.77,2,114.994317,False
-11.55,5,114.999106,False
20.2,5,115.003104,True
-11.8,5,115.008639,False
-10.83,7,115.014885,False
21.14,11,115.025413,True
21.42,8,115.03275,True
-12.01,1,115.033749,False
22.34,16,115.047791,True
-11.77,2,115.050305,False
20.21,4,115.054307,True
-11.77,2,115.056304,False
22.38,12,115.067638,True
-11.78,3,115.071187,False
-11.76,1,115.072187,False
21.63,12,115.083072,True
-11.55,5,115.088083,False
-11.77,2,115.09007,False
-11.76,1,115.09108,False
-11.77,2,115.093341,False
-12.01,1,115.095335,False
22.16,9,115.103274,True
-11.77,2,115.106281,False
-11.8,5,115.110273,False
20.45,5,115.116231,True
-11.31,6,115.122229,False
-11.79,4,115.126381,False
-12.03,3,115.130006,False
-11.53,3,115.133543,False
-10.79,4,115.137544,False
-11.31,6,115.144616,False
-11.77,2,115.147154,False
-12.01,1,115.148151,False
-11.53,3,115.151151,False
-10.57,7,115.158677,False
-11.54,4,115.163091,False
19.95,5,115.168134,True
21.17,8,115.176167,True
20.2,5,115.181611,True
21.17,8,115.189642,True
-11.55,5,115.194982,False
-11.33,8,115.201548,False
-11.78,3,115.204548,False
21.65,10,115.214349,True
-11.31,6,115.219872,False
-11.77,2,115.221873,False
-11.78,3,115.224866,False
-12.03,3,115.228391,False
-11.52,2,115.23001,False
19.96,4,115.23401,True
-11.57,7,115.241529,False
20.68,7,115.248106,True
-12.01,1,115.249102,False
20.21,4,115.252612,True
-11.54,4,115.256617,False
-12.02,2,115.258617,False
21.41,9,115.266737,True
19.95,5,115.272249,True
-10.83,8,115.280191,False
-11.77,2,115.282207,False
-11.3,5,115.287201,False
20.44,6,115.292714,True
-12.01,1,115.293714,False
20.94,6,115.299066,True
21.19,6,115.304609,True
-12.04,4,115.30861,False
-12.01,1,115.30961,False
-11.76,1,115.31061,False
20.45,5,115.316002,True
-11.54,4,115.320166,False
-11.58,8,115.326782,False
19.97,3,115.329419,True
-11.77,2,115.331953,False
-11.76,1,115.332965,False
-11.77,2,115.33496,False
-10.57,7,115.34096,False
-11.77,2,115.343472,False
-11.77,2,115.345758,False
20.93,7,115.351837,True
-10.56,6,115.357352,False
-11.76,1,115.358366,False
-11.76,1,115.359366,False
20.45,5,115.36421,True
-10.32,7,115.37025,False
-11.77,2,115.372263,False
-11.78,3,115.375786,False
-11.78,3,115.37909,False
21.42,8,115.386316,True
-11.78,3,115.389316,False
-11.52,2,115.391316,False
-11.78,3,115.393316,False
-12.03,3,115.39818,False
-12.03,3,115.400181,False
-11.77,2,115.40318,False
-11.54,4,115.406705,False
-11.77,2,115.408705,False
-10.57,7,115.415644,False
21.17,8,115.422181,True
-11.53,3,115.42518,False
21.4,10,115.434072,True
-11.77,2,115.435072,False
-12.02,2,115.4376,False
21.18,7,115.444595,True
-12.03,3,115.448408,False
-12.01,1,115.449409,False
-12.02,2,115.45141,False
-12.01,1,115.453408,False
-12.03,3,115.456414,False
21.6,15,115.470775,True
-12.01,1,115.471791,False
-12.02,2,115.473789,False
-11.53,3,115.476409,False
20.2,5,115.480688,True
-11.78,3,115.483689,False
-11.78,3,115.486688,False
20.2,5,115.492201,True
-12.01,1,115.493193,False
20.2,5,115.497588,True
-11.77,2,115.500116,False
-11.76,1,115.501115,False
22.11,14,115.514031,True
-11.54,4,115.518031,False
-12.01,1,115.519031,False
-11.76,1,115.520031,False
-11.55,5,115.525555,False
21.39,11,115.534669,True
-10.79,4,115.539891,False
20.19,6,115.546441,True
-12.04,4,115.549463,False
-11.54,4,115.936244,False
-12.02,2,115.939248,False
-11.78,3,115.942248,False
-11.79,4,115.947687,False
-11.56,6,115.953679,False
-11.52,2,115.955679,False
-12.02,2,115.958186,False
-12.01,1,115.960186,False
20.2,5,115.966527,True
-11.76,1,115.969035,False
21.17,8,115.978963,True
20.19,6,115.98598,True
-11.78,3,115.989487,False
21.65,10,116.002343,True
-11.58,8,116.012162,False
-11.77,2,116.014162,False
21.41,9,116.023668,True
-11.54,4,116.029225,False
-12.02,2,116.03225,False
21.18,7,116.040752,True
21.41,9,116.05161,True
-12.01,1,116.053618,False
-11.78,3,116.057617,False
-12.01,1,116.059617,False
-12.01,1,116.061136,False
-10.32,7,116.068523,False
-12.01,1,116.071517,False
22.17,8,116.080425,True
-11.55,5,116.087166,False
-12.02,2,116.090166,False
-11.56,6,116.097154,False
21.19,6,116.104662,True
-12.03,3,116.108662,False
21.11,14,116.12517,True
-10.07,7,116.133626,False
-11.55,5,116.139074,False
-12.01,1,116.140074,False
-12.02,2,116.142068,False
-12.01,1,116.144075,False
21.42,8,116.151043,True
-11.77,2,116.153048,False
22.34,16,116.170952,True
-10.6,10,116.181015,False
-11.32,7,116.187531,False
-11.57,7,116.194531,False
20.19,6,116.200423,True
-12.03,3,116.203411,False
21.41,9,116.212249,True
-11.32,7,116.21949,False
-11.52,2,116.221489,False
21.15,10,116.23039,True
-11.31,6,116.236385,False
21.18,7,116.242904,True
-11.03,3,116.246308,False
20.45,5,116.25083,True
-12.01,1,116.25283,False
-12.01,1,116.254824,False
20.2,5,116.259341,True
-11.77,2,116.261763,False
-11.78,3,116.264836,False
-11.78,3,116.267836,False
-10.85,10,116.277426,False
21.4,10,116.287369,True
-11.53,3,116.289369,False
-12.03,3,116.292897,False
21.42,8,116.301353,True
21.41,9,116.309879,True
21.39,11,116.320546,True
-11.76,1,116.322599,False
21.67,8,116.328958,True
20.44,6,116.335238,True
-11.33,8,116.342237,False
-11.31,6,116.348144,False
-11.55,5,116.353488,False
-11.55,5,116.357499,False
22.41,9,116.366374,True
20.44,6,116.371908,True
-11.79,4,116.375428,False
21.19,6,116.383327,True
-11.77,2,116.385841,False
-11.77,2,116.38784,False
20.19,6,116.39284,True
-10.61,10,116.402791,False
-12.02,2,116.405792,False
20.45,5,116.410321,True
-12.03,3,116.41363,False
20.39,11,116.423682,True
-11.54,4,116.428211,False
20.2,5,116.433593,True
21.43,7,116.440107,True
21.39,11,116.450103,True
-12.01,1,116.451102,False
-12.02,2,116.453104,False
-11.77,2,116.455103,False
-11.56,6,116.462977,False
21.16,9,116.472424,True
20.43,7,116.478687,True
20.44,6,116.483788,True
-11.78,3,116.487705,False
19.97,3,116.490939,True
20.2,5,116.495317,True
22.12,13,116.506693,True
-11.56,6,116.512611,False
-12.01,1,116.513638,False
-11.78,3,116.51763,False
20.18,7,116.524713,True
-11.53,3,116.527713,False
21.42,8,116.536054,True
20.44,6,116.541585,True
21.2,5,116.545872,True
-11.77,2,116.547883,False
-12.01,1,116.54989,False
-11.78,3,116.553876,False
-11.76,1,116.554877,False
-12.03,3,116.557888,False
-12.01,1,116.557888,False
-11.8,5,116.564017,False
-12.02,2,116.56501,False
22.4,10,116.574789,True
-11.83,8,116.58251,False
-11.85,10,116.592156,False
20.21,4,116.595613,True
-11.54,4,116.60066,False
21.17,8,116.607648,True
21.19,6,116.612573,True
-11.79,4,116.617599,False
21.34,16,116.63212,True
-11.78,3,116.63512,False
-11.78,3,116.63812,False
-11.54,4,116.641632,False
-11.53,3,116.645268,False
21.38,12,116.656872,True
21.43,7,116.662822,True
-11.77,2,116.66482,False
-10.56,6,116.669745,False
21.18,7,116.677404,True
-12.06,6,116.684182,False
-12.01,1,116.685182,False
-11.76,1,116.686182,False
-11.33,7,116.69326,False
-12.01,1,116.693854,False
-11.54,4,116.699208,False
-11.78,3,116.702209,False
20.2,5,116.707795,True
-11.78,3,116.710799,False
-11.79,4,116.714018,False
-11.77,2,116.717033,False
-10.8,5,116.721033,False
-11.54,4,116.725621,False
20.21,4,116.730007,True
-12.01,1,116.731012,False
-11.56,6,116.737443,False
-11.77,2,116.73952,False
-11.8,5,116.744442,False
-12.01,1,116.745744,False
-12.03,3,116.748761,False
-11.33,8,116.757424,False
-11.29,4,116.761425,False
-12.01,1,116.762731,False
20.91,9,116.771768,True
-12.02,2,116.773779,False
-11.8,5,116.778107,False
21.66,9,116.787702,True
20.2,5,116.792708,True
-12.04,4,116.79704,False
-12.03,3,116.801199,False
20.2,5,116.805185,True
-11.54,4,116.808705,False
-10.8,5,116.814015,False
-11.78,3,116.817008,False
-12.01,1,116.819551,False
20.44,6,116.824536,True
-11.76,1,116.826538,False
-11.55,5,116.830393,False
-11.31,6,116.838381,False
20.44,6,116.843905,True
-11.76,1,116.845215,False
-12.03,3,116.84823,False
21.4,10,116.858744,True
-11.79,4,116.863578,False
-11.56,6,116.869177,False
-11.78,3,116.872228,False
21.17,8,116.87993,True
-12.01,1,116.880931,False
-11.79,4,116.88529,False
-11.56,6,116.891296,False
20.17,8,116.899004,True
21.35,15,116.913351,True
-10.55,5,116.918344,False
21.17,8,116.925864,True
-11.32,7,116.931332,False
-11.77,2,116.933859,False
21.4,9,116.941866,True
22.62,13,116.954313,True
-11.54,4,116.958324,False
-11.79,4,116.962731,False
-11.79,4,116.96628,False
-12.01,1,116.967279,False
-11.54,4,116.97128,False
21.83,17,116.986099,True
20.2,5,116.992102,True
-11.79,4,117.392217,False
-11.77,2,117.394722,False
-11.77,2,117.397722,False
-12.01,1,117.399722,False
-12.02,2,117.401722,False
-11.78,3,117.406227,False
-11.76,1,117.408227,False
-11.77,2,117.410227,False
-12.01,1,117.412227,False
22.85,15,117.430748,True
-11.78,3,117.433748,False
20.19,6,117.440261,True
20.18,7,117.448775,True
-12.03,3,117.451776,False
-12.02,2,117.454775,False
-10.57,7,117.463286,False
-11.56,6,117.470796,False
-11.55,5,117.477304,False
-12.01,1,117.478811,False
20.45,5,117.484816,True
-11.78,3,117.489323,False
-11.77,2,117.492327,False
-11.77,2,117.495323,False
-11.76,1,117.496324,False
-11.8,5,117.502833,False
-11.55,5,117.509333,False
21.36,14,117.524845,True
-11.54,4,117.530349,False
20.45,5,117.536869,True
20.96,4,117.54238,True
-12.01,1,117.54338,False
-12.01,1,117.545379,False
-11.77,2,117.548378,False
-12.01,1,117.549956,False
21.18,7,117.558468,True
-12.03,3,117.562504,False
-10.56,6,117.570503,False
21.16,9,117.58308,True
-12.01,1,117.585083,False
-11.54,4,117.592091,False
-12.01,1,117.594612,False
21.19,6,117.600612,True
-12.02,2,117.603612,False
-10.63,13,117.615658,False
-11.77,2,117.618657,False
-10.8,5,117.623657,False
20.92,8,117.631179,True
22.4,10,117.641199,True
-11.29,4,117.645701,False
-11.79,4,117.650712,False
21.19,6,117.656223,True
21.4,10,117.666739,True
20.21,4,117.670747,True
20.2,5,117.677045,True
-10.59,9,117.686077,False
-12.01,1,117.687581,False
22.41,9,117.697806,True
-11.77,2,117.700817,False
-11.56,6,117.709335,False
-11.77,2,117.711341,False
20.43,7,117.718792,True
20.68,7,117.726311,True
19.96,4,117.729844,True
21.12,13,117.742372,True
-11.56,6,117.749377,False
-11.77,2,117.750894,False
19.93,7,117.758896,True
-11.77,2,117.760897,False
20.21,4,117.764421,True
-12.01,1,117.766417,False
20.21,4,117.770421,True
-12.03,3,117.772944,False
-11.76,1,117.774455,False
-11.79,4,117.778469,False
21.38,12,117.788979,True
-11.78,3,117.79098,False
-11.53,3,117.794505,False
-11.77,2,117.796505,False
-11.53,3,117.800498,False
20.44,6,117.805037,True
-11.54,4,117.809037,False
-11.78,3,117.812037,False
20.44,6,117.818558,True
-11.53,3,117.821564,False
-12.02,2,117.824576,False
-12.02,2,117.827229,False
20.2,5,117.831736,True
20.43,7,117.838578,True
21.4,10,117.848025,True
21.17,8,117.856195,True
-11.77,2,117.858195,False
-11.79,4,117.863195,False
-11.77,2,117.864195,False
21.43,7,117.871706,True
-12.03,3,117.875211,False
-11.52,2,117.877822,False
19.96,4,117.882648,True
-12.01,1,117.883644,False
-11.78,3,117.886637,False
-11.77,2,117.888159,False
-11.78,3,117.891158,False
-11.53,3,117.894897,False
-12.01,1,117.895897,False
20.41,9,117.905419,True
-11.53,3,117.908936,False
19.97,3,117.911936,True
-12.03,3,117.915935,False
21.43,7,117.921442,True
20.94,6,117.927454,True
20.66,8,117.935555,True
19.95,5,117.941082,True
20.44,6,117.947082,True
-9.81,6,117.952598,False
-11.77,2,117.955591,False
-11.79,4,117.971113,False
-11.78,3,117.978133,False
-10.9,15,117.997814,False
-11.54,4,118.001773,False
-11.77,2,118.004294,False
20.2,5,118.009299,True
20.2,5,118.014805,True
19.96,4,118.018806,True
-11.53,3,118.022819,False
20.19,6,118.028085,True
20.45,5,118.034078,True
21.16,9,118.04261,True
21.42,8,118.051131,True
21.16,8,118.059656,True
21.18,7,118.070159,True
21.41,9,118.07888,True
-12.01,1,118.080531,False
-11.78,3,118.084054,False
-11.54,4,118.088589,False
-12.01,1,118.089589,False
-12.02,2,118.092588,False
21.43,7,118.10083,True
-11.78,3,118.10383,False
-11.31,6,118.109355,False
-12.02,2,118.111354,False
-11.53,3,118.114355,False
21.6,15,118.127874,True
-11.54,4,118.131408,False
21.19,6,118.137407,True
-11.78,3,118.139919,False
-11.54,4,118.143935,False
-11.81,6,118.149459,False
22.16,9,118.156984,True
-11.77,2,118.159978,False
20.21,4,118.163537,True
-11.56,6,118.169534,False
-11.77,2,118.171045,False
20.21,4,118.17506,True
21.19,6,118.181402,True
-11.78,3,118.183916,False
-10.59,9,118.192182,False
-12.01,1,118.193187,False
22.09,16,118.20816,True
-11.55,5,118.212671,False
-11.8,5,118.216914,False
20.2,5,118.221912,True
-11.77,2,118.224432,False
21.41,9,118.231891,True
-12.02,2,118.23442,False
-12.03,3,118.237413,False
21.43,7,118.24393,True
21.15,10,118.253421,True
20.94,6,118.258934,True
20.21,4,118.262345,True
19.96,4,118.265902,True
-11.55,5,118.270897,False
-11.79,4,118.273896,False
-11.54,4,118.279363,False
-12.02,2,118.281397,False
21.67,8,118.288952,True
20.44,6,118.293952,True
-11.77,2,118.296461,False
21.62,13,118.309001,True
20.64,11,118.318646,True
-11.79,4,118.322336,False
-11.76,1,118.323855,False
-11.31,6,118.328696,False
-12.01,1,118.329715,False
-11.54,4,118.333715,False
-11.55,5,118.338233,False
-11.78,3,118.341237,False
21.43,7,118.347815,True
21.94,31,118.37524,True
19.96,4,118.380165,True
-12.01,1,118.381159,False
-12.01,1,118.382664,False
20.43,7,118.389176,True
19.97,3,118.3928,True
-12.01,1,118.393812,False
21.38,12,118.403713,True
-11.76,1,118.405713,False
20.2,5,118.410221,True
20.43,7,118.415571,True
20.67,8,118.422778,True
21.19,6,118.427791,True
-12.02,2,118.430071,False
-11.29,4,118.434531,False
22.39,11,118.44506,True
-11.54,4,118.44936,False
-11.56,6,118.454884,False
-11.55,5,118.45988,False
-11.56,6,118.465843,False
20.44,6,118.471835,True
20.21,4,118.475347,True
-12.03,3,118.47822,False
20.21,4,118.482237,True
-11.78,3,118.88193,False
20.44,6,118.889447,True
-11.78,3,118.89307,False
-10.57,7,118.901463,False
21.64,11,118.91541,True
-11.76,1,118.91642,False
-11.05,5,118.92241,False
-12.03,3,118.926488,False
-12.01,1,118.928887,False
-11.78,3,118.932907,False
-12.01,1,118.934414,False
21.64,11,118.946301,True
-11.77,2,118.949301,False
20.2,5,118.954808,True
21.41,9,118.964728,True
20.18,7,118.972732,True
21.66,9,118.983728,True
-12.01,1,118.985242,False
-12.02,2,118.987911,False
21.42,8,118.996871,True
-11.81,6,119.00387,False
21.18,7,119.012911,True
22.61,14,119.029947,True
20.2,5,119.035946,True
-11.54,4,119.040453,False
21.64,11,119.051539,True
-11.32,7,119.059051,False
21.19,6,119.065616,True
-11.53,3,119.069119,False
21.16,9,119.079587,True
-11.3,5,119.084264,False
-11.8,5,119.090304,False
-11.83,8,119.098342,False
-12.01,1,119.100346,False
-11.58,8,119.107856,False
-11.59,9,119.11678,False
-12.01,1,119.11778,False
-12.01,1,119.11878,False
-11.54,4,119.123302,False
-11.53,3,119.126302,False
21.9,10,119.135981,True
-11.55,5,119.140981,False
-11.76,1,119.142485,False
21.17,8,119.149912,True
21.39,11,119.160422,True
20.45,5,119.164782,True
-12.01,1,119.165783,False
21.18,7,119.171793,True
-11.77,2,119.1743,False
-11.77,2,119.176309,False
-12.01,1,119.177308,False
-12.02,2,119.179836,False
-12.02,2,119.181827,False
-11.84,9,119.189878,False
21.37,13,119.201909,True
20.44,6,119.207424,True
-12.01,1,119.208424,False
21.15,10,119.217293,True
-11.04,4,119.221287,False
-12.01,1,119.223296,False
20.44,6,119.22915,True
20.19,6,119.23615,True
22.4,10,119.244664,True
-11.31,6,119.251546,False
21.18,7,119.258084,True
-10.81,6,119.263349,False
-12.02,2,119.266347,False
-11.77,2,119.267853,False
-12.01,1,119.268862,False
-11.54,4,119.272861,False
-10.81,6,119.278378,False
20.45,5,119.282361,True
-11.76,1,119.284355,False
20.45,5,119.288916,True
-11.77,2,119.290921,False
20.2,5,119.295357,True
-12.01,1,119.296375,False
-12.02,2,119.299233,False
-11.55,5,119.303425,False
22.36,14,119.316232,True
20.91,9,119.324744,True
-11.77,2,119.326267,False
-11.77,2,119.328625,False
-11.78,3,119.332166,False
-11.78,3,119.33516,False
-12.02,2,119.33716,False
21.67,8,119.344251,True
20.21,4,119.347728,True
-11.78,3,119.351737,False
-10.59,9,119.360747,False
-12.01,1,119.362271,False
-11.77,2,119.363613,False
-11.03,3,119.366605,False
21.43,7,119.373108,True
21.15,10,119.381635,True
-11.77,2,119.384161,False
-11.76,1,119.38516,False
-11.31,6,119.390682,False
-11.54,4,119.395209,False
20.68,7,119.401023,True
-11.54,4,119.405539,False
-10.32,7,119.412032,False
-11.77,2,119.414574,False
-11.76,1,119.415593,False
-11.78,3,119.418588,False
21.13,12,119.430048,True
-11.53,3,119.433044,False
-11.53,3,119.43555,False
-10.55,5,119.441565,False
-11.77,2,119.443561,False
-10.33,8,119.450501,False
21.36,14,119.462427,True
-12.01,1,119.463453,False
-11.78,3,119.466954,False
-10.81,6,119.472966,False
-10.33,8,119.479811,False
-12.02,2,119.482824,False
20.44,6,119.488849,True
-12.02,2,119.49085,False
-11.54,4,119.494849,False
21.43,7,119.500869,True
-11.77,2,119.503879,False
-11.55,5,119.507868,False
-11.77,2,119.510392,False
20.44,6,119.515693,True
-11.54,4,119.519214,False
20.2,5,119.52423,True
22.37,13,119.535326,True
-12.01,1,119.536338,False
-10.59,9,119.543864,False
-12.01,1,119.545186,False
-11.78,3,119.548212,False
-11.56,6,119.554311,False
20.4,10,119.562611,True
-10.8,5,119.56761,False
-11.77,2,119.570135,False
-11.54,4,119.57496,False
-11.32,7,119.58198,False
-12.01,1,119.583147,False
-11.76,1,119.584237,False
-10.55,5,119.58877,False
-11.55,5,119.593295,False
20.44,6,119.598836,True
21.41,9,119.606888,True
-12.01,1,119.607887,False
-11.79,4,119.612235,False
-11.8,5,119.617277,False
-11.77,2,119.619277,False
-11.77,2,119.621278,False
22.14,11,119.631187,True
20.21,4,119.635709,True
19.96,4,119.639709,True
-11.54,4,119.643717,False
-12.01,1,119.64471,False
-12.01,1,119.646018,False
-12.01,1,119.648016,False
-11.79,4,119.652016,False
19.97,3,119.655016,True
-12.03,3,119.657531,False
-12.01,1,119.659534,False
19.97,3,119.66184,True
20.42,8,119.669363,True
-11.78,3,119.672363,False
19.96,4,119.675881,True
-11.78,3,119.679227,False
20.21,4,119.682758,True
-11.54,4,119.686264,False
-11.76,1,119.687804,False
-11.76,1,119.688818,False
-11.56,6,119.694817,False
-11.77,2,119.696618,False
-11.32,7,119.703148,False
-11.77,2,119.706147,False
-12.01,1,119.707145,False
21.13,12,119.717488,True
-11.8,5,119.722496,False
-10.81,6,119.727641,False
-12.01,1,119.729006,False
-11.78,3,119.73202,False
21.38,12,119.74256,True
20.45,5,119.746951,True
22.39,11,119.757461,True
-11.78,3,119.761528,False
-11.05,5,119.766877,False
22.18,7,119.773428,True
21.16,9,119.780875,True
-12.01,1,119.782391,False
-11.79,4,119.786397,False
19.97,3,119.788919,True
20.45,5,119.793973,True
-11.77,2,119.79634,False
-10.58,8,119.803276,False
-11.76,1,119.805272,False
-11.54,4,119.808278,False
22.37,13,119.820192,True
-11.54,4,119.824715,False
-12.02,2,119.826719,False
21.31,19,119.843306,True
-11.56,6,119.849808,False
19.97,3,119.853318,True
21.15,10,119.862728,True
-11.77,2,119.864773,False
-10.57,7,119.87197,False
-12.01,1,119.872971,False
20.45,5,119.878487,True
-11.54,4,119.882415,False
21.43,7,119.888442,True
20.21,4,119.892459,True
20.43,7,119.899323,True
22.16,9,120.302187,True
-12.02,2,120.305206,False
-11.77,2,120.307205,False
20.21,4,120.311596,True
-10.56,6,120.319122,False
-11.56,6,120.326447,False
20.19,6,120.335043,True
20.67,8,120.344044,True
-10.84,9,120.355461,False
-11.78,3,120.359975,False
-12.02,2,120.362368,False
-12.01,1,120.36339,False
-11.77,2,120.365894,False
-10.81,6,120.372409,False
-12.01,1,120.373411,False
-11.77,2,120.376409,False
-12.01,1,120.377916,False
21.18,7,120.385887,True
-11.04,4,120.390898,False
-12.02,2,120.393898,False
20.44,6,120.401752,True
19.96,4,120.405751,True
-12.01,1,120.407751,False
-11.54,4,120.411663,False
-11.76,1,120.412676,False
-12.04,4,120.416676,False
-12.01,1,120.418179,False
-11.3,5,120.424186,False
-12.01,1,120.425696,False
-10.56,6,120.432858,False
-11.53,3,120.435858,False
-11.31,6,120.443922,False
-11.55,5,120.45086,False
20.2,5,120.456866,True
-11.76,1,120.458867,False
20.44,6,120.465786,True
-12.01,1,120.467786,False
20.45,5,120.474293,True
-12.03,3,120.478292,False
20.93,7,120.486665,True
20.2,5,120.492679,True
-12.02,2,120.494679,False
20.45,5,120.499982,True
-11.78,3,120.503497,False
-11.53,3,120.506498,False
21.6,15,120.520944,True
21.17,8,120.529837,True
21.37,12,120.540886,True
22.33,42,120.579473,True
21.17,8,120.585998,True
20.43,7,120.593605,True
-10.59,9,120.604082,False
-11.78,3,120.607601,False
-10.32,7,120.614759,False
-11.77,2,120.61629,False
20.43,7,120.623289,True
-12.01,1,120.624292,False
-11.79,4,120.627811,False
-11.55,5,120.633238,False
-11.77,2,120.635238,False
-11.56,6,120.640763,False
20.67,8,120.647805,True
-11.77,2,120.65081,False
-11.53,3,120.653809,False
-11.04,4,120.65781,False
20.2,5,120.661682,True
-11.77,2,120.664707,False
-12.01,1,120.665701,False
20.42,8,120.673239,True
-12.03,3,120.677233,False
-11.79,4,120.680214,False
-11.55,5,120.685729,False
-12.01,1,120.68673,False
21.41,9,120.696192,True
-11.77,2,120.698209,False
-11.77,2,120.700736,False
-12.01,1,120.701736,False
-11.54,4,120.705733,False
20.21,4,120.710248,True
20.43,7,120.71667,True
-11.54,4,120.721179,False
19.96,4,120.725186,True
-11.78,3,120.728571,False
-11.77,2,120.729598,False
-10.56,6,120.73712,False
-12.01,1,120.739122,False
-11.31,6,120.745037,False
22.05,20,120.763558,True
-10.33,8,120.771557,False
-11.53,3,120.77509,False
20.21,4,120.779488,True
-12.02,2,120.781491,False
22.17,8,120.78901,True
-12.02,2,120.791534,False
20.21,4,120.795416,True
21.39,10,120.804951,True
-11.77,2,120.807475,False
21.36,14,120.821066,True
-10.61,11,120.830603,False
-11.04,4,120.834584,False
-11.53,3,120.838108,False
-12.01,1,120.839109,False
20.43,7,120.846973,True
-12.01,1,120.847971,False
20.2,5,120.852977,True
-10.55,5,120.857516,False
-12.01,1,120.858509,False
-11.77,2,120.860515,False
-11.77,2,120.862827,False
-11.77,2,120.865823,False
-12.02,2,120.867332,False
20.45,5,120.872338,True
-11.77,2,120.874338,False
-11.8,5,120.879158,False
22.4,10,120.88818,True
21.42,8,120.895981,True
-11.78,3,120.898482,False
-10.58,8,120.907006,False
-11.56,6,120.912783,False
20.2,5,120.916781,True
21.15,10,120.926551,True
-11.76,1,120.928146,False
-11.55,5,120.932192,False
-11.3,5,120.93819,False
-11.78,3,120.940698,False
-11.53,3,120.943705,False
-10.8,5,120.94877,False
-12.01,1,120.949769,False
-11.78,3,120.952289,False
-11.77,2,120.954284,False
-11.57,7,120.960807,False
-11.77,2,120.963221,False
-12.01,1,120.964218,False
-11.55,5,120.969214,False
-12.02,2,120.971732,False
-11.52,2,120.973729,False
-12.01,1,120.974729,False
21.36,14,120.987127,True
-11.78,3,120.990126,False
-11.78,3,120.99365,False
19.96,4,120.997971,True
-12.01,1,120.998972,False
-12.05,5,121.003493,False
-12.01,1,121.004493,False
-11.76,1,121.006493,False
-11.55,5,121.011013,False
-10.79,4,121.014814,False
19.96,4,121.018817,True
-11.53,3,121.021818,False
-11.32,7,121.027343,False
21.37,12,121.038224,True
-10.32,7,121.045125,False
-11.8,5,121.050173,False
-11.77,2,121.052172,False
-11.77,2,121.053172,False
21.41,9,121.061703,True
-10.56,6,121.066574,False
-10.83,8,121.073573,False
21.37,13,121.084889,True
-12.01,1,121.086408,False
-11.8,5,121.090414,False
21.42,8,121.099505,True
20.43,7,121.10503,True
20.67,8,121.113116,True
20.2,5,121.116114,True
-11.82,7,121.123622,False
22.6,14,121.135529,True
-11.56,6,121.142035,False
-11.56,6,121.147444,False
21.31,19,121.162864,True
22.41,9,121.172386,True
19.96,4,121.175385,True
21.2,5,121.180236,True
-12.02,2,121.18225,False
-11.54,4,121.186763,False
20.44,6,121.193284,True
21.64,11,121.202902,True
-11.09,9,121.211931,False
21.43,7,121.218447,True
19.95,5,121.222976,True
21.85,15,121.236916,True
-11.76,1,121.237915,False
-10.79,4,121.241915,False
-11.77,2,121.244442,False
21.38,12,121.255681,True
21.17,8,121.264146,True
-11.56,6,121.269658,False
-10.56,6,121.276181,False
-11.53,3,121.27954,False
-12.02,2,121.281543,False
-11.77,2,121.28354,False
-10.54,4,121.288588,False
-11.77,2,121.290599,False
-11.55,5,121.297012,False
20.44,6,121.302004,True
20.21,4,121.306047,True
-11.77,2,121.309057,False
-12.01,1,121.310063,False
21.4,10,121.319004,True
-11.81,6,121.32517,False
-11.76,1,121.326696,False
-12.01,1,121.329176,False
-11.57,6,121.335173,False
-11.56,6,121.341696,False
-10.55,5,121.723234,False
-12.01,1,121.724245,False
-11.3,5,121.72963,False
-11.78,3,121.734144,False
-12.01,1,121.735148,False
-10.32,7,121.744669,False
-11.77,2,121.7472,False
-12.01,1,121.749201,False
20.44,6,121.755733,True
-12.02,2,121.759724,False
-11.55,5,121.765729,False
-11.54,4,121.77173,False
19.96,4,121.776235,True
-12.01,1,121.778237,False
-11.77,2,121.78162,False
20.2,5,121.791633,True
-12.01,1,121.793633,False
-11.79,4,121.798529,False
-10.32,7,121.80754,False
20.68,7,121.815876,True
22.4,10,121.828242,True
-11.53,3,121.832264,False
-11.77,2,121.835264,False
21.43,7,121.842771,True
-11.53,3,121.846095,False
-11.77,2,121.848598,False
-12.03,3,121.852112,False
22.37,13,121.867109,True
21.37,13,121.882158,True
-12.01,1,121.884157,False
-11.77,2,122.505487,False
20.21,4,122.509494,True
-12.01,1,122.509998,False
20.19,6,122.518002,True
21.39,11,122.528405,True
-11.54,4,122.532611,False
19.94,6,122.538142,True
-12.01,1,122.539142,False
-12.02,2,122.540652,False
21.14,10,122.549907,True
20.21,4,122.553428,True
21.41,9,122.561429,True
20.91,9,122.56951,True
21.16,8,122.576752,True
-11.55,5,122.581596,False
21.43,7,122.587094,True
-11.53,3,122.590094,False
-12.01,1,122.591606,False
-11.34,9,122.600535,False
-12.01,1,122.601535,False
-11.77,2,122.604059,False
-11.77,2,122.606059,False
-11.78,3,122.609059,False
-11.77,2,122.611059,False
-12.01,1,122.612058,False
-11.29,4,122.615863,False
20.42,8,122.622858,True
-11.77,2,122.62537,False
-11.77,2,122.62837,False
-10.79,4,122.631618,False
21.17,8,122.640286,True
-11.78,3,122.643286,False
-11.56,6,122.648364,False
-11.77,2,122.651286,False
20.44,6,122.65682,True
-11.77,2,122.65882,False
-11.78,3,122.662133,False
-11.54,4,122.665669,False
21.42,8,122.673683,True
-11.53,3,122.677211,False
21.41,8,122.684566,True
-11.57,7,122.692089,False
20.45,5,122.696953,True
-12.01,1,122.698805,False
-11.78,3,122.701812,False
-12.03,3,122.704812,False
-11.77,2,122.705812,False
-12.01,1,122.707317,False
-12.02,2,122.710325,False
19.96,4,122.714763,True
-11.77,2,122.716762,False
21.13,12,122.726286,True
-11.78,3,122.730624,False
-11.78,3,122.733629,False
-11.77,2,122.735628,False
-11.77,2,122.737628,False
-11.78,3,122.740157,False
-11.77,2,122.742155,False
-10.83,8,122.749223,False
20.45,5,122.754238,True
-10.78,3,122.757238,False
20.45,5,122.76212,True
-12.01,1,122.763139,False
-11.56,6,122.768139,False
21.42,8,122.775663,True
-12.01,1,122.776657,False
20.9,10,122.785551,True
-11.76,1,122.78755,False
-12.02,2,122.789551,False
21.43,7,122.797012,True
21.67,8,122.804056,True
-11.79,4,122.80705,False
-10.8,5,122.812357,False
20.2,5,122.81689,True
20.2,5,122.820894,True
-11.54,4,122.824418,False
-11.77,2,122.826939,False
-12.01,1,122.827939,False
20.2,5,122.832201,True
19.94,6,122.838349,True
-11.06,6,122.843878,False
-10.57,7,122.85028,False
-10.58,8,122.858804,False
-11.82,7,122.864604,False
-10.58,8,122.872609,False
-11.05,5,122.876132,False
-11.29,4,122.880429,False
21.67,8,122.886954,True
-11.58,8,122.894476,False
21.17,8,122.901525,True
20.21,4,122.905531,True
-11.76,1,122.907055,False
-11.54,4,122.910055,False
20.19,6,122.915903,True
-11.77,2,122.917913,False
-10.55,5,122.922917,False
22.27,23,122.943218,True
21.15,10,122.951551,True
21.42,8,122.958061,True
21.42,8,122.966655,True
21.67,8,122.973187,True
-10.57,7,122.980206,False
21.89,11,122.989706,True
-11.77,2,122.991713,False
-11.77,2,122.994226,False
-12.02,2,122.996593,False
-12.01,1,122.998576,False
20.2,5,123.003088,True
-12.01,1,123.004594,False
-12.01,1,123.005602,False
21.42,8,123.012455,True
-12.01,1,123.013474,False
-12.01,1,123.014474,False
20.18,7,123.020985,True
-12.02,2,123.022999,False
-12.01,1,123.023999,False
-12.01,1,123.024999,False
-11.54,4,123.029372,False
-11.77,2,123.031362,False
-12.01,1,123.032553,False
-11.34,8,123.039551,False
20.2,5,123.045804,True
21.43,7,123.051835,True
-11.56,6,123.05735,False
-12.01,1,123.058357,False
-10.56,6,123.064209,False
-11.78,3,123.067209,False
-12.03,3,123.070209,False
-11.55,5,123.075736,False
20.44,6,123.081078,True
-11.76,1,123.083078,False
-11.78,3,123.085601,False
21.43,7,123.092601,True
19.96,4,123.096476,True
-11.54,4,123.101663,False
-11.77,2,123.104166,False
-11.79,4,123.108176,False
21.2,30,123.137346,True
20.19,6,123.143346,True
19.96,4,123.147319,True
-10.62,11,123.158839,False
-11.78,3,123.162267,False
-12.03,3,123.165281,False
-10.55,5,123.170805,False
20.92,8,123.178768,True
-11.54,4,123.182793,False
-11.55,5,123.187793,False
-11.3,5,123.193878,False
-12.02,2,123.195784,False
-12.02,2,123.198307,False
-12.01,1,123.199311,False
-11.54,4,123.202824,False
-11.77,2,123.205336,False
-11.79,4,123.209849,False
-11.77,2,123.212236,False
-11.78,3,123.215226,False
-11.33,8,123.222749,False
20.44,6,123.228755,True
19.97,3,123.231659,True
-11.54,4,123.235665,False
20.17,8,123.243182,True
-11.54,4,123.24662,False
-10.81,6,123.252144,False
21.42,8,123.260138,True
-11.54,4,123.264028,False
-11.55,5,123.269027,False
20.45,5,123.274158,True
-11.78,3,123.277162,False
-10.79,4,123.280557,False
-11.77,2,123.28307,False
-11.3,5,123.288068,False
20.19,6,123.294102,True
19.96,4,123.297743,True
20.19,6,123.304304,True
-11.78,3,123.308306,False
21.41,9,123.316767,True
-11.54,4,123.321761,False
-11.78,3,123.324788,False
-11.77,2,123.328652,False
-11.53,3,123.331691,False
-11.81,6,123.338222,False
-11.53,3,123.342226,False
22.16,9,123.35167,True
21.42,8,123.360235,True
-11.04,4,123.364617,False
-12.01,1,123.366621,False
20.69,6,123.372134,True
-12.01,1,123.373145,False
20.21,4,123.37814,True
-11.8,5,123.382499,False
20.2,5,123.766707,True
20.2,5,123.772707,True
-12.01,1,123.773707,False
19.97,3,123.77722,True
-11.76,1,123.778538,False
20.19,6,123.784552,True
-11.55,5,123.790056,False
-11.52,2,123.793056,False
-12.02,2,123.796056,False
-12.01,1,123.79756,False
-11.78,3,123.80156,False
20.65,10,123.813109,True
19.97,3,123.81661,True
20.68,7,123.824119,True
20.43,7,123.833479,True
21.19,6,123.840985,True
21.17,8,123.849912,True
21.43,7,123.858415,True
-11.78,3,123.862228,False
-11.78,3,123.866239,False
-11.54,4,123.871336,False
-11.55,5,123.877331,False
-10.55,5,123.882202,False
20.2,5,123.889202,True
21.9,10,123.900224,True
-12.01,1,123.902728,False
-11.79,4,123.90773,False
22.35,15,123.925113,True
-12.01,1,123.927113,False
-12.02,2,123.930545,False
21.17,8,123.93905,True
-12.01,1,123.94005,False
-10.67,17,123.959468,False
-12.01,1,123.960468,False
21.64,11,123.971628,True
-10.8,5,123.977153,False
19.95,5,123.981489,True
20.9,10,123.991011,True
21.43,7,123.998899,True
21.16,9,124.005936,True
-12.02,2,124.008941,False
-12.01,1,124.009941,False
21.19,6,124.015732,True
-10.35,10,124.02527,False
21.1,15,124.038081,True
21.43,7,124.045079,True
21.63,12,124.056105,True
-10.61,11,124.066021,False
-12.01,1,124.067021,False
-12.02,2,124.069533,False
-11.77,2,124.071562,False
19.96,4,124.075612,True
22.41,9,124.082908,True
-11.77,2,124.084913,False
-12.02,2,124.087914,False
-11.79,4,124.091364,False
20.2,5,124.095364,True
21.41,9,124.104156,True
-12.01,1,124.105155,False
-11.79,4,124.109155,False
-10.8,5,124.114426,False
-11.56,6,124.119491,False
-11.77,2,124.122168,False
-11.78,3,124.124171,False
-12.02,2,124.126173,False
-11.04,4,124.129169,False
-11.58,8,124.137971,False
20.18,7,124.144495,True
21.4,10,124.153551,True
21.19,6,124.158551,True
-11.77,2,124.160551,False
-10.86,11,124.169432,False
-10.84,9,124.176959,False
21.18,7,124.18391,True
-10.85,10,124.192914,False
-11.54,4,124.195765,False
-10.33,8,124.204303,False
20.43,7,124.21031,True
-12.01,1,124.21161,False
-11.78,3,124.214706,False
-11.54,4,124.218937,False
-11.76,1,124.219937,False
-11.76,1,124.221941,False
20.94,6,124.225991,True
-11.58,8,124.234356,False
-11.78,3,124.23688,False
19.97,3,124.23988,True
20.92,8,124.247787,True
-11.53,3,124.250782,False
20.19,6,124.256289,True
-11.77,2,124.259316,False
-11.77,2,124.261292,False
-11.77,2,124.262858,False
20.87,13,124.274369,True
19.96,4,124.277875,True
-12.01,1,124.279205,False
-11.34,9,124.287789,False
21.43,7,124.2938,True
-12.01,1,124.295108,False
21.36,14,124.308133,True
-11.54,4,124.31206,False
-11.76,1,124.313158,False
-12.01,1,124.315077,False
-11.31,6,124.320401,False
19.96,4,124.324412,True
20.44,6,124.330425,True
-11.78,3,124.33394,False
-12.01,1,124.33494,False
20.44,6,124.340939,True
-11.06,6,124.346941,False
21.3,20,124.365581,True
-12.01,1,124.366585,False
-11.53,3,124.369504,False
22.16,9,124.377017,True
-11.76,1,124.378327,False
-11.76,1,124.380404,False
20.44,6,124.386006,True
-11.77,2,124.388082,False
19.97,3,124.391082,True
-12.02,2,124.39208,False
21.41,9,124.401379,True
-11.78,3,124.403885,False
-11.78,3,124.406398,False
-10.81,6,124.412259,False
-11.32,7,124.420691,False
20.19,6,124.42647,True
-11.53,3,124.429362,False
-11.55,5,124.433901,False
21.64,11,124.443903,True
-12.02,2,124.446282,False
22.17,8,124.452806,True
20.21,4,124.456806,True
20.18,7,124.462615,True
20.68,7,124.469608,True
-11.77,2,124.472121,False
21.43,7,124.478121,True
-11.77,2,124.480383,False
-11.55,5,124.485663,False
20.21,4,124.488663,True
-11.81,6,124.494484,False
22.34,15,124.508187,True
-12.02,2,124.510187,False
-11.76,1,124.511261,False
-10.58,8,124.519174,False
-11.54,4,124.521843,False
-11.54,4,124.527517,False
21.65,10,124.536008,True
-12.07,7,124.542962,False
-10.58,8,124.550936,False
-12.01,1,124.551942,False
22.5,24,124.574099,True
-12.02,2,124.576145,False
21.43,7,124.582389,True
-12.02,2,124.584389,False
-11.79,4,124.587902,False
21.65,10,124.597319,True
-12.02,2,124.598912,False
-11.58,8,124.606655,False
-12.02,2,124.60833,False
-12.03,3,124.611329,False
-10.81,6,124.617148,False
21.19,6,124.622739,True
-11.54,4,124.626251,False
22.41,9,124.634083,True
21.19,6,124.642736,True
-11.78,3,124.645048,False
-11.77,2,124.64716,False
20.2,5,124.652675,True
20.21,4,124.656674,True
-11.58,8,124.663428,False
20.41,9,124.672969,True
20.2,5,124.676969,True
-11.57,7,124.684037,False
20.92,8,124.69155,True
-11.76,1,124.692566,False
-11.78,3,124.69597,False
-10.33,8,124.702989,False
-12.03,3,124.706501,False
-11.77,2,124.708501,False
-11.78,3,124.711501,False
21.43,7,124.718537,True
21.25,25,124.739298,True
19.96,4,124.743804,True
-10.83,8,124.752158,False
22.13,37,125.184098,True
20.21,4,125.189099,True
-10.57,7,125.198233,False
20.2,5,125.204246,True
21.41,9,125.216947,True
-11.8,5,125.221947,False
20.68,7,125.231288,True
-12.02,2,125.233794,False
19.97,3,125.236794,True
-11.77,2,125.239794,False
20.16,9,125.250859,True
22.32,18,125.272603,True
21.42,8,125.281584,True
-11.77,2,125.284584,False
-12.01,1,125.286088,False
-11.78,3,125.290088,False
-12.01,1,125.292089,False
-11.8,5,125.29846,False
-11.09,8,125.308748,False
-11.78,3,125.313148,False
-11.78,3,125.316667,False
20.69,6,125.324991,True
-11.77,2,125.328135,False
-12.02,2,125.330575,False
20.69,6,125.33708,True
-11.77,2,125.340087,False
-11.54,4,125.345513,False
20.44,6,125.35304,True
-11.56,6,125.360547,False
22.4,10,125.372966,True
-11.76,1,125.373966,False
-12.02,2,125.376973,False
20.45,5,125.382239,True
-11.55,5,125.387237,False
-12.03,3,125.389762,False
-11.76,1,125.391762,False
20.43,7,125.399177,True
21.33,17,125.414902,True
20.67,8,125.422421,True
-11.32,7,125.428747,False
-11.79,4,125.430819,False
-11.77,2,125.434502,False
-11.77,2,125.436501,False
-11.33,8,125.444027,False
-11.8,5,125.449336,False
-11.31,6,125.454849,False
20.44,6,125.459849,True
20.4,9,125.469681,True
20.19,6,125.475193,True
-11.78,3,125.478193,False
-11.77,2,125.480479,False
-11.55,5,125.484997,False
-10.56,6,125.489995,False
21.41,9,125.498792,True
-12.04,4,125.502865,False
-11.54,4,125.505878,False
21.19,6,125.511876,True
-11.8,5,125.51745,False
-11.77,2,125.518449,False
20.2,5,125.523493,True
21.39,11,125.534432,True
21.18,7,125.539952,True
21.18,7,125.547681,True
-12.01,1,125.549697,False
-11.77,2,125.551684,False
-12.01,1,125.552685,False
20.19,6,125.558216,True
-10.59,9,125.566898,False
21.66,9,125.575549,True
-10.8,5,125.580217,False
-11.53,3,125.583486,False
20.95,5,125.58808,True
21.41,9,125.596607,True
21.65,10,125.606054,True
19.97,3,125.608587,True
20.21,4,125.612105,True
-11.3,5,125.617131,False
-11.77,2,125.620136,False
-11.77,2,125.622142,False
21.38,12,125.632151,True
21.4,10,125.641665,True
-11.83,8,125.648823,False
-12.02,2,125.651822,False
20.21,4,125.655835,True
21.43,7,125.661355,True
-11.53,3,125.664657,False
-11.56,6,125.671165,False
-11.54,4,125.674165,False
21.17,7,125.681247,True
20.2,5,125.687052,True
-12.02,2,125.688051,False
22.18,7,125.694578,True
21.18,7,125.700732,True
-11.77,2,125.703257,False
-12.01,1,125.704257,False
20.21,4,125.707766,True
-12.01,1,125.708781,False
-11.52,2,125.711305,False
-11.55,5,125.716723,False
-11.76,1,125.717723,False
-12.02,2,125.719723,False
21.52,23,125.739532,True
-11.54,4,125.743056,False
-11.52,2,125.745355,False
-10.58,8,125.752877,False
-11.76,1,125.754441,False
21.41,9,125.76248,True
21.16,9,125.770491,True
20.19,6,125.776003,True
-11.56,6,125.781273,False
-11.54,4,125.785799,False
-12.01,1,125.786799,False
22.33,17,125.802536,True
20.2,5,125.806578,True
-11.54,4,125.811102,False
-12.01,1,125.812102,False
-11.55,5,125.816889,False
20.67,8,125.824902,True
-11.76,1,125.825901,False
21.18,7,125.832437,True
-11.76,1,125.833437,False
-11.32,7,125.840946,False
-11.31,6,125.846919,False
-11.78,3,125.849917,False
-11.53,3,125.852916,False
-11.54,4,125.857428,False
20.2,5,125.861739,True
21.18,7,125.868277,True
-12.02,2,125.870277,False
-11.53,3,125.873277,False
-11.76,1,125.874277,False
-11.54,4,125.878109,False
-12.03,3,125.881116,False
-12.01,1,125.882109,False
20.21,4,125.886117,True
-12.01,1,125.88711,False
22.11,14,125.899442,True
20.43,7,125.90597,True
20.45,5,125.910495,True
-11.77,2,125.912783,False
20.44,6,125.918297,True
-11.77,2,125.920312,False
-11.78,3,125.923312,False
-11.53,3,125.926312,False
21.17,8,125.933127,True
21.66,9,125.94065,True
-11.53,3,125.94365,False
-11.81,6,125.950032,False
-12.01,1,125.951378,False
21.38,12,125.960903,True
-11.76,1,125.96232,False
21.66,9,125.970844,True
21.63,12,125.982081,True
-12.01,1,125.983086,False
21.42,8,125.990086,True
-11.32,7,125.997501,False
-12.01,1,125.998498,False
-11.77,2,126.000505,False
-11.56,6,126.005573,False
21.42,8,126.013616,True
-11.79,4,126.016605,False
-11.54,4,126.021123,False
-11.58,8,126.028032,False
20.44,6,126.033047,True
-11.55,5,126.038358,False
21.16,9,126.046312,True
-11.78,3,126.049314,False
20.67,8,126.056159,True
20.21,4,126.060185,True
20.43,7,126.067055,True
-11.77,2,126.069049,False
21.18,7,126.075568,True
-11.52,2,126.077899,False
-12.01,1,126.078921,False
-11.77,2,126.08092,False
-12.01,1,126.081913,False
-11.79,4,126.086446,False
20.2,5,126.091448,True
-12.01,1,126.092446,False
21.41,9,126.101534,True
-11.54,4,126.106065,False
20.45,5,126.110658,True
-11.77,2,126.111986,False
21.43,7,126.119527,True
-11.76,1,126.120511,False
20.2,5,126.125522,True
-11.76,1,126.127034,False
19.96,4,126.130443,True
-11.55,5,126.135443,False
-11.56,6,126.140967,False
21.17,8,126.147918,True
21.19,6,126.153928,True
21.14,11,126.16349,True
20.45,5,126.168988,True
21.12,13,126.180879,True
-12.02,2,126.182878,False
-11.55,5,126.186885,False
20.21,4,126.191411,True
20.19,6,126.196809,True
20.21,4,126.579146,True
21.36,14,126.593651,True
-12.01,1,126.596022,False
20.2,5,126.602527,True
-11.77,2,126.604527,False
-12.02,2,126.606029,False
-12.03,3,126.610036,False
21.39,11,126.621845,True
-11.8,5,126.628347,False
20.44,6,126.635467,True
-11.78,3,126.638973,False
21.4,10,126.651883,True
20.2,5,126.662754,True
21.41,9,126.678725,True
22.37,12,126.692751,True
21.14,11,126.706225,True
-11.83,8,126.716389,False
-10.8,5,126.720389,False
-12.01,1,126.722415,False
-11.55,5,126.727935,False
21.4,10,126.737476,True
20.43,7,126.7455,True
-10.6,10,126.758003,False
-12.02,2,126.761011,False
20.18,7,126.769921,True
-11.79,4,126.773922,False
-11.57,7,126.781786,False
-11.8,5,126.787306,False
21.13,12,126.798302,True
-11.78,3,126.802301,False
-10.58,8,126.810815,False
-10.79,4,126.814646,False
21.32,18,126.831979,True
-11.78,3,126.834985,False
20.19,6,126.841026,True
-11.77,2,126.843026,False
19.95,5,126.846507,True
-12.01,1,126.847507,False
-12.01,1,126.849025,False
20.19,6,126.856023,True
-11.77,2,126.85803,False
-12.01,1,126.859548,False
20.21,4,126.862997,True
-11.78,3,126.865999,False
20.43,7,126.873521,True
-12.01,1,126.874521,False
-11.77,2,126.876521,False
22.37,12,126.887941,True
19.96,4,126.890451,True
-10.79,4,126.894872,False
21.41,9,126.90317,True
19.95,5,126.907682,True
-12.02,2,126.909688,False
-11.76,1,126.911519,False
-12.01,1,126.912545,False
21.4,10,126.92204,True
-11.76,1,126.923047,False
-12.01,1,126.924047,False
-11.78,3,126.927861,False
-12.01,1,126.928891,False
-10.56,6,126.934243,False
-11.76,1,126.935243,False
21.43,7,126.941243,True
20.44,6,126.94614,True
-12.02,2,126.948133,False
20.44,6,126.953666,True
-11.31,6,126.958665,False
21.41,9,126.967094,True
-12.01,1,126.968094,False
-11.57,7,126.974621,False
20.43,7,126.980915,True
-11.78,3,126.983915,False
-11.77,2,126.985438,False
-12.01,1,126.986439,False
-12.01,1,126.987438,False
-11.31,6,126.993438,False
-11.78,3,126.996552,False
20.2,5,127.000551,True
-11.78,3,127.003551,False
-12.01,1,127.005062,False
20.43,7,127.011455,True
-11.78,3,127.014467,False
20.42,8,127.021504,True
21.32,18,127.037802,True
-11.53,3,127.040802,False
-11.56,6,127.04622,False
-10.81,6,127.051731,False
20.91,9,127.059773,True
-11.79,4,127.064114,False
-11.31,6,127.069637,False
-11.55,5,127.074637,False
-11.79,4,127.078638,False
-12.01,1,127.079924,False
-12.04,4,127.083923,False
20.21,4,127.087923,True
21.42,8,127.095735,True
21.16,9,127.104239,True
-12.01,1,127.105239,False
20.44,6,127.110256,True
-10.56,6,127.116154,False
21.17,8,127.123237,True
20.21,4,127.127236,True
21.42,8,127.134573,True
-12.01,1,127.136574,False
21.4,10,127.145559,True
-12.02,2,127.147585,False
-12.01,1,127.148576,False
-12.01,1,127.149576,False
20.18,7,127.15661,True
22.16,9,127.164149,True
20.19,6,127.171148,True
21.19,6,127.176674,True
-11.76,1,127.177674,False
-12.01,1,127.179034,False
20.21,4,127.183566,True
-12.01,1,127.184303,False
21.41,9,127.192581,True
-11.8,5,127.197065,False
-11.77,2,127.199072,False
-10.79,4,127.203071,False
-11.31,6,127.209116,False
-11.31,6,127.214126,False
-12.01,1,127.215639,False
20.2,5,127.220653,True
-12.01,1,127.222171,False
-11.77,2,127.224176,False
-11.31,6,127.230121,False
-11.54,4,127.234121,False
21.43,7,127.239646,True
-11.52,2,127.241647,False
21.16,9,127.249588,True
-12.01,1,127.251587,False
21.42,8,127.259111,True
-12.01,1,127.260111,False
19.96,4,127.264442,True
20.2,5,127.268968,True
21.39,10,127.278782,True
-10.81,6,127.284801,False
-12.02,2,127.286801,False
-12.01,1,127.288796,False
-12.02,2,127.291307,False
-11.32,7,127.297573,False
-12.02,2,127.300088,False
20.2,5,127.305082,True
20.45,5,127.309614,True
-11.57,7,127.315457,False
21.16,9,127.323992,True
20.19,6,127.329259,True
-10.79,4,127.333364,False
19.96,4,127.33762,True
21.16,9,127.34559,True
-11.77,2,127.347515,False
20.18,7,127.355022,True
-11.53,3,127.358023,False
22.17,8,127.364505,True
20.45,5,127.3695,True
-11.78,3,127.373012,False
-11.32,7,127.379603,False
-12.01,1,127.380605,False
-11.76,1,127.382412,False
-12.01,1,127.383128,False
20.43,7,127.390122,True
-11.54,4,127.393649,False
-11.77,2,127.395984,False
-11.54,4,127.399986,False
21.64,11,127.410001,True
-11.54,4,127.414318,False
21.43,7,127.420323,True
21.15,9,127.428385,True
20.2,5,127.432411,True
-11.77,2,127.43493,False
-11.79,4,127.438146,False
20.2,5,127.443159,True
21.4,10,127.452311,True
-12.01,1,127.453311,False
-12.03,3,127.45583,False
-11.56,6,127.461834,False
21.38,12,127.472689,True
-10.8,5,127.477216,False
-11.78,3,127.480503,False
21.64,11,127.490028,True
-12.01,1,127.491028,False
19.96,4,127.495362,True
-12.01,1,127.496388,False
-11.53,3,127.499907,False
21.18,7,127.505906,True
20.21,4,127.509984,True
22.41,9,127.518652,True
-11.83,8,127.524671,False
-12.03,3,127.528164,False
-11.81,6,127.5347,False
20.2,5,127.538711,True
21.63,12,127.550256,True
20.45,5,127.554778,True
20.93,7,127.561662,True
-12.02,2,127.563686,False
21.43,7,127.569686,True
-10.37,12,127.581583,False
-11.77,2,127.584598,False
-12.01,1,127.585598,False
-12.02,2,127.587591,False
-12.01,1,127.588598,False
-11.82,7,127.595397,False
-11.76,1,127.596396,False
21.18,7,127.603469,True
22.39,11,127.992147,True
21.17,8,128.001077,True
-10.15,15,128.017194,False
20.21,4,128.0227,True
20.69,6,128.029115,True
-12.02,2,128.032628,False
-11.56,6,128.040137,False
-11.78,3,128.043641,False
21.37,13,128.057544,True
-11.76,1,128.058544,False
21.43,7,128.066493,True
21.19,6,128.073001,True
-12.01,1,128.07501,False
-11.53,3,128.078379,False
-11.33,8,128.086922,False
20.18,7,128.095781,True
-10.59,9,128.106285,False
-12.01,1,128.107285,False
-11.79,4,128.111156,False
21.19,6,128.117184,True
-11.76,1,128.119187,False
20.94,6,128.126703,True
-11.54,4,128.131134,False
20.19,6,128.137635,True
20.2,5,128.143635,True
-11.55,5,128.148501,False
-11.32,7,128.158007,False
21.18,7,128.166395,True
-12.02,2,128.168901,False
-11.77,2,128.171901,False
-11.54,4,128.177834,False
20.2,5,128.183856,True
21.42,8,128.191388,True
-11.77,2,128.193388,False
20.68,7,128.200276,True
21.65,10,128.209799,True
-11.79,4,128.214697,False
-11.78,3,128.218705,False
21.39,11,128.228226,True
-12.01,1,128.229522,False
-11.3,5,128.234935,False
-11.29,4,128.237934,False
21.42,8,128.245905,True
20.44,6,128.251421,True
-11.77,2,128.253421,False
-12.02,2,128.255421,False
-11.55,5,128.260925,False
-11.78,3,128.263188,False
-12.01,1,128.264188,False
-11.77,2,128.267189,False
-11.53,3,128.269188,False
-11.77,2,128.271707,False
-10.56,6,128.277587,False
-11.83,8,128.284578,False
22.64,11,128.294649,True
-11.78,3,128.29667,False
20.2,5,128.30167,True
20.44,6,128.308303,True
-11.54,4,128.311809,False
-12.02,2,128.313291,False
21.39,11,128.323826,True
20.45,5,128.328743,True
20.21,4,128.332315,True
21.18,7,128.33887,True
19.96,4,128.342394,True
-12.02,2,128.344905,False
-11.57,7,128.351305,False
-11.54,4,128.355297,False
22.16,9,128.362682,True
20.2,5,128.366768,True
22.39,11,128.376287,True
-11.77,2,128.378301,False
-11.53,3,128.381597,False
20.95,5,128.386543,True
-12.01,1,128.387555,False
-11.78,3,128.390554,False
-11.56,6,128.395888,False
20.93,7,128.403402,True
-10.32,7,128.409926,False
-11.55,5,128.414305,False
-12.02,2,128.416307,False
20.44,6,128.421834,True
-11.77,2,128.423834,False
-11.77,2,128.426352,False
-10.87,11,128.436662,False
22.37,13,128.447751,True
20.42,8,128.455966,True
-12.01,1,128.456967,False
21.38,12,128.468859,True
-11.77,2,128.471374,False
-12.01,1,128.472374,False
-12.03,3,128.476374,False
22.15,10,128.486215,True
20.2,5,128.490214,True
21.42,8,128.499335,True
-11.76,1,128.500335,False
-11.78,3,128.503613,False
-11.78,3,128.506613,False
21.19,6,128.512601,True
-11.03,3,128.51561,False
-11.54,4,128.519144,False
-10.87,11,128.529053,False
-12.01,1,128.530083,False
-11.53,3,128.532583,False
-12.01,1,128.534096,False
-11.53,3,128.537133,False
-11.77,2,128.539757,False
22.33,17,128.554199,True
-11.79,4,128.558192,False
21.64,11,128.568169,True
21.15,10,128.577076,True
-11.55,5,128.581778,False
20.92,8,128.589106,True
-12.02,2,128.591106,False
-12.01,1,128.592106,False
-11.56,6,128.59692,False
-11.77,2,128.59992,False
-11.9,15,128.613236,False
-10.63,13,128.624098,False
20.2,5,128.629141,True
20.44,6,128.634146,True
-11.76,1,128.636354,False
-11.79,4,128.639367,False
20.44,6,128.644862,True
-11.77,2,128.646896,False
21.87,12,128.657423,True
-12.01,1,128.658423,False
-11.77,2,128.660423,False
20.44,6,128.665752,True
-11.29,4,128.669847,False
20.19,6,128.674847,True
-11.78,3,128.677365,False
20.45,5,128.68173,True
-11.81,6,128.687248,False
20.44,6,128.692262,True
21.12,13,128.7031,True
-11.66,15,128.716556,False
-11.77,2,128.719077,False
20.21,4,128.723081,True
-11.77,2,128.725081,False
-11.54,4,128.728902,False
-12.02,2,128.73092,False
-11.54,4,128.734919,False
19.96,4,128.738444,True
-11.53,3,128.74197,False
-11.8,5,128.746574,False
-11.81,6,128.752091,False
21.66,9,128.760086,True
-11.54,4,128.763427,False
-11.52,2,128.76642,False
-12.01,1,128.76642,False
-11.53,3,128.770606,False
-11.77,2,128.772123,False
-12.01,1,128.77413,False
-11.78,3,128.776127,False
-12.01,1,128.778127,False
-11.55,5,128.781921,False
21.39,11,128.790927,True
21.93,6,128.797755,True
-12.01,1,128.798747,False
-11.58,8,128.806274,False
21.42,8,128.813093,True
21.44,31,128.841059,True
-12.01,1,128.842059,False
-11.76,1,128.843059,False
21.36,14,128.855904,True
-11.58,8,128.863211,False
20.2,5,128.868734,True
-12.01,1,128.869733,False
21.15,10,128.878566,True
-11.78,3,128.881552,False
20.45,5,128.886622,True
20.45,5,128.890622,True
-11.56,6,128.895942,False
20.19,6,128.901956,True
19.96,4,128.904956,True
20.21,4,128.908483,True
22.63,12,128.919333,True
20.2,5,128.923346,True
-11.77,2,128.92587,False
-11.53,3,128.928714,False
-11.78,3,128.931742,False
-12.03,3,128.934747,False
-11.31,6,128.940272,False
-11.31,6,128.946597,False
22.39,11,128.956442,True
-11.54,4,128.959954,False
-11.76,1,128.961403,False
-12.02,2,128.963431,False
-11.53,3,128.966428,False
-11.55,5,128.970956,False
21.65,10,128.980341,True
20.43,7,129.373717,True
-11.77,2,129.376717,False
-11.77,2,129.379707,False
20.2,5,129.788443,True
-12.03,3,129.791443,False
21.19,6,129.796395,True
21.41,9,129.806895,True
-11.54,4,129.809893,False
-11.77,2,129.812305,False
21.16,9,129.820383,True
19.96,4,129.824415,True
20.68,7,129.829753,True
-12.01,1,129.831746,False
-11.77,2,129.833753,False
20.2,5,129.838276,True
-11.77,2,129.840276,False
-11.77,2,129.842276,False
19.97,3,129.845309,True
20.17,8,129.853323,True
-11.56,6,129.858849,False
20.43,7,129.864849,True
20.2,5,129.870376,True
21.41,9,129.8779,True
-11.56,6,129.883265,False
22.35,15,129.896111,True
-11.77,2,129.898629,False
-11.77,2,129.900636,False
20.21,4,129.904636,True
20.44,6,129.910156,True
21.67,8,129.918071,True
-11.78,3,129.920582,False
-11.78,3,129.923094,False
-12.01,1,129.925094,False
-10.35,10,129.934,False
-12.01,1,129.936525,False
21.19,6,129.942041,True
-12.01,1,129.943047,False
-10.81,6,129.948566,False
-12.03,3,129.95209,False
-11.55,5,129.95609,False
20.21,4,129.960975,True
20.45,5,129.964987,True
-11.31,6,129.969994,False
22.07,18,129.986347,True
20.2,5,129.991858,True
-12.01,1,129.992874,False
21.4,10,130.001405,True
-11.53,3,130.004931,False
-11.52,2,130.006927,False
21.17,8,130.014782,True
-12.02,2,130.016782,False
-11.78,3,130.020305,False
-12.03,3,130.021817,False
-11.79,4,130.026362,False
-11.78,3,130.029641,False
-11.56,6,130.03566,False
-12.01,1,130.037176,False
-12.01,1,130.038175,False
-12.02,2,130.040175,False
20.21,4,130.043175,True
21.17,8,130.051101,True
21.38,12,130.062011,True
19.95,5,130.067283,True
-10.8,5,130.072289,False
-11.78,3,130.075289,False
-10.79,4,130.079273,False
-11.56,6,130.084297,False
22.52,23,130.106699,True
-11.79,4,130.110713,False
-11.59,9,130.119114,False
-11.77,2,130.121114,False
-12.02,2,130.123212,False
-12.01,1,130.124211,False
20.44,6,130.130526,True
-11.77,2,130.132532,False
-11.54,4,130.136531,False
22.13,12,130.146168,True
-11.77,2,130.148688,False
21.82,18,130.164559,True
-11.76,1,130.165559,False
-11.77,2,130.167566,False
-11.56,6,130.17308,False
21.19,6,130.178953,True
-12.01,1,130.179968,False
20.21,4,130.183967,True
21.42,8,130.191491,True
21.38,12,130.201317,True
-11.78,3,130.204317,False
-11.55,5,130.209317,False
19.95,5,130.214249,True
-11.8,5,130.218767,False
-12.01,1,130.219771,False
-11.09,9,130.22868,False
21.17,8,130.23474,True
21.42,8,130.242259,True
-11.78,3,130.245639,False
21.63,12,130.256179,True
-10.82,7,130.263682,False
-11.55,5,130.267682,False
20.21,4,130.271683,True
21.38,12,130.282581,True
21.37,13,130.293784,True
-11.58,8,130.302596,False
20.19,6,130.308122,True
21.41,9,130.316936,True
-11.54,4,130.320463,False
20.68,7,130.326505,True
-11.53,3,130.330929,False
-11.57,7,130.337119,False
-11.32,7,130.343183,False
-10.81,6,130.349773,False
-11.77,2,130.351772,False
-11.55,5,130.356291,False
20.2,5,130.361745,True
-11.77,2,130.364774,False
21.17,8,130.371755,True
-11.53,3,130.375758,False
-12.02,2,130.37727,False
-10.79,4,130.381613,False
-12.01,1,130.382616,False
20.19,6,130.389137,True
-12.01,1,130.390137,False
-12.01,1,130.391139,False
-11.76,1,130.392137,False
20.44,6,130.398924,True
-12.01,1,130.399928,False
-11.78,3,130.402927,False
-10.78,3,130.405927,False
19.96,4,130.409451,True
-12.02,2,130.411695,False
-11.53,3,130.414692,False
-12.02,2,130.416693,False
21.18,7,130.423731,True
-10.85,9,130.430174,False
-11.78,3,130.434683,False
21.42,8,130.441718,True
-12.01,1,130.442718,False
-11.77,2,130.444718,False
22.64,11,130.455541,True
-11.76,1,130.456535,False
-12.01,1,130.457541,False
-11.78,3,130.460541,False
-11.58,8,130.467448,False
-11.78,3,130.471989,False
-12.02,2,130.473984,False
-11.76,1,130.474984,False
21.88,11,130.485584,True
21.17,8,130.49211,True
21.36,14,130.504079,True
22.63,12,130.514531,True
-10.8,5,130.519043,False
20.68,7,130.525578,True
-12.01,1,130.526578,False
21.36,14,130.539404,True
20.2,5,130.544454,True
-12.01,1,130.545734,False
-10.14,14,130.557997,False
20.18,7,130.564462,True
-12.01,1,130.565936,False
20.2,5,130.570929,True
20.45,5,130.57562,True
20.21,4,130.580112,True
-11.76,1,130.581111,False
-11.6,10,130.589638,False
-11.77,2,130.591638,False
21.66,9,130.599455,True
20.21,4,130.603454,True
-10.86,11,130.613366,False
-12.01,1,130.614366,False
-11.32,7,130.620417,False
21.42,8,130.628061,True
-11.79,4,130.632074,False
-11.55,5,130.636604,False
-12.03,3,130.639129,False
21.19,6,130.644447,True
20.2,5,130.648462,True
21.41,9,130.65661,True
-11.79,4,130.661126,False
21.64,11,130.670992,True
20.68,7,130.676998,True
-12.01,1,130.677997,False
-11.77,2,130.679801,False
-12.01,1,130.680819,False
21.66,9,130.688817,True
-11.77,2,130.691344,False
-11.58,8,130.698665,False
19.96,4,130.703196,True
-11.78,3,130.706195,False
-12.01,1,130.707195,False
-11.54,4,130.711195,False
-12.01,1,130.712595,False
-11.54,4,130.715585,False
20.21,4,130.720102,True
-11.76,1,130.721647,False
-11.77,2,130.723661,False
-11.53,3,130.726182,False
19.96,4,130.730499,True
19.95,5,130.734616,True
-11.79,4,130.738616,False
-11.06,6,130.743128,False
-11.56,6,131.139486,False
20.2,5,131.146486,True
-11.53,3,131.149487,False
-11.79,4,131.15499,False
21.41,9,131.163928,True
20.2,5,131.169928,True
21.19,6,131.177939,True
21.41,9,131.188912,True
21.65,10,131.20087,True
-11.77,2,131.204371,False
21.19,6,131.211373,True
-11.77,2,131.214307,False
22.36,14,131.231805,True
-11.81,6,131.239313,False
-12.01,1,131.241313,False
-11.55,5,131.247769,False
-12.01,1,131.24877,False
-11.76,1,131.250769,False
20.93,7,131.259274,True
-11.53,3,131.262764,False
-12.01,1,131.264764,False
-10.56,6,131.272269,False
-11.53,3,131.276269,False
-12.01,1,131.27727,False
-11.56,6,131.284942,False
-12.02,2,131.287448,False
21.39,10,131.298027,True
-12.01,1,131.300267,False
-12.01,1,131.301281,False
20.19,6,131.308798,True
-10.8,5,131.315184,False
-11.53,3,131.319718,False
-11.54,4,131.324244,False
-11.55,5,131.331166,False
-12.01,1,131.333167,False
-11.79,4,131.338341,False
20.21,4,131.342737,True
21.37,12,131.353997,True
-10.58,8,131.362007,False
-12.01,1,131.363032,False
-11.77,2,131.366047,False
-12.01,1,131.36704,False
-12.01,1,131.368049,False
-12.01,1,131.369046,False
-11.82,7,131.376573,False
-12.01,1,131.37797,False
-11.53,3,131.381509,False
-11.78,3,131.385514,False
-12.02,2,131.387513,False
21.18,7,131.394441,True
20.2,5,131.399458,True
20.43,7,131.407968,True
-11.3,5,131.413573,False
-11.55,5,131.417571,False
20.93,7,131.424099,True
-11.78,3,131.426624,False
-12.02,2,131.429149,False
-10.57,7,131.435675,False
20.21,4,131.439676,True
20.19,6,131.4462,True
21.65,10,131.455721,True
20.44,6,131.462217,True
-11.78,3,131.465204,False
-12.01,1,131.466712,False
-11.76,1,131.468729,False
21.41,9,131.476722,True
19.97,3,131.479088,True
-11.78,3,131.48208,False
20.43,7,131.488587,True
-11.54,4,131.492593,False
-11.76,1,131.493593,False
-11.78,3,131.497548,False
-11.78,3,131.500556,False
-10.92,17,131.51638,False
20.94,6,131.521909,True
-11.56,6,131.526944,False
-10.58,8,131.535382,False
-11.79,4,131.539894,False
-11.77,2,131.541906,False
-12.01,1,131.542906,False
19.96,4,131.549792,True
20.68,7,131.555876,True
-11.55,5,131.560847,False
-12.02,2,131.563372,False
-12.01,1,131.564451,False
-11.3,5,131.569374,False
-11.34,9,131.579642,False
-12.01,1,131.581063,False
-11.76,1,131.5829,False
20.17,8,131.589422,True
-11.33,8,131.59732,False
-11.76,1,131.598313,False
-11.8,5,131.603827,False
19.97,3,131.605827,True
-11.55,5,131.611255,False
22.63,12,131.620802,True
-11.79,4,131.624775,False
-11.54,4,131.628649,False
21.4,9,131.636172,True
-11.77,2,131.639184,False
-11.77,2,131.641171,False
-12.01,1,131.642171,False
-12.01,1,131.643171,False
21.42,8,131.650459,True
-11.29,4,131.655766,False
-10.56,6,131.660772,False
21.19,6,131.666594,True
20.44,6,131.672596,True
21.17,8,131.679368,True
-11.81,6,131.685888,False
-12.08,8,131.691892,False
-11.55,5,131.698174,False
21.41,9,131.707687,True
-12.01,1,131.708687,False
21.58,17,131.722704,True
-12.01,1,131.725231,False
-12.01,1,131.72623,False
-12.01,1,131.728055,False
21.42,8,131.735073,True
22.4,10,131.743748,True
-11.31,6,131.750207,False
-12.01,1,131.752199,False
-12.01,1,131.753199,False
-11.53,3,131.7562,False
21.4,10,131.765602,True
-11.53,3,131.769584,False
20.44,6,131.775098,True
-10.6,10,131.784172,False
-11.78,3,131.788166,False
20.2,5,131.792699,True
21.16,9,131.800125,True
-11.53,3,131.803657,False
-12.01,1,131.804656,False
-11.53,3,131.807656,False
-11.77,2,131.809657,False
-11.54,4,131.813987,False
-12.01,1,131.81498,False
-12.01,1,131.81598,False
-11.53,3,131.819982,False
-12.01,1,131.820982,False
20.44,6,131.827722,True
20.44,6,131.833583,True
-11.76,1,131.835585,False
-12.03,3,131.838095,False
20.96,4,131.842136,True
22.42,8,131.850493,True
21.88,12,131.863431,True
-11.77,2,131.866938,False
-11.77,2,131.868937,False
19.97,3,131.872638,True
-12.01,1,131.873673,False
21.39,11,131.884438,True
-12.01,1,131.885438,False
-11.79,4,131.88944,False
-10.32,7,131.896369,False
20.44,6,131.901365,True
22.3,20,131.920863,True
-12.01,1,131.922872,False
-11.77,2,131.924924,False
20.43,7,131.931077,True
21.14,11,131.943424,True
-11.3,5,131.947845,False
-10.59,9,131.956374,False
20.2,5,131.961821,True
-12.01,1,131.962847,False
-12.01,1,131.963845,False
-11.3,5,131.969979,False
-12.01,1,131.970979,False
-12.01,1,131.971979,False
20.18,7,131.978931,True
-12.03,3,131.982949,False
21.42,8,131.989481,True
21.17,8,131.998549,True
-11.31,6,132.004139,False
-11.54,4,132.007139,False
-12.01,1,132.008651,False
-12.01,1,132.009666,False
21.64,11,132.020665,True
20.41,9,132.029554,True
-11.53,3,132.033064,False
-11.56,6,132.038138,False
21.17,8,132.045834,True
-12.01,1,132.047862,False
-12.01,1,132.048855,False
20.43,7,132.05537,True
-11.78,3,132.058369,False
-10.82,7,132.065345,False
-11.56,6,132.070344,False
-10.58,8,132.079261,False
-10.33,8,132.086919,False
22.61,14,132.100191,True
-10.79,4,132.103723,False
20.94,6,132.109726,True
-10.83,7,132.116286,False
21.41,9,132.125866,True
21.1,15,132.140303,True
-11.78,3,132.142378,False
22.11,13,132.155238,True
-11.57,7,132.161797,False
-11.78,3,132.163822,False
-11.77,2,132.167342,False
21.19,6,132.173331,True
-11.55,5,132.178452,False
21.39,11,132.188611,True
-12.03,3,132.191611,False
-11.77,2,132.193611,False
-11.79,4,132.196734,False
20.45,5,132.201746,True
-11.56,6,132.595392,False
20.2,5,132.601392,True
-12.01,1,132.602391,False
-11.77,2,132.605897,False
-11.54,4,132.611288,False
20.21,4,132.615808,True
20.45,5,132.620808,True
21.18,7,132.628821,True
20.42,8,132.638857,True
-11.78,3,132.642856,False
-12.02,2,132.645232,False
-11.56,6,132.650248,False
-11.58,8,132.659752,False
21.65,10,132.671598,True
-11.32,7,132.68143,False
20.21,4,132.686429,True
-11.56,6,132.693934,False
21.17,8,132.703773,True
-11.77,2,132.705773,False
-11.76,1,132.706773,False
-12.01,1,132.708276,False
-11.33,8,132.720173,False
20.92,8,132.732518,True
22.17,8,132.740023,True
-12.01,1,132.742026,False
20.2,5,132.747466,True
-11.78,3,132.751971,False
-11.77,2,132.753971,False
-11.79,4,132.758971,False
-12.01,1,132.760951,False
-12.01,1,132.762971,False
22.4,10,132.774476,True
-11.77,2,132.777477,False
19.95,5,132.784419,True
21.17,7,132.791937,True
-11.54,4,132.796431,False
-11.77,2,132.79843,False
20.44,6,132.803954,True
21.03,22,132.825397,True
-12.02,2,132.827729,False
22.41,9,132.836321,True
-12.02,2,132.838315,False
-11.78,3,132.842019,False
-12.01,1,132.843018,False
20.45,5,132.847372,True
-12.01,1,132.848373,False
-11.79,4,132.85289,False
-11.56,6,132.858409,False
-10.79,4,132.862772,False
21.43,7,132.869076,True
21.34,16,132.882919,True
-12.03,3,132.886456,False
-11.55,5,132.890455,False
-11.53,3,132.893455,False
-11.57,7,132.8998,False
-11.54,4,132.903806,False
-11.54,4,132.907333,False
-11.77,2,132.909333,False
-11.8,5,132.913653,False
20.2,5,132.918171,True
-11.32,7,132.924172,False
-11.77,2,132.927171,False
20.2,5,132.931983,True
-11.77,2,132.934471,False
-10.57,7,132.940989,False
-11.53,3,132.943501,False
-12.01,1,132.944516,False
-11.31,6,132.950321,False
-11.77,2,132.95232,False
20.43,7,132.958839,True
-12.02,2,132.960844,False
-10.81,6,132.967112,False
-12.01,1,132.96862,False
21.18,7,132.975631,True
-11.77,2,132.977965,False
-11.79,4,132.982,False
-11.77,2,132.984011,False
20.44,6,132.989519,True
22.41,9,132.998082,True
21.42,8,133.005614,True
-12.01,1,133.006614,False
21.43,7,133.012554,True
21.16,8,133.021079,True
-12.01,1,133.022084,False
22.15,10,133.032084,True
-11.55,5,133.037611,False
20.69,6,133.043143,True
-12.02,2,133.04553,False
-11.77,2,133.047544,False
-10.82,7,133.054613,False
19.96,4,133.059614,True
-11.54,4,133.063568,False
20.2,5,133.068568,True
20.44,6,133.075249,True
20.94,6,133.080617,True
22.62,13,133.093135,True
19.96,4,133.097446,True
-10.35,10,133.106763,False
-10.82,7,133.113069,False
-12.01,1,133.11458,False
21.41,9,133.122591,True
20.44,6,133.127103,True
-11.78,3,133.130936,False
21.19,6,133.13696,True
20.43,7,133.142956,True
-11.32,7,133.149651,False
21.43,7,133.155644,True
19.96,4,133.159167,True
-11.77,2,133.16156,False
-11.53,3,133.164577,False
20.44,6,133.170089,True
20.44,6,133.175095,True
-11.77,2,133.177608,False
-11.35,10,133.1859,False
-12.01,1,133.186901,False
-11.53,3,133.190423,False
-11.55,5,133.194424,False
-11.78,3,133.196717,False
-12.01,1,133.198683,False
-11.55,5,133.203251,False
20.2,5,133.207251,True
20.88,12,133.219021,True
-12.01,1,133.219541,False
-12.03,3,133.222545,False
-12.01,1,133.223546,False
-11.83,8,133.231313,False
-12.02,2,133.233829,False
-10.87,11,133.24237,False
20.21,4,133.246626,True
19.94,6,133.252156,True
-12.01,1,133.253156,False
21.4,10,133.262477,True
-11.8,5,133.266483,False
-11.78,3,133.269483,False
-11.76,1,133.270483,False
-11.54,4,133.274998,False
-12.01,1,133.275998,False
21.5,25,133.29867,True
-10.33,8,133.306202,False
22.18,7,133.312563,True
20.43,7,133.319081,True
-12.02,2,133.321081,False
20.2,5,133.326318,True
-11.08,8,133.33285,False
21.1,15,133.346848,True
-11.81,6,133.352382,False
-12.02,2,133.354381,False
-11.55,5,133.359746,False
-11.77,2,133.361125,False
22.09,14,133.37418,True
-10.57,7,133.382048,False
-11.78,3,133.385056,False
20.2,5,133.389327,True
-11.8,5,133.394643,False
20.21,4,133.398184,True
-11.77,2,133.401185,False
-11.54,4,133.405189,False
21.6,14,133.41854,True
20.2,5,133.423551,True
-12.01,1,133.424551,False
21.66,9,133.431867,True
21.66,9,133.440091,True
-11.78,3,133.442761,False
-11.8,5,133.44768,False
-11.31,6,133.454183,False
-12.02,2,133.456183,False
21.14,11,133.467175,True
20.45,5,133.471716,True
20.2,5,133.476716,True
-11.77,2,133.479033,False
21.16,9,133.487521,True
20.2,5,133.491521,True
-11.79,4,133.495314,False
-11.78,3,133.501812,False
-11.78,3,133.505831,False
21.43,7,133.512167,True
-11.81,6,133.518177,False
-10.79,4,133.521177,False
-11.77,2,133.523705,False
21.79,21,133.541732,True
21.42,8,133.548854,True
-12.02,2,133.55086,False
-12.01,1,133.551859,False
-11.78,3,133.554926,False
-12.03,3,133.55793,False
-11.81,6,133.564468,False
-11.77,2,133.566806,False
-11.77,2,133.568805,False
-11.77,2,133.571307,False
-12.02,2,133.573312,False
-12.01,1,133.574836,False
-11.77,2,133.577276,False
-11.76,1,133.57867,False
20.21,4,133.581685,True
20.17,8,133.589721,True
-11.54,4,133.592728,False
-11.58,8,133.601178,False
20.45,5,133.605592,True
-11.78,3,133.608598,False
-12.01,1,133.610598,False
-11.53,3,133.61307,False
-11.79,4,133.617076,False
-11.56,6,134.004158,False
-10.56,6,134.011691,False
-11.78,3,134.014722,False
-11.76,1,134.015815,False
20.2,5,134.02181,True
-11.85,10,134.033202,False
-12.01,1,134.034202,False
19.96,4,134.040211,True
-10.56,6,134.048216,False
-12.02,2,134.050215,False
-12.05,5,134.057223,False
-12.02,2,134.060226,False
20.94,6,134.067152,True
-10.82,7,134.076158,False
20.2,5,134.082182,True
-10.33,8,134.090641,False
19.97,3,134.094649,True
-12.02,2,134.09711,False
21.63,12,134.110137,True
-11.77,2,134.112581,False
21.4,10,134.123088,True
20.38,12,134.135509,True
20.43,7,134.143545,True
-12.01,1,134.143545,False
-11.78,3,134.147443,False
-11.56,6,134.154954,False
21.18,7,134.162958,True
20.18,7,134.170955,True
-11.79,4,134.17647,False
21.4,10,134.187456,True
-12.01,1,134.188455,False
-11.54,4,134.192957,False
20.92,8,134.201293,True
-12.02,2,134.20382,False
20.19,6,134.209824,True
-11.77,2,134.212171,False
21.41,9,134.220693,True
-11.8,5,134.226206,False
-11.77,2,134.228563,False
-12.01,1,134.229558,False
-11.78,3,134.233071,False
-11.54,4,134.237144,False
-11.32,7,134.244568,False
-11.77,2,134.247115,False
-12.02,2,134.24911,False
-11.78,3,134.252111,False
20.2,5,134.256624,True
-11.79,4,134.260623,False
-11.77,2,134.263926,False
-11.77,2,134.265927,False
21.13,12,134.276454,True
-12.01,1,134.277465,False
-11.31,6,134.283484,False
-11.77,2,134.285484,False
-11.77,2,134.28699,False
-12.01,1,134.288996,False
-12.02,2,134.290996,False
19.97,3,134.294001,True
-11.81,6,134.299939,False
19.92,8,134.306939,True
20.68,7,134.312983,True
-12.01,1,134.313982,False
-11.54,4,134.318494,False
-11.76,1,134.319508,False
-11.58,8,134.326503,False
-11.09,8,134.334678,False
-10.59,9,134.342702,False
-10.81,6,134.349108,False
-11.77,2,134.351614,False
-12.01,1,134.35263,False
-11.78,3,134.355625,False
-11.32,7,134.360625,False
20.44,6,134.367058,True
20.19,6,134.372559,True
-11.8,5,134.377868,False
21.18,7,134.384383,True
-12.03,3,134.387387,False
-10.8,5,134.392387,False
-11.78,3,134.395195,False
21.18,7,134.402189,True
-12.01,1,134.403701,False
19.97,3,134.406715,True
-12.01,1,134.407715,False
-12.01,1,134.408715,False
19.96,4,134.413147,True
-12.01,1,134.414142,False
-11.55,5,134.418666,False
21.42,8,134.426189,True
21.18,7,134.432484,True
-11.79,4,134.435529,False
-11.55,5,134.440058,False
-11.78,3,134.443583,False
21.43,7,134.44989,True
-11.57,7,134.456414,False
21.17,8,134.463267,True
-12.01,1,134.465269,False
-12.02,2,134.46679,False
-12.01,1,134.468805,False
-12.03,3,134.470805,False
21.63,11,134.481623,True
20.44,6,134.487624,True
-12.01,1,134.488143,False
-11.78,3,134.491147,False
-11.55,5,134.496458,False
20.68,7,134.502982,True
-11.79,4,134.505982,False
-12.01,1,134.506982,False
-11.77,2,134.509512,False
20.44,6,134.51484,True
-11.77,2,134.51684,False
-11.29,4,134.521364,False
-11.76,1,134.522363,False
-11.76,1,134.523364,False
-12.02,2,134.525357,False
20.44,6,134.530668,True
21.17,8,134.538277,True
-11.77,2,134.540369,False
-11.56,6,134.545676,False
-11.78,3,134.54867,False
-11.77,2,134.551201,False
-12.02,2,134.552199,False
-12.01,1,134.554199,False
-12.01,1,134.555199,False
21.42,8,134.562054,True
-12.02,2,134.564052,False
-11.32,7,134.570563,False
21.19,6,134.575669,True
20.44,6,134.581355,True
-10.61,11,134.591709,False
21.41,9,134.599508,True
21.39,11,134.61002,True
20.21,4,134.613835,True
20.45,5,134.618824,True
20.45,5,134.62333,True
-12.03,3,134.626337,False
-12.01,1,134.627337,False
21.35,14,134.639707,True
-11.78,3,134.642706,False
20.68,7,134.648998,True
19.96,4,134.652995,True
21.15,10,134.661039,True
-11.78,3,134.66482,False
-12.03,3,134.66782,False
-11.81,6,134.67282,False
20.43,7,134.679623,True
-12.03,3,134.682631,False
-12.02,2,134.685142,False
-11.54,4,134.689156,False
20.44,6,134.694156,True
20.44,6,134.700941,True
-11.76,1,134.701941,False
-11.77,2,134.703941,False
20.19,6,134.709466,True
21.69,31,134.736457,True
-11.77,2,134.738969,False
20.2,5,134.743563,True
-12.03,3,134.746227,False
-11.54,4,134.750685,False
20.43,7,134.756363,True
-11.77,2,134.758786,False
19.96,4,134.763344,True
21.65,10,134.771775,True
-11.54,4,134.776858,False
-12.01,1,134.77821,False
-11.77,2,134.779748,False
20.21,4,134.783762,True
21.42,8,134.792274,True
-10.59,9,134.800666,False
-11.54,4,134.803838,False
-11.61,11,134.814489,False
21.17,8,134.821995,True
-11.79,4,134.826001,False
-11.3,5,134.830391,False
20.18,7,134.837386,True
-10.59,8,134.844438,False
-11.53,3,134.847245,False
21.42,8,134.855602,True
-10.33,8,134.862469,False
21.17,8,134.870483,True
-12.01,1,134.871482,False
21.42,8,134.879335,True
20.45,5,134.884701,True
-12.01,1,134.885695,False
21.43,7,134.891695,True
-12.02,2,134.893695,False
21.16,9,134.901475,True
-12.04,4,134.906001,False
-12.01,1,134.907,False
-11.77,2,134.909,False
-11.53,3,134.91149,False
22.08,17,134.926501,True
-11.53,3,134.930047,False
-11.31,6,134.936633,False
-11.31,6,134.941153,False
20.19,6,134.947585,True
20.2,5,134.951583,True
-11.77,2,134.953583,False
-11.79,4,134.956625,False
22.39,11,134.966178,True
-10.57,7,134.9727,False
21.36,14,134.98504,True
-11.76,1,134.98604,False
-11.78,3,134.988552,False
21.41,9,134.999384,True
-11.31,6,135.004388,False
-11.79,4,135.008388,False
20.45,5,135.013219,True
-11.86,11,135.397091,False
-11.54,4,135.403093,False
-11.32,7,135.411605,False
-12.01,1,135.413201,False
-11.55,5,135.420714,False
-11.77,2,135.423714,False
20.45,5,135.430813,True
-12.01,1,135.432814,False
-12.02,2,135.434813,False
21.15,10,135.448717,True
-11.78,3,135.451716,False
21.41,9,135.463729,True
20.44,6,135.471233,True
-11.76,1,135.473233,False
-12.01,1,135.474233,False
-11.77,2,135.477233,False
20.21,4,135.481638,True
-10.56,6,135.490143,False
-10.6,10,135.50101,False
-12.01,1,135.50301,False
-11.76,1,135.50501,False
-11.77,2,135.50701,False
-12.02,2,135.510957,False
-11.78,3,135.513972,False
-12.01,1,135.515972,False
21.62,13,135.531436,True
-11.81,6,135.53901,False
21.41,9,135.551277,True
-11.78,3,135.55528,False
-11.09,9,135.570266,False
-11.53,3,135.575273,False
-12.02,2,135.577276,False
21.41,9,135.587246,True
-11.77,2,135.589247,False
-11.79,4,135.594239,False
22.63,12,135.60578,True
20.67,8,135.6137,True
-11.37,11,135.624224,False
-12.01,1,135.625241,False
-12.02,2,135.627578,False
20.45,5,135.631603,True
-11.77,2,135.635119,False
-12.01,1,135.636123,False
21.93,7,135.642167,True
21.37,12,135.653354,True
-11.78,3,135.656869,False
-11.77,2,135.659374,False
-10.57,7,135.666301,False
-12.01,1,135.668301,False
-11.76,1,135.669301,False
-11.77,2,135.671301,False
-11.3,5,135.676834,False
19.97,3,135.680216,True
21.67,8,135.688741,True
-11.53,3,135.691746,False
-12.01,1,135.692746,False
-11.78,3,135.696711,False
19.97,3,135.699718,True
-12.01,1,135.700726,False
-10.79,4,135.704725,False
-11.57,7,135.711666,False
-12.01,1,135.71366,False
20.94,6,135.719184,True
21.19,6,135.72418,True
20.44,6,135.730282,True
-11.53,3,135.733278,False
-12.01,1,135.734278,False
-11.53,3,135.736278,False
20.4,10,135.746841,True
20.68,7,135.752892,True
-12.02,2,135.754893,False
20.94,6,135.75941,True
20.19,6,135.765841,True
-10.56,6,135.770365,False
20.44,6,135.776366,True
-10.35,10,135.785195,False
20.43,7,135.791721,True
21.19,6,135.796991,True
-11.54,4,135.801498,False
21.18,7,135.807503,True
-10.83,8,135.815277,False
-11.57,7,135.82179,False
22.32,17,135.836702,True
21.17,8,135.842746,True
20.44,6,135.848197,True
-12.02,2,135.851198,False
-11.78,3,135.853727,False
22.09,16,135.868138,True
-12.01,1,135.869132,False
-11.8,5,135.873645,False
-11.78,3,135.87666,False
20.43,7,135.882969,True
-11.77,2,135.884489,False
21.41,9,135.892493,True
-11.54,4,135.895738,False
-12.01,1,135.897735,False
20.91,9,135.905265,True
-11.35,10,135.913599,False
21.41,9,135.922122,True
-12.01,1,135.923121,False
-11.78,3,135.926634,False
20.44,6,135.933132,True
21.19,6,135.937655,True
-11.77,2,135.94018,False
-11.77,2,135.94118,False
20.44,6,135.947694,True
-12.01,1,135.948684,False
-11.78,3,135.951691,False
20.21,4,135.955217,True
-11.54,4,135.95874,False
-11.77,2,135.961994,False
-12.02,2,135.964,False
20.2,5,135.968509,True
-11.78,3,135.971509,False
21.42,8,135.979542,True
-11.54,4,135.982542,False
20.42,8,135.990052,True
-12.01,1,135.991053,False
-12.01,1,135.99205,False
-12.01,1,135.993057,False
21.16,9,136.000861,True
21.17,8,136.007866,True
20.2,5,136.012809,True
-11.55,5,136.017808,False
-11.77,2,136.020328,False
20.2,5,136.025325,True
19.95,5,136.028865,True
-11.53,3,136.032393,False
-12.02,2,136.034393,False
20.18,7,136.04092,True
21.14,11,136.05144,True
-12.01,1,136.052455,False
-11.54,4,136.056455,False
-12.01,1,136.058454,False
20.2,5,136.062963,True
-11.78,3,136.065966,False
21.58,16,136.079918,True
-10.55,5,136.084445,False
-11.78,3,136.088441,False
-12.01,1,136.089441,False
-12.01,1,136.090441,False
-12.01,1,136.091441,False
-12.01,1,136.09244,False
-12.01,1,136.094377,False
21.42,8,136.101407,True
-11.55,5,136.105923,False
-11.76,1,136.107923,False
-11.78,3,136.109923,False
21.19,6,136.116902,True
-11.77,2,136.118582,False
-11.78,3,136.121581,False
-11.57,7,136.128428,False
21.41,9,136.136961,True
-11.32,7,136.142494,False
-11.77,2,136.14513,False
20.68,7,136.152668,True
20.21,4,136.157177,True
-12.02,2,136.159191,False
20.43,7,136.165802,True
21.13,12,136.176323,True
20.44,6,136.182367,True
-12.01,1,136.183362,False
-12.01,1,136.184362,False
-10.34,9,136.192634,False
19.96,4,136.19609,True
-11.32,7,136.202602,False
-11.77,2,136.204602,False
-11.54,4,136.209115,False
-11.78,3,136.212544,False
-11.78,3,136.215544,False
-11.77,2,136.217542,False
-12.01,1,136.219543,False
-11.78,3,136.222066,False
-11.77,2,136.22406,False
-12.01,1,136.22607,False
-11.54,4,136.229951,False
-12.02,2,136.231958,False
-11.54,4,136.235965,False
20.43,7,136.242485,True
20.92,8,136.249399,True
-11.77,2,136.251925,False
20.17,8,136.259924,True
22.39,11,136.270836,True
-11.55,5,136.275351,False
21.16,9,136.283265,True
21.4,9,136.292778,True
-11.55,5,136.297169,False
-11.54,4,136.301169,False
21.3,45,136.70687,True
-12.01,1,136.70787,False
-12.01,1,136.709872,False
-11.78,3,136.712223,False
20.43,7,136.718222,True
-12.01,1,136.719222,False
-11.56,6,136.725744,False
-10.6,10,136.735263,False
20.17,8,136.742682,True
-11.77,2,136.745304,False
-11.77,2,136.746817,False
19.96,4,136.750821,True
-11.55,5,136.755339,False
-12.01,1,136.756349,False
20.45,5,136.760818,True
-12.01,1,136.761838,False
-12.02,2,136.764363,False
-10.4,15,136.7788,False
-11.54,4,136.782791,False
20.2,5,136.788308,True
-11.76,1,136.789308,False
21.16,9,137.193886,True
-10.11,11,137.207407,False
20.2,5,137.216253,True
-12.03,3,137.222253,False
20.2,5,137.230095,True
-10.81,6,137.237599,False
20.43,7,137.246447,True
20.45,5,137.251951,True
21.63,12,137.266831,True
20.44,6,137.273831,True
20.2,5,137.281697,True
19.96,4,137.288201,True
-12.01,1,137.289201,False
-12.01,1,137.290201,False
-11.31,6,137.296543,False
-11.31,6,137.303048,False
-11.78,3,137.307549,False
-12.02,2,137.309552,False
-12.01,1,137.310552,False
22.42,8,137.321352,True
-11.54,4,137.326352,False
-12.03,3,137.330185,False
21.16,9,137.342893,True
20.2,5,137.35186,True
20.21,4,137.355859,True
-11.77,2,137.357859,False
-11.79,4,137.36278,False
-10.58,8,137.373287,False
-12.03,3,137.377805,False
-11.77,2,137.379827,False
-12.01,1,137.382115,False
-11.54,4,137.388121,False
-11.77,2,137.39012,False
20.41,9,137.39905,True
-11.32,7,137.405575,False
21.64,11,137.416703,True
-11.81,6,137.422222,False
-11.79,4,137.427222,False
21.41,9,137.43502,True
-11.56,6,137.44002,False
-11.77,2,137.443531,False
-12.02,2,137.445124,False
-11.03,3,137.447879,False
-11.78,3,137.451309,False
-12.02,2,137.453309,False
-11.77,2,137.45582,False
20.2,5,137.4609,True
-12.01,1,137.462214,False
21.2,5,137.465807,True
19.94,6,137.47132,True
-11.78,3,137.474824,False
-12.02,2,137.478155,False
-12.01,1,137.47925,False
-11.58,7,137.485678,False
-12.01,1,137.486685,False
-11.77,2,137.488685,False
20.21,4,137.492685,True
22.41,9,137.500517,True
-11.55,5,137.506022,False
-11.54,4,137.510029,False
20.45,5,137.514352,True
-11.78,3,137.516888,False
-11.32,7,137.524891,False
-11.54,4,137.52869,False
-11.57,7,137.535685,False
-11.05,5,137.539724,False
20.21,4,137.544184,True
-11.77,2,137.545724,False
-11.53,3,137.549659,False
-11.78,3,137.552666,False
20.21,4,137.556662,True
19.96,4,137.561209,True
20.21,4,137.564223,True
-10.84,9,137.572731,False
-11.78,3,137.576423,False
20.44,6,137.582773,True
20.44,6,137.588861,True
-11.76,1,137.590361,False
21.19,6,137.595909,True
-11.55,5,137.601441,False
-11.79,4,137.604445,False
21.87,13,137.617221,True
-11.55,5,137.621722,False
-11.78,3,137.624728,False
-11.3,5,137.630086,False
-11.77,2,137.632588,False
21.65,10,137.641593,True
20.93,7,137.648084,True
-12.01,1,137.649085,False
-11.77,2,137.651607,False
20.21,4,137.655131,True
-12.01,1,137.656131,False
20.44,6,137.661515,True
-11.55,5,137.666055,False
19.97,3,137.669055,True
22.18,7,137.67508,True
-11.8,5,137.682326,False
-12.01,1,137.683326,False
-10.56,6,137.688838,False
20.44,6,137.695139,True
21.4,10,137.703163,True
-11.8,5,137.708683,False
20.68,7,137.714963,True
-12.01,1,137.716482,False
-11.77,2,137.718487,False
-11.32,7,137.725483,False
20.45,5,137.730246,True
-12.03,3,137.733242,False
-11.78,3,137.735242,False
-12.01,1,137.736748,False
-11.78,3,137.740755,False
-11.77,2,137.742755,False
20.91,9,137.750654,True
21.39,11,137.760411,True
-11.82,7,137.76623,False
-11.79,4,137.770741,False
-11.79,4,137.774816,False
-11.53,3,137.778247,False
-12.01,1,137.779571,False
-11.77,2,137.781573,False
-11.79,4,137.785495,False
-12.01,1,137.786535,False
-10.79,4,137.790237,False
22.15,10,137.800055,True
-11.8,5,137.805133,False
-12.02,2,137.807132,False
-11.56,6,137.812141,False
-12.02,2,137.814134,False
-11.77,2,137.816142,False
-11.77,2,137.819563,False
20.43,7,137.829286,True
21.42,8,137.836966,True
21.19,6,137.844554,True
-11.8,5,137.849624,False
-12.01,1,137.851145,False
-12.02,2,137.85314,False
-11.31,6,137.859229,False
-12.01,1,137.859229,False
-11.79,4,137.864139,False
-11.76,1,137.866141,False
-11.54,4,137.869141,False
-12.03,3,137.87266,False
-12.01,1,137.874655,False
-11.78,3,137.877995,False
-11.77,2,137.880023,False
-11.79,4,137.88355,False
-11.76,1,137.88455,False
20.45,5,137.890545,True
-12.01,1,137.890545,False
-11.77,2,137.894071,False
20.96,4,137.897595,True
-11.57,7,137.904118,False
20.95,5,137.910114,True
-11.54,4,137.914047,False
21.65,10,137.923543,True
20.45,5,137.929022,True
-11.77,2,137.93102,False
-10.34,9,137.939539,False
20.2,5,137.943544,True
21.37,13,137.95606,True
20.43,7,137.962647,True
-10.59,9,137.970689,False
-11.54,4,137.975684,False
-11.76,1,137.977193,False
-12.03,3,137.980537,False
20.21,4,137.984537,True
20.68,7,137.991066,True
19.96,4,137.994997,True
22.41,9,138.002568,True
-11.76,1,138.003569,False
-12.03,3,138.007076,False
-11.58,8,138.013657,False
-11.53,3,138.016656,False
21.1,14,138.030247,True
-12.02,2,138.033247,False
-12.01,1,138.034246,False
-11.33,8,138.042396,False
-11.56,6,138.048785,False
-12.01,1,138.049796,False
-11.77,2,138.052325,False
20.21,4,138.056323,True
-10.81,6,138.062151,False
-12.01,1,138.063166,False
-12.01,1,138.064166,False
20.2,5,138.069665,True
-12.01,1,138.070677,False
19.97,3,138.073672,True
20.45,5,138.078008,True
21.37,13,138.089555,True
-11.54,4,138.094065,False
-12.01,1,138.095407,False
19.97,3,138.097402,True
-12.01,1,138.099393,False
-11.56,6,138.104914,False
-12.01,1,138.105914,False
-12.02,2,138.107915,False
-10.54,4,138.111728,False
-12.01,1,138.113806,False
-12.01,1,138.114769,False
-12.01,1,138.116806,False
-11.56,6,138.121805,False
-11.54,4,138.1254,False
-11.54,4,138.128638,False
-11.77,2,138.130629,False
-10.6,10,138.140139,False
-11.77,2,138.141139,False
20.2,5,138.146471,True
-12.02,2,138.149011,False
-12.02,2,138.151517,False
-12.01,1,138.153031,False
20.21,4,138.156038,True
-12.01,1,138.158038,False
-12.01,1,138.159038,False
-10.56,6,138.164183,False
-10.79,4,138.168182,False
-11.79,4,138.172772,False
22.38,12,138.184382,True
-11.55,5,138.189394,False
21.41,9,138.197356,True
21.64,11,138.20688,True
20.21,4,138.212318,True
21.17,8,138.218838,True
21.43,7,138.224838,True
-11.8,5,138.229815,False
-11.79,4,138.233815,False
-10.56,6,138.239322,False
-11.8,5,138.24432,False
-11.77,2,138.245589,False
-11.55,5,138.250638,False
-12.02,2,138.64267,False
-12.01,1,138.644117,False
-10.57,7,138.652655,False
-11.77,2,138.655174,False
-10.8,5,138.661183,False
-11.78,3,138.665704,False
-11.54,4,138.670703,False
-11.76,1,138.671705,False
-11.77,2,138.673702,False
-12.01,1,138.676221,False
-11.53,3,138.679221,False
-11.77,2,138.682224,False
-12.01,1,138.683223,False
-12.02,2,138.685731,False
20.68,7,138.693245,True
-12.01,1,138.694246,False
-11.54,4,138.699115,False
20.68,7,138.706619,True
-10.32,7,138.714526,False
-12.01,1,138.715527,False
-10.31,6,138.722031,False
22.85,15,138.740389,True
-11.53,3,138.74486,False
-11.77,2,138.746896,False
-11.57,7,138.75641,False
-11.77,2,138.75741,False
-11.77,2,138.760914,False
21.43,7,138.767749,True
-11.55,5,138.773253,False
21.63,12,138.786327,True
-11.81,6,138.794177,False
-11.32,7,138.802698,False
20.43,7,138.809698,True
-12.01,1,138.8112,False
21.18,7,138.818497,True
-11.76,1,138.820497,False
22.61,14,138.837859,True
-11.78,3,138.840863,False
-12.01,1,138.843678,False
-11.54,4,138.847903,False
-10.59,9,138.856506,False
-11.32,7,138.864342,False
-12.01,1,138.866353,False
-11.54,4,138.870348,False
20.66,9,138.879331,True
-12.01,1,138.881324,False
19.97,3,138.884329,True
-12.03,3,138.887852,False
-12.01,1,138.888852,False
-11.79,4,138.892852,False
20.95,5,138.898149,True
-11.79,4,138.902145,False
-12.01,1,138.90315,False
-12.05,5,138.907831,False
-11.58,8,138.915014,False
-11.79,4,138.919458,False
-11.55,5,138.923458,False
21.42,8,138.931386,True
-11.78,3,138.933386,False
-11.77,2,138.93591,False
20.95,5,138.941426,True
-11.77,2,138.943819,False
-12.02,2,138.945838,False
-11.29,4,138.950362,False
21.42,8,138.956407,True
-11.34,8,138.963635,False
21.18,7,138.970174,True
21.41,9,138.979035,True
19.94,6,138.985053,True
19.96,4,138.988053,True
21.38,12,138.999376,True
-11.54,4,139.00239,False
-11.53,3,139.00539,False
-11.54,4,139.0099,False
21.35,15,139.022803,True
20.21,4,139.025803,True
-11.56,6,139.032053,False
-10.79,4,139.036047,False
-11.33,8,139.043575,False
21.16,9,139.05287,True
19.95,5,139.057381,True
-12.01,1,139.058382,False
21.07,17,139.073826,True
-11.78,3,139.076826,False
-11.57,7,139.08438,False
19.95,5,139.088387,True
-11.02,2,139.090386,False
20.17,8,139.098401,True
-11.77,2,139.1004,False
-10.11,11,139.109924,False
-11.78,3,139.113325,False
-11.77,2,139.116367,False
-11.77,2,139.118367,False
-12.01,1,139.119367,False
-11.55,5,139.123367,False
-11.78,3,139.125891,False
-11.55,5,139.131383,False
-11.82,7,139.137913,False
-11.82,6,139.142913,False
20.2,5,139.147851,True
20.21,4,139.151851,True
-12.01,1,139.153369,False
-11.78,3,139.156411,False
-10.81,6,139.161928,False
-11.78,3,139.164933,False
-12.01,1,139.165933,False
-11.55,5,139.170949,False
-12.02,2,139.172955,False
20.2,5,139.178959,True
-11.3,5,139.183952,False
20.18,7,139.190484,True
22.57,18,139.207435,True
-12.01,1,139.208429,False
21.19,6,139.214336,True
-11.79,4,139.218336,False
-11.77,2,139.221856,False
-11.79,4,139.225862,False
19.95,5,139.230954,True
-12.03,3,139.233954,False
-11.55,5,139.238949,False
-12.01,1,139.241461,False
20.44,6,139.247869,True
-12.02,2,139.249869,False
-11.78,3,139.253392,False
-12.06,6,139.259431,False
21.41,9,139.268339,True
21.87,13,139.281238,True
-11.56,6,139.287749,False
21.41,9,139.29664,True
-11.78,3,139.300639,False
-11.04,4,139.305168,False
-11.55,5,139.310164,False
21.93,7,139.317094,True
22.57,17,139.334498,True
-11.32,7,139.342031,False
-11.79,4,139.346225,False
-12.01,1,139.348232,False
21.18,7,139.354737,True
20.2,5,139.358772,True
20.21,4,139.363306,True
-11.79,4,139.366818,False
-11.79,4,139.370881,False
21.17,8,139.377749,True
20.45,5,139.383784,True
20.2,5,139.389303,True
-11.77,2,139.39131,False
-11.78,3,139.39472,False
20.44,6,139.400266,True
-12.01,1,139.401265,False
-10.62,11,139.411551,False
20.19,6,139.416547,True
20.44,6,139.422059,True
-12.03,3,139.425059,False
-11.78,3,139.428563,False
20.45,5,139.43357,True
-11.77,2,139.43557,False
-12.01,1,139.43657,False
-11.55,5,139.44108,False
-11.54,4,139.445369,False
-12.01,1,139.44646,False
-11.56,6,139.452144,False
19.97,3,139.454142,True
-12.01,1,139.455737,False
-11.77,2,139.45741,False
21.16,9,139.466146,True
-11.78,3,139.46967,False
21.19,6,139.475718,True
-11.81,6,139.481637,False
21.19,6,139.486633,True
-12.03,3,139.489074,False
-11.77,2,139.492631,False
-11.55,5,139.497027,False
-11.78,3,139.500023,False
21.18,7,139.507532,True
20.44,6,139.512554,True
21.63,12,139.523644,True
-12.01,1,139.524641,False
21.18,7,139.53102,True
-12.03,3,139.534544,False
22.37,13,139.545935,True
-11.59,9,139.552934,False
-11.77,2,139.555749,False
-11.31,6,139.561737,False
-12.02,2,139.562767,False
-11.76,1,139.564279,False
-10.84,9,139.573293,False
21.38,12,139.583208,True
-12.02,2,139.584208,False
-11.56,6,139.59073,False
21.11,14,139.603604,True
-11.54,4,139.607131,False
-12.01,1,139.60813,False
-10.62,12,139.619748,False
21.14,11,139.628272,True
-11.3,5,139.634523,False
-11.53,3,139.637035,False
-11.55,5,139.641049,False
-11.33,7,139.647936,False
-11.77,2,139.65094,False
20.43,7,139.656971,True
-11.77,2,139.658519,False
-11.78,3,139.661904,False
21.37,12,139.673522,True
21.18,7,140.06617,True
20.18,7,140.075213,True
-11.78,3,140.078643,False
21.18,7,140.087597,True
21.41,9,140.098444,True
-11.78,3,140.102444,False
-11.77,2,140.104444,False
-11.79,4,140.10895,False
-12.03,3,140.112282,False
-11.53,3,140.115783,False
-11.3,5,140.121786,False
19.97,3,140.124786,True
-11.54,4,140.130623,False
-11.79,4,140.135624,False
-11.78,3,140.140129,False
-10.37,12,140.153035,False
-12.02,2,140.156035,False
-11.54,4,140.160048,False
-11.32,7,140.167498,False
-11.31,6,140.1745,False
-11.55,5,140.181371,False
-12.01,1,140.182371,False
-11.77,2,140.185371,False
-11.6,10,140.195232,False
-11.53,3,140.199746,False
20.21,4,140.204744,True
-11.78,3,140.207744,False
19.95,5,140.21472,True
20.2,5,140.221226,True
-11.54,4,140.226226,False
-11.78,3,140.23412,False
-11.78,3,140.23912,False
-11.52,2,140.244023,False
-11.56,6,140.249048,False
-11.77,2,140.251549,False
19.97,3,140.255552,True
-11.32,7,140.263627,False
19.97,3,140.266624,True
22.12,13,140.279108,True
-11.76,1,140.280107,False
-11.77,2,140.282616,False
-10.6,10,140.293138,False
-11.79,4,140.297473,False
-11.53,3,140.300479,False
-12.01,1,140.301479,False
20.2,5,140.307005,True
-10.78,3,140.310006,False
-11.77,2,140.31132,False
-12.02,2,140.313859,False
-12.01,1,140.314863,False
21.39,11,140.324359,True
-11.54,4,140.328727,False
20.2,5,140.332715,True
-10.57,7,140.340232,False
-11.76,1,140.341233,False
21.13,12,140.35221,True
20.44,6,140.356754,True
-11.53,3,140.3608,False
-12.01,1,140.361235,False
-11.3,5,140.366767,False
-11.32,7,140.372291,False
-11.76,1,140.374305,False
-11.53,3,140.37683,False
-10.34,9,140.385333,False
20.69,6,140.390865,True
21.39,11,140.400765,True
21.93,7,140.405771,True
21.18,7,140.412689,True
-11.52,2,140.414685,False
21.16,9,140.422209,True
20.2,5,140.42756,True
20.43,7,140.434085,True
-11.78,3,140.437086,False
21.18,7,140.444,True
-11.56,6,140.449761,False
-11.55,5,140.453754,False
-11.54,4,140.457754,False
-11.09,9,140.466134,False
-12.02,2,140.468133,False
-11.78,3,140.470659,False
-11.79,4,140.474663,False
-11.77,2,140.476651,False
-11.77,2,140.47898,False
-10.8,5,140.483007,False
21.17,8,140.490545,True
-11.77,2,140.49256,False
21.37,13,140.502609,True
-11.54,4,140.507609,False
-11.56,6,140.512992,False
-10.8,5,140.516989,False
-12.01,1,140.517989,False
21.42,8,140.525512,True
-12.01,1,140.526512,False
20.44,6,140.530844,True
19.9,10,140.539884,True
20.68,7,140.546703,True
-11.3,5,140.551276,False
-12.01,1,140.552275,False
-11.79,4,140.555796,False
21.18,7,140.562123,True
-11.31,6,140.568359,False
-11.55,5,140.572359,False
-11.54,4,140.576575,False
-12.01,1,140.577874,False
20.37,13,140.589462,True
-11.58,8,140.597415,False
21.62,12,140.607928,True
-11.55,5,140.612502,False
-11.56,6,140.617941,False
20.2,5,140.622941,True
-12.01,1,140.623941,False
-10.61,11,140.633953,False
21.42,8,140.64048,True
-12.02,2,140.642479,False
21.17,8,140.650335,True
-11.81,6,140.655335,False
-11.31,6,140.662367,False
-11.55,5,140.666361,False
-11.76,1,140.667866,False
-12.01,1,140.669378,False
-12.03,3,140.672385,False
21.18,7,140.678437,True
-11.76,1,140.679473,False
-12.02,2,140.682467,False
-12.01,1,140.683467,False
-11.32,7,140.688972,False
20.11,13,140.700904,True
-12.03,3,140.703904,False
19.96,4,140.707909,True
21.35,14,140.720296,True
22.4,10,140.728613,True
-11.31,6,140.735139,False
20.43,7,140.741637,True
-12.01,1,140.742636,False
21.42,8,140.749964,True
21.18,7,140.756486,True
-12.01,1,140.757487,False
-11.77,2,140.759486,False
-12.02,2,140.76176,False
-11.56,6,140.767775,False
-11.53,3,140.770506,False
-11.53,3,140.774023,False
-11.55,5,140.779359,False
-11.55,5,140.784866,False
22.15,10,140.793677,True
21.43,7,140.800709,True
19.94,6,140.805225,True
-12.01,1,140.807225,False
-11.55,5,140.811225,False
20.45,5,140.815992,True
-11.79,4,140.819998,False
-12.01,1,140.820998,False
21.19,6,140.826521,True
21.19,6,140.832296,True
-12.02,2,140.834971,False
-12.01,1,140.83605,False
-12.02,2,140.837976,False
-10.57,7,140.844487,False
20.2,5,140.848768,True
20.44,6,140.854769,True
-11.55,5,140.859281,False
-12.02,2,140.861349,False
21.38,12,140.87311,True
19.96,4,140.876622,True
-12.01,1,140.878334,False
21.18,7,140.884363,True
-11.55,5,140.888888,False
21.38,12,140.898902,True
-12.03,3,140.901909,False
-12.02,2,140.903909,False
-11.77,2,140.90591,False
-11.53,3,140.909423,False
-11.02,2,140.910432,False
-11.55,5,140.915719,False
-12.01,1,140.91723,False
-12.01,1,140.918244,False
-11.79,4,140.92224,False
-11.78,3,140.925258,False
-11.54,4,140.929,False
-11.31,6,140.934999,False
20.21,4,140.938517,True
-10.82,7,140.945797,False
20.45,5,140.949325,True
-11.56,6,140.955321,False
-11.78,3,140.957322,False
21.43,7,140.964293,True
-12.01,1,140.965285,False
-11.56,6,140.971453,False
21.17,8,140.978896,True
-10.82,7,140.985417,False
21.39,11,140.994331,True
-11.76,1,140.996351,False
-11.53,3,140.99835,False
-12.02,2,141.000862,False
21.17,8,141.007876,True
-12.01,1,141.008876,False
-11.77,2,141.011388,False
-11.77,2,141.013635,False
-11.77,2,141.015637,False
21.19,6,141.021904,True
20.21,4,141.025429,True
21.41,9,141.034238,True
22.35,14,141.045277,True
21.64,11,141.055784,True
19.95,5,141.059784,True
20.68,7,141.067397,True
20.45,5,141.071397,True
-12.01,1,141.072397,False
-11.78,3,141.466386,False
-10.57,7,141.475891,False
-11.77,2,141.479352,False
-11.77,2,141.481856,False
-11.53,3,141.485858,False
-11.81,6,141.493713,False
20.21,4,141.498728,True
-12.01,1,141.500726,False
-12.01,1,141.502727,False
-11.78,3,141.506232,False
21.18,7,141.515186,True
-11.53,3,141.519186,False
21.34,16,141.535682,True
-12.01,1,141.536685,False
21.19,6,141.54455,True
-12.02,2,141.547565,False
22.41,9,141.558634,True
20.68,7,141.5673,True
-11.77,2,141.5703,False
20.18,7,141.578272,True
21.16,9,141.587422,True
-11.3,5,141.593422,False
21.19,6,141.600348,True
-12.01,1,141.602348,False
-12.02,2,141.605348,False
-11.77,2,141.607853,False
20.2,5,141.614327,True
21.11,14,141.628731,True
21.39,11,141.642234,True
-10.58,8,141.65008,False
21.42,8,141.65708,True
-11.54,4,141.662888,False
-11.78,3,141.666918,False
-11.77,2,141.668916,False
20.45,5,141.673438,True
-11.76,1,141.675078,False
20.21,4,141.679497,True
-12.02,2,141.682013,False
-11.77,2,141.68402,False
-11.76,1,141.68502,False
19.96,4,141.689019,True
-11.77,2,141.692131,False
19.94,6,141.697452,True
-11.78,3,141.700971,False
-11.78,3,141.703975,False
20.21,4,141.707969,True
-12.03,3,141.710976,False
-11.78,3,141.714271,False
21.19,6,141.72027,True
20.45,5,141.724561,True
-11.54,4,141.729017,False
21.13,11,141.738541,True
20.2,5,141.743067,True
21.19,6,141.748493,True
-12.01,1,141.750494,False
-12.01,1,141.751493,False
21.18,7,141.757761,True
-11.53,3,141.761184,False
-12.01,1,141.762722,False
-11.05,5,141.767801,False
-12.02,2,141.769507,False
-11.53,3,141.773016,False
-11.31,6,141.778421,False
-11.77,2,141.780459,False
-11.78,3,141.784683,False
-11.81,6,141.789686,False
-12.02,2,141.791686,False
-11.55,5,141.797147,False
-11.81,6,141.803147,False
21.41,9,141.811249,True
-11.63,12,141.820796,False
20.44,6,141.82632,True
-10.58,8,141.833666,False
-12.02,2,141.836178,False
20.45,5,141.840178,True
-12.01,1,141.842179,False
-11.31,6,141.847718,False
21.18,7,141.853711,True
-11.55,5,141.858223,False
20.19,6,141.864594,True
-12.01,1,141.865188,False
-11.57,7,141.871864,False
-11.77,2,141.873862,False
20.95,5,141.878098,True
-11.76,1,141.880104,False
-11.52,2,141.882102,False
20.2,5,141.886108,True
-12.01,1,141.887108,False
-10.84,9,141.896073,False
-11.54,4,141.899583,False
20.21,4,141.903582,True
-11.54,4,141.907582,False
-11.59,9,141.916632,False
-11.78,3,141.919632,False
-10.33,8,141.926224,False
19.97,3,141.929876,True
-12.01,1,141.930394,False
21.38,12,141.940903,True
20.19,6,141.946384,True
-10.55,5,141.950899,False
-12.03,3,141.953913,False
-12.01,1,141.954913,False
19.97,3,141.957913,True
-11.78,3,141.959913,False
20.94,6,141.966118,True
-11.77,2,141.968638,False
-11.77,2,141.970637,False
-11.77,2,141.973149,False
-11.76,1,141.974149,False
-11.77,2,141.976149,False
19.97,3,141.979621,True
-11.79,4,141.983127,False
-11.78,3,141.986135,False
-11.79,4,141.990127,False
-12.02,2,141.992646,False
21.42,8,142.000178,True
-11.78,3,142.002178,False
20.45,5,142.00744,True
-11.76,1,142.00944,False
-10.8,5,142.01344,False
21.42,8,142.02145,True
-11.79,4,142.024962,False
20.21,4,142.02944,True
-11.55,5,142.033446,False
-12.02,2,142.035956,False
-11.76,1,142.036963,False
-11.77,2,142.038963,False
21.17,8,142.046402,True
-11.54,4,142.050393,False
-10.57,7,142.056909,False
-12.02,2,142.058909,False
20.21,4,142.062622,True
-12.01,1,142.063617,False
20.19,6,142.069735,True
20.41,9,142.078023,True
-11.54,4,142.082013,False
-11.52,2,142.08372,False
-11.55,5,142.089243,False
21.41,9,142.097584,True
-11.77,2,142.099728,False
-10.55,5,142.104728,False
-11.54,4,142.109251,False
-11.76,1,142.110251,False
-12.01,1,142.111572,False
21.94,6,142.118102,True
21.18,7,142.124116,True
21.43,7,142.131003,True
21.4,10,142.139425,True
20.43,7,142.145891,True
20.43,7,142.152425,True
20.45,5,142.156425,True
-9.58,8,142.164182,False
20.2,5,142.169225,True
-11.77,2,142.170742,False
21.42,8,142.178798,True
-11.76,1,142.179812,False
-11.53,3,142.182333,False
-11.57,7,142.18834,False
-11.55,5,142.193362,False
-11.78,3,142.196846,False
20.9,10,142.205371,True
20.45,5,142.210371,True
-11.55,5,142.215143,False
-9.65,14,142.2281,False
-12.01,1,142.22913,False
-11.56,6,142.234634,False
21.17,8,142.24164,True
21.61,14,142.254245,True
-11.3,5,142.25825,False
-11.78,3,142.261551,False
-12.03,3,142.264071,False
-11.76,1,142.265077,False
-11.54,4,142.269125,False
21.65,10,142.278586,True
22.13,12,142.2891,True
20.21,4,142.293106,True
-10.8,5,142.297984,False
21.83,17,142.31289,True
-11.54,4,142.317397,False
20.2,5,142.321401,True
-11.53,3,142.324401,False
-11.78,3,142.327339,False
21.16,9,142.335358,True
20.19,6,142.341885,True
-11.53,3,142.344395,False
20.21,4,142.348211,True
-11.79,4,142.352855,False
-12.02,2,142.354855,False
19.96,4,142.358368,True
-11.33,8,142.366616,False
-12.03,3,142.36916,False
-11.79,4,142.372689,False
-10.81,6,142.379062,False
-10.8,5,142.383753,False
-11.77,2,142.38676,False
-11.78,3,142.389282,False
-10.57,7,142.396003,False
-11.79,4,142.401514,False
21.17,8,142.407514,True
-11.78,3,142.410515,False
-11.76,1,142.412542,False
20.21,4,142.415534,True
-11.8,5,142.42006,False
-11.31,6,142.425065,False
20.2,5,142.43,True
-11.76,1,142.432003,False
-11.77,2,142.43401,False
21.16,9,142.441535,True
20.45,5,142.445968,True
-11.78,3,142.447968,False
-11.77,2,142.451339,False
-11.79,4,142.455345,False
21.65,10,142.464602,True
-10.81,6,142.470646,False
-12.02,2,142.472156,False
-11.3,5,142.477195,False
-11.77,2,142.479224,False
20.21,4,142.483394,True
-11.08,8,142.868979,False
-11.59,9,142.879382,False
21.13,12,142.894863,True
-11.54,4,142.899366,False
20.2,5,142.904368,True
-11.56,6,142.910283,False
-11.78,3,142.914298,False
-11.78,3,142.918298,False
-10.36,11,142.928473,False
-12.02,2,142.931998,False
-10.87,11,142.944904,False
21.14,11,142.958408,True
-11.77,2,142.96123,False
20.2,5,142.966241,True
-12.01,1,142.96724,False
-11.76,1,142.969755,False
-11.56,6,142.9764,False
-11.78,3,142.980705,False
22.16,9,142.99121,True
-11.76,1,142.993715,False
-12.02,2,142.99609,False
-11.78,3,143.000089,False
20.2,5,143.006594,True
20.21,4,143.011933,True
22.4,10,143.023939,True
-11.52,2,143.026942,False
-11.78,3,143.03027,False
20.2,5,143.035774,True
-12.02,2,143.038775,False
-11.77,2,143.040775,False
21.41,9,143.04962,True
22.05,20,143.068995,True
20.67,8,143.076921,True
19.97,3,143.079939,True
21.41,9,143.088219,True
20.67,8,143.094218,True
20.21,4,143.09905,True
-11.79,4,143.102048,False
21.41,9,143.11057,True
-11.76,1,143.110947,False
-10.57,7,143.117481,False
20.19,6,143.123496,True
20.19,6,143.128007,True
-10.33,8,143.136287,False
-11.55,5,143.14081,False
-12.01,1,143.14181,False
-12.01,1,143.14281,False
-11.78,3,143.146358,False
21.17,8,143.152872,True
-11.55,5,143.157872,False
20.67,8,143.164712,True
20.18,7,143.171295,True
20.2,5,143.175309,True
21.79,20,143.193067,True
-12.02,2,143.195132,False
-11.35,10,143.203666,False
-12.01,1,143.204666,False
-11.55,5,143.209666,False
21.41,9,143.217565,True
-11.54,4,143.220564,False
-12.02,2,143.223089,False
-11.56,6,143.229561,False
-10.8,5,143.235072,False
21.42,8,143.242071,True
22.35,15,143.255534,True
-10.86,10,143.264329,False
-11.31,6,143.269851,False
21.17,8,143.277288,True
-12.01,1,143.278311,False
-11.3,5,143.283304,False
22.62,13,143.295834,True
-11.79,4,143.298827,False
22.15,10,143.308347,True
21.65,10,143.317319,True
-11.03,3,143.320325,False
-12.03,3,143.323312,False
-11.78,3,143.326311,False
-12.01,1,143.3279,False
21.17,8,143.334919,True
-11.77,2,143.337429,False
-11.53,3,143.340435,False
-11.54,4,143.344434,False
-11.31,6,143.349746,False
-12.02,2,143.351765,False
-12.02,2,143.353762,False
-11.57,7,143.360287,False
-11.77,2,143.361809,False
21.19,6,143.367802,True
-11.76,1,143.368844,False
-11.77,2,143.37036,False
21.2,5,143.375461,True
21.43,7,143.382278,True
-12.03,3,143.384894,False
-11.77,2,143.386901,False
20.44,6,143.392427,True
20.21,4,143.396765,True
19.96,4,143.400291,True
-12.01,1,143.40129,False
-11.77,2,143.40329,False
19.97,3,143.40629,True
-11.78,3,143.40929,False
20.92,7,143.41512,True
21.43,7,143.421654,True
-11.03,3,143.423653,False
-11.81,6,143.430583,False
-12.02,2,143.432582,False
20.21,4,143.436583,True
20.93,7,143.442096,True
20.18,7,143.449309,True
-11.79,4,143.45284,False
19.97,3,143.45584,True
-11.34,9,143.46369,False
-11.77,2,143.466689,False
20.44,6,143.47174,True
-12.01,1,143.472754,False
-11.56,6,143.478239,False
-12.01,1,143.479237,False
-10.58,8,143.486751,False
21.42,8,143.494611,True
-12.01,1,143.495602,False
-10.34,9,143.504136,False
21.89,11,143.515996,True
-11.79,4,143.519001,False
-12.01,1,143.520002,False
-12.01,1,143.522002,False
-11.07,7,143.52896,False
22.38,12,143.539231,True
21.88,12,143.550086,True
-11.56,6,143.5566,False
-11.77,2,143.558601,False
21.17,8,143.565417,True
-11.54,4,143.570427,False
21.11,14,143.582461,True
20.44,6,143.588362,True
20.44,6,143.593361,True
-10.57,7,143.600257,False
-12.04,4,143.603255,False
20.66,9,143.612069,True
19.97,3,143.614068,True
-11.77,2,143.617051,False
21.2,5,143.621557,True
-11.31,6,143.626563,False
21.43,7,143.632851,True
-12.01,1,143.63385,False
-11.53,3,143.636849,False
20.67,8,143.644372,True
20.44,6,144.075089,True
22.38,12,144.088967,True
-12.01,1,144.089961,False
-11.33,8,144.098306,False
-10.57,7,144.105708,False
-12.01,1,144.106708,False
-11.55,5,144.111762,False
-12.02,2,144.113788,False
-11.77,2,144.115783,False
-12.02,2,144.117784,False
-11.56,6,144.123296,False
22.54,21,144.1424,True
-11.76,1,144.143399,False
-11.78,3,144.147398,False
-11.76,1,144.148396,False
-11.78,3,144.150473,False
-11.55,5,144.156157,False
21.66,9,144.164937,True
-12.01,1,144.166018,False
-11.77,2,144.168017,False
-11.56,6,144.173685,False
-11.78,3,144.176362,False
19.96,4,144.180619,True
20.43,7,144.186147,True
21.18,7,144.192147,True
22.4,10,144.202006,True
-11.78,3,144.205472,False
-11.04,4,144.209227,False
-11.78,3,144.211605,False
-12.03,3,144.215122,False
21.42,8,144.222129,True
-11.8,5,144.22666,False
20.68,7,144.23295,True
20.95,5,144.236472,True
20.19,6,144.242465,True
-10.86,10,144.251341,False
-11.79,4,144.254341,False
-12.01,1,144.256885,False
20.86,14,144.267824,True
-11.53,3,144.271825,False
-11.78,3,144.274348,False
19.85,15,144.287334,True
20.18,7,144.680997,True
19.97,3,144.685501,True
20.19,6,144.691501,True
-12.01,1,144.692501,False
-11.58,8,144.703435,False
-11.77,2,144.705946,False
-12.01,1,144.707946,False
20.2,5,144.713382,True
-12.04,4,144.717903,False
-11.55,5,144.722902,False
21.42,8,144.730854,True
21.62,13,144.744686,True
-11.53,3,144.748254,False
22.39,11,144.760193,True
-11.77,2,144.76221,False
22.35,14,144.776732,True
-11.78,3,144.780103,False
-11.79,4,144.785103,False
-11.79,4,144.789607,False
19.97,3,144.793607,True
-12.01,1,144.794973,False
-11.55,5,144.801478,False
-12.02,2,144.804478,False
-12.01,1,144.805478,False
19.96,4,144.809983,True
-11.78,3,144.813282,False
22.38,12,144.826787,True
20.2,5,144.832688,True
-12.01,1,144.834687,False
-11.79,4,144.838687,False
20.19,6,144.846575,True
20.19,6,144.85408,True
21.15,10,144.865417,True
-12.01,1,144.867417,False
-12.01,1,144.869416,False
21.12,13,144.883419,True
21.42,8,144.891424,True
21.19,6,144.89833,True
20.2,5,144.902838,True
22.15,10,144.912206,True
-11.81,6,144.917711,False
20.44,6,144.923707,True
-12.01,1,144.924211,False
-11.53,3,144.927217,False
-12.01,1,144.929513,False
22.38,12,144.940436,True
19.97,3,144.943892,True
-11.79,4,144.948444,False
-11.81,6,144.953448,False
20.21,4,144.957969,True
-11.77,2,144.961394,False
22.38,12,144.972925,True
-11.8,5,144.977792,False
-10.81,6,144.983823,False
-12.01,1,144.984818,False
19.97,3,144.988343,True
21.17,8,144.99687,True
20.42,8,145.003881,True
21.43,7,145.010768,True
20.45,5,145.015793,True
21.38,12,145.02631,True
-11.58,8,145.034678,False
-12.02,2,145.036677,False
-12.02,2,145.039189,False
20.45,5,145.044203,True
21.41,9,145.053058,True
-12.02,2,145.055054,False
22.16,9,145.063926,True
20.67,8,145.071432,True
-12.01,1,145.072442,False
-11.79,4,145.077413,False
-12.01,1,145.078937,False
-11.78,3,145.081442,False
21.36,13,145.094465,True
19.96,4,145.098481,True
-11.78,3,145.102006,False
-12.01,1,145.103025,False
-12.01,1,145.104022,False
-11.32,7,145.111474,False
-11.77,2,145.113006,False
20.2,5,145.119019,True
21.17,8,145.126973,True
-11.53,3,145.130003,False
-12.01,1,145.131003,False
20.19,6,145.137507,True
-12.01,1,145.138519,False
20.21,4,145.142513,True
-11.31,6,145.148896,False
-11.56,6,145.15521,False
-11.53,3,145.158223,False
-10.56,6,145.163574,False
-11.77,2,145.167079,False
-11.54,4,145.171081,False
20.43,7,145.17691,True
-12.01,1,145.17844,False
-11.54,4,145.184159,False
-11.57,7,145.189682,False
-11.54,4,145.193682,False
-12.01,1,145.19514,False
19.96,4,145.200353,True
-11.53,3,145.203354,False
-10.57,7,145.209883,False
-11.54,4,145.214586,False
-11.79,4,145.218592,False
21.18,7,145.225103,True
-12.01,1,145.226103,False
21.19,6,145.232067,True
-11.54,4,145.236032,False
-11.77,2,145.23803,False
-11.78,3,145.240558,False
-12.02,2,145.242551,False
22.16,9,145.251473,True
-11.78,3,145.254473,False
-11.53,3,145.257471,False
-11.55,5,145.262912,False
-12.02,2,145.265912,False
21.38,12,145.276953,True
-11.77,2,145.27888,False
-11.81,6,145.28442,False
-11.77,2,145.287413,False
-11.55,5,145.29192,False
-12.01,1,145.293831,False
21.6,15,145.308386,True
20.18,7,145.314367,True
-11.3,5,145.319367,False
20.69,6,145.32723,True
20.45,5,145.332249,True
21.42,8,145.338779,True
-10.57,7,145.34726,False
-11.76,1,145.348776,False
21.18,7,145.355954,True
-12.01,1,145.35696,False
-12.01,1,145.35847,False
-11.77,2,145.360971,False
-11.05,5,145.364996,False
-10.79,4,145.369505,False
-11.53,3,145.372505,False
20.21,4,145.377435,True
-11.79,4,145.380963,False
-12.01,1,145.381966,False
-12.01,1,145.383964,False
-11.32,7,145.391987,False
21.18,7,145.398414,True
20.44,6,145.404931,True
-12.02,2,145.40693,False
20.2,5,145.411785,True
-11.77,2,145.413779,False
20.44,6,145.419792,True
-11.54,4,145.424301,False
20.21,4,145.427644,True
19.97,3,145.431178,True
-11.07,7,145.439188,False
-11.53,3,145.441693,False
-11.78,3,145.445085,False
-11.78,3,145.448087,False
20.2,5,145.453161,True
-11.77,2,145.455154,False
21.65,10,145.464162,True
22.63,12,145.476196,True
-12.03,3,145.479665,False
-11.76,1,145.481186,False
-11.76,1,145.483697,False
-11.76,1,145.484711,False
-10.8,5,145.489228,False
-12.01,1,145.490233,False
20.19,6,145.495588,True
20.2,5,145.501589,True
22.39,11,145.512655,True
-10.33,8,145.521184,False
21.34,15,145.53711,True
20.2,5,145.541633,True
21.41,9,145.550589,True
-11.78,3,145.553589,False
20.44,6,145.559099,True
-11.78,3,145.562024,False
-12.02,2,145.565011,False
-11.32,7,145.571537,False
-11.77,2,145.573532,False
-11.79,4,145.57791,False
-11.31,6,145.584088,False
21.4,10,145.593586,True
19.94,6,145.600616,True
-11.78,3,145.604044,False
21.12,12,145.615362,True
-12.01,1,145.617362,False
-11.04,4,145.621364,False
-11.78,3,145.62487,False
20.19,6,145.630241,True
-11.53,3,145.633763,False
20.19,6,145.639761,True
-11.77,2,145.641768,False
-11.3,5,145.646327,False
-11.79,4,145.65181,False
-11.78,3,145.65481,False
20.19,6,145.660706,True
20.19,6,145.667742,True
-11.78,3,145.671269,False
21.85,15,145.686845,True
-11.29,4,145.690852,False
-11.56,6,145.696334,False
-11.77,2,145.698348,False
20.68,7,145.705863,True
-10.79,4,145.710251,False
-10.61,11,145.7218,False
-12.01,1,145.722793,False
-10.81,6,145.72866,False
-11.76,1,145.729658,False
-11.54,4,145.734156,False
-12.01,1,145.736166,False
-11.77,2,145.73816,False
-12.01,1,145.740166,False
-11.77,2,145.742166,False
21.64,11,146.14283,True
21.42,8,146.151328,True
-11.53,3,146.154832,False
-12.01,1,146.155832,False
-11.55,5,146.162641,False
-11.77,2,146.165644,False
21.03,22,146.191512,True
-11.78,3,146.195513,False
-11.78,3,146.199035,False
21.17,8,146.209537,True
-11.1,10,146.221123,False
-11.78,3,146.225123,False
-11.76,1,146.226628,False
21.67,8,146.236504,True
-11.76,1,146.237504,False
20.94,6,146.244868,True
-11.78,3,146.249372,False
21.16,9,146.259876,True
19.97,3,146.26332,True
-11.3,5,146.273825,False
-11.55,5,146.281228,False
-11.78,3,146.285753,False
-12.02,2,146.288279,False
20.67,8,146.29824,True
21.19,6,146.305747,True
-11.55,5,146.31175,False
20.19,6,146.319252,True
-11.8,5,146.325787,False
-12.01,1,146.327282,False
-11.53,3,146.33081,False
20.18,7,146.33781,True
-11.31,6,146.344675,False
20.19,6,146.350736,True
-11.77,2,146.353379,False
21.64,11,146.363434,True
-11.78,3,146.366435,False
-10.59,9,146.375959,False
19.96,4,146.379449,True
20.45,5,146.385503,True
-11.77,2,146.387502,False
20.45,5,146.392508,True
-12.01,1,146.394032,False
21.59,16,146.410522,True
-11.77,2,146.411964,False
20.19,6,146.417496,True
-11.77,2,146.420496,False
-11.78,3,146.42249,False
21.57,18,146.440103,True
-11.54,4,146.44462,False
-11.78,3,146.446985,False
20.2,5,146.451489,True
-11.77,2,146.455158,False
-11.77,2,146.45719,False
-11.78,3,146.460552,False
20.18,7,146.467077,True
19.97,3,146.470087,True
-11.78,3,146.473079,False
20.21,4,146.47689,True
19.97,3,146.479913,True
-11.78,3,146.482442,False
-11.78,3,146.486202,False
-11.78,3,146.489212,False
21.62,13,146.499516,True
-10.59,9,146.509039,False
-11.84,9,146.517383,False
20.94,6,146.522401,True
-12.02,2,146.525407,False
-11.53,3,146.52772,False
-11.79,4,146.531728,False
19.96,4,146.536256,True
-11.79,4,146.539385,False
-11.76,1,146.540384,False
-11.53,3,146.543384,False
21.39,11,146.552439,True
21.19,6,146.557439,True
20.21,4,146.56129,True
-11.54,4,146.564805,False
-11.31,6,146.570976,False
21.42,8,146.578096,True
-12.01,1,146.580183,False
-12.01,1,146.581189,False
20.21,4,146.584719,True
-12.01,1,146.586895,False
-12.01,1,146.587907,False
-12.02,2,146.589905,False
20.42,8,146.596495,True
-12.01,1,146.59848,False
-12.01,1,146.599487,False
20.21,4,146.603011,True
-12.01,1,146.604011,False
-11.29,4,146.607533,False
20.11,13,146.61835,True
20.21,4,146.622873,True
21.15,10,146.631756,True
-12.02,2,146.633766,False
21.37,13,146.644689,True
22.4,10,146.653205,True
21.17,8,146.661506,True
-11.79,4,146.665031,False
-11.32,7,146.671032,False
-12.01,1,146.673539,False
21.61,14,146.685009,True
-11.55,5,146.690522,False
-12.01,1,146.691522,False
19.96,4,146.694522,True
-11.78,3,146.697757,False
-11.53,3,146.700279,False
21.31,19,146.717195,True
21.42,8,146.724195,True
22.16,9,146.732102,True
-11.78,3,146.734103,False
-12.01,1,146.73663,False
-12.01,1,146.73762,False
19.97,3,146.740619,True
21.78,22,146.759233,True
-12.01,1,146.760634,False
-11.78,3,146.763665,False
-12.02,2,146.765666,False
21.34,16,146.780157,True
-11.76,1,146.781675,False
-12.01,1,146.783683,False
19.97,3,146.787205,True
-11.53,3,146.789742,False
21.15,10,146.79756,True
20.2,5,146.80283,True
-11.31,6,146.808829,False
-10.81,6,146.81371,False
-11.8,5,146.819222,False
-12.02,2,146.821237,False
-11.76,1,146.822236,False
21.65,10,146.832095,True
-11.77,2,146.834096,False
-11.55,5,146.838096,False
20.2,5,146.842608,True
-11.31,6,146.849117,False
-11.54,4,146.852644,False
-11.76,1,146.854644,False
21.16,9,146.862517,True
20.2,5,146.866522,True
21.41,9,146.874049,True
21.19,6,146.879379,True
-10.62,12,146.889939,False
21.14,11,146.90052,True
-12.01,1,146.90152,False
-11.54,4,146.905044,False
-11.06,6,146.911044,False
-11.77,2,146.912634,False
-11.54,4,146.916157,False
-11.57,7,146.923155,False
-11.56,6,146.929028,False
21.66,9,146.937554,True
21.66,9,146.945776,True
21.18,7,146.951776,True
-11.78,3,146.953775,False
-11.77,2,146.957296,False
22.57,17,146.971278,True
-10.55,5,146.976798,False
-11.77,2,146.978337,False
-11.79,4,146.982861,False
20.2,5,146.986866,True
20.44,6,146.992253,True
21.41,9,147.001166,True
-11.77,2,147.00316,False
-10.58,8,147.010017,False
-11.77,2,147.012035,False
-12.02,2,147.014035,False
-10.83,8,147.02156,False
21.4,10,147.029305,True
21.42,8,147.03732,True
20.21,4,147.040846,True
22.16,9,147.049147,True
-12.02,2,147.051381,False
-11.78,3,147.054381,False
-11.53,3,147.057381,False
-11.54,4,147.061794,False
-12.03,3,147.064782,False
-11.78,3,147.06778,False
21.18,7,147.073304,True
20.66,9,147.081161,True
-11.54,4,147.08574,False
20.42,8,147.09276,True
-11.53,3,147.096234,False
20.44,6,147.102753,True
21.64,11,147.112687,True
-11.77,2,147.115049,False
-11.78,3,147.118051,False
20.93,7,147.123556,True
19.93,7,147.130907,True
-12.01,1,147.1319,False
-12.01,1,147.133404,False
-11.8,5,147.137411,False
-12.03,3,147.140411,False
-12.02,2,147.142411,False
-11.53,3,147.145571,False
-11.76,1,147.146582,False
-11.77,2,147.149655,False
-11.57,7,147.155912,False
-10.58,8,147.555412,False
21.38,12,147.570313,True
-10.79,4,147.578672,False
-11.79,4,147.585683,False
21.42,8,147.595049,True
-12.02,2,147.598049,False
-11.56,6,147.605554,False
-12.02,2,147.608554,False
-11.77,2,147.610464,False
-12.01,1,147.612479,False
-11.54,4,147.616985,False
20.45,5,147.621984,True
20.67,8,147.630906,True
-11.78,3,147.634408,False
-11.54,4,147.638411,False
-11.76,1,147.639411,False
-11.54,4,147.64341,False
-11.54,4,147.649408,False
-10.79,4,147.654408,False
-12.02,2,147.656913,False
20.44,6,147.664491,True
-11.55,5,147.670995,False
20.61,14,147.687885,True
-11.78,3,147.692389,False
-11.76,1,147.69339,False
-10.82,7,147.70127,False
-12.01,1,147.702777,False
-11.78,3,147.705785,False
-12.02,2,147.709291,False
22.41,9,147.720154,True
-12.02,2,147.723154,False
-12.01,1,147.724154,False
20.2,5,147.730505,True
-11.79,4,147.734505,False
-12.01,1,147.736504,False
22.09,15,147.752827,True
-11.54,4,147.756828,False
-10.57,7,147.764316,False
-11.54,4,147.768316,False
-11.77,2,147.770836,False
-12.01,1,147.771841,False
20.41,9,147.780771,True
-11.06,6,147.787321,False
-11.78,3,147.790831,False
20.2,5,147.795748,True
20.44,6,147.80178,True
20.45,5,147.806791,True
22.62,13,147.818679,True
-11.55,5,147.823198,False
21.42,8,147.829546,True
21.43,7,147.837062,True
19.95,5,147.842414,True
-11.76,1,147.843989,False
-10.56,6,147.850137,False
-11.77,2,147.852802,False
-11.78,3,147.856385,False
20.19,6,147.861583,True
-11.78,3,147.865245,False
-12.01,1,147.86625,False
-10.57,7,147.873255,False
-11.3,5,147.878816,False
-11.8,5,147.88382,False
-11.79,4,147.887889,False
-11.78,3,147.891399,False
-10.68,17,147.907447,False
-10.79,4,147.911828,False
-12.01,1,147.912833,False
-12.01,1,147.913827,False
20.44,6,147.919344,True
-11.54,4,147.924343,False
-10.79,4,147.928336,False
-12.02,2,147.930336,False
22.17,8,147.938849,True
-12.01,1,147.939849,False
22.61,14,147.952783,True
-11.54,4,147.956782,False
20.44,6,147.963677,True
20.99,26,147.984058,True
20.44,6,147.990831,True
21.19,6,147.99625,True
-11.76,1,147.997752,False
-11.77,2,147.999763,False
-11.54,4,148.003289,False
-10.81,6,148.008289,False
-11.56,6,148.014638,False
19.95,5,148.019641,True
-12.02,2,148.021158,False
-10.55,5,148.026162,False
20.43,7,148.031977,True
-11.55,5,148.036984,False
20.44,6,148.042026,True
19.97,3,148.045342,True
-11.79,4,148.048345,False
-12.02,2,148.050336,False
-12.03,3,148.053864,False
20.44,6,148.059864,True
21.18,7,148.06627,True
-11.55,5,148.071277,False
-12.01,1,148.072788,False
-11.78,3,148.075803,False
21.41,9,148.08373,True
-11.78,3,148.087252,False
20.2,5,148.091259,True
-11.77,2,148.093785,False
19.97,3,148.096122,True
-11.87,12,148.106645,False
-11.55,5,148.111689,False
-11.78,3,148.114689,False
-11.77,2,148.117025,False
21.18,7,148.12318,True
19.96,4,148.127103,True
-11.54,4,148.131211,False
-11.79,4,148.134115,False
20.44,6,148.139642,True
-11.32,7,148.146565,False
-12.01,1,148.14757,False
-11.31,6,148.152565,False
-12.01,1,148.154566,False
21.34,16,148.168983,True
-11.78,3,148.170983,False
-11.59,9,148.180815,False
-10.79,4,148.184815,False
20.2,5,148.1891,True
-12.01,1,148.190099,False
19.95,5,148.194985,True
-11.77,2,148.197031,False
-12.01,1,148.198535,False
-11.04,4,148.202063,False
21.59,16,148.216776,True
-11.77,2,148.217776,False
-12.03,3,148.221302,False
-12.01,1,148.222302,False
-11.79,4,148.226302,False
21.42,8,148.233145,True
-12.02,2,148.235145,False
-11.77,2,148.237145,False
-12.03,3,148.241212,False
-12.01,1,148.24221,False
-11.77,2,148.24421,False
22.41,9,148.252391,True
-10.32,7,148.25839,False
19.97,3,148.261471,True
-12.03,3,148.264496,False
-12.03,3,148.267491,False
22.41,9,148.275006,True
-12.02,2,148.277006,False
-11.81,6,148.282695,False
-11.77,2,148.284693,False
-11.79,4,148.288431,False
-10.81,6,148.293971,False
-11.77,2,148.296255,False
-11.78,3,148.299249,False
20.2,5,148.304765,True
-11.31,6,148.310764,False
-11.77,2,148.31312,False
21.65,10,148.322621,True
-11.77,2,148.324628,False
20.21,4,148.327935,True
20.21,4,148.332963,True
-11.77,2,148.334489,False
21.18,7,148.340488,True
19.97,3,148.343866,True
-10.55,5,148.348881,False
-11.79,4,148.353151,False
-12.01,1,148.353692,False
-12.02,2,148.355705,False
20.19,6,148.361085,True
-11.77,2,148.36311,False
20.17,8,148.369932,True
20.21,4,148.372932,True
19.97,3,148.376456,True
-11.77,2,148.378275,False
-11.78,3,148.381811,False
19.97,3,148.385335,True
-11.76,1,148.38634,False
-12.02,2,148.387851,False
-11.78,3,148.390865,False
-11.59,9,148.400659,False
-11.77,2,148.403659,False
20.89,11,148.413686,True
21.42,8,148.421206,True
-12.01,1,148.422204,False
-11.77,2,148.425204,False
-12.03,3,148.427547,False
-12.01,1,148.429569,False
22.41,9,148.436565,True
19.96,4,148.442075,True
19.97,3,148.445518,True
21.43,7,148.452571,True
20.67,8,148.460121,True
19.97,3,148.463553,True
-11.55,5,148.469064,False
-11.77,2,148.471078,False
-11.79,4,148.476086,False
-11.55,5,148.482026,False
21.39,11,148.492082,True
-12.01,1,148.493973,False
-11.78,3,148.496999,False
20.2,5,148.501517,True
20.45,5,148.507511,True
-10.59,9,148.516963,False
-11.55,5,148.522484,False
20.2,5,148.527885,True
-10.55,5,148.532974,False
-11.55,5,148.53901,False
-12.02,2,148.541008,False
21.07,17,148.557064,True
-12.01,1,148.558075,False
-12.01,1,148.559071,False
21.12,13,148.571569,True
-12.01,1,148.572577,False
21.41,9,148.580675,True
-12.01,1,148.582668,False
-12.01,1,148.583676,False
21.42,8,148.592235,True
-12.01,1,148.593747,False
-11.55,5,148.59916,False
21.66,9,148.991183,True
21.5,25,149.020532,True
-11.78,3,149.025037,False
-11.54,4,149.030459,False
20.4,10,149.041966,True
20.19,6,149.047858,True
19.97,3,149.051858,True
-11.77,2,149.053858,False
20.16,9,149.065356,True
20.21,4,149.070359,True
-11.77,2,149.073359,False
20.19,6,149.080295,True
-12.01,1,149.082296,False
-12.02,2,149.085295,False
-11.76,1,149.086295,False
20.93,7,149.094781,True
21.39,11,149.104794,True
-12.01,1,149.105794,False
20.2,5,149.111647,True
-11.8,5,149.118152,False
20.44,6,149.125153,True
20.45,5,149.133989,True
20.21,4,149.13849,True
-11.79,4,149.142493,False
-11.82,7,149.151435,False
20.19,6,149.159435,True
20.88,12,149.17283,True
-12.01,1,149.17383,False
-12.01,1,149.17483,False
-12.01,1,149.177377,False
-11.78,3,149.180898,False
-11.76,1,149.1819,False
19.97,3,149.185908,True
-11.79,4,149.189906,False
-12.01,1,149.190907,False
20.43,7,149.197955,True
-11.76,1,149.198948,False
-11.77,2,149.201467,False
-11.77,2,149.203481,False
21.88,12,149.215902,True
20.92,8,149.223419,True
-12.01,1,149.224414,False
20.66,9,149.231736,True
-11.55,5,149.237256,False
-11.54,4,149.241256,False
-11.77,2,149.242256,False
-10.81,6,149.248285,False
-11.53,3,149.251285,False
-11.77,2,149.253285,False
-12.01,1,149.254274,False
-11.54,4,149.258285,False
-11.78,3,149.260888,False
22.61,14,149.273432,True
-11.77,2,149.274944,False
-12.02,2,149.277617,False
-10.33,8,149.28516,False
-11.53,3,149.288177,False
-11.54,4,149.291695,False
-11.03,3,149.294311,False
-12.01,1,149.295358,False
21.18,7,149.301886,True
-12.01,1,149.302893,False
-12.01,1,149.304893,False
21.17,8,149.311405,True
-11.78,3,149.314427,False
-10.57,7,149.321934,False
-11.78,3,149.323934,False
20.2,5,149.328736,True
-10.56,6,149.334662,False
-11.83,8,149.342187,False
-11.79,4,149.345747,False
21.4,10,149.354808,True
-12.03,3,149.358314,False
21.16,9,149.365992,True
-11.56,6,149.371515,False
-12.01,1,149.372514,False
-11.04,4,149.376514,False
21.11,14,149.388562,True
21.35,15,149.401034,True
-11.31,6,149.406559,False
-10.8,5,149.41205,False
-11.78,3,149.416041,False
-10.56,6,149.421553,False
20.43,7,149.427991,True
22.4,10,149.437374,True
-11.54,4,149.441893,False
-11.53,3,149.445281,False
-11.34,8,149.45233,False
-12.01,1,149.454109,False
-11.56,6,149.460119,False
20.18,7,149.465972,True
19.97,3,149.469967,True
20.43,7,149.475479,True
-11.76,1,149.476479,False
21.41,9,149.485269,True
20.2,5,149.490274,True
21.39,11,149.499196,True
-12.02,2,149.502197,False
21.42,8,149.510085,True
-10.56,6,149.51615,False
21.63,12,149.525682,True
21.17,8,149.533216,True
-11.29,4,149.536741,False
-11.55,5,149.541741,False
-12.01,1,149.542741,False
-11.04,4,149.546742,False
20.45,5,149.551371,True
-12.01,1,149.552368,False
-12.03,3,149.55588,False
-11.77,2,149.557894,False
-12.02,2,149.559894,False
22.14,11,149.569779,True
21.1,15,149.582263,True
-11.53,3,149.5849,False
-11.8,5,149.58909,False
19.96,4,149.592606,True
-11.76,1,149.593611,False
21.9,10,149.602465,True
-11.56,6,149.609509,False
21.4,10,149.618326,True
21.33,17,149.634071,True
20.18,7,149.640589,True
-11.77,2,149.642595,False
-12.02,2,149.644894,False
-11.78,3,149.647893,False
20.21,4,149.651407,True
21.41,9,149.659403,True
22.37,13,149.670758,True
21.42,8,149.678056,True
-11.53,3,149.681138,False
-12.01,1,149.682129,False
21.41,9,149.690638,True
20.18,7,149.69643,True
20.68,7,149.704462,True
-11.78,3,149.707462,False
-11.59,9,149.71529,False
-11.53,3,149.718291,False
-11.78,3,149.721287,False
21.18,7,149.72681,True
21.88,12,149.737613,True
-12.01,1,149.738613,False
21.34,16,149.752423,True
-12.02,2,149.753947,False
21.07,17,149.76774,True
-12.01,1,149.768739,False
22.37,13,149.780525,True
-11.59,9,149.788037,False
-11.54,4,149.792037,False
-11.77,2,149.794328,False
20.66,9,149.802862,True
-11.76,1,149.803928,False
-11.77,2,149.805521,False
-12.01,1,149.806612,False
20.2,5,149.811914,True
-11.76,1,149.81291,False
-11.77,2,149.814911,False
-12.01,1,149.816412,False
-11.77,2,149.818419,False
22.17,8,149.825421,True
-11.79,4,149.83025,False
20.21,4,149.83325,True
21.4,10,149.841769,True
-11.79,4,149.846215,False
20.21,4,149.850741,True
-11.54,4,149.854741,False
-12.01,1,149.855741,False
-12.01,1,149.856741,False
21.18,7,149.863617,True
21.16,9,149.871124,True
-11.53,3,149.874132,False
20.21,4,149.877528,True
-11.79,4,149.881095,False
-11.54,4,149.885095,False
-12.03,3,149.888095,False
-11.77,2,149.890631,False
-11.32,7,149.896409,False
-12.01,1,149.89841,False
21.42,8,149.904944,True
19.95,5,149.910461,True
21.42,8,149.91772,True
22.21,29,149.941645,True
21.2,5,149.946021,True
21.4,10,149.955539,True
20.21,4,149.958539,True
-11.56,6,149.964366,False
20.21,4,149.968367,True
-12.02,2,149.970366,False
-12.03,3,149.972877,False
-12.01,1,149.973892,False
19.96,4,149.978152,True
21.18,7,150.362731,True
-11.77,2,150.365735,False
-11.77,2,150.369239,False
20.95,5,150.375239,True
-10.56,6,150.381694,False
-11.77,2,150.384207,False
-11.81,6,150.391722,False
-11.55,5,150.397657,False
20.2,5,150.403174,True
-11.53,3,150.407168,False
-10.05,5,150.413694,False
-12.01,1,150.414698,False
21.17,8,150.424204,True
-11.77,2,150.427555,False
-11.78,3,150.432057,False
20.44,6,150.43906,True
-12.01,1,150.44106,False
20.44,6,150.446968,True
20.2,5,150.453477,True
20.21,4,150.458476,True
-12.03,3,150.462884,False
21.18,7,150.471389,True
21.37,13,150.486824,True
-11.8,5,150.492824,False
21.17,8,150.503308,True
-12.01,1,150.50481,False
-12.02,2,150.507322,False
19.96,4,150.511726,True
-12.02,2,150.513726,False
20.43,7,150.521232,True
-12.01,1,150.523232,False
22.4,10,150.534288,True
-11.77,2,150.537302,False
-11.77,2,150.540301,False
20.9,10,150.551327,True
-11.77,2,150.553325,False
-11.78,3,150.557325,False
20.89,11,150.567683,True
-11.31,6,150.573696,False
19.96,4,150.5781,True
-11.78,3,150.581114,False
-11.55,5,150.586114,False
21.66,9,150.59505,True
-11.78,3,150.598065,False
-12.01,1,150.600095,False
-11.77,2,150.602108,False
-12.01,1,150.603108,False
-12.01,1,150.605108,False
-12.01,1,150.606101,False
-11.77,2,150.608108,False
20.21,4,150.612275,True
-12.02,2,150.614274,False
-11.54,4,150.617966,False
19.96,4,150.621631,True
-12.01,1,150.62263,False
20.94,6,150.628263,True
21.18,7,150.633783,True
-11.57,7,150.639783,False
-11.78,3,150.643948,False
19.97,3,150.646984,True
-12.01,1,150.647984,False
-12.01,1,150.648984,False
-11.54,4,150.652503,False
-12.01,1,150.654502,False
21.13,12,150.664964,True
-12.04,4,150.669964,False
-10.81,6,150.674489,False
-11.55,5,150.678863,False
21.17,8,150.686059,True
22.17,8,150.69357,True
20.91,9,150.701872,True
19.96,4,150.705391,True
-11.77,2,150.707391,False
19.97,3,150.710268,True
-12.01,1,150.711283,False
-11.54,4,150.715817,False
-11.54,4,150.718817,False
-11.79,4,150.722817,False
20.95,5,150.727679,True
-11.77,2,150.729679,False
-11.53,3,150.73268,False
20.93,7,150.739203,True
-11.77,2,150.741203,False
-11.57,7,150.747437,False
-11.78,3,150.750437,False
-12.02,2,150.751437,False
21.42,8,150.75896,True
20.19,6,150.764643,True
-12.01,1,150.764643,False
21.14,11,150.775167,True
-12.02,2,150.777008,False
-11.54,4,150.781026,False
22.14,11,150.790549,True
22.4,10,150.799854,True
-11.78,3,150.802375,False
-11.53,3,150.805375,False
20.43,7,150.812106,True
-12.01,1,150.813103,False
19.97,3,150.816102,True
19.97,3,150.819619,True
-11.78,3,150.821624,False
22.4,10,150.831522,True
21.42,8,150.838522,True
20.44,6,150.845413,True
21.18,7,150.850933,True
-12.02,2,150.852937,False
-11.77,2,150.854937,False
-11.82,7,150.862224,False
20.2,5,150.867224,True
-11.56,6,150.872746,False
21.18,7,150.879088,True
20.2,5,150.883613,True
-11.54,4,150.887615,False
21.39,11,150.896936,True
-12.01,1,150.897936,False
-11.77,2,150.899936,False
-12.02,2,150.90246,False
-10.58,8,150.910926,False
20.67,8,150.918466,True
-11.55,5,150.923461,False
20.95,5,150.928252,True
-11.31,6,150.933778,False
21.46,29,150.958344,True
20.93,7,150.963763,True
20.2,5,150.969286,True
-11.77,2,150.971287,False
21.16,9,150.978499,True
20.43,7,150.984499,True
-11.56,6,150.991024,False
-11.53,3,150.994024,False
-10.55,5,150.998564,False
-12.01,1,150.999564,False
-11.56,6,151.005089,False
-11.76,1,151.006088,False
20.42,8,151.014261,True
-12.01,1,151.01526,False
21.65,10,151.023783,True
-11.76,1,151.025783,False
21.43,7,151.033357,True
21.42,8,151.502478,True
20.2,5,151.506994,True
-11.77,2,151.509513,False
20.44,6,151.516884,True
-11.79,4,151.520402,False
-10.8,5,151.525931,False
21.65,10,151.533926,True
-11.77,2,151.536453,False
-11.77,2,151.538452,False
21.19,6,151.543968,True
-11.78,3,151.546968,False
-12.01,1,151.547968,False
-12.02,2,151.550964,False
-11.31,6,151.55636,False
-11.53,3,151.559371,False
-12.03,3,151.562884,False
-11.77,2,151.564884,False
-10.62,12,151.576575,False
-11.53,3,151.579417,False
-11.76,1,151.580416,False
21.1,15,151.593449,True
-11.79,4,151.59671,False
21.42,8,151.603764,True
-11.54,4,151.607134,False
-12.03,3,151.610134,False
20.19,6,151.615463,True
20.44,6,151.62147,True
-12.01,1,151.62247,False
-12.01,1,151.62247,False
-11.35,10,151.631233,False
19.97,3,151.634736,True
-12.01,1,151.63575,False
20.18,7,151.641746,True
-11.54,4,151.645531,False
-11.54,4,151.649549,False
20.92,7,151.654547,True
-11.77,2,151.657073,False
21.41,9,151.66538,True
-12.02,2,151.666897,False
-11.56,6,151.672901,False
-10.79,4,151.675901,False
-11.77,2,151.678149,False
-11.77,2,151.680148,False
-10.8,5,151.685141,False
-11.77,2,151.687643,False
21.58,16,151.701007,True
21.16,9,151.709053,True
-11.76,1,151.710052,False
-11.76,1,151.711327,False
-11.32,7,151.717333,False
-11.77,2,151.718845,False
-11.79,4,151.72285,False
-10.07,7,151.729146,False
-11.78,3,151.732149,False
-11.8,5,151.736156,False
-11.78,3,151.739667,False
-11.31,6,151.744993,False
-11.54,4,151.74899,False
-12.01,1,151.74999,False
-12.01,1,151.75051,False
-11.77,2,151.752514,False
-12.01,1,151.754514,False
-11.81,6,151.759514,False
-11.77,2,151.761753,False
-12.02,2,151.763767,False
-11.77,2,151.765768,False
21.64,11,151.776283,True
-11.77,2,151.777289,False
-12.01,1,151.77954,False
-11.79,4,151.783066,False
-12.02,2,151.785066,False
-12.01,1,151.786066,False
21.41,9,151.794059,True
20.2,5,151.798583,True
-12.02,2,151.800594,False
20.2,5,151.805642,True
-10.57,7,151.811983,False
-11.78,3,151.814509,False
20.21,4,151.818021,True
19.96,4,151.822035,True
-12.01,1,151.82339,False
-11.8,5,151.827927,False
-12.01,1,151.829228,False
