config_id,run_id,reward,action_mode,layout_mode,feature_mode,geometry_mode,seed,step,win_rate,wall_time,source_file
shaped_v2_pruned_shots_random_medium_cnn_none,shaped_v2_pruned_shots_random_medium_cnn_seed42_ppo_shaped_v2_2,shaped_v2,pruned_shots,random_medium,cnn,none,42,5120,0.15000000596046448,1791216217.999678,shaped_v2_pruned_shots_random_medium_cnn_seed42_ppo_shaped_v2_2.csv
shaped_v2_pruned_shots_random_medium_cnn_none,shaped_v2_pruned_shots_random_medium_cnn_seed42_ppo_shaped_v2_2,shaped_v2,pruned_shots,random_medium,cnn,none,42,10240,0.09000000357627869,1791216230.8834617,shaped_v2_pruned_shots_random_medium_cnn_seed42_ppo_shaped_v2_2.csv
shaped_v2_pruned_shots_random_medium_cnn_none,shaped_v2_pruned_shots_random_medium_cnn_seed42_ppo_shaped_v2_2,shaped_v2,pruned_shots,random_medium,cnn,none,42,15360,0.07000000029802322,1791216244.565487,shaped_v2_pruned_shots_random_medium_cnn_seed42_ppo_shaped_v2_2.csv
shaped_v2_pruned_shots_random_medium_cnn_none,shaped_v2_pruned_shots_random_medium_cnn_seed42_ppo_shaped_v2_2,shaped_v2,pruned_shots,random_medium,cnn,none,42,20480,0.1899999976158142,1791216263.9701715,shaped_v2_pruned_shots_random_medium_cnn_seed42_ppo_shaped_v2_2.csv
shaped_v2_pruned_shots_random_medium_cnn_none,shaped_v2_pruned_shots_random_medium_cnn_seed42_ppo_shaped_v2_2,shaped_v2,pruned_shots,random_medium,cnn,none,42,25600,0.1899999976158142,1791216275.9850364,shaped_v2_pruned_shots_random_medium_cnn_seed42_ppo_shaped_v2_2.csv
shaped_v2_pruned_shots_random_medium_cnn_none,shaped_v2_pruned_shots_random_medium_cnn_seed42_ppo_shaped_v2_2,shaped_v2,pruned_shots,random_medium,cnn,none,42,30720,0.1899999976158142,1791216287.9497309,shaped_v2_pruned_shots_random_medium_cnn_seed42_ppo_shaped_v2_2.csv
shaped_v2_pruned_shots_random_medium_cnn_none,shaped_v2_pruned_shots_random_medium_cnn_seed42_ppo_shaped_v2_2,shaped_v2,pruned_shots,random_medium,cnn,none,42,35840,0.20999999344348907,1791216299.8696592,shaped_v2_pruned_shots_random_medium_cnn_seed42_ppo_shaped_v2_2.csv
shaped_v2_pruned_shots_random_medium_cnn_none,shaped_v2_pruned_shots_random_medium_cnn_seed42_ppo_shaped_v2_2,shaped_v2,pruned_shots,random_medium,cnn,none,42,40960,0.28999999165534973,1791216311.7542915,shaped_v2_pruned_shots_random_medium_cnn_seed42_ppo_shaped_v2_2.csv
shaped_v2_pruned_shots_random_medium_cnn_none,shaped_v2_pruned_shots_random_medium_cnn_seed42_ppo_shaped_v2_2,shaped_v2,pruned_shots,random_medium,cnn,none,42,45056,0.3100000023841858,1791216321.3961563,shaped_v2_pruned_shots_random_medium_cnn_seed42_ppo_shaped_v2_2.csv
shaped_v2_pruned_shots_random_medium_cnn_none,shaped_v2_pruned_shots_random_medium_cnn_seed42_ppo_shaped_v2_2,shaped_v2,pruned_shots,random_medium,cnn,none,42,50176,0.3700000047683716,1791216333.3889678,shaped_v2_pruned_shots_random_medium_cnn_seed42_ppo_shaped_v2_2.csv
shaped_v2_pruned_shots_random_medium_cnn_none,shaped_v2_pruned_shots_random_medium_cnn_seed42_ppo_shaped_v2_2,shaped_v2,pruned_shots,random_medium,cnn,none,42,55296,0.3100000023841858,1791216345.2505417,shaped_v2_pruned_shots_random_medium_cnn_seed42_ppo_shaped_v2_2.csv
shaped_v2_pruned_shots_random_medium_cnn_none,shaped_v2_pruned_shots_random_medium_cnn_seed42_ppo_shaped_v2_2,shaped_v2,pruned_shots,random_medium,cnn,none,42,60416,0.30000001192092896,1791216357.2468412,shaped_v2_pruned_shots_random_medium_cnn_seed42_ppo_shaped_v2_2.csv
shaped_v2_pruned_shots_random_medium_cnn_none,shaped_v2_pruned_shots_random_medium_cnn_seed42_ppo_shaped_v2_2,shaped_v2,pruned_shots,random_medium,cnn,none,42,65536,0.36000001430511475,1791216369.2307994,shaped_v2_pruned_shots_random_medium_cnn_seed42_ppo_shaped_v2_2.csv
shaped_v2_pruned_shots_random_medium_cnn_none,shaped_v2_pruned_shots_random_medium_cnn_seed42_ppo_shaped_v2_2,shaped_v2,pruned_shots,random_medium,cnn,none,42,70656,0.2800000011920929,1791216381.2179146,shaped_v2_pruned_shots_random_medium_cnn_seed42_ppo_shaped_v2_2.csv
shaped_v2_pruned_shots_random_medium_cnn_none,shaped_v2_pruned_shots_random_medium_cnn_seed42_ppo_shaped_v2_2,shaped_v2,pruned_shots,random_medium,cnn,none,42,75776,0.3199999928474426,1791216393.121494,shaped_v2_pruned_shots_random_medium_cnn_seed42_ppo_shaped_v2_2.csv
shaped_v2_pruned_shots_random_medium_cnn_none,shaped_v2_pruned_shots_random_medium_cnn_seed42_ppo_shaped_v2_2,shaped_v2,pruned_shots,random_medium,cnn,none,42,80896,0.3199999928474426,1791216405.094646,shaped_v2_pruned_shots_random_medium_cnn_seed42_ppo_shaped_v2_2.csv
shaped_v2_pruned_shots_random_medium_cnn_none,shaped_v2_pruned_shots_random_medium_cnn_seed42_ppo_shaped_v2_2,shaped_v2,pruned_shots,random_medium,cnn,none,42,86016,0.36000001430511475,1791216416.935414,shaped_v2_pruned_shots_random_medium_cnn_seed42_ppo_shaped_v2_2.csv
shaped_v2_pruned_shots_random_medium_cnn_none,shaped_v2_pruned_shots_random_medium_cnn_seed42_ppo_shaped_v2_2,shaped_v2,pruned_shots,random_medium,cnn,none,42,90112,0.3199999928474426,1791216426.7285223,shaped_v2_pruned_shots_random_medium_cnn_seed42_ppo_shaped_v2_2.csv
shaped_v2_pruned_shots_random_medium_cnn_none,shaped_v2_pruned_shots_random_medium_cnn_seed42_ppo_shaped_v2_2,shaped_v2,pruned_shots,random_medium,cnn,none,42,95232,0.38999998569488525,1791216438.9982724,shaped_v2_pruned_shots_random_medium_cnn_seed42_ppo_shaped_v2_2.csv
shaped_v2_pruned_shots_random_medium_cnn_none,shaped_v2_pruned_shots_random_medium_cnn_seed42_ppo_shaped_v2_2,shaped_v2,pruned_shots,random_medium,cnn,none,42,100352,0.25999999046325684,1791216451.0104973,shaped_v2_pruned_shots_random_medium_cnn_seed42_ppo_shaped_v2_2.csv
shaped_v2_pruned_shots_random_medium_cnn_none,shaped_v2_pruned_shots_random_medium_cnn_seed42_ppo_shaped_v2_2,shaped_v2,pruned_shots,random_medium,cnn,none,42,105472,0.27000001072883606,1791216463.007665,shaped_v2_pruned_shots_random_medium_cnn_seed42_ppo_shaped_v2_2.csv
shaped_v2_pruned_shots_random_medium_cnn_none,shaped_v2_pruned_shots_random_medium_cnn_seed42_ppo_shaped_v2_2,shaped_v2,pruned_shots,random_medium,cnn,none,42,110592,0.27000001072883606,1791216475.211197,shaped_v2_pruned_shots_random_medium_cnn_seed42_ppo_shaped_v2_2.csv
shaped_v2_pruned_shots_random_medium_cnn_none,shaped_v2_pruned_shots_random_medium_cnn_seed42_ppo_shaped_v2_2,shaped_v2,pruned_shots,random_medium,cnn,none,42,115712,0.2800000011920929,1791216487.4350982,shaped_v2_pruned_shots_random_medium_cnn_seed42_ppo_shaped_v2_2.csv
shaped_v2_pruned_shots_random_medium_cnn_none,shaped_v2_pruned_shots_random_medium_cnn_seed42_ppo_shaped_v2_2,shaped_v2,pruned_shots,random_medium,cnn,none,42,120832,0.28999999165534973,1791216500.0911357,shaped_v2_pruned_shots_random_medium_cnn_seed42_ppo_shaped_v2_2.csv
shaped_v2_pruned_shots_random_medium_cnn_none,shaped_v2_pruned_shots_random_medium_cnn_seed42_ppo_shaped_v2_2,shaped_v2,pruned_shots,random_medium,cnn,none,42,125952,0.3700000047683716,1791216512.4017403,shaped_v2_pruned_shots_random_medium_cnn_seed42_ppo_shaped_v2_2.csv
shaped_v2_pruned_shots_random_medium_cnn_none,shaped_v2_pruned_shots_random_medium_cnn_seed42_ppo_shaped_v2_2,shaped_v2,pruned_shots,random_medium,cnn,none,42,130048,0.36000001430511475,1791216522.4651504,shaped_v2_pruned_shots_random_medium_cnn_seed42_ppo_shaped_v2_2.csv
shaped_v2_pruned_shots_random_medium_cnn_none,shaped_v2_pruned_shots_random_medium_cnn_seed42_ppo_shaped_v2_2,shaped_v2,pruned_shots,random_medium,cnn,none,42,135168,0.36000001430511475,1791216534.7276974,shaped_v2_pruned_shots_random_medium_cnn_seed42_ppo_shaped_v2_2.csv
shaped_v2_pruned_shots_random_medium_cnn_none,shaped_v2_pruned_shots_random_medium_cnn_seed42_ppo_shaped_v2_2,shaped_v2,pruned_shots,random_medium,cnn,none,42,140288,0.23999999463558197,1791216547.5246055,shaped_v2_pruned_shots_random_medium_cnn_seed42_ppo_shaped_v2_2.csv
shaped_v2_pruned_shots_random_medium_cnn_none,shaped_v2_pruned_shots_random_medium_cnn_seed42_ppo_shaped_v2_2,shaped_v2,pruned_shots,random_medium,cnn,none,42,145408,0.2199999988079071,1791216560.2099981,shaped_v2_pruned_shots_random_medium_cnn_seed42_ppo_shaped_v2_2.csv
shaped_v2_pruned_shots_random_medium_cnn_none,shaped_v2_pruned_shots_random_medium_cnn_seed42_ppo_shaped_v2_2,shaped_v2,pruned_shots,random_medium,cnn,none,42,150528,0.30000001192092896,1791216572.7003286,shaped_v2_pruned_shots_random_medium_cnn_seed42_ppo_shaped_v2_2.csv
shaped_v2_pruned_shots_random_medium_cnn_none,shaped_v2_pruned_shots_random_medium_cnn_seed42_ppo_shaped_v2_2,shaped_v2,pruned_shots,random_medium,cnn,none,42,155648,0.30000001192092896,1791216585.1308644,shaped_v2_pruned_shots_random_medium_cnn_seed42_ppo_shaped_v2_2.csv
shaped_v2_pruned_shots_random_medium_cnn_none,shaped_v2_pruned_shots_random_medium_cnn_seed42_ppo_shaped_v2_2,shaped_v2,pruned_shots,random_medium,cnn,none,42,160768,0.25999999046325684,1791216597.926497,shaped_v2_pruned_shots_random_medium_cnn_seed42_ppo_shaped_v2_2.csv
shaped_v2_pruned_shots_random_medium_cnn_none,shaped_v2_pruned_shots_random_medium_cnn_seed42_ppo_shaped_v2_2,shaped_v2,pruned_shots,random_medium,cnn,none,42,165888,0.28999999165534973,1791216610.5019045,shaped_v2_pruned_shots_random_medium_cnn_seed42_ppo_shaped_v2_2.csv
shaped_v2_pruned_shots_random_medium_cnn_none,shaped_v2_pruned_shots_random_medium_cnn_seed42_ppo_shaped_v2_2,shaped_v2,pruned_shots,random_medium,cnn,none,42,171008,0.23999999463558197,1791216623.3443866,shaped_v2_pruned_shots_random_medium_cnn_seed42_ppo_shaped_v2_2.csv
shaped_v2_pruned_shots_random_medium_cnn_none,shaped_v2_pruned_shots_random_medium_cnn_seed42_ppo_shaped_v2_2,shaped_v2,pruned_shots,random_medium,cnn,none,42,175104,0.33000001311302185,1791216633.6173103,shaped_v2_pruned_shots_random_medium_cnn_seed42_ppo_shaped_v2_2.csv
shaped_v2_pruned_shots_random_medium_cnn_none,shaped_v2_pruned_shots_random_medium_cnn_seed42_ppo_shaped_v2_2,shaped_v2,pruned_shots,random_medium,cnn,none,42,180224,0.3799999952316284,1791216646.117278,shaped_v2_pruned_shots_random_medium_cnn_seed42_ppo_shaped_v2_2.csv
shaped_v2_pruned_shots_random_medium_cnn_none,shaped_v2_pruned_shots_random_medium_cnn_seed42_ppo_shaped_v2_2,shaped_v2,pruned_shots,random_medium,cnn,none,42,185344,0.3100000023841858,1791216658.5491548,shaped_v2_pruned_shots_random_medium_cnn_seed42_ppo_shaped_v2_2.csv
shaped_v2_pruned_shots_random_medium_cnn_none,shaped_v2_pruned_shots_random_medium_cnn_seed42_ppo_shaped_v2_2,shaped_v2,pruned_shots,random_medium,cnn,none,42,190464,0.3499999940395355,1791216670.983008,shaped_v2_pruned_shots_random_medium_cnn_seed42_ppo_shaped_v2_2.csv
shaped_v2_pruned_shots_random_medium_cnn_none,shaped_v2_pruned_shots_random_medium_cnn_seed42_ppo_shaped_v2_2,shaped_v2,pruned_shots,random_medium,cnn,none,42,195584,0.38999998569488525,1791216683.2060814,shaped_v2_pruned_shots_random_medium_cnn_seed42_ppo_shaped_v2_2.csv
shaped_v2_pruned_shots_random_medium_cnn_none,shaped_v2_pruned_shots_random_medium_cnn_seed42_ppo_shaped_v2_2,shaped_v2,pruned_shots,random_medium,cnn,none,42,200704,0.3799999952316284,1791216695.2498531,shaped_v2_pruned_shots_random_medium_cnn_seed42_ppo_shaped_v2_2.csv
shaped_v2_pruned_shots_random_medium_cnn_none,shaped_v2_pruned_shots_random_medium_cnn_seed42_ppo_shaped_v2_2,shaped_v2,pruned_shots,random_medium,cnn,none,42,205824,0.33000001311302185,1791216707.6406965,shaped_v2_pruned_shots_random_medium_cnn_seed42_ppo_shaped_v2_2.csv
shaped_v2_pruned_shots_random_medium_cnn_none,shaped_v2_pruned_shots_random_medium_cnn_seed42_ppo_shaped_v2_2,shaped_v2,pruned_shots,random_medium,cnn,none,42,210944,0.2800000011920929,1791216720.0024323,shaped_v2_pruned_shots_random_medium_cnn_seed42_ppo_shaped_v2_2.csv
shaped_v2_pruned_shots_random_medium_cnn_none,shaped_v2_pruned_shots_random_medium_cnn_seed42_ppo_shaped_v2_2,shaped_v2,pruned_shots,random_medium,cnn,none,42,215040,0.23999999463558197,1791216730.400407,shaped_v2_pruned_shots_random_medium_cnn_seed42_ppo_shaped_v2_2.csv
shaped_v2_pruned_shots_random_medium_cnn_none,shaped_v2_pruned_shots_random_medium_cnn_seed42_ppo_shaped_v2_2,shaped_v2,pruned_shots,random_medium,cnn,none,42,220160,0.18000000715255737,1791216743.578549,shaped_v2_pruned_shots_random_medium_cnn_seed42_ppo_shaped_v2_2.csv
shaped_v2_pruned_shots_random_medium_cnn_none,shaped_v2_pruned_shots_random_medium_cnn_seed42_ppo_shaped_v2_2,shaped_v2,pruned_shots,random_medium,cnn,none,42,225280,0.2800000011920929,1791216756.318878,shaped_v2_pruned_shots_random_medium_cnn_seed42_ppo_shaped_v2_2.csv
shaped_v2_pruned_shots_random_medium_cnn_none,shaped_v2_pruned_shots_random_medium_cnn_seed42_ppo_shaped_v2_2,shaped_v2,pruned_shots,random_medium,cnn,none,42,230400,0.23000000417232513,1791216769.185209,shaped_v2_pruned_shots_random_medium_cnn_seed42_ppo_shaped_v2_2.csv
shaped_v2_pruned_shots_random_medium_cnn_none,shaped_v2_pruned_shots_random_medium_cnn_seed42_ppo_shaped_v2_2,shaped_v2,pruned_shots,random_medium,cnn,none,42,235520,0.28999999165534973,1791216781.8496087,shaped_v2_pruned_shots_random_medium_cnn_seed42_ppo_shaped_v2_2.csv
shaped_v2_pruned_shots_random_medium_cnn_none,shaped_v2_pruned_shots_random_medium_cnn_seed42_ppo_shaped_v2_2,shaped_v2,pruned_shots,random_medium,cnn,none,42,240640,0.3499999940395355,1791216794.0891776,shaped_v2_pruned_shots_random_medium_cnn_seed42_ppo_shaped_v2_2.csv
shaped_v2_pruned_shots_random_medium_cnn_none,shaped_v2_pruned_shots_random_medium_cnn_seed42_ppo_shaped_v2_2,shaped_v2,pruned_shots,random_medium,cnn,none,42,245760,0.3700000047683716,1791216806.4157653,shaped_v2_pruned_shots_random_medium_cnn_seed42_ppo_shaped_v2_2.csv
shaped_v2_pruned_shots_random_medium_cnn_none,shaped_v2_pruned_shots_random_medium_cnn_seed42_ppo_shaped_v2_2,shaped_v2,pruned_shots,random_medium,cnn,none,42,250880,0.3799999952316284,1791216818.9754837,shaped_v2_pruned_shots_random_medium_cnn_seed42_ppo_shaped_v2_2.csv
shaped_v2_pruned_shots_random_medium_cnn_none,shaped_v2_pruned_shots_random_medium_cnn_seed42_ppo_shaped_v2_2,shaped_v2,pruned_shots,random_medium,cnn,none,42,256000,0.3100000023841858,1791216831.438266,shaped_v2_pruned_shots_random_medium_cnn_seed42_ppo_shaped_v2_2.csv
shaped_v2_pruned_shots_random_medium_cnn_none,shaped_v2_pruned_shots_random_medium_cnn_seed42_ppo_shaped_v2_2,shaped_v2,pruned_shots,random_medium,cnn,none,42,260096,0.3199999928474426,1791216841.464397,shaped_v2_pruned_shots_random_medium_cnn_seed42_ppo_shaped_v2_2.csv
shaped_v2_pruned_shots_random_medium_cnn_none,shaped_v2_pruned_shots_random_medium_cnn_seed42_ppo_shaped_v2_2,shaped_v2,pruned_shots,random_medium,cnn,none,42,265216,0.28999999165534973,1791216853.5374596,shaped_v2_pruned_shots_random_medium_cnn_seed42_ppo_shaped_v2_2.csv
shaped_v2_pruned_shots_random_medium_cnn_none,shaped_v2_pruned_shots_random_medium_cnn_seed42_ppo_shaped_v2_2,shaped_v2,pruned_shots,random_medium,cnn,none,42,270336,0.3100000023841858,1791216865.9458325,shaped_v2_pruned_shots_random_medium_cnn_seed42_ppo_shaped_v2_2.csv
shaped_v2_pruned_shots_random_medium_cnn_none,shaped_v2_pruned_shots_random_medium_cnn_seed42_ppo_shaped_v2_2,shaped_v2,pruned_shots,random_medium,cnn,none,42,275456,0.27000001072883606,1791216878.214976,shaped_v2_pruned_shots_random_medium_cnn_seed42_ppo_shaped_v2_2.csv
shaped_v2_pruned_shots_random_medium_cnn_none,shaped_v2_pruned_shots_random_medium_cnn_seed42_ppo_shaped_v2_2,shaped_v2,pruned_shots,random_medium,cnn,none,42,280576,0.27000001072883606,1791216890.3515005,shaped_v2_pruned_shots_random_medium_cnn_seed42_ppo_shaped_v2_2.csv
shaped_v2_pruned_shots_random_medium_cnn_none,shaped_v2_pruned_shots_random_medium_cnn_seed42_ppo_shaped_v2_2,shaped_v2,pruned_shots,random_medium,cnn,none,42,285696,0.30000001192092896,1791216902.460706,shaped_v2_pruned_shots_random_medium_cnn_seed42_ppo_shaped_v2_2.csv
shaped_v2_pruned_shots_random_medium_cnn_none,shaped_v2_pruned_shots_random_medium_cnn_seed42_ppo_shaped_v2_2,shaped_v2,pruned_shots,random_medium,cnn,none,42,290816,0.20999999344348907,1791216915.1360323,shaped_v2_pruned_shots_random_medium_cnn_seed42_ppo_shaped_v2_2.csv
shaped_v2_pruned_shots_random_medium_cnn_none,shaped_v2_pruned_shots_random_medium_cnn_seed42_ppo_shaped_v2_2,shaped_v2,pruned_shots,random_medium,cnn,none,42,295936,0.3199999928474426,1791216927.3422139,shaped_v2_pruned_shots_random_medium_cnn_seed42_ppo_shaped_v2_2.csv
shaped_v2_pruned_shots_random_medium_cnn_none,shaped_v2_pruned_shots_random_medium_cnn_seed42_ppo_shaped_v2_2,shaped_v2,pruned_shots,random_medium,cnn,none,42,300032,0.27000001072883606,1791216937.2681365,shaped_v2_pruned_shots_random_medium_cnn_seed42_ppo_shaped_v2_2.csv
shaped_v2_pruned_shots_random_medium_cnn_small_none,shaped_v2_pruned_shots_random_medium_cnn_small_seed42_ppo_shaped_v2_2,shaped_v2,pruned_shots,random_medium,cnn_small,none,42,5120,0.0,1791217855.5803392,shaped_v2_pruned_shots_random_medium_cnn_small_seed42_ppo_shaped_v2_2.csv
shaped_v2_pruned_shots_random_medium_cnn_small_none,shaped_v2_pruned_shots_random_medium_cnn_small_seed42_ppo_shaped_v2_2,shaped_v2,pruned_shots,random_medium,cnn_small,none,42,10240,0.019999999552965164,1791217867.3047702,shaped_v2_pruned_shots_random_medium_cnn_small_seed42_ppo_shaped_v2_2.csv
shaped_v2_pruned_shots_random_medium_cnn_small_none,shaped_v2_pruned_shots_random_medium_cnn_small_seed42_ppo_shaped_v2_2,shaped_v2,pruned_shots,random_medium,cnn_small,none,42,15360,0.15000000596046448,1791217878.2114842,shaped_v2_pruned_shots_random_medium_cnn_small_seed42_ppo_shaped_v2_2.csv
shaped_v2_pruned_shots_random_medium_cnn_small_none,shaped_v2_pruned_shots_random_medium_cnn_small_seed42_ppo_shaped_v2_2,shaped_v2,pruned_shots,random_medium,cnn_small,none,42,20480,0.15000000596046448,1791217888.9866583,shaped_v2_pruned_shots_random_medium_cnn_small_seed42_ppo_shaped_v2_2.csv
shaped_v2_pruned_shots_random_medium_cnn_small_none,shaped_v2_pruned_shots_random_medium_cnn_small_seed42_ppo_shaped_v2_2,shaped_v2,pruned_shots,random_medium,cnn_small,none,42,25600,0.20000000298023224,1791217899.8119428,shaped_v2_pruned_shots_random_medium_cnn_small_seed42_ppo_shaped_v2_2.csv
shaped_v2_pruned_shots_random_medium_cnn_small_none,shaped_v2_pruned_shots_random_medium_cnn_small_seed42_ppo_shaped_v2_2,shaped_v2,pruned_shots,random_medium,cnn_small,none,42,30720,0.18000000715255737,1791217910.6808221,shaped_v2_pruned_shots_random_medium_cnn_small_seed42_ppo_shaped_v2_2.csv
shaped_v2_pruned_shots_random_medium_cnn_small_none,shaped_v2_pruned_shots_random_medium_cnn_small_seed42_ppo_shaped_v2_2,shaped_v2,pruned_shots,random_medium,cnn_small,none,42,35840,0.17000000178813934,1791217921.4154408,shaped_v2_pruned_shots_random_medium_cnn_small_seed42_ppo_shaped_v2_2.csv
shaped_v2_pruned_shots_random_medium_cnn_small_none,shaped_v2_pruned_shots_random_medium_cnn_small_seed42_ppo_shaped_v2_2,shaped_v2,pruned_shots,random_medium,cnn_small,none,42,40960,0.18000000715255737,1791217932.232037,shaped_v2_pruned_shots_random_medium_cnn_small_seed42_ppo_shaped_v2_2.csv
shaped_v2_pruned_shots_random_medium_cnn_small_none,shaped_v2_pruned_shots_random_medium_cnn_small_seed42_ppo_shaped_v2_2,shaped_v2,pruned_shots,random_medium,cnn_small,none,42,45056,0.1899999976158142,1791217940.8119762,shaped_v2_pruned_shots_random_medium_cnn_small_seed42_ppo_shaped_v2_2.csv
shaped_v2_pruned_shots_random_medium_cnn_small_none,shaped_v2_pruned_shots_random_medium_cnn_small_seed42_ppo_shaped_v2_2,shaped_v2,pruned_shots,random_medium,cnn_small,none,42,50176,0.25999999046325684,1791217951.6583652,shaped_v2_pruned_shots_random_medium_cnn_small_seed42_ppo_shaped_v2_2.csv
shaped_v2_pruned_shots_random_medium_cnn_small_none,shaped_v2_pruned_shots_random_medium_cnn_small_seed42_ppo_shaped_v2_2,shaped_v2,pruned_shots,random_medium,cnn_small,none,42,55296,0.23000000417232513,1791217963.1272967,shaped_v2_pruned_shots_random_medium_cnn_small_seed42_ppo_shaped_v2_2.csv
shaped_v2_pruned_shots_random_medium_cnn_small_none,shaped_v2_pruned_shots_random_medium_cnn_small_seed42_ppo_shaped_v2_2,shaped_v2,pruned_shots,random_medium,cnn_small,none,42,60416,0.3100000023841858,1791217973.589307,shaped_v2_pruned_shots_random_medium_cnn_small_seed42_ppo_shaped_v2_2.csv
shaped_v2_pruned_shots_random_medium_cnn_small_none,shaped_v2_pruned_shots_random_medium_cnn_small_seed42_ppo_shaped_v2_2,shaped_v2,pruned_shots,random_medium,cnn_small,none,42,65536,0.3199999928474426,1791217984.155018,shaped_v2_pruned_shots_random_medium_cnn_small_seed42_ppo_shaped_v2_2.csv
shaped_v2_pruned_shots_random_medium_cnn_small_none,shaped_v2_pruned_shots_random_medium_cnn_small_seed42_ppo_shaped_v2_2,shaped_v2,pruned_shots,random_medium,cnn_small,none,42,70656,0.3100000023841858,1791217994.731123,shaped_v2_pruned_shots_random_medium_cnn_small_seed42_ppo_shaped_v2_2.csv
shaped_v2_pruned_shots_random_medium_cnn_small_none,shaped_v2_pruned_shots_random_medium_cnn_small_seed42_ppo_shaped_v2_2,shaped_v2,pruned_shots,random_medium,cnn_small,none,42,75776,0.3199999928474426,1791218005.3186638,shaped_v2_pruned_shots_random_medium_cnn_small_seed42_ppo_shaped_v2_2.csv
shaped_v2_pruned_shots_random_medium_cnn_small_none,shaped_v2_pruned_shots_random_medium_cnn_small_seed42_ppo_shaped_v2_2,shaped_v2,pruned_shots,random_medium,cnn_small,none,42,80896,0.23000000417232513,1791218016.477991,shaped_v2_pruned_shots_random_medium_cnn_small_seed42_ppo_shaped_v2_2.csv
shaped_v2_pruned_shots_random_medium_cnn_small_none,shaped_v2_pruned_shots_random_medium_cnn_small_seed42_ppo_shaped_v2_2,shaped_v2,pruned_shots,random_medium,cnn_small,none,42,86016,0.23000000417232513,1791218027.5278966,shaped_v2_pruned_shots_random_medium_cnn_small_seed42_ppo_shaped_v2_2.csv
shaped_v2_pruned_shots_random_medium_cnn_small_none,shaped_v2_pruned_shots_random_medium_cnn_small_seed42_ppo_shaped_v2_2,shaped_v2,pruned_shots,random_medium,cnn_small,none,42,90112,0.20000000298023224,1791218036.6916788,shaped_v2_pruned_shots_random_medium_cnn_small_seed42_ppo_shaped_v2_2.csv
shaped_v2_pruned_shots_random_medium_cnn_small_none,shaped_v2_pruned_shots_random_medium_cnn_small_seed42_ppo_shaped_v2_2,shaped_v2,pruned_shots,random_medium,cnn_small,none,42,95232,0.23999999463558197,1791218047.8632333,shaped_v2_pruned_shots_random_medium_cnn_small_seed42_ppo_shaped_v2_2.csv
shaped_v2_pruned_shots_random_medium_cnn_small_none,shaped_v2_pruned_shots_random_medium_cnn_small_seed42_ppo_shaped_v2_2,shaped_v2,pruned_shots,random_medium,cnn_small,none,42,100352,0.23000000417232513,1791218058.8044887,shaped_v2_pruned_shots_random_medium_cnn_small_seed42_ppo_shaped_v2_2.csv
shaped_v2_pruned_shots_random_medium_cnn_small_none,shaped_v2_pruned_shots_random_medium_cnn_small_seed42_ppo_shaped_v2_2,shaped_v2,pruned_shots,random_medium,cnn_small,none,42,105472,0.23000000417232513,1791218069.7341213,shaped_v2_pruned_shots_random_medium_cnn_small_seed42_ppo_shaped_v2_2.csv
shaped_v2_pruned_shots_random_medium_cnn_small_none,shaped_v2_pruned_shots_random_medium_cnn_small_seed42_ppo_shaped_v2_2,shaped_v2,pruned_shots,random_medium,cnn_small,none,42,110592,0.23000000417232513,1791218080.668632,shaped_v2_pruned_shots_random_medium_cnn_small_seed42_ppo_shaped_v2_2.csv
shaped_v2_pruned_shots_random_medium_cnn_small_none,shaped_v2_pruned_shots_random_medium_cnn_small_seed42_ppo_shaped_v2_2,shaped_v2,pruned_shots,random_medium,cnn_small,none,42,115712,0.23999999463558197,1791218091.413493,shaped_v2_pruned_shots_random_medium_cnn_small_seed42_ppo_shaped_v2_2.csv
shaped_v2_pruned_shots_random_medium_cnn_small_none,shaped_v2_pruned_shots_random_medium_cnn_small_seed42_ppo_shaped_v2_2,shaped_v2,pruned_shots,random_medium,cnn_small,none,42,120832,0.3100000023841858,1791218102.3973322,shaped_v2_pruned_shots_random_medium_cnn_small_seed42_ppo_shaped_v2_2.csv
shaped_v2_pruned_shots_random_medium_cnn_small_none,shaped_v2_pruned_shots_random_medium_cnn_small_seed42_ppo_shaped_v2_2,shaped_v2,pruned_shots,random_medium,cnn_small,none,42,125952,0.2199999988079071,1791218114.2709546,shaped_v2_pruned_shots_random_medium_cnn_small_seed42_ppo_shaped_v2_2.csv
shaped_v2_pruned_shots_random_medium_cnn_small_none,shaped_v2_pruned_shots_random_medium_cnn_small_seed42_ppo_shaped_v2_2,shaped_v2,pruned_shots,random_medium,cnn_small,none,42,130048,0.25,1791218124.0913339,shaped_v2_pruned_shots_random_medium_cnn_small_seed42_ppo_shaped_v2_2.csv
shaped_v2_pruned_shots_random_medium_cnn_small_none,shaped_v2_pruned_shots_random_medium_cnn_small_seed42_ppo_shaped_v2_2,shaped_v2,pruned_shots,random_medium,cnn_small,none,42,135168,0.25,1791218135.781205,shaped_v2_pruned_shots_random_medium_cnn_small_seed42_ppo_shaped_v2_2.csv
shaped_v2_pruned_shots_random_medium_cnn_small_none,shaped_v2_pruned_shots_random_medium_cnn_small_seed42_ppo_shaped_v2_2,shaped_v2,pruned_shots,random_medium,cnn_small,none,42,140288,0.23999999463558197,1791218148.1558547,shaped_v2_pruned_shots_random_medium_cnn_small_seed42_ppo_shaped_v2_2.csv
shaped_v2_pruned_shots_random_medium_cnn_small_none,shaped_v2_pruned_shots_random_medium_cnn_small_seed42_ppo_shaped_v2_2,shaped_v2,pruned_shots,random_medium,cnn_small,none,42,145408,0.33000001311302185,1791218159.5309286,shaped_v2_pruned_shots_random_medium_cnn_small_seed42_ppo_shaped_v2_2.csv
shaped_v2_pruned_shots_random_medium_cnn_small_none,shaped_v2_pruned_shots_random_medium_cnn_small_seed42_ppo_shaped_v2_2,shaped_v2,pruned_shots,random_medium,cnn_small,none,42,150528,0.23999999463558197,1791218171.126801,shaped_v2_pruned_shots_random_medium_cnn_small_seed42_ppo_shaped_v2_2.csv
shaped_v2_pruned_shots_random_medium_cnn_small_none,shaped_v2_pruned_shots_random_medium_cnn_small_seed42_ppo_shaped_v2_2,shaped_v2,pruned_shots,random_medium,cnn_small,none,42,155648,0.25,1791218182.674895,shaped_v2_pruned_shots_random_medium_cnn_small_seed42_ppo_shaped_v2_2.csv
shaped_v2_pruned_shots_random_medium_cnn_small_none,shaped_v2_pruned_shots_random_medium_cnn_small_seed42_ppo_shaped_v2_2,shaped_v2,pruned_shots,random_medium,cnn_small,none,42,160768,0.30000001192092896,1791218194.2283978,shaped_v2_pruned_shots_random_medium_cnn_small_seed42_ppo_shaped_v2_2.csv
shaped_v2_pruned_shots_random_medium_cnn_small_none,shaped_v2_pruned_shots_random_medium_cnn_small_seed42_ppo_shaped_v2_2,shaped_v2,pruned_shots,random_medium,cnn_small,none,42,165888,0.2800000011920929,1791218206.1180294,shaped_v2_pruned_shots_random_medium_cnn_small_seed42_ppo_shaped_v2_2.csv
shaped_v2_pruned_shots_random_medium_cnn_small_none,shaped_v2_pruned_shots_random_medium_cnn_small_seed42_ppo_shaped_v2_2,shaped_v2,pruned_shots,random_medium,cnn_small,none,42,171008,0.30000001192092896,1791218217.2596133,shaped_v2_pruned_shots_random_medium_cnn_small_seed42_ppo_shaped_v2_2.csv
shaped_v2_pruned_shots_random_medium_cnn_small_none,shaped_v2_pruned_shots_random_medium_cnn_small_seed42_ppo_shaped_v2_2,shaped_v2,pruned_shots,random_medium,cnn_small,none,42,175104,0.3199999928474426,1791218226.4377995,shaped_v2_pruned_shots_random_medium_cnn_small_seed42_ppo_shaped_v2_2.csv
shaped_v2_pruned_shots_random_medium_cnn_small_none,shaped_v2_pruned_shots_random_medium_cnn_small_seed42_ppo_shaped_v2_2,shaped_v2,pruned_shots,random_medium,cnn_small,none,42,180224,0.3400000035762787,1791218237.985893,shaped_v2_pruned_shots_random_medium_cnn_small_seed42_ppo_shaped_v2_2.csv
shaped_v2_pruned_shots_random_medium_cnn_small_none,shaped_v2_pruned_shots_random_medium_cnn_small_seed42_ppo_shaped_v2_2,shaped_v2,pruned_shots,random_medium,cnn_small,none,42,185344,0.3400000035762787,1791218249.419893,shaped_v2_pruned_shots_random_medium_cnn_small_seed42_ppo_shaped_v2_2.csv
shaped_v2_pruned_shots_random_medium_cnn_small_none,shaped_v2_pruned_shots_random_medium_cnn_small_seed42_ppo_shaped_v2_2,shaped_v2,pruned_shots,random_medium,cnn_small,none,42,190464,0.3799999952316284,1791218261.1538875,shaped_v2_pruned_shots_random_medium_cnn_small_seed42_ppo_shaped_v2_2.csv
shaped_v2_pruned_shots_random_medium_cnn_small_none,shaped_v2_pruned_shots_random_medium_cnn_small_seed42_ppo_shaped_v2_2,shaped_v2,pruned_shots,random_medium,cnn_small,none,42,195584,0.25,1791218273.3005242,shaped_v2_pruned_shots_random_medium_cnn_small_seed42_ppo_shaped_v2_2.csv
shaped_v2_pruned_shots_random_medium_cnn_small_none,shaped_v2_pruned_shots_random_medium_cnn_small_seed42_ppo_shaped_v2_2,shaped_v2,pruned_shots,random_medium,cnn_small,none,42,200704,0.3100000023841858,1791218285.1484923,shaped_v2_pruned_shots_random_medium_cnn_small_seed42_ppo_shaped_v2_2.csv
shaped_v2_pruned_shots_random_medium_cnn_small_none,shaped_v2_pruned_shots_random_medium_cnn_small_seed42_ppo_shaped_v2_2,shaped_v2,pruned_shots,random_medium,cnn_small,none,42,205824,0.28999999165534973,1791218296.7117696,shaped_v2_pruned_shots_random_medium_cnn_small_seed42_ppo_shaped_v2_2.csv
shaped_v2_pruned_shots_random_medium_cnn_small_none,shaped_v2_pruned_shots_random_medium_cnn_small_seed42_ppo_shaped_v2_2,shaped_v2,pruned_shots,random_medium,cnn_small,none,42,210944,0.3199999928474426,1791218308.2796922,shaped_v2_pruned_shots_random_medium_cnn_small_seed42_ppo_shaped_v2_2.csv
shaped_v2_pruned_shots_random_medium_cnn_small_none,shaped_v2_pruned_shots_random_medium_cnn_small_seed42_ppo_shaped_v2_2,shaped_v2,pruned_shots,random_medium,cnn_small,none,42,215040,0.4099999964237213,1791218317.685359,shaped_v2_pruned_shots_random_medium_cnn_small_seed42_ppo_shaped_v2_2.csv
shaped_v2_pruned_shots_random_medium_cnn_small_none,shaped_v2_pruned_shots_random_medium_cnn_small_seed42_ppo_shaped_v2_2,shaped_v2,pruned_shots,random_medium,cnn_small,none,42,220160,0.3499999940395355,1791218329.2974515,shaped_v2_pruned_shots_random_medium_cnn_small_seed42_ppo_shaped_v2_2.csv
shaped_v2_pruned_shots_random_medium_cnn_small_none,shaped_v2_pruned_shots_random_medium_cnn_small_seed42_ppo_shaped_v2_2,shaped_v2,pruned_shots,random_medium,cnn_small,none,42,225280,0.38999998569488525,1791218340.6300604,shaped_v2_pruned_shots_random_medium_cnn_small_seed42_ppo_shaped_v2_2.csv
shaped_v2_pruned_shots_random_medium_cnn_small_none,shaped_v2_pruned_shots_random_medium_cnn_small_seed42_ppo_shaped_v2_2,shaped_v2,pruned_shots,random_medium,cnn_small,none,42,230400,0.3499999940395355,1791218352.1043835,shaped_v2_pruned_shots_random_medium_cnn_small_seed42_ppo_shaped_v2_2.csv
shaped_v2_pruned_shots_random_medium_cnn_small_none,shaped_v2_pruned_shots_random_medium_cnn_small_seed42_ppo_shaped_v2_2,shaped_v2,pruned_shots,random_medium,cnn_small,none,42,235520,0.33000001311302185,1791218363.859675,shaped_v2_pruned_shots_random_medium_cnn_small_seed42_ppo_shaped_v2_2.csv
shaped_v2_pruned_shots_random_medium_cnn_small_none,shaped_v2_pruned_shots_random_medium_cnn_small_seed42_ppo_shaped_v2_2,shaped_v2,pruned_shots,random_medium,cnn_small,none,42,240640,0.36000001430511475,1791218375.6432376,shaped_v2_pruned_shots_random_medium_cnn_small_seed42_ppo_shaped_v2_2.csv
shaped_v2_pruned_shots_random_medium_cnn_small_none,shaped_v2_pruned_shots_random_medium_cnn_small_seed42_ppo_shaped_v2_2,shaped_v2,pruned_shots,random_medium,cnn_small,none,42,245760,0.38999998569488525,1791218387.4814508,shaped_v2_pruned_shots_random_medium_cnn_small_seed42_ppo_shaped_v2_2.csv
shaped_v2_pruned_shots_random_medium_cnn_small_none,shaped_v2_pruned_shots_random_medium_cnn_small_seed42_ppo_shaped_v2_2,shaped_v2,pruned_shots,random_medium,cnn_small,none,42,250880,0.3199999928474426,1791218399.3314717,shaped_v2_pruned_shots_random_medium_cnn_small_seed42_ppo_shaped_v2_2.csv
shaped_v2_pruned_shots_random_medium_cnn_small_none,shaped_v2_pruned_shots_random_medium_cnn_small_seed42_ppo_shaped_v2_2,shaped_v2,pruned_shots,random_medium,cnn_small,none,42,256000,0.4099999964237213,1791218410.8346705,shaped_v2_pruned_shots_random_medium_cnn_small_seed42_ppo_shaped_v2_2.csv
shaped_v2_pruned_shots_random_medium_cnn_small_none,shaped_v2_pruned_shots_random_medium_cnn_small_seed42_ppo_shaped_v2_2,shaped_v2,pruned_shots,random_medium,cnn_small,none,42,260096,0.3199999928474426,1791218420.7318738,shaped_v2_pruned_shots_random_medium_cnn_small_seed42_ppo_shaped_v2_2.csv
shaped_v2_pruned_shots_random_medium_cnn_small_none,shaped_v2_pruned_shots_random_medium_cnn_small_seed42_ppo_shaped_v2_2,shaped_v2,pruned_shots,random_medium,cnn_small,none,42,265216,0.27000001072883606,1791218432.342082,shaped_v2_pruned_shots_random_medium_cnn_small_seed42_ppo_shaped_v2_2.csv
shaped_v2_pruned_shots_random_medium_cnn_small_none,shaped_v2_pruned_shots_random_medium_cnn_small_seed42_ppo_shaped_v2_2,shaped_v2,pruned_shots,random_medium,cnn_small,none,42,270336,0.4399999976158142,1791218443.89665,shaped_v2_pruned_shots_random_medium_cnn_small_seed42_ppo_shaped_v2_2.csv
shaped_v2_pruned_shots_random_medium_cnn_small_none,shaped_v2_pruned_shots_random_medium_cnn_small_seed42_ppo_shaped_v2_2,shaped_v2,pruned_shots,random_medium,cnn_small,none,42,275456,0.3700000047683716,1791218455.7302418,shaped_v2_pruned_shots_random_medium_cnn_small_seed42_ppo_shaped_v2_2.csv
shaped_v2_pruned_shots_random_medium_cnn_small_none,shaped_v2_pruned_shots_random_medium_cnn_small_seed42_ppo_shaped_v2_2,shaped_v2,pruned_shots,random_medium,cnn_small,none,42,280576,0.33000001311302185,1791218467.444417,shaped_v2_pruned_shots_random_medium_cnn_small_seed42_ppo_shaped_v2_2.csv
shaped_v2_pruned_shots_random_medium_cnn_small_none,shaped_v2_pruned_shots_random_medium_cnn_small_seed42_ppo_shaped_v2_2,shaped_v2,pruned_shots,random_medium,cnn_small,none,42,285696,0.3100000023841858,1791218479.1534479,shaped_v2_pruned_shots_random_medium_cnn_small_seed42_ppo_shaped_v2_2.csv
shaped_v2_pruned_shots_random_medium_cnn_small_none,shaped_v2_pruned_shots_random_medium_cnn_small_seed42_ppo_shaped_v2_2,shaped_v2,pruned_shots,random_medium,cnn_small,none,42,290816,0.3199999928474426,1791218490.711198,shaped_v2_pruned_shots_random_medium_cnn_small_seed42_ppo_shaped_v2_2.csv
shaped_v2_pruned_shots_random_medium_cnn_small_none,shaped_v2_pruned_shots_random_medium_cnn_small_seed42_ppo_shaped_v2_2,shaped_v2,pruned_shots,random_medium,cnn_small,none,42,295936,0.38999998569488525,1791218501.9483113,shaped_v2_pruned_shots_random_medium_cnn_small_seed42_ppo_shaped_v2_2.csv
shaped_v2_pruned_shots_random_medium_cnn_small_none,shaped_v2_pruned_shots_random_medium_cnn_small_seed42_ppo_shaped_v2_2,shaped_v2,pruned_shots,random_medium,cnn_small,none,42,300032,0.3799999952316284,1791218511.5575697,shaped_v2_pruned_shots_random_medium_cnn_small_seed42_ppo_shaped_v2_2.csv
shaped_v2_pruned_shots_random_medium_coord_cnn_none,shaped_v2_pruned_shots_random_medium_coord_cnn_seed42_ppo_shaped_v2_1,shaped_v2,pruned_shots,random_medium,coord_cnn,none,42,5120,0.07999999821186066,1791252842.019457,shaped_v2_pruned_shots_random_medium_coord_cnn_seed42_ppo_shaped_v2_1.csv
shaped_v2_pruned_shots_random_medium_coord_cnn_none,shaped_v2_pruned_shots_random_medium_coord_cnn_seed42_ppo_shaped_v2_1,shaped_v2,pruned_shots,random_medium,coord_cnn,none,42,10240,0.07999999821186066,1791252853.1654716,shaped_v2_pruned_shots_random_medium_coord_cnn_seed42_ppo_shaped_v2_1.csv
shaped_v2_pruned_shots_random_medium_coord_cnn_none,shaped_v2_pruned_shots_random_medium_coord_cnn_seed42_ppo_shaped_v2_1,shaped_v2,pruned_shots,random_medium,coord_cnn,none,42,15360,0.07999999821186066,1791252864.1234794,shaped_v2_pruned_shots_random_medium_coord_cnn_seed42_ppo_shaped_v2_1.csv
shaped_v2_pruned_shots_random_medium_coord_cnn_none,shaped_v2_pruned_shots_random_medium_coord_cnn_seed42_ppo_shaped_v2_1,shaped_v2,pruned_shots,random_medium,coord_cnn,none,42,20480,0.11999999731779099,1791252875.598472,shaped_v2_pruned_shots_random_medium_coord_cnn_seed42_ppo_shaped_v2_1.csv
shaped_v2_pruned_shots_random_medium_coord_cnn_none,shaped_v2_pruned_shots_random_medium_coord_cnn_seed42_ppo_shaped_v2_1,shaped_v2,pruned_shots,random_medium,coord_cnn,none,42,25600,0.14000000059604645,1791252886.859861,shaped_v2_pruned_shots_random_medium_coord_cnn_seed42_ppo_shaped_v2_1.csv
shaped_v2_pruned_shots_random_medium_coord_cnn_none,shaped_v2_pruned_shots_random_medium_coord_cnn_seed42_ppo_shaped_v2_1,shaped_v2,pruned_shots,random_medium,coord_cnn,none,42,30720,0.12999999523162842,1791252898.0836928,shaped_v2_pruned_shots_random_medium_coord_cnn_seed42_ppo_shaped_v2_1.csv
shaped_v2_pruned_shots_random_medium_coord_cnn_none,shaped_v2_pruned_shots_random_medium_coord_cnn_seed42_ppo_shaped_v2_1,shaped_v2,pruned_shots,random_medium,coord_cnn,none,42,35840,0.18000000715255737,1791252909.3429065,shaped_v2_pruned_shots_random_medium_coord_cnn_seed42_ppo_shaped_v2_1.csv
shaped_v2_pruned_shots_random_medium_coord_cnn_none,shaped_v2_pruned_shots_random_medium_coord_cnn_seed42_ppo_shaped_v2_1,shaped_v2,pruned_shots,random_medium,coord_cnn,none,42,40960,0.1899999976158142,1791252920.4793952,shaped_v2_pruned_shots_random_medium_coord_cnn_seed42_ppo_shaped_v2_1.csv
shaped_v2_pruned_shots_random_medium_coord_cnn_none,shaped_v2_pruned_shots_random_medium_coord_cnn_seed42_ppo_shaped_v2_1,shaped_v2,pruned_shots,random_medium,coord_cnn,none,42,45056,0.18000000715255737,1791252929.5262718,shaped_v2_pruned_shots_random_medium_coord_cnn_seed42_ppo_shaped_v2_1.csv
shaped_v2_pruned_shots_random_medium_coord_cnn_none,shaped_v2_pruned_shots_random_medium_coord_cnn_seed42_ppo_shaped_v2_1,shaped_v2,pruned_shots,random_medium,coord_cnn,none,42,50176,0.18000000715255737,1791252940.731909,shaped_v2_pruned_shots_random_medium_coord_cnn_seed42_ppo_shaped_v2_1.csv
shaped_v2_pruned_shots_random_medium_coord_cnn_none,shaped_v2_pruned_shots_random_medium_coord_cnn_seed42_ppo_shaped_v2_1,shaped_v2,pruned_shots,random_medium,coord_cnn,none,42,55296,0.18000000715255737,1791252951.7819202,shaped_v2_pruned_shots_random_medium_coord_cnn_seed42_ppo_shaped_v2_1.csv
shaped_v2_pruned_shots_random_medium_coord_cnn_none,shaped_v2_pruned_shots_random_medium_coord_cnn_seed42_ppo_shaped_v2_1,shaped_v2,pruned_shots,random_medium,coord_cnn,none,42,60416,0.18000000715255737,1791252962.8665445,shaped_v2_pruned_shots_random_medium_coord_cnn_seed42_ppo_shaped_v2_1.csv
shaped_v2_pruned_shots_random_medium_coord_cnn_none,shaped_v2_pruned_shots_random_medium_coord_cnn_seed42_ppo_shaped_v2_1,shaped_v2,pruned_shots,random_medium,coord_cnn,none,42,65536,0.23999999463558197,1791252973.8501952,shaped_v2_pruned_shots_random_medium_coord_cnn_seed42_ppo_shaped_v2_1.csv
shaped_v2_pruned_shots_random_medium_coord_cnn_none,shaped_v2_pruned_shots_random_medium_coord_cnn_seed42_ppo_shaped_v2_1,shaped_v2,pruned_shots,random_medium,coord_cnn,none,42,70656,0.33000001311302185,1791252996.1768816,shaped_v2_pruned_shots_random_medium_coord_cnn_seed42_ppo_shaped_v2_1.csv
shaped_v2_pruned_shots_random_medium_coord_cnn_none,shaped_v2_pruned_shots_random_medium_coord_cnn_seed42_ppo_shaped_v2_1,shaped_v2,pruned_shots,random_medium,coord_cnn,none,42,75776,0.30000001192092896,1791253007.3586466,shaped_v2_pruned_shots_random_medium_coord_cnn_seed42_ppo_shaped_v2_1.csv
shaped_v2_pruned_shots_random_medium_coord_cnn_none,shaped_v2_pruned_shots_random_medium_coord_cnn_seed42_ppo_shaped_v2_1,shaped_v2,pruned_shots,random_medium,coord_cnn,none,42,80896,0.3100000023841858,1791253018.2384956,shaped_v2_pruned_shots_random_medium_coord_cnn_seed42_ppo_shaped_v2_1.csv
shaped_v2_pruned_shots_random_medium_coord_cnn_none,shaped_v2_pruned_shots_random_medium_coord_cnn_seed42_ppo_shaped_v2_1,shaped_v2,pruned_shots,random_medium,coord_cnn,none,42,86016,0.25,1791253029.324793,shaped_v2_pruned_shots_random_medium_coord_cnn_seed42_ppo_shaped_v2_1.csv
shaped_v2_pruned_shots_random_medium_coord_cnn_none,shaped_v2_pruned_shots_random_medium_coord_cnn_seed42_ppo_shaped_v2_1,shaped_v2,pruned_shots,random_medium,coord_cnn,none,42,90112,0.28999999165534973,1791253038.3391995,shaped_v2_pruned_shots_random_medium_coord_cnn_seed42_ppo_shaped_v2_1.csv
shaped_v2_pruned_shots_random_medium_coord_cnn_none,shaped_v2_pruned_shots_random_medium_coord_cnn_seed42_ppo_shaped_v2_1,shaped_v2,pruned_shots,random_medium,coord_cnn,none,42,95232,0.27000001072883606,1791253049.5442312,shaped_v2_pruned_shots_random_medium_coord_cnn_seed42_ppo_shaped_v2_1.csv
shaped_v2_pruned_shots_random_medium_coord_cnn_none,shaped_v2_pruned_shots_random_medium_coord_cnn_seed42_ppo_shaped_v2_1,shaped_v2,pruned_shots,random_medium,coord_cnn,none,42,100352,0.2199999988079071,1791253061.5079873,shaped_v2_pruned_shots_random_medium_coord_cnn_seed42_ppo_shaped_v2_1.csv
shaped_v2_pruned_shots_random_medium_coord_cnn_none,shaped_v2_pruned_shots_random_medium_coord_cnn_seed42_ppo_shaped_v2_1,shaped_v2,pruned_shots,random_medium,coord_cnn,none,42,105472,0.25999999046325684,1791253073.0422134,shaped_v2_pruned_shots_random_medium_coord_cnn_seed42_ppo_shaped_v2_1.csv
shaped_v2_pruned_shots_random_medium_coord_cnn_none,shaped_v2_pruned_shots_random_medium_coord_cnn_seed42_ppo_shaped_v2_1,shaped_v2,pruned_shots,random_medium,coord_cnn,none,42,110592,0.28999999165534973,1791253084.2081757,shaped_v2_pruned_shots_random_medium_coord_cnn_seed42_ppo_shaped_v2_1.csv
shaped_v2_pruned_shots_random_medium_coord_cnn_none,shaped_v2_pruned_shots_random_medium_coord_cnn_seed42_ppo_shaped_v2_1,shaped_v2,pruned_shots,random_medium,coord_cnn,none,42,115712,0.36000001430511475,1791253106.3911412,shaped_v2_pruned_shots_random_medium_coord_cnn_seed42_ppo_shaped_v2_1.csv
shaped_v2_pruned_shots_random_medium_coord_cnn_none,shaped_v2_pruned_shots_random_medium_coord_cnn_seed42_ppo_shaped_v2_1,shaped_v2,pruned_shots,random_medium,coord_cnn,none,42,120832,0.3400000035762787,1791253117.5506735,shaped_v2_pruned_shots_random_medium_coord_cnn_seed42_ppo_shaped_v2_1.csv
shaped_v2_pruned_shots_random_medium_coord_cnn_none,shaped_v2_pruned_shots_random_medium_coord_cnn_seed42_ppo_shaped_v2_1,shaped_v2,pruned_shots,random_medium,coord_cnn,none,42,125952,0.2800000011920929,1791253128.7633233,shaped_v2_pruned_shots_random_medium_coord_cnn_seed42_ppo_shaped_v2_1.csv
shaped_v2_pruned_shots_random_medium_coord_cnn_none,shaped_v2_pruned_shots_random_medium_coord_cnn_seed42_ppo_shaped_v2_1,shaped_v2,pruned_shots,random_medium,coord_cnn,none,42,130048,0.27000001072883606,1791253137.7301545,shaped_v2_pruned_shots_random_medium_coord_cnn_seed42_ppo_shaped_v2_1.csv
shaped_v2_pruned_shots_random_medium_coord_cnn_none,shaped_v2_pruned_shots_random_medium_coord_cnn_seed42_ppo_shaped_v2_1,shaped_v2,pruned_shots,random_medium,coord_cnn,none,42,135168,0.2800000011920929,1791253148.8121994,shaped_v2_pruned_shots_random_medium_coord_cnn_seed42_ppo_shaped_v2_1.csv
shaped_v2_pruned_shots_random_medium_coord_cnn_none,shaped_v2_pruned_shots_random_medium_coord_cnn_seed42_ppo_shaped_v2_1,shaped_v2,pruned_shots,random_medium,coord_cnn,none,42,140288,0.2800000011920929,1791253160.0290716,shaped_v2_pruned_shots_random_medium_coord_cnn_seed42_ppo_shaped_v2_1.csv
shaped_v2_pruned_shots_random_medium_coord_cnn_none,shaped_v2_pruned_shots_random_medium_coord_cnn_seed42_ppo_shaped_v2_1,shaped_v2,pruned_shots,random_medium,coord_cnn,none,42,145408,0.3499999940395355,1791253170.9095623,shaped_v2_pruned_shots_random_medium_coord_cnn_seed42_ppo_shaped_v2_1.csv
shaped_v2_pruned_shots_random_medium_coord_cnn_none,shaped_v2_pruned_shots_random_medium_coord_cnn_seed42_ppo_shaped_v2_1,shaped_v2,pruned_shots,random_medium,coord_cnn,none,42,150528,0.25,1791253182.0772822,shaped_v2_pruned_shots_random_medium_coord_cnn_seed42_ppo_shaped_v2_1.csv
shaped_v2_pruned_shots_random_medium_coord_cnn_none,shaped_v2_pruned_shots_random_medium_coord_cnn_seed42_ppo_shaped_v2_1,shaped_v2,pruned_shots,random_medium,coord_cnn,none,42,155648,0.25,1791253193.4724932,shaped_v2_pruned_shots_random_medium_coord_cnn_seed42_ppo_shaped_v2_1.csv
shaped_v2_pruned_shots_random_medium_coord_cnn_none,shaped_v2_pruned_shots_random_medium_coord_cnn_seed42_ppo_shaped_v2_1,shaped_v2,pruned_shots,random_medium,coord_cnn,none,42,160768,0.3100000023841858,1791253205.1552243,shaped_v2_pruned_shots_random_medium_coord_cnn_seed42_ppo_shaped_v2_1.csv
shaped_v2_pruned_shots_random_medium_coord_cnn_none,shaped_v2_pruned_shots_random_medium_coord_cnn_seed42_ppo_shaped_v2_1,shaped_v2,pruned_shots,random_medium,coord_cnn,none,42,165888,0.27000001072883606,1791253216.287158,shaped_v2_pruned_shots_random_medium_coord_cnn_seed42_ppo_shaped_v2_1.csv
shaped_v2_pruned_shots_random_medium_coord_cnn_none,shaped_v2_pruned_shots_random_medium_coord_cnn_seed42_ppo_shaped_v2_1,shaped_v2,pruned_shots,random_medium,coord_cnn,none,42,171008,0.3700000047683716,1791253227.2846267,shaped_v2_pruned_shots_random_medium_coord_cnn_seed42_ppo_shaped_v2_1.csv
shaped_v2_pruned_shots_random_medium_coord_cnn_none,shaped_v2_pruned_shots_random_medium_coord_cnn_seed42_ppo_shaped_v2_1,shaped_v2,pruned_shots,random_medium,coord_cnn,none,42,175104,0.33000001311302185,1791253236.5268276,shaped_v2_pruned_shots_random_medium_coord_cnn_seed42_ppo_shaped_v2_1.csv
shaped_v2_pruned_shots_random_medium_coord_cnn_none,shaped_v2_pruned_shots_random_medium_coord_cnn_seed42_ppo_shaped_v2_1,shaped_v2,pruned_shots,random_medium,coord_cnn,none,42,180224,0.27000001072883606,1791253247.935107,shaped_v2_pruned_shots_random_medium_coord_cnn_seed42_ppo_shaped_v2_1.csv
shaped_v2_pruned_shots_random_medium_coord_cnn_none,shaped_v2_pruned_shots_random_medium_coord_cnn_seed42_ppo_shaped_v2_1,shaped_v2,pruned_shots,random_medium,coord_cnn,none,42,185344,0.25,1791253259.8497148,shaped_v2_pruned_shots_random_medium_coord_cnn_seed42_ppo_shaped_v2_1.csv
shaped_v2_pruned_shots_random_medium_coord_cnn_none,shaped_v2_pruned_shots_random_medium_coord_cnn_seed42_ppo_shaped_v2_1,shaped_v2,pruned_shots,random_medium,coord_cnn,none,42,190464,0.3100000023841858,1791253271.2322946,shaped_v2_pruned_shots_random_medium_coord_cnn_seed42_ppo_shaped_v2_1.csv
shaped_v2_pruned_shots_random_medium_coord_cnn_none,shaped_v2_pruned_shots_random_medium_coord_cnn_seed42_ppo_shaped_v2_1,shaped_v2,pruned_shots,random_medium,coord_cnn,none,42,195584,0.30000001192092896,1791253299.425341,shaped_v2_pruned_shots_random_medium_coord_cnn_seed42_ppo_shaped_v2_1.csv
shaped_v2_pruned_shots_random_medium_coord_cnn_none,shaped_v2_pruned_shots_random_medium_coord_cnn_seed42_ppo_shaped_v2_1,shaped_v2,pruned_shots,random_medium,coord_cnn,none,42,200704,0.3499999940395355,1791253310.5871794,shaped_v2_pruned_shots_random_medium_coord_cnn_seed42_ppo_shaped_v2_1.csv
shaped_v2_pruned_shots_random_medium_coord_cnn_none,shaped_v2_pruned_shots_random_medium_coord_cnn_seed42_ppo_shaped_v2_1,shaped_v2,pruned_shots,random_medium,coord_cnn,none,42,205824,0.20999999344348907,1791253322.4244807,shaped_v2_pruned_shots_random_medium_coord_cnn_seed42_ppo_shaped_v2_1.csv
shaped_v2_pruned_shots_random_medium_coord_cnn_none,shaped_v2_pruned_shots_random_medium_coord_cnn_seed42_ppo_shaped_v2_1,shaped_v2,pruned_shots,random_medium,coord_cnn,none,42,210944,0.36000001430511475,1791253338.9994836,shaped_v2_pruned_shots_random_medium_coord_cnn_seed42_ppo_shaped_v2_1.csv
shaped_v2_pruned_shots_random_medium_coord_cnn_none,shaped_v2_pruned_shots_random_medium_coord_cnn_seed42_ppo_shaped_v2_1,shaped_v2,pruned_shots,random_medium,coord_cnn,none,42,215040,0.25999999046325684,1791253348.4968197,shaped_v2_pruned_shots_random_medium_coord_cnn_seed42_ppo_shaped_v2_1.csv
shaped_v2_pruned_shots_random_medium_coord_cnn_none,shaped_v2_pruned_shots_random_medium_coord_cnn_seed42_ppo_shaped_v2_1,shaped_v2,pruned_shots,random_medium,coord_cnn,none,42,220160,0.3199999928474426,1791253359.769661,shaped_v2_pruned_shots_random_medium_coord_cnn_seed42_ppo_shaped_v2_1.csv
shaped_v2_pruned_shots_random_medium_coord_cnn_none,shaped_v2_pruned_shots_random_medium_coord_cnn_seed42_ppo_shaped_v2_1,shaped_v2,pruned_shots,random_medium,coord_cnn,none,42,225280,0.30000001192092896,1791253370.9300478,shaped_v2_pruned_shots_random_medium_coord_cnn_seed42_ppo_shaped_v2_1.csv
shaped_v2_pruned_shots_random_medium_coord_cnn_none,shaped_v2_pruned_shots_random_medium_coord_cnn_seed42_ppo_shaped_v2_1,shaped_v2,pruned_shots,random_medium,coord_cnn,none,42,230400,0.36000001430511475,1791253381.7824252,shaped_v2_pruned_shots_random_medium_coord_cnn_seed42_ppo_shaped_v2_1.csv
shaped_v2_pruned_shots_random_medium_coord_cnn_none,shaped_v2_pruned_shots_random_medium_coord_cnn_seed42_ppo_shaped_v2_1,shaped_v2,pruned_shots,random_medium,coord_cnn,none,42,235520,0.25999999046325684,1791253392.8909545,shaped_v2_pruned_shots_random_medium_coord_cnn_seed42_ppo_shaped_v2_1.csv
shaped_v2_pruned_shots_random_medium_coord_cnn_none,shaped_v2_pruned_shots_random_medium_coord_cnn_seed42_ppo_shaped_v2_1,shaped_v2,pruned_shots,random_medium,coord_cnn,none,42,240640,0.3100000023841858,1791253404.4200928,shaped_v2_pruned_shots_random_medium_coord_cnn_seed42_ppo_shaped_v2_1.csv
shaped_v2_pruned_shots_random_medium_coord_cnn_none,shaped_v2_pruned_shots_random_medium_coord_cnn_seed42_ppo_shaped_v2_1,shaped_v2,pruned_shots,random_medium,coord_cnn,none,42,245760,0.27000001072883606,1791253415.9034572,shaped_v2_pruned_shots_random_medium_coord_cnn_seed42_ppo_shaped_v2_1.csv
shaped_v2_pruned_shots_random_medium_coord_cnn_none,shaped_v2_pruned_shots_random_medium_coord_cnn_seed42_ppo_shaped_v2_1,shaped_v2,pruned_shots,random_medium,coord_cnn,none,42,250880,0.3400000035762787,1791253428.5993702,shaped_v2_pruned_shots_random_medium_coord_cnn_seed42_ppo_shaped_v2_1.csv
shaped_v2_pruned_shots_random_medium_coord_cnn_none,shaped_v2_pruned_shots_random_medium_coord_cnn_seed42_ppo_shaped_v2_1,shaped_v2,pruned_shots,random_medium,coord_cnn,none,42,256000,0.25999999046325684,1791253470.616106,shaped_v2_pruned_shots_random_medium_coord_cnn_seed42_ppo_shaped_v2_1.csv
shaped_v2_pruned_shots_random_medium_coord_cnn_none,shaped_v2_pruned_shots_random_medium_coord_cnn_seed42_ppo_shaped_v2_1,shaped_v2,pruned_shots,random_medium,coord_cnn,none,42,260096,0.3499999940395355,1791253504.8485534,shaped_v2_pruned_shots_random_medium_coord_cnn_seed42_ppo_shaped_v2_1.csv
shaped_v2_pruned_shots_random_medium_coord_cnn_none,shaped_v2_pruned_shots_random_medium_coord_cnn_seed42_ppo_shaped_v2_1,shaped_v2,pruned_shots,random_medium,coord_cnn,none,42,265216,0.3499999940395355,1791253547.214769,shaped_v2_pruned_shots_random_medium_coord_cnn_seed42_ppo_shaped_v2_1.csv
shaped_v2_pruned_shots_random_medium_coord_cnn_none,shaped_v2_pruned_shots_random_medium_coord_cnn_seed42_ppo_shaped_v2_1,shaped_v2,pruned_shots,random_medium,coord_cnn,none,42,270336,0.33000001311302185,1791253564.1511557,shaped_v2_pruned_shots_random_medium_coord_cnn_seed42_ppo_shaped_v2_1.csv
shaped_v2_pruned_shots_random_medium_coord_cnn_none,shaped_v2_pruned_shots_random_medium_coord_cnn_seed42_ppo_shaped_v2_1,shaped_v2,pruned_shots,random_medium,coord_cnn,none,42,275456,0.3400000035762787,1791253575.349006,shaped_v2_pruned_shots_random_medium_coord_cnn_seed42_ppo_shaped_v2_1.csv
shaped_v2_pruned_shots_random_medium_coord_cnn_none,shaped_v2_pruned_shots_random_medium_coord_cnn_seed42_ppo_shaped_v2_1,shaped_v2,pruned_shots,random_medium,coord_cnn,none,42,280576,0.33000001311302185,1791253586.4531543,shaped_v2_pruned_shots_random_medium_coord_cnn_seed42_ppo_shaped_v2_1.csv
shaped_v2_pruned_shots_random_medium_coord_cnn_none,shaped_v2_pruned_shots_random_medium_coord_cnn_seed42_ppo_shaped_v2_1,shaped_v2,pruned_shots,random_medium,coord_cnn,none,42,285696,0.3400000035762787,1791253597.5339406,shaped_v2_pruned_shots_random_medium_coord_cnn_seed42_ppo_shaped_v2_1.csv
shaped_v2_pruned_shots_random_medium_coord_cnn_none,shaped_v2_pruned_shots_random_medium_coord_cnn_seed42_ppo_shaped_v2_1,shaped_v2,pruned_shots,random_medium,coord_cnn,none,42,290816,0.4000000059604645,1791253608.5669174,shaped_v2_pruned_shots_random_medium_coord_cnn_seed42_ppo_shaped_v2_1.csv
shaped_v2_pruned_shots_random_medium_coord_cnn_none,shaped_v2_pruned_shots_random_medium_coord_cnn_seed42_ppo_shaped_v2_1,shaped_v2,pruned_shots,random_medium,coord_cnn,none,42,295936,0.36000001430511475,1791253619.3198338,shaped_v2_pruned_shots_random_medium_coord_cnn_seed42_ppo_shaped_v2_1.csv
shaped_v2_pruned_shots_random_medium_coord_cnn_none,shaped_v2_pruned_shots_random_medium_coord_cnn_seed42_ppo_shaped_v2_1,shaped_v2,pruned_shots,random_medium,coord_cnn,none,42,300032,0.4099999964237213,1791253628.0228527,shaped_v2_pruned_shots_random_medium_coord_cnn_seed42_ppo_shaped_v2_1.csv
shaped_v2_pruned_shots_random_medium_flat_none,shaped_v2_pruned_shots_random_medium_flat_none_seed1_ppo_shaped_v2_1,shaped_v2,pruned_shots,random_medium,flat,none,1,5120,0.10000000149011612,1791268787.7488005,shaped_v2_pruned_shots_random_medium_flat_none_seed1_ppo_shaped_v2_1.csv
shaped_v2_pruned_shots_random_medium_flat_none,shaped_v2_pruned_shots_random_medium_flat_none_seed1_ppo_shaped_v2_1,shaped_v2,pruned_shots,random_medium,flat,none,1,10240,0.17000000178813934,1791268804.224697,shaped_v2_pruned_shots_random_medium_flat_none_seed1_ppo_shaped_v2_1.csv
shaped_v2_pruned_shots_random_medium_flat_none,shaped_v2_pruned_shots_random_medium_flat_none_seed1_ppo_shaped_v2_1,shaped_v2,pruned_shots,random_medium,flat,none,1,15360,0.2199999988079071,1791268820.5243242,shaped_v2_pruned_shots_random_medium_flat_none_seed1_ppo_shaped_v2_1.csv
shaped_v2_pruned_shots_random_medium_flat_none,shaped_v2_pruned_shots_random_medium_flat_none_seed1_ppo_shaped_v2_1,shaped_v2,pruned_shots,random_medium,flat,none,1,20480,0.25999999046325684,1791268833.6657166,shaped_v2_pruned_shots_random_medium_flat_none_seed1_ppo_shaped_v2_1.csv
shaped_v2_pruned_shots_random_medium_flat_none,shaped_v2_pruned_shots_random_medium_flat_none_seed1_ppo_shaped_v2_1,shaped_v2,pruned_shots,random_medium,flat,none,1,25600,0.2800000011920929,1791268840.914869,shaped_v2_pruned_shots_random_medium_flat_none_seed1_ppo_shaped_v2_1.csv
shaped_v2_pruned_shots_random_medium_flat_none,shaped_v2_pruned_shots_random_medium_flat_none_seed1_ppo_shaped_v2_1,shaped_v2,pruned_shots,random_medium,flat,none,1,30720,0.3100000023841858,1791268848.0285747,shaped_v2_pruned_shots_random_medium_flat_none_seed1_ppo_shaped_v2_1.csv
shaped_v2_pruned_shots_random_medium_flat_none,shaped_v2_pruned_shots_random_medium_flat_none_seed1_ppo_shaped_v2_1,shaped_v2,pruned_shots,random_medium,flat,none,1,35840,0.3199999928474426,1791268855.1810358,shaped_v2_pruned_shots_random_medium_flat_none_seed1_ppo_shaped_v2_1.csv
shaped_v2_pruned_shots_random_medium_flat_none,shaped_v2_pruned_shots_random_medium_flat_none_seed1_ppo_shaped_v2_1,shaped_v2,pruned_shots,random_medium,flat,none,1,40960,0.3199999928474426,1791268862.5367892,shaped_v2_pruned_shots_random_medium_flat_none_seed1_ppo_shaped_v2_1.csv
shaped_v2_pruned_shots_random_medium_flat_none,shaped_v2_pruned_shots_random_medium_flat_none_seed1_ppo_shaped_v2_1,shaped_v2,pruned_shots,random_medium,flat,none,1,45056,0.33000001311302185,1791268868.3854415,shaped_v2_pruned_shots_random_medium_flat_none_seed1_ppo_shaped_v2_1.csv
shaped_v2_pruned_shots_random_medium_flat_none,shaped_v2_pruned_shots_random_medium_flat_none_seed1_ppo_shaped_v2_1,shaped_v2,pruned_shots,random_medium,flat,none,1,50176,0.36000001430511475,1791268875.5962703,shaped_v2_pruned_shots_random_medium_flat_none_seed1_ppo_shaped_v2_1.csv
shaped_v2_pruned_shots_random_medium_flat_none,shaped_v2_pruned_shots_random_medium_flat_none_seed1_ppo_shaped_v2_1,shaped_v2,pruned_shots,random_medium,flat,none,1,55296,0.38999998569488525,1791268882.8447986,shaped_v2_pruned_shots_random_medium_flat_none_seed1_ppo_shaped_v2_1.csv
shaped_v2_pruned_shots_random_medium_flat_none,shaped_v2_pruned_shots_random_medium_flat_none_seed1_ppo_shaped_v2_1,shaped_v2,pruned_shots,random_medium,flat,none,1,60416,0.38999998569488525,1791268890.1322238,shaped_v2_pruned_shots_random_medium_flat_none_seed1_ppo_shaped_v2_1.csv
shaped_v2_pruned_shots_random_medium_flat_none,shaped_v2_pruned_shots_random_medium_flat_none_seed1_ppo_shaped_v2_1,shaped_v2,pruned_shots,random_medium,flat,none,1,65536,0.4399999976158142,1791268897.3927155,shaped_v2_pruned_shots_random_medium_flat_none_seed1_ppo_shaped_v2_1.csv
shaped_v2_pruned_shots_random_medium_flat_none,shaped_v2_pruned_shots_random_medium_flat_none_seed1_ppo_shaped_v2_1,shaped_v2,pruned_shots,random_medium,flat,none,1,70656,0.41999998688697815,1791268904.4841905,shaped_v2_pruned_shots_random_medium_flat_none_seed1_ppo_shaped_v2_1.csv
shaped_v2_pruned_shots_random_medium_flat_none,shaped_v2_pruned_shots_random_medium_flat_none_seed1_ppo_shaped_v2_1,shaped_v2,pruned_shots,random_medium,flat,none,1,75776,0.4000000059604645,1791268911.674241,shaped_v2_pruned_shots_random_medium_flat_none_seed1_ppo_shaped_v2_1.csv
shaped_v2_pruned_shots_random_medium_flat_none,shaped_v2_pruned_shots_random_medium_flat_none_seed1_ppo_shaped_v2_1,shaped_v2,pruned_shots,random_medium,flat,none,1,80896,0.4300000071525574,1791268918.949452,shaped_v2_pruned_shots_random_medium_flat_none_seed1_ppo_shaped_v2_1.csv
shaped_v2_pruned_shots_random_medium_flat_none,shaped_v2_pruned_shots_random_medium_flat_none_seed1_ppo_shaped_v2_1,shaped_v2,pruned_shots,random_medium,flat,none,1,86016,0.4399999976158142,1791268926.1280427,shaped_v2_pruned_shots_random_medium_flat_none_seed1_ppo_shaped_v2_1.csv
shaped_v2_pruned_shots_random_medium_flat_none,shaped_v2_pruned_shots_random_medium_flat_none_seed1_ppo_shaped_v2_1,shaped_v2,pruned_shots,random_medium,flat,none,1,90112,0.41999998688697815,1791268931.9668598,shaped_v2_pruned_shots_random_medium_flat_none_seed1_ppo_shaped_v2_1.csv
shaped_v2_pruned_shots_random_medium_flat_none,shaped_v2_pruned_shots_random_medium_flat_none_seed1_ppo_shaped_v2_1,shaped_v2,pruned_shots,random_medium,flat,none,1,95232,0.46000000834465027,1791268939.1727896,shaped_v2_pruned_shots_random_medium_flat_none_seed1_ppo_shaped_v2_1.csv
shaped_v2_pruned_shots_random_medium_flat_none,shaped_v2_pruned_shots_random_medium_flat_none_seed1_ppo_shaped_v2_1,shaped_v2,pruned_shots,random_medium,flat,none,1,100352,0.4399999976158142,1791268946.379136,shaped_v2_pruned_shots_random_medium_flat_none_seed1_ppo_shaped_v2_1.csv
shaped_v2_pruned_shots_random_medium_flat_none,shaped_v2_pruned_shots_random_medium_flat_none_seed1_ppo_shaped_v2_1,shaped_v2,pruned_shots,random_medium,flat,none,1,105472,0.4399999976158142,1791268953.5824404,shaped_v2_pruned_shots_random_medium_flat_none_seed1_ppo_shaped_v2_1.csv
shaped_v2_pruned_shots_random_medium_flat_none,shaped_v2_pruned_shots_random_medium_flat_none_seed1_ppo_shaped_v2_1,shaped_v2,pruned_shots,random_medium,flat,none,1,110592,0.4399999976158142,1791268960.8094485,shaped_v2_pruned_shots_random_medium_flat_none_seed1_ppo_shaped_v2_1.csv
shaped_v2_pruned_shots_random_medium_flat_none,shaped_v2_pruned_shots_random_medium_flat_none_seed1_ppo_shaped_v2_1,shaped_v2,pruned_shots,random_medium,flat,none,1,115712,0.4399999976158142,1791268968.0340264,shaped_v2_pruned_shots_random_medium_flat_none_seed1_ppo_shaped_v2_1.csv
shaped_v2_pruned_shots_random_medium_flat_none,shaped_v2_pruned_shots_random_medium_flat_none_seed1_ppo_shaped_v2_1,shaped_v2,pruned_shots,random_medium,flat,none,1,120832,0.44999998807907104,1791268975.176481,shaped_v2_pruned_shots_random_medium_flat_none_seed1_ppo_shaped_v2_1.csv
shaped_v2_pruned_shots_random_medium_flat_none,shaped_v2_pruned_shots_random_medium_flat_none_seed1_ppo_shaped_v2_1,shaped_v2,pruned_shots,random_medium,flat,none,1,125952,0.4699999988079071,1791268982.3308542,shaped_v2_pruned_shots_random_medium_flat_none_seed1_ppo_shaped_v2_1.csv
shaped_v2_pruned_shots_random_medium_flat_none,shaped_v2_pruned_shots_random_medium_flat_none_seed1_ppo_shaped_v2_1,shaped_v2,pruned_shots,random_medium,flat,none,1,130048,0.44999998807907104,1791268988.1315088,shaped_v2_pruned_shots_random_medium_flat_none_seed1_ppo_shaped_v2_1.csv
shaped_v2_pruned_shots_random_medium_flat_none,shaped_v2_pruned_shots_random_medium_flat_none_seed1_ppo_shaped_v2_1,shaped_v2,pruned_shots,random_medium,flat,none,1,135168,0.46000000834465027,1791268995.249591,shaped_v2_pruned_shots_random_medium_flat_none_seed1_ppo_shaped_v2_1.csv
shaped_v2_pruned_shots_random_medium_flat_none,shaped_v2_pruned_shots_random_medium_flat_none_seed1_ppo_shaped_v2_1,shaped_v2,pruned_shots,random_medium,flat,none,1,140288,0.41999998688697815,1791269002.527093,shaped_v2_pruned_shots_random_medium_flat_none_seed1_ppo_shaped_v2_1.csv
shaped_v2_pruned_shots_random_medium_flat_none,shaped_v2_pruned_shots_random_medium_flat_none_seed1_ppo_shaped_v2_1,shaped_v2,pruned_shots,random_medium,flat,none,1,145408,0.4000000059604645,1791269009.7710583,shaped_v2_pruned_shots_random_medium_flat_none_seed1_ppo_shaped_v2_1.csv
shaped_v2_pruned_shots_random_medium_flat_none,shaped_v2_pruned_shots_random_medium_flat_none_seed1_ppo_shaped_v2_1,shaped_v2,pruned_shots,random_medium,flat,none,1,150528,0.4399999976158142,1791269016.953054,shaped_v2_pruned_shots_random_medium_flat_none_seed1_ppo_shaped_v2_1.csv
shaped_v2_pruned_shots_random_medium_flat_none,shaped_v2_pruned_shots_random_medium_flat_none_seed1_ppo_shaped_v2_1,shaped_v2,pruned_shots,random_medium,flat,none,1,155648,0.4399999976158142,1791269024.0435164,shaped_v2_pruned_shots_random_medium_flat_none_seed1_ppo_shaped_v2_1.csv
shaped_v2_pruned_shots_random_medium_flat_none,shaped_v2_pruned_shots_random_medium_flat_none_seed1_ppo_shaped_v2_1,shaped_v2,pruned_shots,random_medium,flat,none,1,160768,0.4300000071525574,1791269031.096289,shaped_v2_pruned_shots_random_medium_flat_none_seed1_ppo_shaped_v2_1.csv
shaped_v2_pruned_shots_random_medium_flat_none,shaped_v2_pruned_shots_random_medium_flat_none_seed1_ppo_shaped_v2_1,shaped_v2,pruned_shots,random_medium,flat,none,1,165888,0.4000000059604645,1791269038.3426976,shaped_v2_pruned_shots_random_medium_flat_none_seed1_ppo_shaped_v2_1.csv
shaped_v2_pruned_shots_random_medium_flat_none,shaped_v2_pruned_shots_random_medium_flat_none_seed1_ppo_shaped_v2_1,shaped_v2,pruned_shots,random_medium,flat,none,1,171008,0.46000000834465027,1791269045.4930525,shaped_v2_pruned_shots_random_medium_flat_none_seed1_ppo_shaped_v2_1.csv
shaped_v2_pruned_shots_random_medium_flat_none,shaped_v2_pruned_shots_random_medium_flat_none_seed1_ppo_shaped_v2_1,shaped_v2,pruned_shots,random_medium,flat,none,1,175104,0.4300000071525574,1791269051.3110769,shaped_v2_pruned_shots_random_medium_flat_none_seed1_ppo_shaped_v2_1.csv
shaped_v2_pruned_shots_random_medium_flat_none,shaped_v2_pruned_shots_random_medium_flat_none_seed1_ppo_shaped_v2_1,shaped_v2,pruned_shots,random_medium,flat,none,1,180224,0.41999998688697815,1791269058.5357504,shaped_v2_pruned_shots_random_medium_flat_none_seed1_ppo_shaped_v2_1.csv
shaped_v2_pruned_shots_random_medium_flat_none,shaped_v2_pruned_shots_random_medium_flat_none_seed1_ppo_shaped_v2_1,shaped_v2,pruned_shots,random_medium,flat,none,1,185344,0.46000000834465027,1791269065.815957,shaped_v2_pruned_shots_random_medium_flat_none_seed1_ppo_shaped_v2_1.csv
shaped_v2_pruned_shots_random_medium_flat_none,shaped_v2_pruned_shots_random_medium_flat_none_seed1_ppo_shaped_v2_1,shaped_v2,pruned_shots,random_medium,flat,none,1,190464,0.4300000071525574,1791269073.2056754,shaped_v2_pruned_shots_random_medium_flat_none_seed1_ppo_shaped_v2_1.csv
shaped_v2_pruned_shots_random_medium_flat_none,shaped_v2_pruned_shots_random_medium_flat_none_seed1_ppo_shaped_v2_1,shaped_v2,pruned_shots,random_medium,flat,none,1,195584,0.4099999964237213,1791269080.4429207,shaped_v2_pruned_shots_random_medium_flat_none_seed1_ppo_shaped_v2_1.csv
shaped_v2_pruned_shots_random_medium_flat_none,shaped_v2_pruned_shots_random_medium_flat_none_seed1_ppo_shaped_v2_1,shaped_v2,pruned_shots,random_medium,flat,none,1,200704,0.47999998927116394,1791269087.6932163,shaped_v2_pruned_shots_random_medium_flat_none_seed1_ppo_shaped_v2_1.csv
shaped_v2_pruned_shots_random_medium_flat_none,shaped_v2_pruned_shots_random_medium_flat_none_seed1_ppo_shaped_v2_1,shaped_v2,pruned_shots,random_medium,flat,none,1,205824,0.47999998927116394,1791269094.9187737,shaped_v2_pruned_shots_random_medium_flat_none_seed1_ppo_shaped_v2_1.csv
shaped_v2_pruned_shots_random_medium_flat_none,shaped_v2_pruned_shots_random_medium_flat_none_seed1_ppo_shaped_v2_1,shaped_v2,pruned_shots,random_medium,flat,none,1,210944,0.49000000953674316,1791269102.1931338,shaped_v2_pruned_shots_random_medium_flat_none_seed1_ppo_shaped_v2_1.csv
shaped_v2_pruned_shots_random_medium_flat_none,shaped_v2_pruned_shots_random_medium_flat_none_seed1_ppo_shaped_v2_1,shaped_v2,pruned_shots,random_medium,flat,none,1,215040,0.44999998807907104,1791269108.1622782,shaped_v2_pruned_shots_random_medium_flat_none_seed1_ppo_shaped_v2_1.csv
shaped_v2_pruned_shots_random_medium_flat_none,shaped_v2_pruned_shots_random_medium_flat_none_seed1_ppo_shaped_v2_1,shaped_v2,pruned_shots,random_medium,flat,none,1,220160,0.5099999904632568,1791269115.4486167,shaped_v2_pruned_shots_random_medium_flat_none_seed1_ppo_shaped_v2_1.csv
shaped_v2_pruned_shots_random_medium_flat_none,shaped_v2_pruned_shots_random_medium_flat_none_seed1_ppo_shaped_v2_1,shaped_v2,pruned_shots,random_medium,flat,none,1,225280,0.5299999713897705,1791269122.6882658,shaped_v2_pruned_shots_random_medium_flat_none_seed1_ppo_shaped_v2_1.csv
shaped_v2_pruned_shots_random_medium_flat_none,shaped_v2_pruned_shots_random_medium_flat_none_seed1_ppo_shaped_v2_1,shaped_v2,pruned_shots,random_medium,flat,none,1,230400,0.5099999904632568,1791269129.9223945,shaped_v2_pruned_shots_random_medium_flat_none_seed1_ppo_shaped_v2_1.csv
shaped_v2_pruned_shots_random_medium_flat_none,shaped_v2_pruned_shots_random_medium_flat_none_seed1_ppo_shaped_v2_1,shaped_v2,pruned_shots,random_medium,flat,none,1,235520,0.4699999988079071,1791269137.1823647,shaped_v2_pruned_shots_random_medium_flat_none_seed1_ppo_shaped_v2_1.csv
shaped_v2_pruned_shots_random_medium_flat_none,shaped_v2_pruned_shots_random_medium_flat_none_seed1_ppo_shaped_v2_1,shaped_v2,pruned_shots,random_medium,flat,none,1,240640,0.5,1791269144.4685278,shaped_v2_pruned_shots_random_medium_flat_none_seed1_ppo_shaped_v2_1.csv
shaped_v2_pruned_shots_random_medium_flat_none,shaped_v2_pruned_shots_random_medium_flat_none_seed1_ppo_shaped_v2_1,shaped_v2,pruned_shots,random_medium,flat,none,1,245760,0.5299999713897705,1791269151.7245107,shaped_v2_pruned_shots_random_medium_flat_none_seed1_ppo_shaped_v2_1.csv
shaped_v2_pruned_shots_random_medium_flat_none,shaped_v2_pruned_shots_random_medium_flat_none_seed1_ppo_shaped_v2_1,shaped_v2,pruned_shots,random_medium,flat,none,1,250880,0.49000000953674316,1791269158.9587092,shaped_v2_pruned_shots_random_medium_flat_none_seed1_ppo_shaped_v2_1.csv
shaped_v2_pruned_shots_random_medium_flat_none,shaped_v2_pruned_shots_random_medium_flat_none_seed1_ppo_shaped_v2_1,shaped_v2,pruned_shots,random_medium,flat,none,1,256000,0.5199999809265137,1791269166.2072735,shaped_v2_pruned_shots_random_medium_flat_none_seed1_ppo_shaped_v2_1.csv
shaped_v2_pruned_shots_random_medium_flat_none,shaped_v2_pruned_shots_random_medium_flat_none_seed1_ppo_shaped_v2_1,shaped_v2,pruned_shots,random_medium,flat,none,1,260096,0.5299999713897705,1791269172.1036675,shaped_v2_pruned_shots_random_medium_flat_none_seed1_ppo_shaped_v2_1.csv
shaped_v2_pruned_shots_random_medium_flat_none,shaped_v2_pruned_shots_random_medium_flat_none_seed1_ppo_shaped_v2_1,shaped_v2,pruned_shots,random_medium,flat,none,1,265216,0.5,1791269179.4175847,shaped_v2_pruned_shots_random_medium_flat_none_seed1_ppo_shaped_v2_1.csv
shaped_v2_pruned_shots_random_medium_flat_none,shaped_v2_pruned_shots_random_medium_flat_none_seed1_ppo_shaped_v2_1,shaped_v2,pruned_shots,random_medium,flat,none,1,270336,0.44999998807907104,1791269186.6994371,shaped_v2_pruned_shots_random_medium_flat_none_seed1_ppo_shaped_v2_1.csv
shaped_v2_pruned_shots_random_medium_flat_none,shaped_v2_pruned_shots_random_medium_flat_none_seed1_ppo_shaped_v2_1,shaped_v2,pruned_shots,random_medium,flat,none,1,275456,0.5,1791269193.9236155,shaped_v2_pruned_shots_random_medium_flat_none_seed1_ppo_shaped_v2_1.csv
shaped_v2_pruned_shots_random_medium_flat_none,shaped_v2_pruned_shots_random_medium_flat_none_seed1_ppo_shaped_v2_1,shaped_v2,pruned_shots,random_medium,flat,none,1,280576,0.47999998927116394,1791269201.2590773,shaped_v2_pruned_shots_random_medium_flat_none_seed1_ppo_shaped_v2_1.csv
shaped_v2_pruned_shots_random_medium_flat_none,shaped_v2_pruned_shots_random_medium_flat_none_seed1_ppo_shaped_v2_1,shaped_v2,pruned_shots,random_medium,flat,none,1,285696,0.4699999988079071,1791269208.6684752,shaped_v2_pruned_shots_random_medium_flat_none_seed1_ppo_shaped_v2_1.csv
shaped_v2_pruned_shots_random_medium_flat_none,shaped_v2_pruned_shots_random_medium_flat_none_seed1_ppo_shaped_v2_1,shaped_v2,pruned_shots,random_medium,flat,none,1,290816,0.5199999809265137,1791269215.9629312,shaped_v2_pruned_shots_random_medium_flat_none_seed1_ppo_shaped_v2_1.csv
shaped_v2_pruned_shots_random_medium_flat_none,shaped_v2_pruned_shots_random_medium_flat_none_seed1_ppo_shaped_v2_1,shaped_v2,pruned_shots,random_medium,flat,none,1,295936,0.550000011920929,1791269223.3459375,shaped_v2_pruned_shots_random_medium_flat_none_seed1_ppo_shaped_v2_1.csv
shaped_v2_pruned_shots_random_medium_flat_none,shaped_v2_pruned_shots_random_medium_flat_none_seed1_ppo_shaped_v2_1,shaped_v2,pruned_shots,random_medium,flat,none,1,300032,0.550000011920929,1791269229.2711148,shaped_v2_pruned_shots_random_medium_flat_none_seed1_ppo_shaped_v2_1.csv
shaped_v2_pruned_shots_random_medium_flat_none,shaped_v2_pruned_shots_random_medium_flat_none_seed2_ppo_shaped_v2_1,shaped_v2,pruned_shots,random_medium,flat,none,2,5120,0.019999999552965164,1791269254.0341742,shaped_v2_pruned_shots_random_medium_flat_none_seed2_ppo_shaped_v2_1.csv
shaped_v2_pruned_shots_random_medium_flat_none,shaped_v2_pruned_shots_random_medium_flat_none_seed2_ppo_shaped_v2_1,shaped_v2,pruned_shots,random_medium,flat,none,2,10240,0.1899999976158142,1791269261.331742,shaped_v2_pruned_shots_random_medium_flat_none_seed2_ppo_shaped_v2_1.csv
shaped_v2_pruned_shots_random_medium_flat_none,shaped_v2_pruned_shots_random_medium_flat_none_seed2_ppo_shaped_v2_1,shaped_v2,pruned_shots,random_medium,flat,none,2,15360,0.20000000298023224,1791269268.5312173,shaped_v2_pruned_shots_random_medium_flat_none_seed2_ppo_shaped_v2_1.csv
shaped_v2_pruned_shots_random_medium_flat_none,shaped_v2_pruned_shots_random_medium_flat_none_seed2_ppo_shaped_v2_1,shaped_v2,pruned_shots,random_medium,flat,none,2,20480,0.25,1791269275.8070579,shaped_v2_pruned_shots_random_medium_flat_none_seed2_ppo_shaped_v2_1.csv
shaped_v2_pruned_shots_random_medium_flat_none,shaped_v2_pruned_shots_random_medium_flat_none_seed2_ppo_shaped_v2_1,shaped_v2,pruned_shots,random_medium,flat,none,2,25600,0.23000000417232513,1791269282.9638774,shaped_v2_pruned_shots_random_medium_flat_none_seed2_ppo_shaped_v2_1.csv
shaped_v2_pruned_shots_random_medium_flat_none,shaped_v2_pruned_shots_random_medium_flat_none_seed2_ppo_shaped_v2_1,shaped_v2,pruned_shots,random_medium,flat,none,2,30720,0.23999999463558197,1791269290.021824,shaped_v2_pruned_shots_random_medium_flat_none_seed2_ppo_shaped_v2_1.csv
shaped_v2_pruned_shots_random_medium_flat_none,shaped_v2_pruned_shots_random_medium_flat_none_seed2_ppo_shaped_v2_1,shaped_v2,pruned_shots,random_medium,flat,none,2,35840,0.2199999988079071,1791269297.1874738,shaped_v2_pruned_shots_random_medium_flat_none_seed2_ppo_shaped_v2_1.csv
shaped_v2_pruned_shots_random_medium_flat_none,shaped_v2_pruned_shots_random_medium_flat_none_seed2_ppo_shaped_v2_1,shaped_v2,pruned_shots,random_medium,flat,none,2,40960,0.25,1791269304.5297859,shaped_v2_pruned_shots_random_medium_flat_none_seed2_ppo_shaped_v2_1.csv
shaped_v2_pruned_shots_random_medium_flat_none,shaped_v2_pruned_shots_random_medium_flat_none_seed2_ppo_shaped_v2_1,shaped_v2,pruned_shots,random_medium,flat,none,2,45056,0.27000001072883606,1791269310.3600726,shaped_v2_pruned_shots_random_medium_flat_none_seed2_ppo_shaped_v2_1.csv
shaped_v2_pruned_shots_random_medium_flat_none,shaped_v2_pruned_shots_random_medium_flat_none_seed2_ppo_shaped_v2_1,shaped_v2,pruned_shots,random_medium,flat,none,2,50176,0.3400000035762787,1791269317.5278585,shaped_v2_pruned_shots_random_medium_flat_none_seed2_ppo_shaped_v2_1.csv
shaped_v2_pruned_shots_random_medium_flat_none,shaped_v2_pruned_shots_random_medium_flat_none_seed2_ppo_shaped_v2_1,shaped_v2,pruned_shots,random_medium,flat,none,2,55296,0.3400000035762787,1791269324.6554098,shaped_v2_pruned_shots_random_medium_flat_none_seed2_ppo_shaped_v2_1.csv
shaped_v2_pruned_shots_random_medium_flat_none,shaped_v2_pruned_shots_random_medium_flat_none_seed2_ppo_shaped_v2_1,shaped_v2,pruned_shots,random_medium,flat,none,2,60416,0.3400000035762787,1791269331.873343,shaped_v2_pruned_shots_random_medium_flat_none_seed2_ppo_shaped_v2_1.csv
shaped_v2_pruned_shots_random_medium_flat_none,shaped_v2_pruned_shots_random_medium_flat_none_seed2_ppo_shaped_v2_1,shaped_v2,pruned_shots,random_medium,flat,none,2,65536,0.3499999940395355,1791269339.0351417,shaped_v2_pruned_shots_random_medium_flat_none_seed2_ppo_shaped_v2_1.csv
shaped_v2_pruned_shots_random_medium_flat_none,shaped_v2_pruned_shots_random_medium_flat_none_seed2_ppo_shaped_v2_1,shaped_v2,pruned_shots,random_medium,flat,none,2,70656,0.3499999940395355,1791269346.188064,shaped_v2_pruned_shots_random_medium_flat_none_seed2_ppo_shaped_v2_1.csv
shaped_v2_pruned_shots_random_medium_flat_none,shaped_v2_pruned_shots_random_medium_flat_none_seed2_ppo_shaped_v2_1,shaped_v2,pruned_shots,random_medium,flat,none,2,75776,0.36000001430511475,1791269353.310178,shaped_v2_pruned_shots_random_medium_flat_none_seed2_ppo_shaped_v2_1.csv
shaped_v2_pruned_shots_random_medium_flat_none,shaped_v2_pruned_shots_random_medium_flat_none_seed2_ppo_shaped_v2_1,shaped_v2,pruned_shots,random_medium,flat,none,2,80896,0.3799999952316284,1791269360.5396702,shaped_v2_pruned_shots_random_medium_flat_none_seed2_ppo_shaped_v2_1.csv
shaped_v2_pruned_shots_random_medium_flat_none,shaped_v2_pruned_shots_random_medium_flat_none_seed2_ppo_shaped_v2_1,shaped_v2,pruned_shots,random_medium,flat,none,2,86016,0.4000000059604645,1791269367.681496,shaped_v2_pruned_shots_random_medium_flat_none_seed2_ppo_shaped_v2_1.csv
shaped_v2_pruned_shots_random_medium_flat_none,shaped_v2_pruned_shots_random_medium_flat_none_seed2_ppo_shaped_v2_1,shaped_v2,pruned_shots,random_medium,flat,none,2,90112,0.38999998569488525,1791269373.620506,shaped_v2_pruned_shots_random_medium_flat_none_seed2_ppo_shaped_v2_1.csv
shaped_v2_pruned_shots_random_medium_flat_none,shaped_v2_pruned_shots_random_medium_flat_none_seed2_ppo_shaped_v2_1,shaped_v2,pruned_shots,random_medium,flat,none,2,95232,0.4300000071525574,1791269380.7628014,shaped_v2_pruned_shots_random_medium_flat_none_seed2_ppo_shaped_v2_1.csv
shaped_v2_pruned_shots_random_medium_flat_none,shaped_v2_pruned_shots_random_medium_flat_none_seed2_ppo_shaped_v2_1,shaped_v2,pruned_shots,random_medium,flat,none,2,100352,0.44999998807907104,1791269387.817444,shaped_v2_pruned_shots_random_medium_flat_none_seed2_ppo_shaped_v2_1.csv
shaped_v2_pruned_shots_random_medium_flat_none,shaped_v2_pruned_shots_random_medium_flat_none_seed2_ppo_shaped_v2_1,shaped_v2,pruned_shots,random_medium,flat,none,2,105472,0.4399999976158142,1791269394.876772,shaped_v2_pruned_shots_random_medium_flat_none_seed2_ppo_shaped_v2_1.csv
shaped_v2_pruned_shots_random_medium_flat_none,shaped_v2_pruned_shots_random_medium_flat_none_seed2_ppo_shaped_v2_1,shaped_v2,pruned_shots,random_medium,flat,none,2,110592,0.46000000834465027,1791269401.9736805,shaped_v2_pruned_shots_random_medium_flat_none_seed2_ppo_shaped_v2_1.csv
shaped_v2_pruned_shots_random_medium_flat_none,shaped_v2_pruned_shots_random_medium_flat_none_seed2_ppo_shaped_v2_1,shaped_v2,pruned_shots,random_medium,flat,none,2,115712,0.4099999964237213,1791269409.1307006,shaped_v2_pruned_shots_random_medium_flat_none_seed2_ppo_shaped_v2_1.csv
shaped_v2_pruned_shots_random_medium_flat_none,shaped_v2_pruned_shots_random_medium_flat_none_seed2_ppo_shaped_v2_1,shaped_v2,pruned_shots,random_medium,flat,none,2,120832,0.41999998688697815,1791269416.3700442,shaped_v2_pruned_shots_random_medium_flat_none_seed2_ppo_shaped_v2_1.csv
shaped_v2_pruned_shots_random_medium_flat_none,shaped_v2_pruned_shots_random_medium_flat_none_seed2_ppo_shaped_v2_1,shaped_v2,pruned_shots,random_medium,flat,none,2,125952,0.4300000071525574,1791269423.4387689,shaped_v2_pruned_shots_random_medium_flat_none_seed2_ppo_shaped_v2_1.csv
shaped_v2_pruned_shots_random_medium_flat_none,shaped_v2_pruned_shots_random_medium_flat_none_seed2_ppo_shaped_v2_1,shaped_v2,pruned_shots,random_medium,flat,none,2,130048,0.4399999976158142,1791269429.194944,shaped_v2_pruned_shots_random_medium_flat_none_seed2_ppo_shaped_v2_1.csv
shaped_v2_pruned_shots_random_medium_flat_none,shaped_v2_pruned_shots_random_medium_flat_none_seed2_ppo_shaped_v2_1,shaped_v2,pruned_shots,random_medium,flat,none,2,135168,0.4399999976158142,1791269436.2046003,shaped_v2_pruned_shots_random_medium_flat_none_seed2_ppo_shaped_v2_1.csv
shaped_v2_pruned_shots_random_medium_flat_none,shaped_v2_pruned_shots_random_medium_flat_none_seed2_ppo_shaped_v2_1,shaped_v2,pruned_shots,random_medium,flat,none,2,140288,0.4699999988079071,1791269443.3153753,shaped_v2_pruned_shots_random_medium_flat_none_seed2_ppo_shaped_v2_1.csv
shaped_v2_pruned_shots_random_medium_flat_none,shaped_v2_pruned_shots_random_medium_flat_none_seed2_ppo_shaped_v2_1,shaped_v2,pruned_shots,random_medium,flat,none,2,145408,0.5,1791269450.387799,shaped_v2_pruned_shots_random_medium_flat_none_seed2_ppo_shaped_v2_1.csv
shaped_v2_pruned_shots_random_medium_flat_none,shaped_v2_pruned_shots_random_medium_flat_none_seed2_ppo_shaped_v2_1,shaped_v2,pruned_shots,random_medium,flat,none,2,150528,0.4699999988079071,1791269457.4599485,shaped_v2_pruned_shots_random_medium_flat_none_seed2_ppo_shaped_v2_1.csv
shaped_v2_pruned_shots_random_medium_flat_none,shaped_v2_pruned_shots_random_medium_flat_none_seed2_ppo_shaped_v2_1,shaped_v2,pruned_shots,random_medium,flat,none,2,155648,0.4699999988079071,1791269464.476451,shaped_v2_pruned_shots_random_medium_flat_none_seed2_ppo_shaped_v2_1.csv
shaped_v2_pruned_shots_random_medium_flat_none,shaped_v2_pruned_shots_random_medium_flat_none_seed2_ppo_shaped_v2_1,shaped_v2,pruned_shots,random_medium,flat,none,2,160768,0.46000000834465027,1791269471.580711,shaped_v2_pruned_shots_random_medium_flat_none_seed2_ppo_shaped_v2_1.csv
shaped_v2_pruned_shots_random_medium_flat_none,shaped_v2_pruned_shots_random_medium_flat_none_seed2_ppo_shaped_v2_1,shaped_v2,pruned_shots,random_medium,flat,none,2,165888,0.4300000071525574,1791269478.7024348,shaped_v2_pruned_shots_random_medium_flat_none_seed2_ppo_shaped_v2_1.csv
shaped_v2_pruned_shots_random_medium_flat_none,shaped_v2_pruned_shots_random_medium_flat_none_seed2_ppo_shaped_v2_1,shaped_v2,pruned_shots,random_medium,flat,none,2,171008,0.4000000059604645,1791269485.96317,shaped_v2_pruned_shots_random_medium_flat_none_seed2_ppo_shaped_v2_1.csv
shaped_v2_pruned_shots_random_medium_flat_none,shaped_v2_pruned_shots_random_medium_flat_none_seed2_ppo_shaped_v2_1,shaped_v2,pruned_shots,random_medium,flat,none,2,175104,0.4699999988079071,1791269491.8957596,shaped_v2_pruned_shots_random_medium_flat_none_seed2_ppo_shaped_v2_1.csv
shaped_v2_pruned_shots_random_medium_flat_none,shaped_v2_pruned_shots_random_medium_flat_none_seed2_ppo_shaped_v2_1,shaped_v2,pruned_shots,random_medium,flat,none,2,180224,0.41999998688697815,1791269499.2591398,shaped_v2_pruned_shots_random_medium_flat_none_seed2_ppo_shaped_v2_1.csv
shaped_v2_pruned_shots_random_medium_flat_none,shaped_v2_pruned_shots_random_medium_flat_none_seed2_ppo_shaped_v2_1,shaped_v2,pruned_shots,random_medium,flat,none,2,185344,0.47999998927116394,1791269506.470293,shaped_v2_pruned_shots_random_medium_flat_none_seed2_ppo_shaped_v2_1.csv
shaped_v2_pruned_shots_random_medium_flat_none,shaped_v2_pruned_shots_random_medium_flat_none_seed2_ppo_shaped_v2_1,shaped_v2,pruned_shots,random_medium,flat,none,2,190464,0.4399999976158142,1791269513.7256162,shaped_v2_pruned_shots_random_medium_flat_none_seed2_ppo_shaped_v2_1.csv
shaped_v2_pruned_shots_random_medium_flat_none,shaped_v2_pruned_shots_random_medium_flat_none_seed2_ppo_shaped_v2_1,shaped_v2,pruned_shots,random_medium,flat,none,2,195584,0.4399999976158142,1791269520.8191752,shaped_v2_pruned_shots_random_medium_flat_none_seed2_ppo_shaped_v2_1.csv
shaped_v2_pruned_shots_random_medium_flat_none,shaped_v2_pruned_shots_random_medium_flat_none_seed2_ppo_shaped_v2_1,shaped_v2,pruned_shots,random_medium,flat,none,2,200704,0.4399999976158142,1791269527.9583342,shaped_v2_pruned_shots_random_medium_flat_none_seed2_ppo_shaped_v2_1.csv
shaped_v2_pruned_shots_random_medium_flat_none,shaped_v2_pruned_shots_random_medium_flat_none_seed2_ppo_shaped_v2_1,shaped_v2,pruned_shots,random_medium,flat,none,2,205824,0.41999998688697815,1791269535.113227,shaped_v2_pruned_shots_random_medium_flat_none_seed2_ppo_shaped_v2_1.csv
shaped_v2_pruned_shots_random_medium_flat_none,shaped_v2_pruned_shots_random_medium_flat_none_seed2_ppo_shaped_v2_1,shaped_v2,pruned_shots,random_medium,flat,none,2,210944,0.4399999976158142,1791269542.2429028,shaped_v2_pruned_shots_random_medium_flat_none_seed2_ppo_shaped_v2_1.csv
shaped_v2_pruned_shots_random_medium_flat_none,shaped_v2_pruned_shots_random_medium_flat_none_seed2_ppo_shaped_v2_1,shaped_v2,pruned_shots,random_medium,flat,none,2,215040,0.4300000071525574,1791269548.0008352,shaped_v2_pruned_shots_random_medium_flat_none_seed2_ppo_shaped_v2_1.csv
shaped_v2_pruned_shots_random_medium_flat_none,shaped_v2_pruned_shots_random_medium_flat_none_seed2_ppo_shaped_v2_1,shaped_v2,pruned_shots,random_medium,flat,none,2,220160,0.4099999964237213,1791269555.1469312,shaped_v2_pruned_shots_random_medium_flat_none_seed2_ppo_shaped_v2_1.csv
shaped_v2_pruned_shots_random_medium_flat_none,shaped_v2_pruned_shots_random_medium_flat_none_seed2_ppo_shaped_v2_1,shaped_v2,pruned_shots,random_medium,flat,none,2,225280,0.4399999976158142,1791269562.3018095,shaped_v2_pruned_shots_random_medium_flat_none_seed2_ppo_shaped_v2_1.csv
shaped_v2_pruned_shots_random_medium_flat_none,shaped_v2_pruned_shots_random_medium_flat_none_seed2_ppo_shaped_v2_1,shaped_v2,pruned_shots,random_medium,flat,none,2,230400,0.49000000953674316,1791269569.5139048,shaped_v2_pruned_shots_random_medium_flat_none_seed2_ppo_shaped_v2_1.csv
shaped_v2_pruned_shots_random_medium_flat_none,shaped_v2_pruned_shots_random_medium_flat_none_seed2_ppo_shaped_v2_1,shaped_v2,pruned_shots,random_medium,flat,none,2,235520,0.5099999904632568,1791269576.7014894,shaped_v2_pruned_shots_random_medium_flat_none_seed2_ppo_shaped_v2_1.csv
shaped_v2_pruned_shots_random_medium_flat_none,shaped_v2_pruned_shots_random_medium_flat_none_seed2_ppo_shaped_v2_1,shaped_v2,pruned_shots,random_medium,flat,none,2,240640,0.5099999904632568,1791269583.8469555,shaped_v2_pruned_shots_random_medium_flat_none_seed2_ppo_shaped_v2_1.csv
shaped_v2_pruned_shots_random_medium_flat_none,shaped_v2_pruned_shots_random_medium_flat_none_seed2_ppo_shaped_v2_1,shaped_v2,pruned_shots,random_medium,flat,none,2,245760,0.44999998807907104,1791269591.0554414,shaped_v2_pruned_shots_random_medium_flat_none_seed2_ppo_shaped_v2_1.csv
shaped_v2_pruned_shots_random_medium_flat_none,shaped_v2_pruned_shots_random_medium_flat_none_seed2_ppo_shaped_v2_1,shaped_v2,pruned_shots,random_medium,flat,none,2,250880,0.47999998927116394,1791269598.2153692,shaped_v2_pruned_shots_random_medium_flat_none_seed2_ppo_shaped_v2_1.csv
shaped_v2_pruned_shots_random_medium_flat_none,shaped_v2_pruned_shots_random_medium_flat_none_seed2_ppo_shaped_v2_1,shaped_v2,pruned_shots,random_medium,flat,none,2,256000,0.46000000834465027,1791269605.407451,shaped_v2_pruned_shots_random_medium_flat_none_seed2_ppo_shaped_v2_1.csv
shaped_v2_pruned_shots_random_medium_flat_none,shaped_v2_pruned_shots_random_medium_flat_none_seed2_ppo_shaped_v2_1,shaped_v2,pruned_shots,random_medium,flat,none,2,260096,0.4699999988079071,1791269611.208878,shaped_v2_pruned_shots_random_medium_flat_none_seed2_ppo_shaped_v2_1.csv
shaped_v2_pruned_shots_random_medium_flat_none,shaped_v2_pruned_shots_random_medium_flat_none_seed2_ppo_shaped_v2_1,shaped_v2,pruned_shots,random_medium,flat,none,2,265216,0.4699999988079071,1791269618.376948,shaped_v2_pruned_shots_random_medium_flat_none_seed2_ppo_shaped_v2_1.csv
shaped_v2_pruned_shots_random_medium_flat_none,shaped_v2_pruned_shots_random_medium_flat_none_seed2_ppo_shaped_v2_1,shaped_v2,pruned_shots,random_medium,flat,none,2,270336,0.44999998807907104,1791269625.5659876,shaped_v2_pruned_shots_random_medium_flat_none_seed2_ppo_shaped_v2_1.csv
shaped_v2_pruned_shots_random_medium_flat_none,shaped_v2_pruned_shots_random_medium_flat_none_seed2_ppo_shaped_v2_1,shaped_v2,pruned_shots,random_medium,flat,none,2,275456,0.49000000953674316,1791269632.7370765,shaped_v2_pruned_shots_random_medium_flat_none_seed2_ppo_shaped_v2_1.csv
shaped_v2_pruned_shots_random_medium_flat_none,shaped_v2_pruned_shots_random_medium_flat_none_seed2_ppo_shaped_v2_1,shaped_v2,pruned_shots,random_medium,flat,none,2,280576,0.5299999713897705,1791269639.9276397,shaped_v2_pruned_shots_random_medium_flat_none_seed2_ppo_shaped_v2_1.csv
shaped_v2_pruned_shots_random_medium_flat_none,shaped_v2_pruned_shots_random_medium_flat_none_seed2_ppo_shaped_v2_1,shaped_v2,pruned_shots,random_medium,flat,none,2,285696,0.5199999809265137,1791269647.1107204,shaped_v2_pruned_shots_random_medium_flat_none_seed2_ppo_shaped_v2_1.csv
shaped_v2_pruned_shots_random_medium_flat_none,shaped_v2_pruned_shots_random_medium_flat_none_seed2_ppo_shaped_v2_1,shaped_v2,pruned_shots,random_medium,flat,none,2,290816,0.47999998927116394,1791269654.2494946,shaped_v2_pruned_shots_random_medium_flat_none_seed2_ppo_shaped_v2_1.csv
shaped_v2_pruned_shots_random_medium_flat_none,shaped_v2_pruned_shots_random_medium_flat_none_seed2_ppo_shaped_v2_1,shaped_v2,pruned_shots,random_medium,flat,none,2,295936,0.49000000953674316,1791269661.4308107,shaped_v2_pruned_shots_random_medium_flat_none_seed2_ppo_shaped_v2_1.csv
shaped_v2_pruned_shots_random_medium_flat_none,shaped_v2_pruned_shots_random_medium_flat_none_seed2_ppo_shaped_v2_1,shaped_v2,pruned_shots,random_medium,flat,none,2,300032,0.49000000953674316,1791269667.26762,shaped_v2_pruned_shots_random_medium_flat_none_seed2_ppo_shaped_v2_1.csv
shaped_v2_pruned_shots_random_medium_flat_none,shaped_v2_pruned_shots_random_medium_flat_none_seed3_ppo_shaped_v2_1,shaped_v2,pruned_shots,random_medium,flat,none,3,5120,0.15000000596046448,1791269734.3084748,shaped_v2_pruned_shots_random_medium_flat_none_seed3_ppo_shaped_v2_1.csv
shaped_v2_pruned_shots_random_medium_flat_none,shaped_v2_pruned_shots_random_medium_flat_none_seed3_ppo_shaped_v2_1,shaped_v2,pruned_shots,random_medium,flat,none,3,10240,0.10000000149011612,1791269741.328019,shaped_v2_pruned_shots_random_medium_flat_none_seed3_ppo_shaped_v2_1.csv
shaped_v2_pruned_shots_random_medium_flat_none,shaped_v2_pruned_shots_random_medium_flat_none_seed3_ppo_shaped_v2_1,shaped_v2,pruned_shots,random_medium,flat,none,3,15360,0.07999999821186066,1791269748.2909122,shaped_v2_pruned_shots_random_medium_flat_none_seed3_ppo_shaped_v2_1.csv
shaped_v2_pruned_shots_random_medium_flat_none,shaped_v2_pruned_shots_random_medium_flat_none_seed3_ppo_shaped_v2_1,shaped_v2,pruned_shots,random_medium,flat,none,3,20480,0.23000000417232513,1791269755.5343919,shaped_v2_pruned_shots_random_medium_flat_none_seed3_ppo_shaped_v2_1.csv
shaped_v2_pruned_shots_random_medium_flat_none,shaped_v2_pruned_shots_random_medium_flat_none_seed3_ppo_shaped_v2_1,shaped_v2,pruned_shots,random_medium,flat,none,3,25600,0.3100000023841858,1791269762.62043,shaped_v2_pruned_shots_random_medium_flat_none_seed3_ppo_shaped_v2_1.csv
shaped_v2_pruned_shots_random_medium_flat_none,shaped_v2_pruned_shots_random_medium_flat_none_seed3_ppo_shaped_v2_1,shaped_v2,pruned_shots,random_medium,flat,none,3,30720,0.3400000035762787,1791269769.683388,shaped_v2_pruned_shots_random_medium_flat_none_seed3_ppo_shaped_v2_1.csv
shaped_v2_pruned_shots_random_medium_flat_none,shaped_v2_pruned_shots_random_medium_flat_none_seed3_ppo_shaped_v2_1,shaped_v2,pruned_shots,random_medium,flat,none,3,35840,0.3700000047683716,1791269776.876553,shaped_v2_pruned_shots_random_medium_flat_none_seed3_ppo_shaped_v2_1.csv
shaped_v2_pruned_shots_random_medium_flat_none,shaped_v2_pruned_shots_random_medium_flat_none_seed3_ppo_shaped_v2_1,shaped_v2,pruned_shots,random_medium,flat,none,3,40960,0.3700000047683716,1791269784.028325,shaped_v2_pruned_shots_random_medium_flat_none_seed3_ppo_shaped_v2_1.csv
shaped_v2_pruned_shots_random_medium_flat_none,shaped_v2_pruned_shots_random_medium_flat_none_seed3_ppo_shaped_v2_1,shaped_v2,pruned_shots,random_medium,flat,none,3,45056,0.3799999952316284,1791269789.8374434,shaped_v2_pruned_shots_random_medium_flat_none_seed3_ppo_shaped_v2_1.csv
shaped_v2_pruned_shots_random_medium_flat_none,shaped_v2_pruned_shots_random_medium_flat_none_seed3_ppo_shaped_v2_1,shaped_v2,pruned_shots,random_medium,flat,none,3,50176,0.36000001430511475,1791269796.9200296,shaped_v2_pruned_shots_random_medium_flat_none_seed3_ppo_shaped_v2_1.csv
shaped_v2_pruned_shots_random_medium_flat_none,shaped_v2_pruned_shots_random_medium_flat_none_seed3_ppo_shaped_v2_1,shaped_v2,pruned_shots,random_medium,flat,none,3,55296,0.38999998569488525,1791269803.9660897,shaped_v2_pruned_shots_random_medium_flat_none_seed3_ppo_shaped_v2_1.csv
shaped_v2_pruned_shots_random_medium_flat_none,shaped_v2_pruned_shots_random_medium_flat_none_seed3_ppo_shaped_v2_1,shaped_v2,pruned_shots,random_medium,flat,none,3,60416,0.36000001430511475,1791269811.0552468,shaped_v2_pruned_shots_random_medium_flat_none_seed3_ppo_shaped_v2_1.csv
shaped_v2_pruned_shots_random_medium_flat_none,shaped_v2_pruned_shots_random_medium_flat_none_seed3_ppo_shaped_v2_1,shaped_v2,pruned_shots,random_medium,flat,none,3,65536,0.4099999964237213,1791269818.2212887,shaped_v2_pruned_shots_random_medium_flat_none_seed3_ppo_shaped_v2_1.csv
shaped_v2_pruned_shots_random_medium_flat_none,shaped_v2_pruned_shots_random_medium_flat_none_seed3_ppo_shaped_v2_1,shaped_v2,pruned_shots,random_medium,flat,none,3,70656,0.41999998688697815,1791269825.499079,shaped_v2_pruned_shots_random_medium_flat_none_seed3_ppo_shaped_v2_1.csv
shaped_v2_pruned_shots_random_medium_flat_none,shaped_v2_pruned_shots_random_medium_flat_none_seed3_ppo_shaped_v2_1,shaped_v2,pruned_shots,random_medium,flat,none,3,75776,0.4099999964237213,1791269832.5878632,shaped_v2_pruned_shots_random_medium_flat_none_seed3_ppo_shaped_v2_1.csv
shaped_v2_pruned_shots_random_medium_flat_none,shaped_v2_pruned_shots_random_medium_flat_none_seed3_ppo_shaped_v2_1,shaped_v2,pruned_shots,random_medium,flat,none,3,80896,0.4399999976158142,1791269839.8080833,shaped_v2_pruned_shots_random_medium_flat_none_seed3_ppo_shaped_v2_1.csv
shaped_v2_pruned_shots_random_medium_flat_none,shaped_v2_pruned_shots_random_medium_flat_none_seed3_ppo_shaped_v2_1,shaped_v2,pruned_shots,random_medium,flat,none,3,86016,0.41999998688697815,1791269847.1844923,shaped_v2_pruned_shots_random_medium_flat_none_seed3_ppo_shaped_v2_1.csv
shaped_v2_pruned_shots_random_medium_flat_none,shaped_v2_pruned_shots_random_medium_flat_none_seed3_ppo_shaped_v2_1,shaped_v2,pruned_shots,random_medium,flat,none,3,90112,0.4000000059604645,1791269853.203051,shaped_v2_pruned_shots_random_medium_flat_none_seed3_ppo_shaped_v2_1.csv
shaped_v2_pruned_shots_random_medium_flat_none,shaped_v2_pruned_shots_random_medium_flat_none_seed3_ppo_shaped_v2_1,shaped_v2,pruned_shots,random_medium,flat,none,3,95232,0.4399999976158142,1791269860.3387978,shaped_v2_pruned_shots_random_medium_flat_none_seed3_ppo_shaped_v2_1.csv
shaped_v2_pruned_shots_random_medium_flat_none,shaped_v2_pruned_shots_random_medium_flat_none_seed3_ppo_shaped_v2_1,shaped_v2,pruned_shots,random_medium,flat,none,3,100352,0.46000000834465027,1791269867.5452588,shaped_v2_pruned_shots_random_medium_flat_none_seed3_ppo_shaped_v2_1.csv
shaped_v2_pruned_shots_random_medium_flat_none,shaped_v2_pruned_shots_random_medium_flat_none_seed3_ppo_shaped_v2_1,shaped_v2,pruned_shots,random_medium,flat,none,3,105472,0.47999998927116394,1791269874.7623982,shaped_v2_pruned_shots_random_medium_flat_none_seed3_ppo_shaped_v2_1.csv
shaped_v2_pruned_shots_random_medium_flat_none,shaped_v2_pruned_shots_random_medium_flat_none_seed3_ppo_shaped_v2_1,shaped_v2,pruned_shots,random_medium,flat,none,3,110592,0.4699999988079071,1791269881.8333442,shaped_v2_pruned_shots_random_medium_flat_none_seed3_ppo_shaped_v2_1.csv
shaped_v2_pruned_shots_random_medium_flat_none,shaped_v2_pruned_shots_random_medium_flat_none_seed3_ppo_shaped_v2_1,shaped_v2,pruned_shots,random_medium,flat,none,3,115712,0.44999998807907104,1791269888.929217,shaped_v2_pruned_shots_random_medium_flat_none_seed3_ppo_shaped_v2_1.csv
shaped_v2_pruned_shots_random_medium_flat_none,shaped_v2_pruned_shots_random_medium_flat_none_seed3_ppo_shaped_v2_1,shaped_v2,pruned_shots,random_medium,flat,none,3,120832,0.5099999904632568,1791269895.9932597,shaped_v2_pruned_shots_random_medium_flat_none_seed3_ppo_shaped_v2_1.csv
shaped_v2_pruned_shots_random_medium_flat_none,shaped_v2_pruned_shots_random_medium_flat_none_seed3_ppo_shaped_v2_1,shaped_v2,pruned_shots,random_medium,flat,none,3,125952,0.4399999976158142,1791269903.0819206,shaped_v2_pruned_shots_random_medium_flat_none_seed3_ppo_shaped_v2_1.csv
shaped_v2_pruned_shots_random_medium_flat_none,shaped_v2_pruned_shots_random_medium_flat_none_seed3_ppo_shaped_v2_1,shaped_v2,pruned_shots,random_medium,flat,none,3,130048,0.5099999904632568,1791269908.8882864,shaped_v2_pruned_shots_random_medium_flat_none_seed3_ppo_shaped_v2_1.csv
shaped_v2_pruned_shots_random_medium_flat_none,shaped_v2_pruned_shots_random_medium_flat_none_seed3_ppo_shaped_v2_1,shaped_v2,pruned_shots,random_medium,flat,none,3,135168,0.5099999904632568,1791269915.9597194,shaped_v2_pruned_shots_random_medium_flat_none_seed3_ppo_shaped_v2_1.csv
shaped_v2_pruned_shots_random_medium_flat_none,shaped_v2_pruned_shots_random_medium_flat_none_seed3_ppo_shaped_v2_1,shaped_v2,pruned_shots,random_medium,flat,none,3,140288,0.4699999988079071,1791269923.0517998,shaped_v2_pruned_shots_random_medium_flat_none_seed3_ppo_shaped_v2_1.csv
shaped_v2_pruned_shots_random_medium_flat_none,shaped_v2_pruned_shots_random_medium_flat_none_seed3_ppo_shaped_v2_1,shaped_v2,pruned_shots,random_medium,flat,none,3,145408,0.47999998927116394,1791269930.2139494,shaped_v2_pruned_shots_random_medium_flat_none_seed3_ppo_shaped_v2_1.csv
shaped_v2_pruned_shots_random_medium_flat_none,shaped_v2_pruned_shots_random_medium_flat_none_seed3_ppo_shaped_v2_1,shaped_v2,pruned_shots,random_medium,flat,none,3,150528,0.5099999904632568,1791269937.4084904,shaped_v2_pruned_shots_random_medium_flat_none_seed3_ppo_shaped_v2_1.csv
shaped_v2_pruned_shots_random_medium_flat_none,shaped_v2_pruned_shots_random_medium_flat_none_seed3_ppo_shaped_v2_1,shaped_v2,pruned_shots,random_medium,flat,none,3,155648,0.49000000953674316,1791269944.5675144,shaped_v2_pruned_shots_random_medium_flat_none_seed3_ppo_shaped_v2_1.csv
shaped_v2_pruned_shots_random_medium_flat_none,shaped_v2_pruned_shots_random_medium_flat_none_seed3_ppo_shaped_v2_1,shaped_v2,pruned_shots,random_medium,flat,none,3,160768,0.5,1791269951.7063375,shaped_v2_pruned_shots_random_medium_flat_none_seed3_ppo_shaped_v2_1.csv
shaped_v2_pruned_shots_random_medium_flat_none,shaped_v2_pruned_shots_random_medium_flat_none_seed3_ppo_shaped_v2_1,shaped_v2,pruned_shots,random_medium,flat,none,3,165888,0.5299999713897705,1791269958.850716,shaped_v2_pruned_shots_random_medium_flat_none_seed3_ppo_shaped_v2_1.csv
shaped_v2_pruned_shots_random_medium_flat_none,shaped_v2_pruned_shots_random_medium_flat_none_seed3_ppo_shaped_v2_1,shaped_v2,pruned_shots,random_medium,flat,none,3,171008,0.5,1791269966.169106,shaped_v2_pruned_shots_random_medium_flat_none_seed3_ppo_shaped_v2_1.csv
shaped_v2_pruned_shots_random_medium_flat_none,shaped_v2_pruned_shots_random_medium_flat_none_seed3_ppo_shaped_v2_1,shaped_v2,pruned_shots,random_medium,flat,none,3,175104,0.5299999713897705,1791269972.121448,shaped_v2_pruned_shots_random_medium_flat_none_seed3_ppo_shaped_v2_1.csv
shaped_v2_pruned_shots_random_medium_flat_none,shaped_v2_pruned_shots_random_medium_flat_none_seed3_ppo_shaped_v2_1,shaped_v2,pruned_shots,random_medium,flat,none,3,180224,0.49000000953674316,1791269979.4454706,shaped_v2_pruned_shots_random_medium_flat_none_seed3_ppo_shaped_v2_1.csv
shaped_v2_pruned_shots_random_medium_flat_none,shaped_v2_pruned_shots_random_medium_flat_none_seed3_ppo_shaped_v2_1,shaped_v2,pruned_shots,random_medium,flat,none,3,185344,0.49000000953674316,1791269986.7448928,shaped_v2_pruned_shots_random_medium_flat_none_seed3_ppo_shaped_v2_1.csv
shaped_v2_pruned_shots_random_medium_flat_none,shaped_v2_pruned_shots_random_medium_flat_none_seed3_ppo_shaped_v2_1,shaped_v2,pruned_shots,random_medium,flat,none,3,190464,0.5099999904632568,1791269994.077447,shaped_v2_pruned_shots_random_medium_flat_none_seed3_ppo_shaped_v2_1.csv
shaped_v2_pruned_shots_random_medium_flat_none,shaped_v2_pruned_shots_random_medium_flat_none_seed3_ppo_shaped_v2_1,shaped_v2,pruned_shots,random_medium,flat,none,3,195584,0.47999998927116394,1791270001.4229333,shaped_v2_pruned_shots_random_medium_flat_none_seed3_ppo_shaped_v2_1.csv
shaped_v2_pruned_shots_random_medium_flat_none,shaped_v2_pruned_shots_random_medium_flat_none_seed3_ppo_shaped_v2_1,shaped_v2,pruned_shots,random_medium,flat,none,3,200704,0.49000000953674316,1791270008.7219334,shaped_v2_pruned_shots_random_medium_flat_none_seed3_ppo_shaped_v2_1.csv
shaped_v2_pruned_shots_random_medium_flat_none,shaped_v2_pruned_shots_random_medium_flat_none_seed3_ppo_shaped_v2_1,shaped_v2,pruned_shots,random_medium,flat,none,3,205824,0.49000000953674316,1791270016.0242455,shaped_v2_pruned_shots_random_medium_flat_none_seed3_ppo_shaped_v2_1.csv
shaped_v2_pruned_shots_random_medium_flat_none,shaped_v2_pruned_shots_random_medium_flat_none_seed3_ppo_shaped_v2_1,shaped_v2,pruned_shots,random_medium,flat,none,3,210944,0.5099999904632568,1791270023.3460996,shaped_v2_pruned_shots_random_medium_flat_none_seed3_ppo_shaped_v2_1.csv
shaped_v2_pruned_shots_random_medium_flat_none,shaped_v2_pruned_shots_random_medium_flat_none_seed3_ppo_shaped_v2_1,shaped_v2,pruned_shots,random_medium,flat,none,3,215040,0.5299999713897705,1791270029.393884,shaped_v2_pruned_shots_random_medium_flat_none_seed3_ppo_shaped_v2_1.csv
shaped_v2_pruned_shots_random_medium_flat_none,shaped_v2_pruned_shots_random_medium_flat_none_seed3_ppo_shaped_v2_1,shaped_v2,pruned_shots,random_medium,flat,none,3,220160,0.5299999713897705,1791270036.7992506,shaped_v2_pruned_shots_random_medium_flat_none_seed3_ppo_shaped_v2_1.csv
shaped_v2_pruned_shots_random_medium_flat_none,shaped_v2_pruned_shots_random_medium_flat_none_seed3_ppo_shaped_v2_1,shaped_v2,pruned_shots,random_medium,flat,none,3,225280,0.5,1791270044.1510825,shaped_v2_pruned_shots_random_medium_flat_none_seed3_ppo_shaped_v2_1.csv
shaped_v2_pruned_shots_random_medium_flat_none,shaped_v2_pruned_shots_random_medium_flat_none_seed3_ppo_shaped_v2_1,shaped_v2,pruned_shots,random_medium,flat,none,3,230400,0.5099999904632568,1791270051.4318743,shaped_v2_pruned_shots_random_medium_flat_none_seed3_ppo_shaped_v2_1.csv
shaped_v2_pruned_shots_random_medium_flat_none,shaped_v2_pruned_shots_random_medium_flat_none_seed3_ppo_shaped_v2_1,shaped_v2,pruned_shots,random_medium,flat,none,3,235520,0.5,1791270058.6645608,shaped_v2_pruned_shots_random_medium_flat_none_seed3_ppo_shaped_v2_1.csv
shaped_v2_pruned_shots_random_medium_flat_none,shaped_v2_pruned_shots_random_medium_flat_none_seed3_ppo_shaped_v2_1,shaped_v2,pruned_shots,random_medium,flat,none,3,240640,0.5699999928474426,1791270065.885326,shaped_v2_pruned_shots_random_medium_flat_none_seed3_ppo_shaped_v2_1.csv
shaped_v2_pruned_shots_random_medium_flat_none,shaped_v2_pruned_shots_random_medium_flat_none_seed3_ppo_shaped_v2_1,shaped_v2,pruned_shots,random_medium,flat,none,3,245760,0.6000000238418579,1791270073.1539674,shaped_v2_pruned_shots_random_medium_flat_none_seed3_ppo_shaped_v2_1.csv
shaped_v2_pruned_shots_random_medium_flat_none,shaped_v2_pruned_shots_random_medium_flat_none_seed3_ppo_shaped_v2_1,shaped_v2,pruned_shots,random_medium,flat,none,3,250880,0.5400000214576721,1791270080.4215474,shaped_v2_pruned_shots_random_medium_flat_none_seed3_ppo_shaped_v2_1.csv
shaped_v2_pruned_shots_random_medium_flat_none,shaped_v2_pruned_shots_random_medium_flat_none_seed3_ppo_shaped_v2_1,shaped_v2,pruned_shots,random_medium,flat,none,3,256000,0.5699999928474426,1791270087.6493769,shaped_v2_pruned_shots_random_medium_flat_none_seed3_ppo_shaped_v2_1.csv
shaped_v2_pruned_shots_random_medium_flat_none,shaped_v2_pruned_shots_random_medium_flat_none_seed3_ppo_shaped_v2_1,shaped_v2,pruned_shots,random_medium,flat,none,3,260096,0.5600000023841858,1791270093.4991722,shaped_v2_pruned_shots_random_medium_flat_none_seed3_ppo_shaped_v2_1.csv
shaped_v2_pruned_shots_random_medium_flat_none,shaped_v2_pruned_shots_random_medium_flat_none_seed3_ppo_shaped_v2_1,shaped_v2,pruned_shots,random_medium,flat,none,3,265216,0.5600000023841858,1791270100.7142627,shaped_v2_pruned_shots_random_medium_flat_none_seed3_ppo_shaped_v2_1.csv
shaped_v2_pruned_shots_random_medium_flat_none,shaped_v2_pruned_shots_random_medium_flat_none_seed3_ppo_shaped_v2_1,shaped_v2,pruned_shots,random_medium,flat,none,3,270336,0.5400000214576721,1791270107.900113,shaped_v2_pruned_shots_random_medium_flat_none_seed3_ppo_shaped_v2_1.csv
shaped_v2_pruned_shots_random_medium_flat_none,shaped_v2_pruned_shots_random_medium_flat_none_seed3_ppo_shaped_v2_1,shaped_v2,pruned_shots,random_medium,flat,none,3,275456,0.550000011920929,1791270115.0757432,shaped_v2_pruned_shots_random_medium_flat_none_seed3_ppo_shaped_v2_1.csv
shaped_v2_pruned_shots_random_medium_flat_none,shaped_v2_pruned_shots_random_medium_flat_none_seed3_ppo_shaped_v2_1,shaped_v2,pruned_shots,random_medium,flat,none,3,280576,0.5600000023841858,1791270122.2396014,shaped_v2_pruned_shots_random_medium_flat_none_seed3_ppo_shaped_v2_1.csv
shaped_v2_pruned_shots_random_medium_flat_none,shaped_v2_pruned_shots_random_medium_flat_none_seed3_ppo_shaped_v2_1,shaped_v2,pruned_shots,random_medium,flat,none,3,285696,0.5799999833106995,1791270129.5294673,shaped_v2_pruned_shots_random_medium_flat_none_seed3_ppo_shaped_v2_1.csv
shaped_v2_pruned_shots_random_medium_flat_none,shaped_v2_pruned_shots_random_medium_flat_none_seed3_ppo_shaped_v2_1,shaped_v2,pruned_shots,random_medium,flat,none,3,290816,0.5799999833106995,1791270136.710981,shaped_v2_pruned_shots_random_medium_flat_none_seed3_ppo_shaped_v2_1.csv
shaped_v2_pruned_shots_random_medium_flat_none,shaped_v2_pruned_shots_random_medium_flat_none_seed3_ppo_shaped_v2_1,shaped_v2,pruned_shots,random_medium,flat,none,3,295936,0.6000000238418579,1791270143.8163328,shaped_v2_pruned_shots_random_medium_flat_none_seed3_ppo_shaped_v2_1.csv
shaped_v2_pruned_shots_random_medium_flat_none,shaped_v2_pruned_shots_random_medium_flat_none_seed3_ppo_shaped_v2_1,shaped_v2,pruned_shots,random_medium,flat,none,3,300032,0.5899999737739563,1791270149.674051,shaped_v2_pruned_shots_random_medium_flat_none_seed3_ppo_shaped_v2_1.csv
shaped_v2_pruned_shots_random_medium_flat_relative_v1,shaped_v2_pruned_shots_random_medium_flat_relative_v1_seed42_relv1_300k_ppo_shaped_v2_1,shaped_v2,pruned_shots,random_medium,flat,relative_v1,42,5120,0.1599999964237213,1791264759.032852,shaped_v2_pruned_shots_random_medium_flat_relative_v1_seed42_relv1_300k_ppo_shaped_v2_1.csv
shaped_v2_pruned_shots_random_medium_flat_relative_v1,shaped_v2_pruned_shots_random_medium_flat_relative_v1_seed42_relv1_300k_ppo_shaped_v2_1,shaped_v2,pruned_shots,random_medium,flat,relative_v1,42,10240,0.2199999988079071,1791264776.8395941,shaped_v2_pruned_shots_random_medium_flat_relative_v1_seed42_relv1_300k_ppo_shaped_v2_1.csv
shaped_v2_pruned_shots_random_medium_flat_relative_v1,shaped_v2_pruned_shots_random_medium_flat_relative_v1_seed42_relv1_300k_ppo_shaped_v2_1,shaped_v2,pruned_shots,random_medium,flat,relative_v1,42,15360,0.20999999344348907,1791264786.8269668,shaped_v2_pruned_shots_random_medium_flat_relative_v1_seed42_relv1_300k_ppo_shaped_v2_1.csv
shaped_v2_pruned_shots_random_medium_flat_relative_v1,shaped_v2_pruned_shots_random_medium_flat_relative_v1_seed42_relv1_300k_ppo_shaped_v2_1,shaped_v2,pruned_shots,random_medium,flat,relative_v1,42,20480,0.25,1791264794.514105,shaped_v2_pruned_shots_random_medium_flat_relative_v1_seed42_relv1_300k_ppo_shaped_v2_1.csv
shaped_v2_pruned_shots_random_medium_flat_relative_v1,shaped_v2_pruned_shots_random_medium_flat_relative_v1_seed42_relv1_300k_ppo_shaped_v2_1,shaped_v2,pruned_shots,random_medium,flat,relative_v1,42,25600,0.23000000417232513,1791264802.2869973,shaped_v2_pruned_shots_random_medium_flat_relative_v1_seed42_relv1_300k_ppo_shaped_v2_1.csv
shaped_v2_pruned_shots_random_medium_flat_relative_v1,shaped_v2_pruned_shots_random_medium_flat_relative_v1_seed42_relv1_300k_ppo_shaped_v2_1,shaped_v2,pruned_shots,random_medium,flat,relative_v1,42,30720,0.28999999165534973,1791264810.1979134,shaped_v2_pruned_shots_random_medium_flat_relative_v1_seed42_relv1_300k_ppo_shaped_v2_1.csv
shaped_v2_pruned_shots_random_medium_flat_relative_v1,shaped_v2_pruned_shots_random_medium_flat_relative_v1_seed42_relv1_300k_ppo_shaped_v2_1,shaped_v2,pruned_shots,random_medium,flat,relative_v1,42,35840,0.30000001192092896,1791264818.1395776,shaped_v2_pruned_shots_random_medium_flat_relative_v1_seed42_relv1_300k_ppo_shaped_v2_1.csv
shaped_v2_pruned_shots_random_medium_flat_relative_v1,shaped_v2_pruned_shots_random_medium_flat_relative_v1_seed42_relv1_300k_ppo_shaped_v2_1,shaped_v2,pruned_shots,random_medium,flat,relative_v1,42,40960,0.3499999940395355,1791264825.908461,shaped_v2_pruned_shots_random_medium_flat_relative_v1_seed42_relv1_300k_ppo_shaped_v2_1.csv
shaped_v2_pruned_shots_random_medium_flat_relative_v1,shaped_v2_pruned_shots_random_medium_flat_relative_v1_seed42_relv1_300k_ppo_shaped_v2_1,shaped_v2,pruned_shots,random_medium,flat,relative_v1,42,45056,0.3100000023841858,1791264832.3156936,shaped_v2_pruned_shots_random_medium_flat_relative_v1_seed42_relv1_300k_ppo_shaped_v2_1.csv
shaped_v2_pruned_shots_random_medium_flat_relative_v1,shaped_v2_pruned_shots_random_medium_flat_relative_v1_seed42_relv1_300k_ppo_shaped_v2_1,shaped_v2,pruned_shots,random_medium,flat,relative_v1,42,50176,0.3100000023841858,1791264840.113126,shaped_v2_pruned_shots_random_medium_flat_relative_v1_seed42_relv1_300k_ppo_shaped_v2_1.csv
shaped_v2_pruned_shots_random_medium_flat_relative_v1,shaped_v2_pruned_shots_random_medium_flat_relative_v1_seed42_relv1_300k_ppo_shaped_v2_1,shaped_v2,pruned_shots,random_medium,flat,relative_v1,42,55296,0.3100000023841858,1791264847.8517766,shaped_v2_pruned_shots_random_medium_flat_relative_v1_seed42_relv1_300k_ppo_shaped_v2_1.csv
shaped_v2_pruned_shots_random_medium_flat_relative_v1,shaped_v2_pruned_shots_random_medium_flat_relative_v1_seed42_relv1_300k_ppo_shaped_v2_1,shaped_v2,pruned_shots,random_medium,flat,relative_v1,42,60416,0.3199999928474426,1791264855.5106795,shaped_v2_pruned_shots_random_medium_flat_relative_v1_seed42_relv1_300k_ppo_shaped_v2_1.csv
shaped_v2_pruned_shots_random_medium_flat_relative_v1,shaped_v2_pruned_shots_random_medium_flat_relative_v1_seed42_relv1_300k_ppo_shaped_v2_1,shaped_v2,pruned_shots,random_medium,flat,relative_v1,42,65536,0.3499999940395355,1791264863.1795733,shaped_v2_pruned_shots_random_medium_flat_relative_v1_seed42_relv1_300k_ppo_shaped_v2_1.csv
shaped_v2_pruned_shots_random_medium_flat_relative_v1,shaped_v2_pruned_shots_random_medium_flat_relative_v1_seed42_relv1_300k_ppo_shaped_v2_1,shaped_v2,pruned_shots,random_medium,flat,relative_v1,42,70656,0.4099999964237213,1791264870.9166303,shaped_v2_pruned_shots_random_medium_flat_relative_v1_seed42_relv1_300k_ppo_shaped_v2_1.csv
shaped_v2_pruned_shots_random_medium_flat_relative_v1,shaped_v2_pruned_shots_random_medium_flat_relative_v1_seed42_relv1_300k_ppo_shaped_v2_1,shaped_v2,pruned_shots,random_medium,flat,relative_v1,42,75776,0.4000000059604645,1791264878.754422,shaped_v2_pruned_shots_random_medium_flat_relative_v1_seed42_relv1_300k_ppo_shaped_v2_1.csv
shaped_v2_pruned_shots_random_medium_flat_relative_v1,shaped_v2_pruned_shots_random_medium_flat_relative_v1_seed42_relv1_300k_ppo_shaped_v2_1,shaped_v2,pruned_shots,random_medium,flat,relative_v1,42,80896,0.38999998569488525,1791264886.5678926,shaped_v2_pruned_shots_random_medium_flat_relative_v1_seed42_relv1_300k_ppo_shaped_v2_1.csv
shaped_v2_pruned_shots_random_medium_flat_relative_v1,shaped_v2_pruned_shots_random_medium_flat_relative_v1_seed42_relv1_300k_ppo_shaped_v2_1,shaped_v2,pruned_shots,random_medium,flat,relative_v1,42,86016,0.4099999964237213,1791264894.3527918,shaped_v2_pruned_shots_random_medium_flat_relative_v1_seed42_relv1_300k_ppo_shaped_v2_1.csv
shaped_v2_pruned_shots_random_medium_flat_relative_v1,shaped_v2_pruned_shots_random_medium_flat_relative_v1_seed42_relv1_300k_ppo_shaped_v2_1,shaped_v2,pruned_shots,random_medium,flat,relative_v1,42,90112,0.38999998569488525,1791264900.8128664,shaped_v2_pruned_shots_random_medium_flat_relative_v1_seed42_relv1_300k_ppo_shaped_v2_1.csv
shaped_v2_pruned_shots_random_medium_flat_relative_v1,shaped_v2_pruned_shots_random_medium_flat_relative_v1_seed42_relv1_300k_ppo_shaped_v2_1,shaped_v2,pruned_shots,random_medium,flat,relative_v1,42,95232,0.41999998688697815,1791264908.5119793,shaped_v2_pruned_shots_random_medium_flat_relative_v1_seed42_relv1_300k_ppo_shaped_v2_1.csv
shaped_v2_pruned_shots_random_medium_flat_relative_v1,shaped_v2_pruned_shots_random_medium_flat_relative_v1_seed42_relv1_300k_ppo_shaped_v2_1,shaped_v2,pruned_shots,random_medium,flat,relative_v1,42,100352,0.44999998807907104,1791264916.342975,shaped_v2_pruned_shots_random_medium_flat_relative_v1_seed42_relv1_300k_ppo_shaped_v2_1.csv
shaped_v2_pruned_shots_random_medium_flat_relative_v1,shaped_v2_pruned_shots_random_medium_flat_relative_v1_seed42_relv1_300k_ppo_shaped_v2_1,shaped_v2,pruned_shots,random_medium,flat,relative_v1,42,105472,0.41999998688697815,1791264924.0379312,shaped_v2_pruned_shots_random_medium_flat_relative_v1_seed42_relv1_300k_ppo_shaped_v2_1.csv
shaped_v2_pruned_shots_random_medium_flat_relative_v1,shaped_v2_pruned_shots_random_medium_flat_relative_v1_seed42_relv1_300k_ppo_shaped_v2_1,shaped_v2,pruned_shots,random_medium,flat,relative_v1,42,110592,0.4099999964237213,1791264931.878563,shaped_v2_pruned_shots_random_medium_flat_relative_v1_seed42_relv1_300k_ppo_shaped_v2_1.csv
shaped_v2_pruned_shots_random_medium_flat_relative_v1,shaped_v2_pruned_shots_random_medium_flat_relative_v1_seed42_relv1_300k_ppo_shaped_v2_1,shaped_v2,pruned_shots,random_medium,flat,relative_v1,42,115712,0.46000000834465027,1791264939.6708028,shaped_v2_pruned_shots_random_medium_flat_relative_v1_seed42_relv1_300k_ppo_shaped_v2_1.csv
shaped_v2_pruned_shots_random_medium_flat_relative_v1,shaped_v2_pruned_shots_random_medium_flat_relative_v1_seed42_relv1_300k_ppo_shaped_v2_1,shaped_v2,pruned_shots,random_medium,flat,relative_v1,42,120832,0.4699999988079071,1791264947.440274,shaped_v2_pruned_shots_random_medium_flat_relative_v1_seed42_relv1_300k_ppo_shaped_v2_1.csv
shaped_v2_pruned_shots_random_medium_flat_relative_v1,shaped_v2_pruned_shots_random_medium_flat_relative_v1_seed42_relv1_300k_ppo_shaped_v2_1,shaped_v2,pruned_shots,random_medium,flat,relative_v1,42,125952,0.47999998927116394,1791264955.27833,shaped_v2_pruned_shots_random_medium_flat_relative_v1_seed42_relv1_300k_ppo_shaped_v2_1.csv
shaped_v2_pruned_shots_random_medium_flat_relative_v1,shaped_v2_pruned_shots_random_medium_flat_relative_v1_seed42_relv1_300k_ppo_shaped_v2_1,shaped_v2,pruned_shots,random_medium,flat,relative_v1,42,130048,0.47999998927116394,1791264961.5210204,shaped_v2_pruned_shots_random_medium_flat_relative_v1_seed42_relv1_300k_ppo_shaped_v2_1.csv
shaped_v2_pruned_shots_random_medium_flat_relative_v1,shaped_v2_pruned_shots_random_medium_flat_relative_v1_seed42_relv1_300k_ppo_shaped_v2_1,shaped_v2,pruned_shots,random_medium,flat,relative_v1,42,135168,0.5,1791264969.2481778,shaped_v2_pruned_shots_random_medium_flat_relative_v1_seed42_relv1_300k_ppo_shaped_v2_1.csv
shaped_v2_pruned_shots_random_medium_flat_relative_v1,shaped_v2_pruned_shots_random_medium_flat_relative_v1_seed42_relv1_300k_ppo_shaped_v2_1,shaped_v2,pruned_shots,random_medium,flat,relative_v1,42,140288,0.5,1791264977.03519,shaped_v2_pruned_shots_random_medium_flat_relative_v1_seed42_relv1_300k_ppo_shaped_v2_1.csv
shaped_v2_pruned_shots_random_medium_flat_relative_v1,shaped_v2_pruned_shots_random_medium_flat_relative_v1_seed42_relv1_300k_ppo_shaped_v2_1,shaped_v2,pruned_shots,random_medium,flat,relative_v1,42,145408,0.4699999988079071,1791264984.935716,shaped_v2_pruned_shots_random_medium_flat_relative_v1_seed42_relv1_300k_ppo_shaped_v2_1.csv
shaped_v2_pruned_shots_random_medium_flat_relative_v1,shaped_v2_pruned_shots_random_medium_flat_relative_v1_seed42_relv1_300k_ppo_shaped_v2_1,shaped_v2,pruned_shots,random_medium,flat,relative_v1,42,150528,0.5299999713897705,1791264992.7690823,shaped_v2_pruned_shots_random_medium_flat_relative_v1_seed42_relv1_300k_ppo_shaped_v2_1.csv
shaped_v2_pruned_shots_random_medium_flat_relative_v1,shaped_v2_pruned_shots_random_medium_flat_relative_v1_seed42_relv1_300k_ppo_shaped_v2_1,shaped_v2,pruned_shots,random_medium,flat,relative_v1,42,155648,0.5,1791265000.5201104,shaped_v2_pruned_shots_random_medium_flat_relative_v1_seed42_relv1_300k_ppo_shaped_v2_1.csv
shaped_v2_pruned_shots_random_medium_flat_relative_v1,shaped_v2_pruned_shots_random_medium_flat_relative_v1_seed42_relv1_300k_ppo_shaped_v2_1,shaped_v2,pruned_shots,random_medium,flat,relative_v1,42,160768,0.46000000834465027,1791265008.2510643,shaped_v2_pruned_shots_random_medium_flat_relative_v1_seed42_relv1_300k_ppo_shaped_v2_1.csv
shaped_v2_pruned_shots_random_medium_flat_relative_v1,shaped_v2_pruned_shots_random_medium_flat_relative_v1_seed42_relv1_300k_ppo_shaped_v2_1,shaped_v2,pruned_shots,random_medium,flat,relative_v1,42,165888,0.5,1791265016.0288239,shaped_v2_pruned_shots_random_medium_flat_relative_v1_seed42_relv1_300k_ppo_shaped_v2_1.csv
shaped_v2_pruned_shots_random_medium_flat_relative_v1,shaped_v2_pruned_shots_random_medium_flat_relative_v1_seed42_relv1_300k_ppo_shaped_v2_1,shaped_v2,pruned_shots,random_medium,flat,relative_v1,42,171008,0.5,1791265023.9315228,shaped_v2_pruned_shots_random_medium_flat_relative_v1_seed42_relv1_300k_ppo_shaped_v2_1.csv
shaped_v2_pruned_shots_random_medium_flat_relative_v1,shaped_v2_pruned_shots_random_medium_flat_relative_v1_seed42_relv1_300k_ppo_shaped_v2_1,shaped_v2,pruned_shots,random_medium,flat,relative_v1,42,175104,0.5099999904632568,1791265030.3294737,shaped_v2_pruned_shots_random_medium_flat_relative_v1_seed42_relv1_300k_ppo_shaped_v2_1.csv
shaped_v2_pruned_shots_random_medium_flat_relative_v1,shaped_v2_pruned_shots_random_medium_flat_relative_v1_seed42_relv1_300k_ppo_shaped_v2_1,shaped_v2,pruned_shots,random_medium,flat,relative_v1,42,180224,0.5,1791265038.2250242,shaped_v2_pruned_shots_random_medium_flat_relative_v1_seed42_relv1_300k_ppo_shaped_v2_1.csv
shaped_v2_pruned_shots_random_medium_flat_relative_v1,shaped_v2_pruned_shots_random_medium_flat_relative_v1_seed42_relv1_300k_ppo_shaped_v2_1,shaped_v2,pruned_shots,random_medium,flat,relative_v1,42,185344,0.5400000214576721,1791265046.0857131,shaped_v2_pruned_shots_random_medium_flat_relative_v1_seed42_relv1_300k_ppo_shaped_v2_1.csv
shaped_v2_pruned_shots_random_medium_flat_relative_v1,shaped_v2_pruned_shots_random_medium_flat_relative_v1_seed42_relv1_300k_ppo_shaped_v2_1,shaped_v2,pruned_shots,random_medium,flat,relative_v1,42,190464,0.5199999809265137,1791265054.025638,shaped_v2_pruned_shots_random_medium_flat_relative_v1_seed42_relv1_300k_ppo_shaped_v2_1.csv
shaped_v2_pruned_shots_random_medium_flat_relative_v1,shaped_v2_pruned_shots_random_medium_flat_relative_v1_seed42_relv1_300k_ppo_shaped_v2_1,shaped_v2,pruned_shots,random_medium,flat,relative_v1,42,195584,0.5299999713897705,1791265061.8024306,shaped_v2_pruned_shots_random_medium_flat_relative_v1_seed42_relv1_300k_ppo_shaped_v2_1.csv
shaped_v2_pruned_shots_random_medium_flat_relative_v1,shaped_v2_pruned_shots_random_medium_flat_relative_v1_seed42_relv1_300k_ppo_shaped_v2_1,shaped_v2,pruned_shots,random_medium,flat,relative_v1,42,200704,0.550000011920929,1791265069.5946772,shaped_v2_pruned_shots_random_medium_flat_relative_v1_seed42_relv1_300k_ppo_shaped_v2_1.csv
shaped_v2_pruned_shots_random_medium_flat_relative_v1,shaped_v2_pruned_shots_random_medium_flat_relative_v1_seed42_relv1_300k_ppo_shaped_v2_1,shaped_v2,pruned_shots,random_medium,flat,relative_v1,42,205824,0.5600000023841858,1791265077.3730245,shaped_v2_pruned_shots_random_medium_flat_relative_v1_seed42_relv1_300k_ppo_shaped_v2_1.csv
shaped_v2_pruned_shots_random_medium_flat_relative_v1,shaped_v2_pruned_shots_random_medium_flat_relative_v1_seed42_relv1_300k_ppo_shaped_v2_1,shaped_v2,pruned_shots,random_medium,flat,relative_v1,42,210944,0.550000011920929,1791265085.2455523,shaped_v2_pruned_shots_random_medium_flat_relative_v1_seed42_relv1_300k_ppo_shaped_v2_1.csv
shaped_v2_pruned_shots_random_medium_flat_relative_v1,shaped_v2_pruned_shots_random_medium_flat_relative_v1_seed42_relv1_300k_ppo_shaped_v2_1,shaped_v2,pruned_shots,random_medium,flat,relative_v1,42,215040,0.5299999713897705,1791265091.5507014,shaped_v2_pruned_shots_random_medium_flat_relative_v1_seed42_relv1_300k_ppo_shaped_v2_1.csv
shaped_v2_pruned_shots_random_medium_flat_relative_v1,shaped_v2_pruned_shots_random_medium_flat_relative_v1_seed42_relv1_300k_ppo_shaped_v2_1,shaped_v2,pruned_shots,random_medium,flat,relative_v1,42,220160,0.5699999928474426,1791265099.3221824,shaped_v2_pruned_shots_random_medium_flat_relative_v1_seed42_relv1_300k_ppo_shaped_v2_1.csv
shaped_v2_pruned_shots_random_medium_flat_relative_v1,shaped_v2_pruned_shots_random_medium_flat_relative_v1_seed42_relv1_300k_ppo_shaped_v2_1,shaped_v2,pruned_shots,random_medium,flat,relative_v1,42,225280,0.5699999928474426,1791265106.9526656,shaped_v2_pruned_shots_random_medium_flat_relative_v1_seed42_relv1_300k_ppo_shaped_v2_1.csv
shaped_v2_pruned_shots_random_medium_flat_relative_v1,shaped_v2_pruned_shots_random_medium_flat_relative_v1_seed42_relv1_300k_ppo_shaped_v2_1,shaped_v2,pruned_shots,random_medium,flat,relative_v1,42,230400,0.550000011920929,1791265114.5586057,shaped_v2_pruned_shots_random_medium_flat_relative_v1_seed42_relv1_300k_ppo_shaped_v2_1.csv
shaped_v2_pruned_shots_random_medium_flat_relative_v1,shaped_v2_pruned_shots_random_medium_flat_relative_v1_seed42_relv1_300k_ppo_shaped_v2_1,shaped_v2,pruned_shots,random_medium,flat,relative_v1,42,235520,0.550000011920929,1791265122.1864636,shaped_v2_pruned_shots_random_medium_flat_relative_v1_seed42_relv1_300k_ppo_shaped_v2_1.csv
shaped_v2_pruned_shots_random_medium_flat_relative_v1,shaped_v2_pruned_shots_random_medium_flat_relative_v1_seed42_relv1_300k_ppo_shaped_v2_1,shaped_v2,pruned_shots,random_medium,flat,relative_v1,42,240640,0.5600000023841858,1791265129.775226,shaped_v2_pruned_shots_random_medium_flat_relative_v1_seed42_relv1_300k_ppo_shaped_v2_1.csv
shaped_v2_pruned_shots_random_medium_flat_relative_v1,shaped_v2_pruned_shots_random_medium_flat_relative_v1_seed42_relv1_300k_ppo_shaped_v2_1,shaped_v2,pruned_shots,random_medium,flat,relative_v1,42,245760,0.5799999833106995,1791265137.340512,shaped_v2_pruned_shots_random_medium_flat_relative_v1_seed42_relv1_300k_ppo_shaped_v2_1.csv
shaped_v2_pruned_shots_random_medium_flat_relative_v1,shaped_v2_pruned_shots_random_medium_flat_relative_v1_seed42_relv1_300k_ppo_shaped_v2_1,shaped_v2,pruned_shots,random_medium,flat,relative_v1,42,250880,0.5699999928474426,1791265144.9829555,shaped_v2_pruned_shots_random_medium_flat_relative_v1_seed42_relv1_300k_ppo_shaped_v2_1.csv
shaped_v2_pruned_shots_random_medium_flat_relative_v1,shaped_v2_pruned_shots_random_medium_flat_relative_v1_seed42_relv1_300k_ppo_shaped_v2_1,shaped_v2,pruned_shots,random_medium,flat,relative_v1,42,256000,0.5400000214576721,1791265152.6580586,shaped_v2_pruned_shots_random_medium_flat_relative_v1_seed42_relv1_300k_ppo_shaped_v2_1.csv
shaped_v2_pruned_shots_random_medium_flat_relative_v1,shaped_v2_pruned_shots_random_medium_flat_relative_v1_seed42_relv1_300k_ppo_shaped_v2_1,shaped_v2,pruned_shots,random_medium,flat,relative_v1,42,260096,0.5299999713897705,1791265158.957706,shaped_v2_pruned_shots_random_medium_flat_relative_v1_seed42_relv1_300k_ppo_shaped_v2_1.csv
shaped_v2_pruned_shots_random_medium_flat_relative_v1,shaped_v2_pruned_shots_random_medium_flat_relative_v1_seed42_relv1_300k_ppo_shaped_v2_1,shaped_v2,pruned_shots,random_medium,flat,relative_v1,42,265216,0.5299999713897705,1791265166.6131706,shaped_v2_pruned_shots_random_medium_flat_relative_v1_seed42_relv1_300k_ppo_shaped_v2_1.csv
shaped_v2_pruned_shots_random_medium_flat_relative_v1,shaped_v2_pruned_shots_random_medium_flat_relative_v1_seed42_relv1_300k_ppo_shaped_v2_1,shaped_v2,pruned_shots,random_medium,flat,relative_v1,42,270336,0.5600000023841858,1791265174.2819502,shaped_v2_pruned_shots_random_medium_flat_relative_v1_seed42_relv1_300k_ppo_shaped_v2_1.csv
shaped_v2_pruned_shots_random_medium_flat_relative_v1,shaped_v2_pruned_shots_random_medium_flat_relative_v1_seed42_relv1_300k_ppo_shaped_v2_1,shaped_v2,pruned_shots,random_medium,flat,relative_v1,42,275456,0.550000011920929,1791265181.8568094,shaped_v2_pruned_shots_random_medium_flat_relative_v1_seed42_relv1_300k_ppo_shaped_v2_1.csv
shaped_v2_pruned_shots_random_medium_flat_relative_v1,shaped_v2_pruned_shots_random_medium_flat_relative_v1_seed42_relv1_300k_ppo_shaped_v2_1,shaped_v2,pruned_shots,random_medium,flat,relative_v1,42,280576,0.5699999928474426,1791265189.6986623,shaped_v2_pruned_shots_random_medium_flat_relative_v1_seed42_relv1_300k_ppo_shaped_v2_1.csv
shaped_v2_pruned_shots_random_medium_flat_relative_v1,shaped_v2_pruned_shots_random_medium_flat_relative_v1_seed42_relv1_300k_ppo_shaped_v2_1,shaped_v2,pruned_shots,random_medium,flat,relative_v1,42,285696,0.5799999833106995,1791265197.434345,shaped_v2_pruned_shots_random_medium_flat_relative_v1_seed42_relv1_300k_ppo_shaped_v2_1.csv
shaped_v2_pruned_shots_random_medium_flat_relative_v1,shaped_v2_pruned_shots_random_medium_flat_relative_v1_seed42_relv1_300k_ppo_shaped_v2_1,shaped_v2,pruned_shots,random_medium,flat,relative_v1,42,290816,0.5600000023841858,1791265205.1007297,shaped_v2_pruned_shots_random_medium_flat_relative_v1_seed42_relv1_300k_ppo_shaped_v2_1.csv
shaped_v2_pruned_shots_random_medium_flat_relative_v1,shaped_v2_pruned_shots_random_medium_flat_relative_v1_seed42_relv1_300k_ppo_shaped_v2_1,shaped_v2,pruned_shots,random_medium,flat,relative_v1,42,295936,0.5600000023841858,1791265212.8174102,shaped_v2_pruned_shots_random_medium_flat_relative_v1_seed42_relv1_300k_ppo_shaped_v2_1.csv
shaped_v2_pruned_shots_random_medium_flat_relative_v1,shaped_v2_pruned_shots_random_medium_flat_relative_v1_seed42_relv1_300k_ppo_shaped_v2_1,shaped_v2,pruned_shots,random_medium,flat,relative_v1,42,300032,0.5199999809265137,1791265219.0054584,shaped_v2_pruned_shots_random_medium_flat_relative_v1_seed42_relv1_300k_ppo_shaped_v2_1.csv
shaped_v2_pruned_shots_random_medium_flat_relative_v2,shaped_v2_pruned_shots_random_medium_flat_relative_v2_seed1_ppo_shaped_v2_1,shaped_v2,pruned_shots,random_medium,flat,relative_v2,1,5120,0.019999999552965164,1791270254.977521,shaped_v2_pruned_shots_random_medium_flat_relative_v2_seed1_ppo_shaped_v2_1.csv
shaped_v2_pruned_shots_random_medium_flat_relative_v2,shaped_v2_pruned_shots_random_medium_flat_relative_v2_seed1_ppo_shaped_v2_1,shaped_v2,pruned_shots,random_medium,flat,relative_v2,1,10240,0.10999999940395355,1791270263.0659585,shaped_v2_pruned_shots_random_medium_flat_relative_v2_seed1_ppo_shaped_v2_1.csv
shaped_v2_pruned_shots_random_medium_flat_relative_v2,shaped_v2_pruned_shots_random_medium_flat_relative_v2_seed1_ppo_shaped_v2_1,shaped_v2,pruned_shots,random_medium,flat,relative_v2,1,15360,0.1599999964237213,1791270270.911747,shaped_v2_pruned_shots_random_medium_flat_relative_v2_seed1_ppo_shaped_v2_1.csv
shaped_v2_pruned_shots_random_medium_flat_relative_v2,shaped_v2_pruned_shots_random_medium_flat_relative_v2_seed1_ppo_shaped_v2_1,shaped_v2,pruned_shots,random_medium,flat,relative_v2,1,20480,0.1899999976158142,1791270278.4076645,shaped_v2_pruned_shots_random_medium_flat_relative_v2_seed1_ppo_shaped_v2_1.csv
shaped_v2_pruned_shots_random_medium_flat_relative_v2,shaped_v2_pruned_shots_random_medium_flat_relative_v2_seed1_ppo_shaped_v2_1,shaped_v2,pruned_shots,random_medium,flat,relative_v2,1,25600,0.23000000417232513,1791270285.9977787,shaped_v2_pruned_shots_random_medium_flat_relative_v2_seed1_ppo_shaped_v2_1.csv
shaped_v2_pruned_shots_random_medium_flat_relative_v2,shaped_v2_pruned_shots_random_medium_flat_relative_v2_seed1_ppo_shaped_v2_1,shaped_v2,pruned_shots,random_medium,flat,relative_v2,1,30720,0.25999999046325684,1791270293.5830996,shaped_v2_pruned_shots_random_medium_flat_relative_v2_seed1_ppo_shaped_v2_1.csv
shaped_v2_pruned_shots_random_medium_flat_relative_v2,shaped_v2_pruned_shots_random_medium_flat_relative_v2_seed1_ppo_shaped_v2_1,shaped_v2,pruned_shots,random_medium,flat,relative_v2,1,35840,0.30000001192092896,1791270301.2155063,shaped_v2_pruned_shots_random_medium_flat_relative_v2_seed1_ppo_shaped_v2_1.csv
shaped_v2_pruned_shots_random_medium_flat_relative_v2,shaped_v2_pruned_shots_random_medium_flat_relative_v2_seed1_ppo_shaped_v2_1,shaped_v2,pruned_shots,random_medium,flat,relative_v2,1,40960,0.3199999928474426,1791270308.7996957,shaped_v2_pruned_shots_random_medium_flat_relative_v2_seed1_ppo_shaped_v2_1.csv
shaped_v2_pruned_shots_random_medium_flat_relative_v2,shaped_v2_pruned_shots_random_medium_flat_relative_v2_seed1_ppo_shaped_v2_1,shaped_v2,pruned_shots,random_medium,flat,relative_v2,1,45056,0.3199999928474426,1791270315.1114857,shaped_v2_pruned_shots_random_medium_flat_relative_v2_seed1_ppo_shaped_v2_1.csv
shaped_v2_pruned_shots_random_medium_flat_relative_v2,shaped_v2_pruned_shots_random_medium_flat_relative_v2_seed1_ppo_shaped_v2_1,shaped_v2,pruned_shots,random_medium,flat,relative_v2,1,50176,0.36000001430511475,1791270322.8749044,shaped_v2_pruned_shots_random_medium_flat_relative_v2_seed1_ppo_shaped_v2_1.csv
shaped_v2_pruned_shots_random_medium_flat_relative_v2,shaped_v2_pruned_shots_random_medium_flat_relative_v2_seed1_ppo_shaped_v2_1,shaped_v2,pruned_shots,random_medium,flat,relative_v2,1,55296,0.3700000047683716,1791270330.6682787,shaped_v2_pruned_shots_random_medium_flat_relative_v2_seed1_ppo_shaped_v2_1.csv
shaped_v2_pruned_shots_random_medium_flat_relative_v2,shaped_v2_pruned_shots_random_medium_flat_relative_v2_seed1_ppo_shaped_v2_1,shaped_v2,pruned_shots,random_medium,flat,relative_v2,1,60416,0.36000001430511475,1791270338.4573507,shaped_v2_pruned_shots_random_medium_flat_relative_v2_seed1_ppo_shaped_v2_1.csv
shaped_v2_pruned_shots_random_medium_flat_relative_v2,shaped_v2_pruned_shots_random_medium_flat_relative_v2_seed1_ppo_shaped_v2_1,shaped_v2,pruned_shots,random_medium,flat,relative_v2,1,65536,0.3799999952316284,1791270346.1449487,shaped_v2_pruned_shots_random_medium_flat_relative_v2_seed1_ppo_shaped_v2_1.csv
shaped_v2_pruned_shots_random_medium_flat_relative_v2,shaped_v2_pruned_shots_random_medium_flat_relative_v2_seed1_ppo_shaped_v2_1,shaped_v2,pruned_shots,random_medium,flat,relative_v2,1,70656,0.4000000059604645,1791270353.8484602,shaped_v2_pruned_shots_random_medium_flat_relative_v2_seed1_ppo_shaped_v2_1.csv
shaped_v2_pruned_shots_random_medium_flat_relative_v2,shaped_v2_pruned_shots_random_medium_flat_relative_v2_seed1_ppo_shaped_v2_1,shaped_v2,pruned_shots,random_medium,flat,relative_v2,1,75776,0.3499999940395355,1791270361.6514273,shaped_v2_pruned_shots_random_medium_flat_relative_v2_seed1_ppo_shaped_v2_1.csv
shaped_v2_pruned_shots_random_medium_flat_relative_v2,shaped_v2_pruned_shots_random_medium_flat_relative_v2_seed1_ppo_shaped_v2_1,shaped_v2,pruned_shots,random_medium,flat,relative_v2,1,80896,0.36000001430511475,1791270369.6856813,shaped_v2_pruned_shots_random_medium_flat_relative_v2_seed1_ppo_shaped_v2_1.csv
shaped_v2_pruned_shots_random_medium_flat_relative_v2,shaped_v2_pruned_shots_random_medium_flat_relative_v2_seed1_ppo_shaped_v2_1,shaped_v2,pruned_shots,random_medium,flat,relative_v2,1,86016,0.4000000059604645,1791270377.6302726,shaped_v2_pruned_shots_random_medium_flat_relative_v2_seed1_ppo_shaped_v2_1.csv
shaped_v2_pruned_shots_random_medium_flat_relative_v2,shaped_v2_pruned_shots_random_medium_flat_relative_v2_seed1_ppo_shaped_v2_1,shaped_v2,pruned_shots,random_medium,flat,relative_v2,1,90112,0.4300000071525574,1791270383.9829738,shaped_v2_pruned_shots_random_medium_flat_relative_v2_seed1_ppo_shaped_v2_1.csv
shaped_v2_pruned_shots_random_medium_flat_relative_v2,shaped_v2_pruned_shots_random_medium_flat_relative_v2_seed1_ppo_shaped_v2_1,shaped_v2,pruned_shots,random_medium,flat,relative_v2,1,95232,0.41999998688697815,1791270391.8107982,shaped_v2_pruned_shots_random_medium_flat_relative_v2_seed1_ppo_shaped_v2_1.csv
shaped_v2_pruned_shots_random_medium_flat_relative_v2,shaped_v2_pruned_shots_random_medium_flat_relative_v2_seed1_ppo_shaped_v2_1,shaped_v2,pruned_shots,random_medium,flat,relative_v2,1,100352,0.4699999988079071,1791270399.4657097,shaped_v2_pruned_shots_random_medium_flat_relative_v2_seed1_ppo_shaped_v2_1.csv
shaped_v2_pruned_shots_random_medium_flat_relative_v2,shaped_v2_pruned_shots_random_medium_flat_relative_v2_seed1_ppo_shaped_v2_1,shaped_v2,pruned_shots,random_medium,flat,relative_v2,1,105472,0.46000000834465027,1791270407.0248601,shaped_v2_pruned_shots_random_medium_flat_relative_v2_seed1_ppo_shaped_v2_1.csv
shaped_v2_pruned_shots_random_medium_flat_relative_v2,shaped_v2_pruned_shots_random_medium_flat_relative_v2_seed1_ppo_shaped_v2_1,shaped_v2,pruned_shots,random_medium,flat,relative_v2,1,110592,0.46000000834465027,1791270414.535909,shaped_v2_pruned_shots_random_medium_flat_relative_v2_seed1_ppo_shaped_v2_1.csv
shaped_v2_pruned_shots_random_medium_flat_relative_v2,shaped_v2_pruned_shots_random_medium_flat_relative_v2_seed1_ppo_shaped_v2_1,shaped_v2,pruned_shots,random_medium,flat,relative_v2,1,115712,0.47999998927116394,1791270422.106559,shaped_v2_pruned_shots_random_medium_flat_relative_v2_seed1_ppo_shaped_v2_1.csv
shaped_v2_pruned_shots_random_medium_flat_relative_v2,shaped_v2_pruned_shots_random_medium_flat_relative_v2_seed1_ppo_shaped_v2_1,shaped_v2,pruned_shots,random_medium,flat,relative_v2,1,120832,0.4699999988079071,1791270429.7049382,shaped_v2_pruned_shots_random_medium_flat_relative_v2_seed1_ppo_shaped_v2_1.csv
shaped_v2_pruned_shots_random_medium_flat_relative_v2,shaped_v2_pruned_shots_random_medium_flat_relative_v2_seed1_ppo_shaped_v2_1,shaped_v2,pruned_shots,random_medium,flat,relative_v2,1,125952,0.5,1791270437.3208873,shaped_v2_pruned_shots_random_medium_flat_relative_v2_seed1_ppo_shaped_v2_1.csv
shaped_v2_pruned_shots_random_medium_flat_relative_v2,shaped_v2_pruned_shots_random_medium_flat_relative_v2_seed1_ppo_shaped_v2_1,shaped_v2,pruned_shots,random_medium,flat,relative_v2,1,130048,0.47999998927116394,1791270443.4948382,shaped_v2_pruned_shots_random_medium_flat_relative_v2_seed1_ppo_shaped_v2_1.csv
shaped_v2_pruned_shots_random_medium_flat_relative_v2,shaped_v2_pruned_shots_random_medium_flat_relative_v2_seed1_ppo_shaped_v2_1,shaped_v2,pruned_shots,random_medium,flat,relative_v2,1,135168,0.5199999809265137,1791270451.0602973,shaped_v2_pruned_shots_random_medium_flat_relative_v2_seed1_ppo_shaped_v2_1.csv
shaped_v2_pruned_shots_random_medium_flat_relative_v2,shaped_v2_pruned_shots_random_medium_flat_relative_v2_seed1_ppo_shaped_v2_1,shaped_v2,pruned_shots,random_medium,flat,relative_v2,1,140288,0.5099999904632568,1791270458.5589092,shaped_v2_pruned_shots_random_medium_flat_relative_v2_seed1_ppo_shaped_v2_1.csv
shaped_v2_pruned_shots_random_medium_flat_relative_v2,shaped_v2_pruned_shots_random_medium_flat_relative_v2_seed1_ppo_shaped_v2_1,shaped_v2,pruned_shots,random_medium,flat,relative_v2,1,145408,0.4699999988079071,1791270466.0757542,shaped_v2_pruned_shots_random_medium_flat_relative_v2_seed1_ppo_shaped_v2_1.csv
shaped_v2_pruned_shots_random_medium_flat_relative_v2,shaped_v2_pruned_shots_random_medium_flat_relative_v2_seed1_ppo_shaped_v2_1,shaped_v2,pruned_shots,random_medium,flat,relative_v2,1,150528,0.47999998927116394,1791270473.5957778,shaped_v2_pruned_shots_random_medium_flat_relative_v2_seed1_ppo_shaped_v2_1.csv
shaped_v2_pruned_shots_random_medium_flat_relative_v2,shaped_v2_pruned_shots_random_medium_flat_relative_v2_seed1_ppo_shaped_v2_1,shaped_v2,pruned_shots,random_medium,flat,relative_v2,1,155648,0.5199999809265137,1791270481.1787052,shaped_v2_pruned_shots_random_medium_flat_relative_v2_seed1_ppo_shaped_v2_1.csv
shaped_v2_pruned_shots_random_medium_flat_relative_v2,shaped_v2_pruned_shots_random_medium_flat_relative_v2_seed1_ppo_shaped_v2_1,shaped_v2,pruned_shots,random_medium,flat,relative_v2,1,160768,0.46000000834465027,1791270488.6925814,shaped_v2_pruned_shots_random_medium_flat_relative_v2_seed1_ppo_shaped_v2_1.csv
shaped_v2_pruned_shots_random_medium_flat_relative_v2,shaped_v2_pruned_shots_random_medium_flat_relative_v2_seed1_ppo_shaped_v2_1,shaped_v2,pruned_shots,random_medium,flat,relative_v2,1,165888,0.5099999904632568,1791270496.200641,shaped_v2_pruned_shots_random_medium_flat_relative_v2_seed1_ppo_shaped_v2_1.csv
shaped_v2_pruned_shots_random_medium_flat_relative_v2,shaped_v2_pruned_shots_random_medium_flat_relative_v2_seed1_ppo_shaped_v2_1,shaped_v2,pruned_shots,random_medium,flat,relative_v2,1,171008,0.5199999809265137,1791270503.6666656,shaped_v2_pruned_shots_random_medium_flat_relative_v2_seed1_ppo_shaped_v2_1.csv
shaped_v2_pruned_shots_random_medium_flat_relative_v2,shaped_v2_pruned_shots_random_medium_flat_relative_v2_seed1_ppo_shaped_v2_1,shaped_v2,pruned_shots,random_medium,flat,relative_v2,1,175104,0.5099999904632568,1791270509.8388128,shaped_v2_pruned_shots_random_medium_flat_relative_v2_seed1_ppo_shaped_v2_1.csv
shaped_v2_pruned_shots_random_medium_flat_relative_v2,shaped_v2_pruned_shots_random_medium_flat_relative_v2_seed1_ppo_shaped_v2_1,shaped_v2,pruned_shots,random_medium,flat,relative_v2,1,180224,0.5099999904632568,1791270517.3427296,shaped_v2_pruned_shots_random_medium_flat_relative_v2_seed1_ppo_shaped_v2_1.csv
shaped_v2_pruned_shots_random_medium_flat_relative_v2,shaped_v2_pruned_shots_random_medium_flat_relative_v2_seed1_ppo_shaped_v2_1,shaped_v2,pruned_shots,random_medium,flat,relative_v2,1,185344,0.5099999904632568,1791270524.9258966,shaped_v2_pruned_shots_random_medium_flat_relative_v2_seed1_ppo_shaped_v2_1.csv
shaped_v2_pruned_shots_random_medium_flat_relative_v2,shaped_v2_pruned_shots_random_medium_flat_relative_v2_seed1_ppo_shaped_v2_1,shaped_v2,pruned_shots,random_medium,flat,relative_v2,1,190464,0.5299999713897705,1791270532.4397297,shaped_v2_pruned_shots_random_medium_flat_relative_v2_seed1_ppo_shaped_v2_1.csv
shaped_v2_pruned_shots_random_medium_flat_relative_v2,shaped_v2_pruned_shots_random_medium_flat_relative_v2_seed1_ppo_shaped_v2_1,shaped_v2,pruned_shots,random_medium,flat,relative_v2,1,195584,0.5099999904632568,1791270539.9807951,shaped_v2_pruned_shots_random_medium_flat_relative_v2_seed1_ppo_shaped_v2_1.csv
shaped_v2_pruned_shots_random_medium_flat_relative_v2,shaped_v2_pruned_shots_random_medium_flat_relative_v2_seed1_ppo_shaped_v2_1,shaped_v2,pruned_shots,random_medium,flat,relative_v2,1,200704,0.5099999904632568,1791270547.4726405,shaped_v2_pruned_shots_random_medium_flat_relative_v2_seed1_ppo_shaped_v2_1.csv
shaped_v2_pruned_shots_random_medium_flat_relative_v2,shaped_v2_pruned_shots_random_medium_flat_relative_v2_seed1_ppo_shaped_v2_1,shaped_v2,pruned_shots,random_medium,flat,relative_v2,1,205824,0.5199999809265137,1791270554.9818594,shaped_v2_pruned_shots_random_medium_flat_relative_v2_seed1_ppo_shaped_v2_1.csv
shaped_v2_pruned_shots_random_medium_flat_relative_v2,shaped_v2_pruned_shots_random_medium_flat_relative_v2_seed1_ppo_shaped_v2_1,shaped_v2,pruned_shots,random_medium,flat,relative_v2,1,210944,0.5400000214576721,1791270562.4940143,shaped_v2_pruned_shots_random_medium_flat_relative_v2_seed1_ppo_shaped_v2_1.csv
shaped_v2_pruned_shots_random_medium_flat_relative_v2,shaped_v2_pruned_shots_random_medium_flat_relative_v2_seed1_ppo_shaped_v2_1,shaped_v2,pruned_shots,random_medium,flat,relative_v2,1,215040,0.5299999713897705,1791270568.5227132,shaped_v2_pruned_shots_random_medium_flat_relative_v2_seed1_ppo_shaped_v2_1.csv
shaped_v2_pruned_shots_random_medium_flat_relative_v2,shaped_v2_pruned_shots_random_medium_flat_relative_v2_seed1_ppo_shaped_v2_1,shaped_v2,pruned_shots,random_medium,flat,relative_v2,1,220160,0.5400000214576721,1791270576.0301852,shaped_v2_pruned_shots_random_medium_flat_relative_v2_seed1_ppo_shaped_v2_1.csv
shaped_v2_pruned_shots_random_medium_flat_relative_v2,shaped_v2_pruned_shots_random_medium_flat_relative_v2_seed1_ppo_shaped_v2_1,shaped_v2,pruned_shots,random_medium,flat,relative_v2,1,225280,0.5199999809265137,1791270583.5946748,shaped_v2_pruned_shots_random_medium_flat_relative_v2_seed1_ppo_shaped_v2_1.csv
shaped_v2_pruned_shots_random_medium_flat_relative_v2,shaped_v2_pruned_shots_random_medium_flat_relative_v2_seed1_ppo_shaped_v2_1,shaped_v2,pruned_shots,random_medium,flat,relative_v2,1,230400,0.5600000023841858,1791270591.1309497,shaped_v2_pruned_shots_random_medium_flat_relative_v2_seed1_ppo_shaped_v2_1.csv
shaped_v2_pruned_shots_random_medium_flat_relative_v2,shaped_v2_pruned_shots_random_medium_flat_relative_v2_seed1_ppo_shaped_v2_1,shaped_v2,pruned_shots,random_medium,flat,relative_v2,1,235520,0.5600000023841858,1791270598.7090244,shaped_v2_pruned_shots_random_medium_flat_relative_v2_seed1_ppo_shaped_v2_1.csv
shaped_v2_pruned_shots_random_medium_flat_relative_v2,shaped_v2_pruned_shots_random_medium_flat_relative_v2_seed1_ppo_shaped_v2_1,shaped_v2,pruned_shots,random_medium,flat,relative_v2,1,240640,0.6000000238418579,1791270606.251936,shaped_v2_pruned_shots_random_medium_flat_relative_v2_seed1_ppo_shaped_v2_1.csv
shaped_v2_pruned_shots_random_medium_flat_relative_v2,shaped_v2_pruned_shots_random_medium_flat_relative_v2_seed1_ppo_shaped_v2_1,shaped_v2,pruned_shots,random_medium,flat,relative_v2,1,245760,0.5899999737739563,1791270613.7975483,shaped_v2_pruned_shots_random_medium_flat_relative_v2_seed1_ppo_shaped_v2_1.csv
shaped_v2_pruned_shots_random_medium_flat_relative_v2,shaped_v2_pruned_shots_random_medium_flat_relative_v2_seed1_ppo_shaped_v2_1,shaped_v2,pruned_shots,random_medium,flat,relative_v2,1,250880,0.6100000143051147,1791270621.38698,shaped_v2_pruned_shots_random_medium_flat_relative_v2_seed1_ppo_shaped_v2_1.csv
shaped_v2_pruned_shots_random_medium_flat_relative_v2,shaped_v2_pruned_shots_random_medium_flat_relative_v2_seed1_ppo_shaped_v2_1,shaped_v2,pruned_shots,random_medium,flat,relative_v2,1,256000,0.6299999952316284,1791270628.9530118,shaped_v2_pruned_shots_random_medium_flat_relative_v2_seed1_ppo_shaped_v2_1.csv
shaped_v2_pruned_shots_random_medium_flat_relative_v2,shaped_v2_pruned_shots_random_medium_flat_relative_v2_seed1_ppo_shaped_v2_1,shaped_v2,pruned_shots,random_medium,flat,relative_v2,1,260096,0.6000000238418579,1791270635.1178818,shaped_v2_pruned_shots_random_medium_flat_relative_v2_seed1_ppo_shaped_v2_1.csv
shaped_v2_pruned_shots_random_medium_flat_relative_v2,shaped_v2_pruned_shots_random_medium_flat_relative_v2_seed1_ppo_shaped_v2_1,shaped_v2,pruned_shots,random_medium,flat,relative_v2,1,265216,0.6000000238418579,1791270642.742511,shaped_v2_pruned_shots_random_medium_flat_relative_v2_seed1_ppo_shaped_v2_1.csv
shaped_v2_pruned_shots_random_medium_flat_relative_v2,shaped_v2_pruned_shots_random_medium_flat_relative_v2_seed1_ppo_shaped_v2_1,shaped_v2,pruned_shots,random_medium,flat,relative_v2,1,270336,0.5799999833106995,1791270650.3561234,shaped_v2_pruned_shots_random_medium_flat_relative_v2_seed1_ppo_shaped_v2_1.csv
shaped_v2_pruned_shots_random_medium_flat_relative_v2,shaped_v2_pruned_shots_random_medium_flat_relative_v2_seed1_ppo_shaped_v2_1,shaped_v2,pruned_shots,random_medium,flat,relative_v2,1,275456,0.6100000143051147,1791270657.9576697,shaped_v2_pruned_shots_random_medium_flat_relative_v2_seed1_ppo_shaped_v2_1.csv
shaped_v2_pruned_shots_random_medium_flat_relative_v2,shaped_v2_pruned_shots_random_medium_flat_relative_v2_seed1_ppo_shaped_v2_1,shaped_v2,pruned_shots,random_medium,flat,relative_v2,1,280576,0.5600000023841858,1791270665.529258,shaped_v2_pruned_shots_random_medium_flat_relative_v2_seed1_ppo_shaped_v2_1.csv
shaped_v2_pruned_shots_random_medium_flat_relative_v2,shaped_v2_pruned_shots_random_medium_flat_relative_v2_seed1_ppo_shaped_v2_1,shaped_v2,pruned_shots,random_medium,flat,relative_v2,1,285696,0.5600000023841858,1791270673.1917975,shaped_v2_pruned_shots_random_medium_flat_relative_v2_seed1_ppo_shaped_v2_1.csv
shaped_v2_pruned_shots_random_medium_flat_relative_v2,shaped_v2_pruned_shots_random_medium_flat_relative_v2_seed1_ppo_shaped_v2_1,shaped_v2,pruned_shots,random_medium,flat,relative_v2,1,290816,0.6100000143051147,1791270680.7561707,shaped_v2_pruned_shots_random_medium_flat_relative_v2_seed1_ppo_shaped_v2_1.csv
shaped_v2_pruned_shots_random_medium_flat_relative_v2,shaped_v2_pruned_shots_random_medium_flat_relative_v2_seed1_ppo_shaped_v2_1,shaped_v2,pruned_shots,random_medium,flat,relative_v2,1,295936,0.5400000214576721,1791270688.3240335,shaped_v2_pruned_shots_random_medium_flat_relative_v2_seed1_ppo_shaped_v2_1.csv
shaped_v2_pruned_shots_random_medium_flat_relative_v2,shaped_v2_pruned_shots_random_medium_flat_relative_v2_seed1_ppo_shaped_v2_1,shaped_v2,pruned_shots,random_medium,flat,relative_v2,1,300032,0.5600000023841858,1791270694.501794,shaped_v2_pruned_shots_random_medium_flat_relative_v2_seed1_ppo_shaped_v2_1.csv
shaped_v2_pruned_shots_random_medium_flat_relative_v2,shaped_v2_pruned_shots_random_medium_flat_relative_v2_seed2_ppo_shaped_v2_1 (1),shaped_v2,pruned_shots,random_medium,flat,relative_v2,2,5120,0.0,1791270821.7091413,shaped_v2_pruned_shots_random_medium_flat_relative_v2_seed2_ppo_shaped_v2_1 (1).csv
shaped_v2_pruned_shots_random_medium_flat_relative_v2,shaped_v2_pruned_shots_random_medium_flat_relative_v2_seed2_ppo_shaped_v2_1,shaped_v2,pruned_shots,random_medium,flat,relative_v2,2,5120,0.0,1791270821.7091413,shaped_v2_pruned_shots_random_medium_flat_relative_v2_seed2_ppo_shaped_v2_1.csv
shaped_v2_pruned_shots_random_medium_flat_relative_v2,shaped_v2_pruned_shots_random_medium_flat_relative_v2_seed2_ppo_shaped_v2_1 (1),shaped_v2,pruned_shots,random_medium,flat,relative_v2,2,10240,0.11999999731779099,1791270829.49311,shaped_v2_pruned_shots_random_medium_flat_relative_v2_seed2_ppo_shaped_v2_1 (1).csv
shaped_v2_pruned_shots_random_medium_flat_relative_v2,shaped_v2_pruned_shots_random_medium_flat_relative_v2_seed2_ppo_shaped_v2_1,shaped_v2,pruned_shots,random_medium,flat,relative_v2,2,10240,0.11999999731779099,1791270829.49311,shaped_v2_pruned_shots_random_medium_flat_relative_v2_seed2_ppo_shaped_v2_1.csv
shaped_v2_pruned_shots_random_medium_flat_relative_v2,shaped_v2_pruned_shots_random_medium_flat_relative_v2_seed2_ppo_shaped_v2_1 (1),shaped_v2,pruned_shots,random_medium,flat,relative_v2,2,15360,0.20999999344348907,1791270837.1996813,shaped_v2_pruned_shots_random_medium_flat_relative_v2_seed2_ppo_shaped_v2_1 (1).csv
shaped_v2_pruned_shots_random_medium_flat_relative_v2,shaped_v2_pruned_shots_random_medium_flat_relative_v2_seed2_ppo_shaped_v2_1,shaped_v2,pruned_shots,random_medium,flat,relative_v2,2,15360,0.20999999344348907,1791270837.1996813,shaped_v2_pruned_shots_random_medium_flat_relative_v2_seed2_ppo_shaped_v2_1.csv
shaped_v2_pruned_shots_random_medium_flat_relative_v2,shaped_v2_pruned_shots_random_medium_flat_relative_v2_seed2_ppo_shaped_v2_1 (1),shaped_v2,pruned_shots,random_medium,flat,relative_v2,2,20480,0.18000000715255737,1791270844.794844,shaped_v2_pruned_shots_random_medium_flat_relative_v2_seed2_ppo_shaped_v2_1 (1).csv
shaped_v2_pruned_shots_random_medium_flat_relative_v2,shaped_v2_pruned_shots_random_medium_flat_relative_v2_seed2_ppo_shaped_v2_1,shaped_v2,pruned_shots,random_medium,flat,relative_v2,2,20480,0.18000000715255737,1791270844.794844,shaped_v2_pruned_shots_random_medium_flat_relative_v2_seed2_ppo_shaped_v2_1.csv
shaped_v2_pruned_shots_random_medium_flat_relative_v2,shaped_v2_pruned_shots_random_medium_flat_relative_v2_seed2_ppo_shaped_v2_1 (1),shaped_v2,pruned_shots,random_medium,flat,relative_v2,2,25600,0.27000001072883606,1791270852.2004018,shaped_v2_pruned_shots_random_medium_flat_relative_v2_seed2_ppo_shaped_v2_1 (1).csv
shaped_v2_pruned_shots_random_medium_flat_relative_v2,shaped_v2_pruned_shots_random_medium_flat_relative_v2_seed2_ppo_shaped_v2_1,shaped_v2,pruned_shots,random_medium,flat,relative_v2,2,25600,0.27000001072883606,1791270852.2004018,shaped_v2_pruned_shots_random_medium_flat_relative_v2_seed2_ppo_shaped_v2_1.csv
shaped_v2_pruned_shots_random_medium_flat_relative_v2,shaped_v2_pruned_shots_random_medium_flat_relative_v2_seed2_ppo_shaped_v2_1 (1),shaped_v2,pruned_shots,random_medium,flat,relative_v2,2,30720,0.33000001311302185,1791270859.6039312,shaped_v2_pruned_shots_random_medium_flat_relative_v2_seed2_ppo_shaped_v2_1 (1).csv
shaped_v2_pruned_shots_random_medium_flat_relative_v2,shaped_v2_pruned_shots_random_medium_flat_relative_v2_seed2_ppo_shaped_v2_1,shaped_v2,pruned_shots,random_medium,flat,relative_v2,2,30720,0.33000001311302185,1791270859.6039312,shaped_v2_pruned_shots_random_medium_flat_relative_v2_seed2_ppo_shaped_v2_1.csv
shaped_v2_pruned_shots_random_medium_flat_relative_v2,shaped_v2_pruned_shots_random_medium_flat_relative_v2_seed2_ppo_shaped_v2_1 (1),shaped_v2,pruned_shots,random_medium,flat,relative_v2,2,35840,0.3400000035762787,1791270867.1947699,shaped_v2_pruned_shots_random_medium_flat_relative_v2_seed2_ppo_shaped_v2_1 (1).csv
shaped_v2_pruned_shots_random_medium_flat_relative_v2,shaped_v2_pruned_shots_random_medium_flat_relative_v2_seed2_ppo_shaped_v2_1,shaped_v2,pruned_shots,random_medium,flat,relative_v2,2,35840,0.3400000035762787,1791270867.1947699,shaped_v2_pruned_shots_random_medium_flat_relative_v2_seed2_ppo_shaped_v2_1.csv
shaped_v2_pruned_shots_random_medium_flat_relative_v2,shaped_v2_pruned_shots_random_medium_flat_relative_v2_seed2_ppo_shaped_v2_1 (1),shaped_v2,pruned_shots,random_medium,flat,relative_v2,2,40960,0.3799999952316284,1791270874.743445,shaped_v2_pruned_shots_random_medium_flat_relative_v2_seed2_ppo_shaped_v2_1 (1).csv
shaped_v2_pruned_shots_random_medium_flat_relative_v2,shaped_v2_pruned_shots_random_medium_flat_relative_v2_seed2_ppo_shaped_v2_1,shaped_v2,pruned_shots,random_medium,flat,relative_v2,2,40960,0.3799999952316284,1791270874.743445,shaped_v2_pruned_shots_random_medium_flat_relative_v2_seed2_ppo_shaped_v2_1.csv
shaped_v2_pruned_shots_random_medium_flat_relative_v2,shaped_v2_pruned_shots_random_medium_flat_relative_v2_seed2_ppo_shaped_v2_1 (1),shaped_v2,pruned_shots,random_medium,flat,relative_v2,2,45056,0.36000001430511475,1791270880.760249,shaped_v2_pruned_shots_random_medium_flat_relative_v2_seed2_ppo_shaped_v2_1 (1).csv
shaped_v2_pruned_shots_random_medium_flat_relative_v2,shaped_v2_pruned_shots_random_medium_flat_relative_v2_seed2_ppo_shaped_v2_1,shaped_v2,pruned_shots,random_medium,flat,relative_v2,2,45056,0.36000001430511475,1791270880.760249,shaped_v2_pruned_shots_random_medium_flat_relative_v2_seed2_ppo_shaped_v2_1.csv
shaped_v2_pruned_shots_random_medium_flat_relative_v2,shaped_v2_pruned_shots_random_medium_flat_relative_v2_seed2_ppo_shaped_v2_1 (1),shaped_v2,pruned_shots,random_medium,flat,relative_v2,2,50176,0.4000000059604645,1791270888.160199,shaped_v2_pruned_shots_random_medium_flat_relative_v2_seed2_ppo_shaped_v2_1 (1).csv
shaped_v2_pruned_shots_random_medium_flat_relative_v2,shaped_v2_pruned_shots_random_medium_flat_relative_v2_seed2_ppo_shaped_v2_1,shaped_v2,pruned_shots,random_medium,flat,relative_v2,2,50176,0.4000000059604645,1791270888.160199,shaped_v2_pruned_shots_random_medium_flat_relative_v2_seed2_ppo_shaped_v2_1.csv
shaped_v2_pruned_shots_random_medium_flat_relative_v2,shaped_v2_pruned_shots_random_medium_flat_relative_v2_seed2_ppo_shaped_v2_1 (1),shaped_v2,pruned_shots,random_medium,flat,relative_v2,2,55296,0.44999998807907104,1791270895.6228054,shaped_v2_pruned_shots_random_medium_flat_relative_v2_seed2_ppo_shaped_v2_1 (1).csv
shaped_v2_pruned_shots_random_medium_flat_relative_v2,shaped_v2_pruned_shots_random_medium_flat_relative_v2_seed2_ppo_shaped_v2_1,shaped_v2,pruned_shots,random_medium,flat,relative_v2,2,55296,0.44999998807907104,1791270895.6228054,shaped_v2_pruned_shots_random_medium_flat_relative_v2_seed2_ppo_shaped_v2_1.csv
shaped_v2_pruned_shots_random_medium_flat_relative_v2,shaped_v2_pruned_shots_random_medium_flat_relative_v2_seed2_ppo_shaped_v2_1 (1),shaped_v2,pruned_shots,random_medium,flat,relative_v2,2,60416,0.44999998807907104,1791270903.1203291,shaped_v2_pruned_shots_random_medium_flat_relative_v2_seed2_ppo_shaped_v2_1 (1).csv
shaped_v2_pruned_shots_random_medium_flat_relative_v2,shaped_v2_pruned_shots_random_medium_flat_relative_v2_seed2_ppo_shaped_v2_1,shaped_v2,pruned_shots,random_medium,flat,relative_v2,2,60416,0.44999998807907104,1791270903.1203291,shaped_v2_pruned_shots_random_medium_flat_relative_v2_seed2_ppo_shaped_v2_1.csv
shaped_v2_pruned_shots_random_medium_flat_relative_v2,shaped_v2_pruned_shots_random_medium_flat_relative_v2_seed2_ppo_shaped_v2_1 (1),shaped_v2,pruned_shots,random_medium,flat,relative_v2,2,65536,0.49000000953674316,1791270910.5467243,shaped_v2_pruned_shots_random_medium_flat_relative_v2_seed2_ppo_shaped_v2_1 (1).csv
shaped_v2_pruned_shots_random_medium_flat_relative_v2,shaped_v2_pruned_shots_random_medium_flat_relative_v2_seed2_ppo_shaped_v2_1,shaped_v2,pruned_shots,random_medium,flat,relative_v2,2,65536,0.49000000953674316,1791270910.5467243,shaped_v2_pruned_shots_random_medium_flat_relative_v2_seed2_ppo_shaped_v2_1.csv
shaped_v2_pruned_shots_random_medium_flat_relative_v2,shaped_v2_pruned_shots_random_medium_flat_relative_v2_seed2_ppo_shaped_v2_1 (1),shaped_v2,pruned_shots,random_medium,flat,relative_v2,2,70656,0.5099999904632568,1791270918.0412052,shaped_v2_pruned_shots_random_medium_flat_relative_v2_seed2_ppo_shaped_v2_1 (1).csv
shaped_v2_pruned_shots_random_medium_flat_relative_v2,shaped_v2_pruned_shots_random_medium_flat_relative_v2_seed2_ppo_shaped_v2_1,shaped_v2,pruned_shots,random_medium,flat,relative_v2,2,70656,0.5099999904632568,1791270918.0412052,shaped_v2_pruned_shots_random_medium_flat_relative_v2_seed2_ppo_shaped_v2_1.csv
shaped_v2_pruned_shots_random_medium_flat_relative_v2,shaped_v2_pruned_shots_random_medium_flat_relative_v2_seed2_ppo_shaped_v2_1 (1),shaped_v2,pruned_shots,random_medium,flat,relative_v2,2,75776,0.5600000023841858,1791270925.6003647,shaped_v2_pruned_shots_random_medium_flat_relative_v2_seed2_ppo_shaped_v2_1 (1).csv
shaped_v2_pruned_shots_random_medium_flat_relative_v2,shaped_v2_pruned_shots_random_medium_flat_relative_v2_seed2_ppo_shaped_v2_1,shaped_v2,pruned_shots,random_medium,flat,relative_v2,2,75776,0.5600000023841858,1791270925.6003647,shaped_v2_pruned_shots_random_medium_flat_relative_v2_seed2_ppo_shaped_v2_1.csv
shaped_v2_pruned_shots_random_medium_flat_relative_v2,shaped_v2_pruned_shots_random_medium_flat_relative_v2_seed2_ppo_shaped_v2_1 (1),shaped_v2,pruned_shots,random_medium,flat,relative_v2,2,80896,0.5400000214576721,1791270933.1695995,shaped_v2_pruned_shots_random_medium_flat_relative_v2_seed2_ppo_shaped_v2_1 (1).csv
shaped_v2_pruned_shots_random_medium_flat_relative_v2,shaped_v2_pruned_shots_random_medium_flat_relative_v2_seed2_ppo_shaped_v2_1,shaped_v2,pruned_shots,random_medium,flat,relative_v2,2,80896,0.5400000214576721,1791270933.1695995,shaped_v2_pruned_shots_random_medium_flat_relative_v2_seed2_ppo_shaped_v2_1.csv
shaped_v2_pruned_shots_random_medium_flat_relative_v2,shaped_v2_pruned_shots_random_medium_flat_relative_v2_seed2_ppo_shaped_v2_1 (1),shaped_v2,pruned_shots,random_medium,flat,relative_v2,2,86016,0.5600000023841858,1791270940.7277794,shaped_v2_pruned_shots_random_medium_flat_relative_v2_seed2_ppo_shaped_v2_1 (1).csv
shaped_v2_pruned_shots_random_medium_flat_relative_v2,shaped_v2_pruned_shots_random_medium_flat_relative_v2_seed2_ppo_shaped_v2_1,shaped_v2,pruned_shots,random_medium,flat,relative_v2,2,86016,0.5600000023841858,1791270940.7277794,shaped_v2_pruned_shots_random_medium_flat_relative_v2_seed2_ppo_shaped_v2_1.csv
shaped_v2_pruned_shots_random_medium_flat_relative_v2,shaped_v2_pruned_shots_random_medium_flat_relative_v2_seed2_ppo_shaped_v2_1 (1),shaped_v2,pruned_shots,random_medium,flat,relative_v2,2,90112,0.5600000023841858,1791270946.7679737,shaped_v2_pruned_shots_random_medium_flat_relative_v2_seed2_ppo_shaped_v2_1 (1).csv
shaped_v2_pruned_shots_random_medium_flat_relative_v2,shaped_v2_pruned_shots_random_medium_flat_relative_v2_seed2_ppo_shaped_v2_1,shaped_v2,pruned_shots,random_medium,flat,relative_v2,2,90112,0.5600000023841858,1791270946.7679737,shaped_v2_pruned_shots_random_medium_flat_relative_v2_seed2_ppo_shaped_v2_1.csv
shaped_v2_pruned_shots_random_medium_flat_relative_v2,shaped_v2_pruned_shots_random_medium_flat_relative_v2_seed2_ppo_shaped_v2_1 (1),shaped_v2,pruned_shots,random_medium,flat,relative_v2,2,95232,0.5400000214576721,1791270955.5413318,shaped_v2_pruned_shots_random_medium_flat_relative_v2_seed2_ppo_shaped_v2_1 (1).csv
shaped_v2_pruned_shots_random_medium_flat_relative_v2,shaped_v2_pruned_shots_random_medium_flat_relative_v2_seed2_ppo_shaped_v2_1,shaped_v2,pruned_shots,random_medium,flat,relative_v2,2,95232,0.5400000214576721,1791270955.5413318,shaped_v2_pruned_shots_random_medium_flat_relative_v2_seed2_ppo_shaped_v2_1.csv
shaped_v2_pruned_shots_random_medium_flat_relative_v2,shaped_v2_pruned_shots_random_medium_flat_relative_v2_seed2_ppo_shaped_v2_1 (1),shaped_v2,pruned_shots,random_medium,flat,relative_v2,2,100352,0.5400000214576721,1791270969.6791573,shaped_v2_pruned_shots_random_medium_flat_relative_v2_seed2_ppo_shaped_v2_1 (1).csv
shaped_v2_pruned_shots_random_medium_flat_relative_v2,shaped_v2_pruned_shots_random_medium_flat_relative_v2_seed2_ppo_shaped_v2_1,shaped_v2,pruned_shots,random_medium,flat,relative_v2,2,100352,0.5400000214576721,1791270969.6791573,shaped_v2_pruned_shots_random_medium_flat_relative_v2_seed2_ppo_shaped_v2_1.csv
shaped_v2_pruned_shots_random_medium_flat_relative_v2,shaped_v2_pruned_shots_random_medium_flat_relative_v2_seed2_ppo_shaped_v2_1 (1),shaped_v2,pruned_shots,random_medium,flat,relative_v2,2,105472,0.5600000023841858,1791270977.3986788,shaped_v2_pruned_shots_random_medium_flat_relative_v2_seed2_ppo_shaped_v2_1 (1).csv
shaped_v2_pruned_shots_random_medium_flat_relative_v2,shaped_v2_pruned_shots_random_medium_flat_relative_v2_seed2_ppo_shaped_v2_1,shaped_v2,pruned_shots,random_medium,flat,relative_v2,2,105472,0.5600000023841858,1791270977.3986788,shaped_v2_pruned_shots_random_medium_flat_relative_v2_seed2_ppo_shaped_v2_1.csv
shaped_v2_pruned_shots_random_medium_flat_relative_v2,shaped_v2_pruned_shots_random_medium_flat_relative_v2_seed2_ppo_shaped_v2_1 (1),shaped_v2,pruned_shots,random_medium,flat,relative_v2,2,110592,0.5400000214576721,1791270986.7132506,shaped_v2_pruned_shots_random_medium_flat_relative_v2_seed2_ppo_shaped_v2_1 (1).csv
shaped_v2_pruned_shots_random_medium_flat_relative_v2,shaped_v2_pruned_shots_random_medium_flat_relative_v2_seed2_ppo_shaped_v2_1,shaped_v2,pruned_shots,random_medium,flat,relative_v2,2,110592,0.5400000214576721,1791270986.7132506,shaped_v2_pruned_shots_random_medium_flat_relative_v2_seed2_ppo_shaped_v2_1.csv
shaped_v2_pruned_shots_random_medium_flat_relative_v2,shaped_v2_pruned_shots_random_medium_flat_relative_v2_seed2_ppo_shaped_v2_1 (1),shaped_v2,pruned_shots,random_medium,flat,relative_v2,2,115712,0.550000011920929,1791271004.4159005,shaped_v2_pruned_shots_random_medium_flat_relative_v2_seed2_ppo_shaped_v2_1 (1).csv
shaped_v2_pruned_shots_random_medium_flat_relative_v2,shaped_v2_pruned_shots_random_medium_flat_relative_v2_seed2_ppo_shaped_v2_1,shaped_v2,pruned_shots,random_medium,flat,relative_v2,2,115712,0.550000011920929,1791271004.4159005,shaped_v2_pruned_shots_random_medium_flat_relative_v2_seed2_ppo_shaped_v2_1.csv
shaped_v2_pruned_shots_random_medium_flat_relative_v2,shaped_v2_pruned_shots_random_medium_flat_relative_v2_seed2_ppo_shaped_v2_1 (1),shaped_v2,pruned_shots,random_medium,flat,relative_v2,2,120832,0.5699999928474426,1791271017.888434,shaped_v2_pruned_shots_random_medium_flat_relative_v2_seed2_ppo_shaped_v2_1 (1).csv
shaped_v2_pruned_shots_random_medium_flat_relative_v2,shaped_v2_pruned_shots_random_medium_flat_relative_v2_seed2_ppo_shaped_v2_1,shaped_v2,pruned_shots,random_medium,flat,relative_v2,2,120832,0.5699999928474426,1791271017.888434,shaped_v2_pruned_shots_random_medium_flat_relative_v2_seed2_ppo_shaped_v2_1.csv
shaped_v2_pruned_shots_random_medium_flat_relative_v2,shaped_v2_pruned_shots_random_medium_flat_relative_v2_seed2_ppo_shaped_v2_1 (1),shaped_v2,pruned_shots,random_medium,flat,relative_v2,2,125952,0.5199999809265137,1791271025.8308403,shaped_v2_pruned_shots_random_medium_flat_relative_v2_seed2_ppo_shaped_v2_1 (1).csv
shaped_v2_pruned_shots_random_medium_flat_relative_v2,shaped_v2_pruned_shots_random_medium_flat_relative_v2_seed2_ppo_shaped_v2_1,shaped_v2,pruned_shots,random_medium,flat,relative_v2,2,125952,0.5199999809265137,1791271025.8308403,shaped_v2_pruned_shots_random_medium_flat_relative_v2_seed2_ppo_shaped_v2_1.csv
shaped_v2_pruned_shots_random_medium_flat_relative_v2,shaped_v2_pruned_shots_random_medium_flat_relative_v2_seed2_ppo_shaped_v2_1 (1),shaped_v2,pruned_shots,random_medium,flat,relative_v2,2,130048,0.5199999809265137,1791271032.4175973,shaped_v2_pruned_shots_random_medium_flat_relative_v2_seed2_ppo_shaped_v2_1 (1).csv
shaped_v2_pruned_shots_random_medium_flat_relative_v2,shaped_v2_pruned_shots_random_medium_flat_relative_v2_seed2_ppo_shaped_v2_1,shaped_v2,pruned_shots,random_medium,flat,relative_v2,2,130048,0.5199999809265137,1791271032.4175973,shaped_v2_pruned_shots_random_medium_flat_relative_v2_seed2_ppo_shaped_v2_1.csv
shaped_v2_pruned_shots_random_medium_flat_relative_v2,shaped_v2_pruned_shots_random_medium_flat_relative_v2_seed2_ppo_shaped_v2_1 (1),shaped_v2,pruned_shots,random_medium,flat,relative_v2,2,135168,0.550000011920929,1791271040.0194163,shaped_v2_pruned_shots_random_medium_flat_relative_v2_seed2_ppo_shaped_v2_1 (1).csv
shaped_v2_pruned_shots_random_medium_flat_relative_v2,shaped_v2_pruned_shots_random_medium_flat_relative_v2_seed2_ppo_shaped_v2_1,shaped_v2,pruned_shots,random_medium,flat,relative_v2,2,135168,0.550000011920929,1791271040.0194163,shaped_v2_pruned_shots_random_medium_flat_relative_v2_seed2_ppo_shaped_v2_1.csv
shaped_v2_pruned_shots_random_medium_flat_relative_v2,shaped_v2_pruned_shots_random_medium_flat_relative_v2_seed2_ppo_shaped_v2_1 (1),shaped_v2,pruned_shots,random_medium,flat,relative_v2,2,140288,0.5600000023841858,1791271047.925516,shaped_v2_pruned_shots_random_medium_flat_relative_v2_seed2_ppo_shaped_v2_1 (1).csv
shaped_v2_pruned_shots_random_medium_flat_relative_v2,shaped_v2_pruned_shots_random_medium_flat_relative_v2_seed2_ppo_shaped_v2_1,shaped_v2,pruned_shots,random_medium,flat,relative_v2,2,140288,0.5600000023841858,1791271047.925516,shaped_v2_pruned_shots_random_medium_flat_relative_v2_seed2_ppo_shaped_v2_1.csv
shaped_v2_pruned_shots_random_medium_flat_relative_v2,shaped_v2_pruned_shots_random_medium_flat_relative_v2_seed2_ppo_shaped_v2_1 (1),shaped_v2,pruned_shots,random_medium,flat,relative_v2,2,145408,0.5299999713897705,1791271060.9015768,shaped_v2_pruned_shots_random_medium_flat_relative_v2_seed2_ppo_shaped_v2_1 (1).csv
shaped_v2_pruned_shots_random_medium_flat_relative_v2,shaped_v2_pruned_shots_random_medium_flat_relative_v2_seed2_ppo_shaped_v2_1,shaped_v2,pruned_shots,random_medium,flat,relative_v2,2,145408,0.5299999713897705,1791271060.9015768,shaped_v2_pruned_shots_random_medium_flat_relative_v2_seed2_ppo_shaped_v2_1.csv
shaped_v2_pruned_shots_random_medium_flat_relative_v2,shaped_v2_pruned_shots_random_medium_flat_relative_v2_seed2_ppo_shaped_v2_1 (1),shaped_v2,pruned_shots,random_medium,flat,relative_v2,2,150528,0.49000000953674316,1791271079.041358,shaped_v2_pruned_shots_random_medium_flat_relative_v2_seed2_ppo_shaped_v2_1 (1).csv
shaped_v2_pruned_shots_random_medium_flat_relative_v2,shaped_v2_pruned_shots_random_medium_flat_relative_v2_seed2_ppo_shaped_v2_1,shaped_v2,pruned_shots,random_medium,flat,relative_v2,2,150528,0.49000000953674316,1791271079.041358,shaped_v2_pruned_shots_random_medium_flat_relative_v2_seed2_ppo_shaped_v2_1.csv
shaped_v2_pruned_shots_random_medium_flat_relative_v2,shaped_v2_pruned_shots_random_medium_flat_relative_v2_seed2_ppo_shaped_v2_1 (1),shaped_v2,pruned_shots,random_medium,flat,relative_v2,2,155648,0.550000011920929,1791271096.3453736,shaped_v2_pruned_shots_random_medium_flat_relative_v2_seed2_ppo_shaped_v2_1 (1).csv
shaped_v2_pruned_shots_random_medium_flat_relative_v2,shaped_v2_pruned_shots_random_medium_flat_relative_v2_seed2_ppo_shaped_v2_1,shaped_v2,pruned_shots,random_medium,flat,relative_v2,2,155648,0.550000011920929,1791271096.3453736,shaped_v2_pruned_shots_random_medium_flat_relative_v2_seed2_ppo_shaped_v2_1.csv
shaped_v2_pruned_shots_random_medium_flat_relative_v2,shaped_v2_pruned_shots_random_medium_flat_relative_v2_seed2_ppo_shaped_v2_1 (1),shaped_v2,pruned_shots,random_medium,flat,relative_v2,2,160768,0.550000011920929,1791271114.0624156,shaped_v2_pruned_shots_random_medium_flat_relative_v2_seed2_ppo_shaped_v2_1 (1).csv
shaped_v2_pruned_shots_random_medium_flat_relative_v2,shaped_v2_pruned_shots_random_medium_flat_relative_v2_seed2_ppo_shaped_v2_1,shaped_v2,pruned_shots,random_medium,flat,relative_v2,2,160768,0.550000011920929,1791271114.0624156,shaped_v2_pruned_shots_random_medium_flat_relative_v2_seed2_ppo_shaped_v2_1.csv
shaped_v2_pruned_shots_random_medium_flat_relative_v2,shaped_v2_pruned_shots_random_medium_flat_relative_v2_seed2_ppo_shaped_v2_1 (1),shaped_v2,pruned_shots,random_medium,flat,relative_v2,2,165888,0.5600000023841858,1791271132.177265,shaped_v2_pruned_shots_random_medium_flat_relative_v2_seed2_ppo_shaped_v2_1 (1).csv
shaped_v2_pruned_shots_random_medium_flat_relative_v2,shaped_v2_pruned_shots_random_medium_flat_relative_v2_seed2_ppo_shaped_v2_1,shaped_v2,pruned_shots,random_medium,flat,relative_v2,2,165888,0.5600000023841858,1791271132.177265,shaped_v2_pruned_shots_random_medium_flat_relative_v2_seed2_ppo_shaped_v2_1.csv
shaped_v2_pruned_shots_random_medium_flat_relative_v2,shaped_v2_pruned_shots_random_medium_flat_relative_v2_seed2_ppo_shaped_v2_1 (1),shaped_v2,pruned_shots,random_medium,flat,relative_v2,2,171008,0.5699999928474426,1791271149.6773045,shaped_v2_pruned_shots_random_medium_flat_relative_v2_seed2_ppo_shaped_v2_1 (1).csv
shaped_v2_pruned_shots_random_medium_flat_relative_v2,shaped_v2_pruned_shots_random_medium_flat_relative_v2_seed2_ppo_shaped_v2_1,shaped_v2,pruned_shots,random_medium,flat,relative_v2,2,171008,0.5699999928474426,1791271149.6773045,shaped_v2_pruned_shots_random_medium_flat_relative_v2_seed2_ppo_shaped_v2_1.csv
shaped_v2_pruned_shots_random_medium_flat_relative_v2,shaped_v2_pruned_shots_random_medium_flat_relative_v2_seed2_ppo_shaped_v2_1 (1),shaped_v2,pruned_shots,random_medium,flat,relative_v2,2,175104,0.5699999928474426,1791271156.4459229,shaped_v2_pruned_shots_random_medium_flat_relative_v2_seed2_ppo_shaped_v2_1 (1).csv
shaped_v2_pruned_shots_random_medium_flat_relative_v2,shaped_v2_pruned_shots_random_medium_flat_relative_v2_seed2_ppo_shaped_v2_1,shaped_v2,pruned_shots,random_medium,flat,relative_v2,2,175104,0.5699999928474426,1791271156.4459229,shaped_v2_pruned_shots_random_medium_flat_relative_v2_seed2_ppo_shaped_v2_1.csv
shaped_v2_pruned_shots_random_medium_flat_relative_v2,shaped_v2_pruned_shots_random_medium_flat_relative_v2_seed2_ppo_shaped_v2_1 (1),shaped_v2,pruned_shots,random_medium,flat,relative_v2,2,180224,0.550000011920929,1791271164.0096292,shaped_v2_pruned_shots_random_medium_flat_relative_v2_seed2_ppo_shaped_v2_1 (1).csv
shaped_v2_pruned_shots_random_medium_flat_relative_v2,shaped_v2_pruned_shots_random_medium_flat_relative_v2_seed2_ppo_shaped_v2_1,shaped_v2,pruned_shots,random_medium,flat,relative_v2,2,180224,0.550000011920929,1791271164.0096292,shaped_v2_pruned_shots_random_medium_flat_relative_v2_seed2_ppo_shaped_v2_1.csv
shaped_v2_pruned_shots_random_medium_flat_relative_v2,shaped_v2_pruned_shots_random_medium_flat_relative_v2_seed2_ppo_shaped_v2_1 (1),shaped_v2,pruned_shots,random_medium,flat,relative_v2,2,185344,0.5199999809265137,1791271171.6355336,shaped_v2_pruned_shots_random_medium_flat_relative_v2_seed2_ppo_shaped_v2_1 (1).csv
shaped_v2_pruned_shots_random_medium_flat_relative_v2,shaped_v2_pruned_shots_random_medium_flat_relative_v2_seed2_ppo_shaped_v2_1,shaped_v2,pruned_shots,random_medium,flat,relative_v2,2,185344,0.5199999809265137,1791271171.6355336,shaped_v2_pruned_shots_random_medium_flat_relative_v2_seed2_ppo_shaped_v2_1.csv
shaped_v2_pruned_shots_random_medium_flat_relative_v2,shaped_v2_pruned_shots_random_medium_flat_relative_v2_seed2_ppo_shaped_v2_1 (1),shaped_v2,pruned_shots,random_medium,flat,relative_v2,2,190464,0.5600000023841858,1791271179.259669,shaped_v2_pruned_shots_random_medium_flat_relative_v2_seed2_ppo_shaped_v2_1 (1).csv
shaped_v2_pruned_shots_random_medium_flat_relative_v2,shaped_v2_pruned_shots_random_medium_flat_relative_v2_seed2_ppo_shaped_v2_1,shaped_v2,pruned_shots,random_medium,flat,relative_v2,2,190464,0.5600000023841858,1791271179.259669,shaped_v2_pruned_shots_random_medium_flat_relative_v2_seed2_ppo_shaped_v2_1.csv
shaped_v2_pruned_shots_random_medium_flat_relative_v2,shaped_v2_pruned_shots_random_medium_flat_relative_v2_seed2_ppo_shaped_v2_1 (1),shaped_v2,pruned_shots,random_medium,flat,relative_v2,2,195584,0.4699999988079071,1791271186.8529139,shaped_v2_pruned_shots_random_medium_flat_relative_v2_seed2_ppo_shaped_v2_1 (1).csv
shaped_v2_pruned_shots_random_medium_flat_relative_v2,shaped_v2_pruned_shots_random_medium_flat_relative_v2_seed2_ppo_shaped_v2_1,shaped_v2,pruned_shots,random_medium,flat,relative_v2,2,195584,0.4699999988079071,1791271186.8529139,shaped_v2_pruned_shots_random_medium_flat_relative_v2_seed2_ppo_shaped_v2_1.csv
shaped_v2_pruned_shots_random_medium_flat_relative_v2,shaped_v2_pruned_shots_random_medium_flat_relative_v2_seed2_ppo_shaped_v2_1 (1),shaped_v2,pruned_shots,random_medium,flat,relative_v2,2,200704,0.5199999809265137,1791271194.7029607,shaped_v2_pruned_shots_random_medium_flat_relative_v2_seed2_ppo_shaped_v2_1 (1).csv
shaped_v2_pruned_shots_random_medium_flat_relative_v2,shaped_v2_pruned_shots_random_medium_flat_relative_v2_seed2_ppo_shaped_v2_1,shaped_v2,pruned_shots,random_medium,flat,relative_v2,2,200704,0.5199999809265137,1791271194.7029607,shaped_v2_pruned_shots_random_medium_flat_relative_v2_seed2_ppo_shaped_v2_1.csv
shaped_v2_pruned_shots_random_medium_flat_relative_v2,shaped_v2_pruned_shots_random_medium_flat_relative_v2_seed2_ppo_shaped_v2_1 (1),shaped_v2,pruned_shots,random_medium,flat,relative_v2,2,205824,0.5099999904632568,1791271202.5951793,shaped_v2_pruned_shots_random_medium_flat_relative_v2_seed2_ppo_shaped_v2_1 (1).csv
shaped_v2_pruned_shots_random_medium_flat_relative_v2,shaped_v2_pruned_shots_random_medium_flat_relative_v2_seed2_ppo_shaped_v2_1,shaped_v2,pruned_shots,random_medium,flat,relative_v2,2,205824,0.5099999904632568,1791271202.5951793,shaped_v2_pruned_shots_random_medium_flat_relative_v2_seed2_ppo_shaped_v2_1.csv
shaped_v2_pruned_shots_random_medium_flat_relative_v2,shaped_v2_pruned_shots_random_medium_flat_relative_v2_seed2_ppo_shaped_v2_1 (1),shaped_v2,pruned_shots,random_medium,flat,relative_v2,2,210944,0.5400000214576721,1791271210.3210673,shaped_v2_pruned_shots_random_medium_flat_relative_v2_seed2_ppo_shaped_v2_1 (1).csv
shaped_v2_pruned_shots_random_medium_flat_relative_v2,shaped_v2_pruned_shots_random_medium_flat_relative_v2_seed2_ppo_shaped_v2_1,shaped_v2,pruned_shots,random_medium,flat,relative_v2,2,210944,0.5400000214576721,1791271210.3210673,shaped_v2_pruned_shots_random_medium_flat_relative_v2_seed2_ppo_shaped_v2_1.csv
shaped_v2_pruned_shots_random_medium_flat_relative_v2,shaped_v2_pruned_shots_random_medium_flat_relative_v2_seed2_ppo_shaped_v2_1 (1),shaped_v2,pruned_shots,random_medium,flat,relative_v2,2,215040,0.5799999833106995,1791271216.5254912,shaped_v2_pruned_shots_random_medium_flat_relative_v2_seed2_ppo_shaped_v2_1 (1).csv
shaped_v2_pruned_shots_random_medium_flat_relative_v2,shaped_v2_pruned_shots_random_medium_flat_relative_v2_seed2_ppo_shaped_v2_1,shaped_v2,pruned_shots,random_medium,flat,relative_v2,2,215040,0.5799999833106995,1791271216.5254912,shaped_v2_pruned_shots_random_medium_flat_relative_v2_seed2_ppo_shaped_v2_1.csv
shaped_v2_pruned_shots_random_medium_flat_relative_v2,shaped_v2_pruned_shots_random_medium_flat_relative_v2_seed2_ppo_shaped_v2_1 (1),shaped_v2,pruned_shots,random_medium,flat,relative_v2,2,220160,0.5699999928474426,1791271223.9642158,shaped_v2_pruned_shots_random_medium_flat_relative_v2_seed2_ppo_shaped_v2_1 (1).csv
shaped_v2_pruned_shots_random_medium_flat_relative_v2,shaped_v2_pruned_shots_random_medium_flat_relative_v2_seed2_ppo_shaped_v2_1,shaped_v2,pruned_shots,random_medium,flat,relative_v2,2,220160,0.5699999928474426,1791271223.9642158,shaped_v2_pruned_shots_random_medium_flat_relative_v2_seed2_ppo_shaped_v2_1.csv
shaped_v2_pruned_shots_random_medium_flat_relative_v2,shaped_v2_pruned_shots_random_medium_flat_relative_v2_seed2_ppo_shaped_v2_1 (1),shaped_v2,pruned_shots,random_medium,flat,relative_v2,2,225280,0.5099999904632568,1791271231.512384,shaped_v2_pruned_shots_random_medium_flat_relative_v2_seed2_ppo_shaped_v2_1 (1).csv
shaped_v2_pruned_shots_random_medium_flat_relative_v2,shaped_v2_pruned_shots_random_medium_flat_relative_v2_seed2_ppo_shaped_v2_1,shaped_v2,pruned_shots,random_medium,flat,relative_v2,2,225280,0.5099999904632568,1791271231.512384,shaped_v2_pruned_shots_random_medium_flat_relative_v2_seed2_ppo_shaped_v2_1.csv
shaped_v2_pruned_shots_random_medium_flat_relative_v2,shaped_v2_pruned_shots_random_medium_flat_relative_v2_seed2_ppo_shaped_v2_1 (1),shaped_v2,pruned_shots,random_medium,flat,relative_v2,2,230400,0.5299999713897705,1791271239.0524185,shaped_v2_pruned_shots_random_medium_flat_relative_v2_seed2_ppo_shaped_v2_1 (1).csv
shaped_v2_pruned_shots_random_medium_flat_relative_v2,shaped_v2_pruned_shots_random_medium_flat_relative_v2_seed2_ppo_shaped_v2_1,shaped_v2,pruned_shots,random_medium,flat,relative_v2,2,230400,0.5299999713897705,1791271239.0524185,shaped_v2_pruned_shots_random_medium_flat_relative_v2_seed2_ppo_shaped_v2_1.csv
shaped_v2_pruned_shots_random_medium_flat_relative_v2,shaped_v2_pruned_shots_random_medium_flat_relative_v2_seed2_ppo_shaped_v2_1 (1),shaped_v2,pruned_shots,random_medium,flat,relative_v2,2,235520,0.5699999928474426,1791271246.549276,shaped_v2_pruned_shots_random_medium_flat_relative_v2_seed2_ppo_shaped_v2_1 (1).csv
shaped_v2_pruned_shots_random_medium_flat_relative_v2,shaped_v2_pruned_shots_random_medium_flat_relative_v2_seed2_ppo_shaped_v2_1,shaped_v2,pruned_shots,random_medium,flat,relative_v2,2,235520,0.5699999928474426,1791271246.549276,shaped_v2_pruned_shots_random_medium_flat_relative_v2_seed2_ppo_shaped_v2_1.csv
shaped_v2_pruned_shots_random_medium_flat_relative_v2,shaped_v2_pruned_shots_random_medium_flat_relative_v2_seed2_ppo_shaped_v2_1 (1),shaped_v2,pruned_shots,random_medium,flat,relative_v2,2,240640,0.5799999833106995,1791271254.0660274,shaped_v2_pruned_shots_random_medium_flat_relative_v2_seed2_ppo_shaped_v2_1 (1).csv
shaped_v2_pruned_shots_random_medium_flat_relative_v2,shaped_v2_pruned_shots_random_medium_flat_relative_v2_seed2_ppo_shaped_v2_1,shaped_v2,pruned_shots,random_medium,flat,relative_v2,2,240640,0.5799999833106995,1791271254.0660274,shaped_v2_pruned_shots_random_medium_flat_relative_v2_seed2_ppo_shaped_v2_1.csv
shaped_v2_pruned_shots_random_medium_flat_relative_v2,shaped_v2_pruned_shots_random_medium_flat_relative_v2_seed2_ppo_shaped_v2_1 (1),shaped_v2,pruned_shots,random_medium,flat,relative_v2,2,245760,0.5299999713897705,1791271261.499826,shaped_v2_pruned_shots_random_medium_flat_relative_v2_seed2_ppo_shaped_v2_1 (1).csv
shaped_v2_pruned_shots_random_medium_flat_relative_v2,shaped_v2_pruned_shots_random_medium_flat_relative_v2_seed2_ppo_shaped_v2_1,shaped_v2,pruned_shots,random_medium,flat,relative_v2,2,245760,0.5299999713897705,1791271261.499826,shaped_v2_pruned_shots_random_medium_flat_relative_v2_seed2_ppo_shaped_v2_1.csv
shaped_v2_pruned_shots_random_medium_flat_relative_v2,shaped_v2_pruned_shots_random_medium_flat_relative_v2_seed2_ppo_shaped_v2_1 (1),shaped_v2,pruned_shots,random_medium,flat,relative_v2,2,250880,0.5600000023841858,1791271269.1126893,shaped_v2_pruned_shots_random_medium_flat_relative_v2_seed2_ppo_shaped_v2_1 (1).csv
shaped_v2_pruned_shots_random_medium_flat_relative_v2,shaped_v2_pruned_shots_random_medium_flat_relative_v2_seed2_ppo_shaped_v2_1,shaped_v2,pruned_shots,random_medium,flat,relative_v2,2,250880,0.5600000023841858,1791271269.1126893,shaped_v2_pruned_shots_random_medium_flat_relative_v2_seed2_ppo_shaped_v2_1.csv
shaped_v2_pruned_shots_random_medium_flat_relative_v2,shaped_v2_pruned_shots_random_medium_flat_relative_v2_seed2_ppo_shaped_v2_1 (1),shaped_v2,pruned_shots,random_medium,flat,relative_v2,2,256000,0.550000011920929,1791271276.6622465,shaped_v2_pruned_shots_random_medium_flat_relative_v2_seed2_ppo_shaped_v2_1 (1).csv
shaped_v2_pruned_shots_random_medium_flat_relative_v2,shaped_v2_pruned_shots_random_medium_flat_relative_v2_seed2_ppo_shaped_v2_1,shaped_v2,pruned_shots,random_medium,flat,relative_v2,2,256000,0.550000011920929,1791271276.6622465,shaped_v2_pruned_shots_random_medium_flat_relative_v2_seed2_ppo_shaped_v2_1.csv
shaped_v2_pruned_shots_random_medium_flat_relative_v2,shaped_v2_pruned_shots_random_medium_flat_relative_v2_seed2_ppo_shaped_v2_1 (1),shaped_v2,pruned_shots,random_medium,flat,relative_v2,2,260096,0.550000011920929,1791271282.7998085,shaped_v2_pruned_shots_random_medium_flat_relative_v2_seed2_ppo_shaped_v2_1 (1).csv
shaped_v2_pruned_shots_random_medium_flat_relative_v2,shaped_v2_pruned_shots_random_medium_flat_relative_v2_seed2_ppo_shaped_v2_1,shaped_v2,pruned_shots,random_medium,flat,relative_v2,2,260096,0.550000011920929,1791271282.7998085,shaped_v2_pruned_shots_random_medium_flat_relative_v2_seed2_ppo_shaped_v2_1.csv
shaped_v2_pruned_shots_random_medium_flat_relative_v2,shaped_v2_pruned_shots_random_medium_flat_relative_v2_seed2_ppo_shaped_v2_1 (1),shaped_v2,pruned_shots,random_medium,flat,relative_v2,2,265216,0.5600000023841858,1791271290.3810816,shaped_v2_pruned_shots_random_medium_flat_relative_v2_seed2_ppo_shaped_v2_1 (1).csv
shaped_v2_pruned_shots_random_medium_flat_relative_v2,shaped_v2_pruned_shots_random_medium_flat_relative_v2_seed2_ppo_shaped_v2_1,shaped_v2,pruned_shots,random_medium,flat,relative_v2,2,265216,0.5600000023841858,1791271290.3810816,shaped_v2_pruned_shots_random_medium_flat_relative_v2_seed2_ppo_shaped_v2_1.csv
shaped_v2_pruned_shots_random_medium_flat_relative_v2,shaped_v2_pruned_shots_random_medium_flat_relative_v2_seed2_ppo_shaped_v2_1 (1),shaped_v2,pruned_shots,random_medium,flat,relative_v2,2,270336,0.5600000023841858,1791271297.8845637,shaped_v2_pruned_shots_random_medium_flat_relative_v2_seed2_ppo_shaped_v2_1 (1).csv
shaped_v2_pruned_shots_random_medium_flat_relative_v2,shaped_v2_pruned_shots_random_medium_flat_relative_v2_seed2_ppo_shaped_v2_1,shaped_v2,pruned_shots,random_medium,flat,relative_v2,2,270336,0.5600000023841858,1791271297.8845637,shaped_v2_pruned_shots_random_medium_flat_relative_v2_seed2_ppo_shaped_v2_1.csv
shaped_v2_pruned_shots_random_medium_flat_relative_v2,shaped_v2_pruned_shots_random_medium_flat_relative_v2_seed2_ppo_shaped_v2_1 (1),shaped_v2,pruned_shots,random_medium,flat,relative_v2,2,275456,0.550000011920929,1791271305.385375,shaped_v2_pruned_shots_random_medium_flat_relative_v2_seed2_ppo_shaped_v2_1 (1).csv
shaped_v2_pruned_shots_random_medium_flat_relative_v2,shaped_v2_pruned_shots_random_medium_flat_relative_v2_seed2_ppo_shaped_v2_1,shaped_v2,pruned_shots,random_medium,flat,relative_v2,2,275456,0.550000011920929,1791271305.385375,shaped_v2_pruned_shots_random_medium_flat_relative_v2_seed2_ppo_shaped_v2_1.csv
shaped_v2_pruned_shots_random_medium_flat_relative_v2,shaped_v2_pruned_shots_random_medium_flat_relative_v2_seed2_ppo_shaped_v2_1 (1),shaped_v2,pruned_shots,random_medium,flat,relative_v2,2,280576,0.5400000214576721,1791271313.0162191,shaped_v2_pruned_shots_random_medium_flat_relative_v2_seed2_ppo_shaped_v2_1 (1).csv
shaped_v2_pruned_shots_random_medium_flat_relative_v2,shaped_v2_pruned_shots_random_medium_flat_relative_v2_seed2_ppo_shaped_v2_1,shaped_v2,pruned_shots,random_medium,flat,relative_v2,2,280576,0.5400000214576721,1791271313.0162191,shaped_v2_pruned_shots_random_medium_flat_relative_v2_seed2_ppo_shaped_v2_1.csv
shaped_v2_pruned_shots_random_medium_flat_relative_v2,shaped_v2_pruned_shots_random_medium_flat_relative_v2_seed2_ppo_shaped_v2_1 (1),shaped_v2,pruned_shots,random_medium,flat,relative_v2,2,285696,0.5400000214576721,1791271320.5720606,shaped_v2_pruned_shots_random_medium_flat_relative_v2_seed2_ppo_shaped_v2_1 (1).csv
shaped_v2_pruned_shots_random_medium_flat_relative_v2,shaped_v2_pruned_shots_random_medium_flat_relative_v2_seed2_ppo_shaped_v2_1,shaped_v2,pruned_shots,random_medium,flat,relative_v2,2,285696,0.5400000214576721,1791271320.5720606,shaped_v2_pruned_shots_random_medium_flat_relative_v2_seed2_ppo_shaped_v2_1.csv
shaped_v2_pruned_shots_random_medium_flat_relative_v2,shaped_v2_pruned_shots_random_medium_flat_relative_v2_seed2_ppo_shaped_v2_1 (1),shaped_v2,pruned_shots,random_medium,flat,relative_v2,2,290816,0.5400000214576721,1791271328.117321,shaped_v2_pruned_shots_random_medium_flat_relative_v2_seed2_ppo_shaped_v2_1 (1).csv
shaped_v2_pruned_shots_random_medium_flat_relative_v2,shaped_v2_pruned_shots_random_medium_flat_relative_v2_seed2_ppo_shaped_v2_1,shaped_v2,pruned_shots,random_medium,flat,relative_v2,2,290816,0.5400000214576721,1791271328.117321,shaped_v2_pruned_shots_random_medium_flat_relative_v2_seed2_ppo_shaped_v2_1.csv
shaped_v2_pruned_shots_random_medium_flat_relative_v2,shaped_v2_pruned_shots_random_medium_flat_relative_v2_seed2_ppo_shaped_v2_1 (1),shaped_v2,pruned_shots,random_medium,flat,relative_v2,2,295936,0.550000011920929,1791271335.7274044,shaped_v2_pruned_shots_random_medium_flat_relative_v2_seed2_ppo_shaped_v2_1 (1).csv
shaped_v2_pruned_shots_random_medium_flat_relative_v2,shaped_v2_pruned_shots_random_medium_flat_relative_v2_seed2_ppo_shaped_v2_1,shaped_v2,pruned_shots,random_medium,flat,relative_v2,2,295936,0.550000011920929,1791271335.7274044,shaped_v2_pruned_shots_random_medium_flat_relative_v2_seed2_ppo_shaped_v2_1.csv
shaped_v2_pruned_shots_random_medium_flat_relative_v2,shaped_v2_pruned_shots_random_medium_flat_relative_v2_seed2_ppo_shaped_v2_1 (1),shaped_v2,pruned_shots,random_medium,flat,relative_v2,2,300032,0.5600000023841858,1791271341.900669,shaped_v2_pruned_shots_random_medium_flat_relative_v2_seed2_ppo_shaped_v2_1 (1).csv
shaped_v2_pruned_shots_random_medium_flat_relative_v2,shaped_v2_pruned_shots_random_medium_flat_relative_v2_seed2_ppo_shaped_v2_1,shaped_v2,pruned_shots,random_medium,flat,relative_v2,2,300032,0.5600000023841858,1791271341.900669,shaped_v2_pruned_shots_random_medium_flat_relative_v2_seed2_ppo_shaped_v2_1.csv
shaped_v2_pruned_shots_random_medium_flat_relative_v2,shaped_v2_pruned_shots_random_medium_flat_relative_v2_seed3_ppo_shaped_v2_1,shaped_v2,pruned_shots,random_medium,flat,relative_v2,3,5120,0.05000000074505806,1791271368.080024,shaped_v2_pruned_shots_random_medium_flat_relative_v2_seed3_ppo_shaped_v2_1.csv
shaped_v2_pruned_shots_random_medium_flat_relative_v2,shaped_v2_pruned_shots_random_medium_flat_relative_v2_seed3_ppo_shaped_v2_1,shaped_v2,pruned_shots,random_medium,flat,relative_v2,3,10240,0.1599999964237213,1791271375.6601658,shaped_v2_pruned_shots_random_medium_flat_relative_v2_seed3_ppo_shaped_v2_1.csv
shaped_v2_pruned_shots_random_medium_flat_relative_v2,shaped_v2_pruned_shots_random_medium_flat_relative_v2_seed3_ppo_shaped_v2_1,shaped_v2,pruned_shots,random_medium,flat,relative_v2,3,15360,0.23999999463558197,1791271383.355737,shaped_v2_pruned_shots_random_medium_flat_relative_v2_seed3_ppo_shaped_v2_1.csv
shaped_v2_pruned_shots_random_medium_flat_relative_v2,shaped_v2_pruned_shots_random_medium_flat_relative_v2_seed3_ppo_shaped_v2_1,shaped_v2,pruned_shots,random_medium,flat,relative_v2,3,20480,0.23999999463558197,1791271390.9804018,shaped_v2_pruned_shots_random_medium_flat_relative_v2_seed3_ppo_shaped_v2_1.csv
shaped_v2_pruned_shots_random_medium_flat_relative_v2,shaped_v2_pruned_shots_random_medium_flat_relative_v2_seed3_ppo_shaped_v2_1,shaped_v2,pruned_shots,random_medium,flat,relative_v2,3,25600,0.25,1791271398.545966,shaped_v2_pruned_shots_random_medium_flat_relative_v2_seed3_ppo_shaped_v2_1.csv
shaped_v2_pruned_shots_random_medium_flat_relative_v2,shaped_v2_pruned_shots_random_medium_flat_relative_v2_seed3_ppo_shaped_v2_1,shaped_v2,pruned_shots,random_medium,flat,relative_v2,3,30720,0.28999999165534973,1791271406.1821628,shaped_v2_pruned_shots_random_medium_flat_relative_v2_seed3_ppo_shaped_v2_1.csv
shaped_v2_pruned_shots_random_medium_flat_relative_v2,shaped_v2_pruned_shots_random_medium_flat_relative_v2_seed3_ppo_shaped_v2_1,shaped_v2,pruned_shots,random_medium,flat,relative_v2,3,35840,0.33000001311302185,1791271413.9050355,shaped_v2_pruned_shots_random_medium_flat_relative_v2_seed3_ppo_shaped_v2_1.csv
shaped_v2_pruned_shots_random_medium_flat_relative_v2,shaped_v2_pruned_shots_random_medium_flat_relative_v2_seed3_ppo_shaped_v2_1,shaped_v2,pruned_shots,random_medium,flat,relative_v2,3,40960,0.3499999940395355,1791271421.606443,shaped_v2_pruned_shots_random_medium_flat_relative_v2_seed3_ppo_shaped_v2_1.csv
shaped_v2_pruned_shots_random_medium_flat_relative_v2,shaped_v2_pruned_shots_random_medium_flat_relative_v2_seed3_ppo_shaped_v2_1,shaped_v2,pruned_shots,random_medium,flat,relative_v2,3,45056,0.3799999952316284,1791271427.8115964,shaped_v2_pruned_shots_random_medium_flat_relative_v2_seed3_ppo_shaped_v2_1.csv
shaped_v2_pruned_shots_random_medium_flat_relative_v2,shaped_v2_pruned_shots_random_medium_flat_relative_v2_seed3_ppo_shaped_v2_1,shaped_v2,pruned_shots,random_medium,flat,relative_v2,3,50176,0.4000000059604645,1791271435.546322,shaped_v2_pruned_shots_random_medium_flat_relative_v2_seed3_ppo_shaped_v2_1.csv
shaped_v2_pruned_shots_random_medium_flat_relative_v2,shaped_v2_pruned_shots_random_medium_flat_relative_v2_seed3_ppo_shaped_v2_1,shaped_v2,pruned_shots,random_medium,flat,relative_v2,3,55296,0.41999998688697815,1791271443.1044333,shaped_v2_pruned_shots_random_medium_flat_relative_v2_seed3_ppo_shaped_v2_1.csv
shaped_v2_pruned_shots_random_medium_flat_relative_v2,shaped_v2_pruned_shots_random_medium_flat_relative_v2_seed3_ppo_shaped_v2_1,shaped_v2,pruned_shots,random_medium,flat,relative_v2,3,60416,0.4300000071525574,1791271450.716891,shaped_v2_pruned_shots_random_medium_flat_relative_v2_seed3_ppo_shaped_v2_1.csv
shaped_v2_pruned_shots_random_medium_flat_relative_v2,shaped_v2_pruned_shots_random_medium_flat_relative_v2_seed3_ppo_shaped_v2_1,shaped_v2,pruned_shots,random_medium,flat,relative_v2,3,65536,0.4300000071525574,1791271458.320347,shaped_v2_pruned_shots_random_medium_flat_relative_v2_seed3_ppo_shaped_v2_1.csv
shaped_v2_pruned_shots_random_medium_flat_relative_v2,shaped_v2_pruned_shots_random_medium_flat_relative_v2_seed3_ppo_shaped_v2_1,shaped_v2,pruned_shots,random_medium,flat,relative_v2,3,70656,0.4399999976158142,1791271465.9534605,shaped_v2_pruned_shots_random_medium_flat_relative_v2_seed3_ppo_shaped_v2_1.csv
shaped_v2_pruned_shots_random_medium_flat_relative_v2,shaped_v2_pruned_shots_random_medium_flat_relative_v2_seed3_ppo_shaped_v2_1,shaped_v2,pruned_shots,random_medium,flat,relative_v2,3,75776,0.41999998688697815,1791271473.5923114,shaped_v2_pruned_shots_random_medium_flat_relative_v2_seed3_ppo_shaped_v2_1.csv
shaped_v2_pruned_shots_random_medium_flat_relative_v2,shaped_v2_pruned_shots_random_medium_flat_relative_v2_seed3_ppo_shaped_v2_1,shaped_v2,pruned_shots,random_medium,flat,relative_v2,3,80896,0.44999998807907104,1791271481.1849117,shaped_v2_pruned_shots_random_medium_flat_relative_v2_seed3_ppo_shaped_v2_1.csv
shaped_v2_pruned_shots_random_medium_flat_relative_v2,shaped_v2_pruned_shots_random_medium_flat_relative_v2_seed3_ppo_shaped_v2_1,shaped_v2,pruned_shots,random_medium,flat,relative_v2,3,86016,0.4699999988079071,1791271488.8524473,shaped_v2_pruned_shots_random_medium_flat_relative_v2_seed3_ppo_shaped_v2_1.csv
shaped_v2_pruned_shots_random_medium_flat_relative_v2,shaped_v2_pruned_shots_random_medium_flat_relative_v2_seed3_ppo_shaped_v2_1,shaped_v2,pruned_shots,random_medium,flat,relative_v2,3,90112,0.47999998927116394,1791271495.0256057,shaped_v2_pruned_shots_random_medium_flat_relative_v2_seed3_ppo_shaped_v2_1.csv
shaped_v2_pruned_shots_random_medium_flat_relative_v2,shaped_v2_pruned_shots_random_medium_flat_relative_v2_seed3_ppo_shaped_v2_1,shaped_v2,pruned_shots,random_medium,flat,relative_v2,3,95232,0.5,1791271502.5056627,shaped_v2_pruned_shots_random_medium_flat_relative_v2_seed3_ppo_shaped_v2_1.csv
shaped_v2_pruned_shots_random_medium_flat_relative_v2,shaped_v2_pruned_shots_random_medium_flat_relative_v2_seed3_ppo_shaped_v2_1,shaped_v2,pruned_shots,random_medium,flat,relative_v2,3,100352,0.44999998807907104,1791271510.094096,shaped_v2_pruned_shots_random_medium_flat_relative_v2_seed3_ppo_shaped_v2_1.csv
shaped_v2_pruned_shots_random_medium_flat_relative_v2,shaped_v2_pruned_shots_random_medium_flat_relative_v2_seed3_ppo_shaped_v2_1,shaped_v2,pruned_shots,random_medium,flat,relative_v2,3,105472,0.5,1791271517.7275999,shaped_v2_pruned_shots_random_medium_flat_relative_v2_seed3_ppo_shaped_v2_1.csv
shaped_v2_pruned_shots_random_medium_flat_relative_v2,shaped_v2_pruned_shots_random_medium_flat_relative_v2_seed3_ppo_shaped_v2_1,shaped_v2,pruned_shots,random_medium,flat,relative_v2,3,110592,0.49000000953674316,1791271525.367173,shaped_v2_pruned_shots_random_medium_flat_relative_v2_seed3_ppo_shaped_v2_1.csv
shaped_v2_pruned_shots_random_medium_flat_relative_v2,shaped_v2_pruned_shots_random_medium_flat_relative_v2_seed3_ppo_shaped_v2_1,shaped_v2,pruned_shots,random_medium,flat,relative_v2,3,115712,0.5,1791271532.9815998,shaped_v2_pruned_shots_random_medium_flat_relative_v2_seed3_ppo_shaped_v2_1.csv
shaped_v2_pruned_shots_random_medium_flat_relative_v2,shaped_v2_pruned_shots_random_medium_flat_relative_v2_seed3_ppo_shaped_v2_1,shaped_v2,pruned_shots,random_medium,flat,relative_v2,3,120832,0.5,1791271540.7110128,shaped_v2_pruned_shots_random_medium_flat_relative_v2_seed3_ppo_shaped_v2_1.csv
shaped_v2_pruned_shots_random_medium_flat_relative_v2,shaped_v2_pruned_shots_random_medium_flat_relative_v2_seed3_ppo_shaped_v2_1,shaped_v2,pruned_shots,random_medium,flat,relative_v2,3,125952,0.5199999809265137,1791271548.182276,shaped_v2_pruned_shots_random_medium_flat_relative_v2_seed3_ppo_shaped_v2_1.csv
shaped_v2_pruned_shots_random_medium_flat_relative_v2,shaped_v2_pruned_shots_random_medium_flat_relative_v2_seed3_ppo_shaped_v2_1,shaped_v2,pruned_shots,random_medium,flat,relative_v2,3,130048,0.49000000953674316,1791271554.2370355,shaped_v2_pruned_shots_random_medium_flat_relative_v2_seed3_ppo_shaped_v2_1.csv
shaped_v2_pruned_shots_random_medium_flat_relative_v2,shaped_v2_pruned_shots_random_medium_flat_relative_v2_seed3_ppo_shaped_v2_1,shaped_v2,pruned_shots,random_medium,flat,relative_v2,3,135168,0.5299999713897705,1791271561.7337852,shaped_v2_pruned_shots_random_medium_flat_relative_v2_seed3_ppo_shaped_v2_1.csv
shaped_v2_pruned_shots_random_medium_flat_relative_v2,shaped_v2_pruned_shots_random_medium_flat_relative_v2_seed3_ppo_shaped_v2_1,shaped_v2,pruned_shots,random_medium,flat,relative_v2,3,140288,0.5699999928474426,1791271569.2721896,shaped_v2_pruned_shots_random_medium_flat_relative_v2_seed3_ppo_shaped_v2_1.csv
shaped_v2_pruned_shots_random_medium_flat_relative_v2,shaped_v2_pruned_shots_random_medium_flat_relative_v2_seed3_ppo_shaped_v2_1,shaped_v2,pruned_shots,random_medium,flat,relative_v2,3,145408,0.5799999833106995,1791271576.7715054,shaped_v2_pruned_shots_random_medium_flat_relative_v2_seed3_ppo_shaped_v2_1.csv
shaped_v2_pruned_shots_random_medium_flat_relative_v2,shaped_v2_pruned_shots_random_medium_flat_relative_v2_seed3_ppo_shaped_v2_1,shaped_v2,pruned_shots,random_medium,flat,relative_v2,3,150528,0.5400000214576721,1791271584.3614664,shaped_v2_pruned_shots_random_medium_flat_relative_v2_seed3_ppo_shaped_v2_1.csv
shaped_v2_pruned_shots_random_medium_flat_relative_v2,shaped_v2_pruned_shots_random_medium_flat_relative_v2_seed3_ppo_shaped_v2_1,shaped_v2,pruned_shots,random_medium,flat,relative_v2,3,155648,0.550000011920929,1791271591.912857,shaped_v2_pruned_shots_random_medium_flat_relative_v2_seed3_ppo_shaped_v2_1.csv
shaped_v2_pruned_shots_random_medium_flat_relative_v2,shaped_v2_pruned_shots_random_medium_flat_relative_v2_seed3_ppo_shaped_v2_1,shaped_v2,pruned_shots,random_medium,flat,relative_v2,3,160768,0.5600000023841858,1791271599.4490652,shaped_v2_pruned_shots_random_medium_flat_relative_v2_seed3_ppo_shaped_v2_1.csv
shaped_v2_pruned_shots_random_medium_flat_relative_v2,shaped_v2_pruned_shots_random_medium_flat_relative_v2_seed3_ppo_shaped_v2_1,shaped_v2,pruned_shots,random_medium,flat,relative_v2,3,165888,0.5600000023841858,1791271607.197867,shaped_v2_pruned_shots_random_medium_flat_relative_v2_seed3_ppo_shaped_v2_1.csv
shaped_v2_pruned_shots_random_medium_flat_relative_v2,shaped_v2_pruned_shots_random_medium_flat_relative_v2_seed3_ppo_shaped_v2_1,shaped_v2,pruned_shots,random_medium,flat,relative_v2,3,171008,0.5699999928474426,1791271614.8910606,shaped_v2_pruned_shots_random_medium_flat_relative_v2_seed3_ppo_shaped_v2_1.csv
shaped_v2_pruned_shots_random_medium_flat_relative_v2,shaped_v2_pruned_shots_random_medium_flat_relative_v2_seed3_ppo_shaped_v2_1,shaped_v2,pruned_shots,random_medium,flat,relative_v2,3,175104,0.5899999737739563,1791271621.1703017,shaped_v2_pruned_shots_random_medium_flat_relative_v2_seed3_ppo_shaped_v2_1.csv
shaped_v2_pruned_shots_random_medium_flat_relative_v2,shaped_v2_pruned_shots_random_medium_flat_relative_v2_seed3_ppo_shaped_v2_1,shaped_v2,pruned_shots,random_medium,flat,relative_v2,3,180224,0.6000000238418579,1791271628.7875657,shaped_v2_pruned_shots_random_medium_flat_relative_v2_seed3_ppo_shaped_v2_1.csv
shaped_v2_pruned_shots_random_medium_flat_relative_v2,shaped_v2_pruned_shots_random_medium_flat_relative_v2_seed3_ppo_shaped_v2_1,shaped_v2,pruned_shots,random_medium,flat,relative_v2,3,185344,0.5400000214576721,1791271636.4057107,shaped_v2_pruned_shots_random_medium_flat_relative_v2_seed3_ppo_shaped_v2_1.csv
shaped_v2_pruned_shots_random_medium_flat_relative_v2,shaped_v2_pruned_shots_random_medium_flat_relative_v2_seed3_ppo_shaped_v2_1,shaped_v2,pruned_shots,random_medium,flat,relative_v2,3,190464,0.49000000953674316,1791271644.0263095,shaped_v2_pruned_shots_random_medium_flat_relative_v2_seed3_ppo_shaped_v2_1.csv
shaped_v2_pruned_shots_random_medium_flat_relative_v2,shaped_v2_pruned_shots_random_medium_flat_relative_v2_seed3_ppo_shaped_v2_1,shaped_v2,pruned_shots,random_medium,flat,relative_v2,3,195584,0.49000000953674316,1791271651.6865036,shaped_v2_pruned_shots_random_medium_flat_relative_v2_seed3_ppo_shaped_v2_1.csv
shaped_v2_pruned_shots_random_medium_flat_relative_v2,shaped_v2_pruned_shots_random_medium_flat_relative_v2_seed3_ppo_shaped_v2_1,shaped_v2,pruned_shots,random_medium,flat,relative_v2,3,200704,0.5600000023841858,1791271659.3714762,shaped_v2_pruned_shots_random_medium_flat_relative_v2_seed3_ppo_shaped_v2_1.csv
shaped_v2_pruned_shots_random_medium_flat_relative_v2,shaped_v2_pruned_shots_random_medium_flat_relative_v2_seed3_ppo_shaped_v2_1,shaped_v2,pruned_shots,random_medium,flat,relative_v2,3,205824,0.550000011920929,1791271667.087514,shaped_v2_pruned_shots_random_medium_flat_relative_v2_seed3_ppo_shaped_v2_1.csv
shaped_v2_pruned_shots_random_medium_flat_relative_v2,shaped_v2_pruned_shots_random_medium_flat_relative_v2_seed3_ppo_shaped_v2_1,shaped_v2,pruned_shots,random_medium,flat,relative_v2,3,210944,0.5600000023841858,1791271674.7929301,shaped_v2_pruned_shots_random_medium_flat_relative_v2_seed3_ppo_shaped_v2_1.csv
shaped_v2_pruned_shots_random_medium_flat_relative_v2,shaped_v2_pruned_shots_random_medium_flat_relative_v2_seed3_ppo_shaped_v2_1,shaped_v2,pruned_shots,random_medium,flat,relative_v2,3,215040,0.5799999833106995,1791271680.978135,shaped_v2_pruned_shots_random_medium_flat_relative_v2_seed3_ppo_shaped_v2_1.csv
shaped_v2_pruned_shots_random_medium_flat_relative_v2,shaped_v2_pruned_shots_random_medium_flat_relative_v2_seed3_ppo_shaped_v2_1,shaped_v2,pruned_shots,random_medium,flat,relative_v2,3,220160,0.5699999928474426,1791271688.599232,shaped_v2_pruned_shots_random_medium_flat_relative_v2_seed3_ppo_shaped_v2_1.csv
shaped_v2_pruned_shots_random_medium_flat_relative_v2,shaped_v2_pruned_shots_random_medium_flat_relative_v2_seed3_ppo_shaped_v2_1,shaped_v2,pruned_shots,random_medium,flat,relative_v2,3,225280,0.6299999952316284,1791271696.2588913,shaped_v2_pruned_shots_random_medium_flat_relative_v2_seed3_ppo_shaped_v2_1.csv
shaped_v2_pruned_shots_random_medium_flat_relative_v2,shaped_v2_pruned_shots_random_medium_flat_relative_v2_seed3_ppo_shaped_v2_1,shaped_v2,pruned_shots,random_medium,flat,relative_v2,3,230400,0.6200000047683716,1791271703.9316852,shaped_v2_pruned_shots_random_medium_flat_relative_v2_seed3_ppo_shaped_v2_1.csv
shaped_v2_pruned_shots_random_medium_flat_relative_v2,shaped_v2_pruned_shots_random_medium_flat_relative_v2_seed3_ppo_shaped_v2_1,shaped_v2,pruned_shots,random_medium,flat,relative_v2,3,235520,0.6200000047683716,1791271711.559736,shaped_v2_pruned_shots_random_medium_flat_relative_v2_seed3_ppo_shaped_v2_1.csv
shaped_v2_pruned_shots_random_medium_flat_relative_v2,shaped_v2_pruned_shots_random_medium_flat_relative_v2_seed3_ppo_shaped_v2_1,shaped_v2,pruned_shots,random_medium,flat,relative_v2,3,240640,0.6299999952316284,1791271719.2268686,shaped_v2_pruned_shots_random_medium_flat_relative_v2_seed3_ppo_shaped_v2_1.csv
shaped_v2_pruned_shots_random_medium_flat_relative_v2,shaped_v2_pruned_shots_random_medium_flat_relative_v2_seed3_ppo_shaped_v2_1,shaped_v2,pruned_shots,random_medium,flat,relative_v2,3,245760,0.6000000238418579,1791271726.9779267,shaped_v2_pruned_shots_random_medium_flat_relative_v2_seed3_ppo_shaped_v2_1.csv
shaped_v2_pruned_shots_random_medium_flat_relative_v2,shaped_v2_pruned_shots_random_medium_flat_relative_v2_seed3_ppo_shaped_v2_1,shaped_v2,pruned_shots,random_medium,flat,relative_v2,3,250880,0.5799999833106995,1791271734.6968868,shaped_v2_pruned_shots_random_medium_flat_relative_v2_seed3_ppo_shaped_v2_1.csv
shaped_v2_pruned_shots_random_medium_flat_relative_v2,shaped_v2_pruned_shots_random_medium_flat_relative_v2_seed3_ppo_shaped_v2_1,shaped_v2,pruned_shots,random_medium,flat,relative_v2,3,256000,0.5699999928474426,1791271742.4040897,shaped_v2_pruned_shots_random_medium_flat_relative_v2_seed3_ppo_shaped_v2_1.csv
shaped_v2_pruned_shots_random_medium_flat_relative_v2,shaped_v2_pruned_shots_random_medium_flat_relative_v2_seed3_ppo_shaped_v2_1,shaped_v2,pruned_shots,random_medium,flat,relative_v2,3,260096,0.5299999713897705,1791271748.655477,shaped_v2_pruned_shots_random_medium_flat_relative_v2_seed3_ppo_shaped_v2_1.csv
shaped_v2_pruned_shots_random_medium_flat_relative_v2,shaped_v2_pruned_shots_random_medium_flat_relative_v2_seed3_ppo_shaped_v2_1,shaped_v2,pruned_shots,random_medium,flat,relative_v2,3,265216,0.5600000023841858,1791271756.4202743,shaped_v2_pruned_shots_random_medium_flat_relative_v2_seed3_ppo_shaped_v2_1.csv
shaped_v2_pruned_shots_random_medium_flat_relative_v2,shaped_v2_pruned_shots_random_medium_flat_relative_v2_seed3_ppo_shaped_v2_1,shaped_v2,pruned_shots,random_medium,flat,relative_v2,3,270336,0.5699999928474426,1791271764.067931,shaped_v2_pruned_shots_random_medium_flat_relative_v2_seed3_ppo_shaped_v2_1.csv
shaped_v2_pruned_shots_random_medium_flat_relative_v2,shaped_v2_pruned_shots_random_medium_flat_relative_v2_seed3_ppo_shaped_v2_1,shaped_v2,pruned_shots,random_medium,flat,relative_v2,3,275456,0.5699999928474426,1791271771.6887617,shaped_v2_pruned_shots_random_medium_flat_relative_v2_seed3_ppo_shaped_v2_1.csv
shaped_v2_pruned_shots_random_medium_flat_relative_v2,shaped_v2_pruned_shots_random_medium_flat_relative_v2_seed3_ppo_shaped_v2_1,shaped_v2,pruned_shots,random_medium,flat,relative_v2,3,280576,0.6000000238418579,1791271779.3971324,shaped_v2_pruned_shots_random_medium_flat_relative_v2_seed3_ppo_shaped_v2_1.csv
shaped_v2_pruned_shots_random_medium_flat_relative_v2,shaped_v2_pruned_shots_random_medium_flat_relative_v2_seed3_ppo_shaped_v2_1,shaped_v2,pruned_shots,random_medium,flat,relative_v2,3,285696,0.550000011920929,1791271787.0247104,shaped_v2_pruned_shots_random_medium_flat_relative_v2_seed3_ppo_shaped_v2_1.csv
shaped_v2_pruned_shots_random_medium_flat_relative_v2,shaped_v2_pruned_shots_random_medium_flat_relative_v2_seed3_ppo_shaped_v2_1,shaped_v2,pruned_shots,random_medium,flat,relative_v2,3,290816,0.5,1791271794.7156205,shaped_v2_pruned_shots_random_medium_flat_relative_v2_seed3_ppo_shaped_v2_1.csv
shaped_v2_pruned_shots_random_medium_flat_relative_v2,shaped_v2_pruned_shots_random_medium_flat_relative_v2_seed3_ppo_shaped_v2_1,shaped_v2,pruned_shots,random_medium,flat,relative_v2,3,295936,0.5400000214576721,1791271802.343042,shaped_v2_pruned_shots_random_medium_flat_relative_v2_seed3_ppo_shaped_v2_1.csv
shaped_v2_pruned_shots_random_medium_flat_relative_v2,shaped_v2_pruned_shots_random_medium_flat_relative_v2_seed3_ppo_shaped_v2_1,shaped_v2,pruned_shots,random_medium,flat,relative_v2,3,300032,0.550000011920929,1791271808.5149393,shaped_v2_pruned_shots_random_medium_flat_relative_v2_seed3_ppo_shaped_v2_1.csv
shaped_v2_pruned_shots_random_medium_flat_relative_v2,shaped_v2_pruned_shots_random_medium_flat_relative_v2_seed42_relv2_smoke_ppo_shaped_v2_2,shaped_v2,pruned_shots,random_medium,flat,relative_v2,42,5120,0.0,1791267424.907469,shaped_v2_pruned_shots_random_medium_flat_relative_v2_seed42_relv2_smoke_ppo_shaped_v2_2.csv
shaped_v2_pruned_shots_random_medium_flat_relative_v2,shaped_v2_pruned_shots_random_medium_flat_relative_v2_seed42_relv2_smoke_ppo_shaped_v2_2,shaped_v2,pruned_shots,random_medium,flat,relative_v2,42,10240,0.10000000149011612,1791267432.9590802,shaped_v2_pruned_shots_random_medium_flat_relative_v2_seed42_relv2_smoke_ppo_shaped_v2_2.csv
shaped_v2_pruned_shots_random_medium_flat_relative_v2,shaped_v2_pruned_shots_random_medium_flat_relative_v2_seed42_relv2_smoke_ppo_shaped_v2_2,shaped_v2,pruned_shots,random_medium,flat,relative_v2,42,15360,0.15000000596046448,1791267440.7156198,shaped_v2_pruned_shots_random_medium_flat_relative_v2_seed42_relv2_smoke_ppo_shaped_v2_2.csv
shaped_v2_pruned_shots_random_medium_flat_relative_v2,shaped_v2_pruned_shots_random_medium_flat_relative_v2_seed42_relv2_smoke_ppo_shaped_v2_2,shaped_v2,pruned_shots,random_medium,flat,relative_v2,42,20480,0.23999999463558197,1791267448.4110875,shaped_v2_pruned_shots_random_medium_flat_relative_v2_seed42_relv2_smoke_ppo_shaped_v2_2.csv
shaped_v2_pruned_shots_random_medium_flat_relative_v2,shaped_v2_pruned_shots_random_medium_flat_relative_v2_seed42_relv2_smoke_ppo_shaped_v2_2,shaped_v2,pruned_shots,random_medium,flat,relative_v2,42,25600,0.27000001072883606,1791267456.0761034,shaped_v2_pruned_shots_random_medium_flat_relative_v2_seed42_relv2_smoke_ppo_shaped_v2_2.csv
shaped_v2_pruned_shots_random_medium_flat_relative_v2,shaped_v2_pruned_shots_random_medium_flat_relative_v2_seed42_relv2_smoke_ppo_shaped_v2_2,shaped_v2,pruned_shots,random_medium,flat,relative_v2,42,30720,0.25999999046325684,1791267463.775854,shaped_v2_pruned_shots_random_medium_flat_relative_v2_seed42_relv2_smoke_ppo_shaped_v2_2.csv
shaped_v2_pruned_shots_random_medium_flat_relative_v2,shaped_v2_pruned_shots_random_medium_flat_relative_v2_seed42_relv2_smoke_ppo_shaped_v2_2,shaped_v2,pruned_shots,random_medium,flat,relative_v2,42,35840,0.33000001311302185,1791267471.42534,shaped_v2_pruned_shots_random_medium_flat_relative_v2_seed42_relv2_smoke_ppo_shaped_v2_2.csv
shaped_v2_pruned_shots_random_medium_flat_relative_v2,shaped_v2_pruned_shots_random_medium_flat_relative_v2_seed42_relv2_smoke_ppo_shaped_v2_2,shaped_v2,pruned_shots,random_medium,flat,relative_v2,42,40960,0.3799999952316284,1791267479.2259293,shaped_v2_pruned_shots_random_medium_flat_relative_v2_seed42_relv2_smoke_ppo_shaped_v2_2.csv
shaped_v2_pruned_shots_random_medium_flat_relative_v2,shaped_v2_pruned_shots_random_medium_flat_relative_v2_seed42_relv2_smoke_ppo_shaped_v2_2,shaped_v2,pruned_shots,random_medium,flat,relative_v2,42,45056,0.33000001311302185,1791267485.713594,shaped_v2_pruned_shots_random_medium_flat_relative_v2_seed42_relv2_smoke_ppo_shaped_v2_2.csv
shaped_v2_pruned_shots_random_medium_flat_relative_v2,shaped_v2_pruned_shots_random_medium_flat_relative_v2_seed42_relv2_smoke_ppo_shaped_v2_2,shaped_v2,pruned_shots,random_medium,flat,relative_v2,42,50176,0.36000001430511475,1791267493.63877,shaped_v2_pruned_shots_random_medium_flat_relative_v2_seed42_relv2_smoke_ppo_shaped_v2_2.csv
shaped_v2_pruned_shots_random_medium_flat_relative_v2,shaped_v2_pruned_shots_random_medium_flat_relative_v2_seed42_relv2_smoke_ppo_shaped_v2_2,shaped_v2,pruned_shots,random_medium,flat,relative_v2,42,55296,0.38999998569488525,1791267501.563938,shaped_v2_pruned_shots_random_medium_flat_relative_v2_seed42_relv2_smoke_ppo_shaped_v2_2.csv
shaped_v2_pruned_shots_random_medium_flat_relative_v2,shaped_v2_pruned_shots_random_medium_flat_relative_v2_seed42_relv2_smoke_ppo_shaped_v2_2,shaped_v2,pruned_shots,random_medium,flat,relative_v2,42,60416,0.4099999964237213,1791267509.3344228,shaped_v2_pruned_shots_random_medium_flat_relative_v2_seed42_relv2_smoke_ppo_shaped_v2_2.csv
shaped_v2_pruned_shots_random_medium_flat_relative_v2,shaped_v2_pruned_shots_random_medium_flat_relative_v2_seed42_relv2_smoke_ppo_shaped_v2_2,shaped_v2,pruned_shots,random_medium,flat,relative_v2,42,65536,0.41999998688697815,1791267517.109787,shaped_v2_pruned_shots_random_medium_flat_relative_v2_seed42_relv2_smoke_ppo_shaped_v2_2.csv
shaped_v2_pruned_shots_random_medium_flat_relative_v2,shaped_v2_pruned_shots_random_medium_flat_relative_v2_seed42_relv2_smoke_ppo_shaped_v2_2,shaped_v2,pruned_shots,random_medium,flat,relative_v2,42,70656,0.4300000071525574,1791267524.7497652,shaped_v2_pruned_shots_random_medium_flat_relative_v2_seed42_relv2_smoke_ppo_shaped_v2_2.csv
shaped_v2_pruned_shots_random_medium_flat_relative_v2,shaped_v2_pruned_shots_random_medium_flat_relative_v2_seed42_relv2_smoke_ppo_shaped_v2_2,shaped_v2,pruned_shots,random_medium,flat,relative_v2,42,75776,0.46000000834465027,1791267532.2903204,shaped_v2_pruned_shots_random_medium_flat_relative_v2_seed42_relv2_smoke_ppo_shaped_v2_2.csv
shaped_v2_pruned_shots_random_medium_flat_relative_v2,shaped_v2_pruned_shots_random_medium_flat_relative_v2_seed42_relv2_smoke_ppo_shaped_v2_2,shaped_v2,pruned_shots,random_medium,flat,relative_v2,42,80896,0.46000000834465027,1791267540.0198114,shaped_v2_pruned_shots_random_medium_flat_relative_v2_seed42_relv2_smoke_ppo_shaped_v2_2.csv
shaped_v2_pruned_shots_random_medium_flat_relative_v2,shaped_v2_pruned_shots_random_medium_flat_relative_v2_seed42_relv2_smoke_ppo_shaped_v2_2,shaped_v2,pruned_shots,random_medium,flat,relative_v2,42,86016,0.4399999976158142,1791267547.7815034,shaped_v2_pruned_shots_random_medium_flat_relative_v2_seed42_relv2_smoke_ppo_shaped_v2_2.csv
shaped_v2_pruned_shots_random_medium_flat_relative_v2,shaped_v2_pruned_shots_random_medium_flat_relative_v2_seed42_relv2_smoke_ppo_shaped_v2_2,shaped_v2,pruned_shots,random_medium,flat,relative_v2,42,90112,0.44999998807907104,1791267554.1377246,shaped_v2_pruned_shots_random_medium_flat_relative_v2_seed42_relv2_smoke_ppo_shaped_v2_2.csv
shaped_v2_pruned_shots_random_medium_flat_relative_v2,shaped_v2_pruned_shots_random_medium_flat_relative_v2_seed42_relv2_smoke_ppo_shaped_v2_2,shaped_v2,pruned_shots,random_medium,flat,relative_v2,42,95232,0.4699999988079071,1791267561.8646538,shaped_v2_pruned_shots_random_medium_flat_relative_v2_seed42_relv2_smoke_ppo_shaped_v2_2.csv
shaped_v2_pruned_shots_random_medium_flat_relative_v2,shaped_v2_pruned_shots_random_medium_flat_relative_v2_seed42_relv2_smoke_ppo_shaped_v2_2,shaped_v2,pruned_shots,random_medium,flat,relative_v2,42,100352,0.4300000071525574,1791267569.7405546,shaped_v2_pruned_shots_random_medium_flat_relative_v2_seed42_relv2_smoke_ppo_shaped_v2_2.csv
shaped_v2_pruned_shots_random_medium_flat_relative_v2,shaped_v2_pruned_shots_random_medium_flat_relative_v2_seed42_relv2_smoke_ppo_shaped_v2_2,shaped_v2,pruned_shots,random_medium,flat,relative_v2,42,105472,0.46000000834465027,1791267577.325289,shaped_v2_pruned_shots_random_medium_flat_relative_v2_seed42_relv2_smoke_ppo_shaped_v2_2.csv
shaped_v2_pruned_shots_random_medium_flat_relative_v2,shaped_v2_pruned_shots_random_medium_flat_relative_v2_seed42_relv2_smoke_ppo_shaped_v2_2,shaped_v2,pruned_shots,random_medium,flat,relative_v2,42,110592,0.49000000953674316,1791267584.9602888,shaped_v2_pruned_shots_random_medium_flat_relative_v2_seed42_relv2_smoke_ppo_shaped_v2_2.csv
shaped_v2_pruned_shots_random_medium_flat_relative_v2,shaped_v2_pruned_shots_random_medium_flat_relative_v2_seed42_relv2_smoke_ppo_shaped_v2_2,shaped_v2,pruned_shots,random_medium,flat,relative_v2,42,115712,0.4699999988079071,1791267592.5139422,shaped_v2_pruned_shots_random_medium_flat_relative_v2_seed42_relv2_smoke_ppo_shaped_v2_2.csv
shaped_v2_pruned_shots_random_medium_flat_relative_v2,shaped_v2_pruned_shots_random_medium_flat_relative_v2_seed42_relv2_smoke_ppo_shaped_v2_2,shaped_v2,pruned_shots,random_medium,flat,relative_v2,42,120832,0.49000000953674316,1791267600.047875,shaped_v2_pruned_shots_random_medium_flat_relative_v2_seed42_relv2_smoke_ppo_shaped_v2_2.csv
shaped_v2_pruned_shots_random_medium_flat_relative_v2,shaped_v2_pruned_shots_random_medium_flat_relative_v2_seed42_relv2_smoke_ppo_shaped_v2_2,shaped_v2,pruned_shots,random_medium,flat,relative_v2,42,125952,0.5,1791267607.6294048,shaped_v2_pruned_shots_random_medium_flat_relative_v2_seed42_relv2_smoke_ppo_shaped_v2_2.csv
shaped_v2_pruned_shots_random_medium_flat_relative_v2,shaped_v2_pruned_shots_random_medium_flat_relative_v2_seed42_relv2_smoke_ppo_shaped_v2_2,shaped_v2,pruned_shots,random_medium,flat,relative_v2,42,130048,0.46000000834465027,1791267613.7422428,shaped_v2_pruned_shots_random_medium_flat_relative_v2_seed42_relv2_smoke_ppo_shaped_v2_2.csv
shaped_v2_pruned_shots_random_medium_flat_relative_v2,shaped_v2_pruned_shots_random_medium_flat_relative_v2_seed42_relv2_smoke_ppo_shaped_v2_2,shaped_v2,pruned_shots,random_medium,flat,relative_v2,42,135168,0.47999998927116394,1791267621.2521298,shaped_v2_pruned_shots_random_medium_flat_relative_v2_seed42_relv2_smoke_ppo_shaped_v2_2.csv
shaped_v2_pruned_shots_random_medium_flat_relative_v2,shaped_v2_pruned_shots_random_medium_flat_relative_v2_seed42_relv2_smoke_ppo_shaped_v2_2,shaped_v2,pruned_shots,random_medium,flat,relative_v2,42,140288,0.4399999976158142,1791267628.8217785,shaped_v2_pruned_shots_random_medium_flat_relative_v2_seed42_relv2_smoke_ppo_shaped_v2_2.csv
shaped_v2_pruned_shots_random_medium_flat_relative_v2,shaped_v2_pruned_shots_random_medium_flat_relative_v2_seed42_relv2_smoke_ppo_shaped_v2_2,shaped_v2,pruned_shots,random_medium,flat,relative_v2,42,145408,0.5,1791267636.293033,shaped_v2_pruned_shots_random_medium_flat_relative_v2_seed42_relv2_smoke_ppo_shaped_v2_2.csv
shaped_v2_pruned_shots_random_medium_flat_relative_v2,shaped_v2_pruned_shots_random_medium_flat_relative_v2_seed42_relv2_smoke_ppo_shaped_v2_2,shaped_v2,pruned_shots,random_medium,flat,relative_v2,42,150528,0.5199999809265137,1791267643.7996986,shaped_v2_pruned_shots_random_medium_flat_relative_v2_seed42_relv2_smoke_ppo_shaped_v2_2.csv
shaped_v2_pruned_shots_random_medium_flat_relative_v2,shaped_v2_pruned_shots_random_medium_flat_relative_v2_seed42_relv2_smoke_ppo_shaped_v2_2,shaped_v2,pruned_shots,random_medium,flat,relative_v2,42,155648,0.5099999904632568,1791267651.3424702,shaped_v2_pruned_shots_random_medium_flat_relative_v2_seed42_relv2_smoke_ppo_shaped_v2_2.csv
shaped_v2_pruned_shots_random_medium_flat_relative_v2,shaped_v2_pruned_shots_random_medium_flat_relative_v2_seed42_relv2_smoke_ppo_shaped_v2_2,shaped_v2,pruned_shots,random_medium,flat,relative_v2,42,160768,0.5400000214576721,1791267658.9308522,shaped_v2_pruned_shots_random_medium_flat_relative_v2_seed42_relv2_smoke_ppo_shaped_v2_2.csv
shaped_v2_pruned_shots_random_medium_flat_relative_v2,shaped_v2_pruned_shots_random_medium_flat_relative_v2_seed42_relv2_smoke_ppo_shaped_v2_2,shaped_v2,pruned_shots,random_medium,flat,relative_v2,42,165888,0.5400000214576721,1791267666.4815729,shaped_v2_pruned_shots_random_medium_flat_relative_v2_seed42_relv2_smoke_ppo_shaped_v2_2.csv
shaped_v2_pruned_shots_random_medium_flat_relative_v2,shaped_v2_pruned_shots_random_medium_flat_relative_v2_seed42_relv2_smoke_ppo_shaped_v2_2,shaped_v2,pruned_shots,random_medium,flat,relative_v2,42,171008,0.5600000023841858,1791267674.2617176,shaped_v2_pruned_shots_random_medium_flat_relative_v2_seed42_relv2_smoke_ppo_shaped_v2_2.csv
shaped_v2_pruned_shots_random_medium_flat_relative_v2,shaped_v2_pruned_shots_random_medium_flat_relative_v2_seed42_relv2_smoke_ppo_shaped_v2_2,shaped_v2,pruned_shots,random_medium,flat,relative_v2,42,175104,0.49000000953674316,1791267680.5204673,shaped_v2_pruned_shots_random_medium_flat_relative_v2_seed42_relv2_smoke_ppo_shaped_v2_2.csv
shaped_v2_pruned_shots_random_medium_flat_relative_v2,shaped_v2_pruned_shots_random_medium_flat_relative_v2_seed42_relv2_smoke_ppo_shaped_v2_2,shaped_v2,pruned_shots,random_medium,flat,relative_v2,42,180224,0.550000011920929,1791267688.1687908,shaped_v2_pruned_shots_random_medium_flat_relative_v2_seed42_relv2_smoke_ppo_shaped_v2_2.csv
shaped_v2_pruned_shots_random_medium_flat_relative_v2,shaped_v2_pruned_shots_random_medium_flat_relative_v2_seed42_relv2_smoke_ppo_shaped_v2_2,shaped_v2,pruned_shots,random_medium,flat,relative_v2,42,185344,0.5400000214576721,1791267695.893933,shaped_v2_pruned_shots_random_medium_flat_relative_v2_seed42_relv2_smoke_ppo_shaped_v2_2.csv
shaped_v2_pruned_shots_random_medium_flat_relative_v2,shaped_v2_pruned_shots_random_medium_flat_relative_v2_seed42_relv2_smoke_ppo_shaped_v2_2,shaped_v2,pruned_shots,random_medium,flat,relative_v2,42,190464,0.6100000143051147,1791267703.674471,shaped_v2_pruned_shots_random_medium_flat_relative_v2_seed42_relv2_smoke_ppo_shaped_v2_2.csv
shaped_v2_pruned_shots_random_medium_flat_relative_v2,shaped_v2_pruned_shots_random_medium_flat_relative_v2_seed42_relv2_smoke_ppo_shaped_v2_2,shaped_v2,pruned_shots,random_medium,flat,relative_v2,42,195584,0.550000011920929,1791267711.342322,shaped_v2_pruned_shots_random_medium_flat_relative_v2_seed42_relv2_smoke_ppo_shaped_v2_2.csv
shaped_v2_pruned_shots_random_medium_flat_relative_v2,shaped_v2_pruned_shots_random_medium_flat_relative_v2_seed42_relv2_smoke_ppo_shaped_v2_2,shaped_v2,pruned_shots,random_medium,flat,relative_v2,42,200704,0.5699999928474426,1791267719.1509004,shaped_v2_pruned_shots_random_medium_flat_relative_v2_seed42_relv2_smoke_ppo_shaped_v2_2.csv
shaped_v2_pruned_shots_random_medium_flat_relative_v2,shaped_v2_pruned_shots_random_medium_flat_relative_v2_seed42_relv2_smoke_ppo_shaped_v2_2,shaped_v2,pruned_shots,random_medium,flat,relative_v2,42,205824,0.5899999737739563,1791267726.9195893,shaped_v2_pruned_shots_random_medium_flat_relative_v2_seed42_relv2_smoke_ppo_shaped_v2_2.csv
shaped_v2_pruned_shots_random_medium_flat_relative_v2,shaped_v2_pruned_shots_random_medium_flat_relative_v2_seed42_relv2_smoke_ppo_shaped_v2_2,shaped_v2,pruned_shots,random_medium,flat,relative_v2,42,210944,0.550000011920929,1791267734.6679056,shaped_v2_pruned_shots_random_medium_flat_relative_v2_seed42_relv2_smoke_ppo_shaped_v2_2.csv
shaped_v2_pruned_shots_random_medium_flat_relative_v2,shaped_v2_pruned_shots_random_medium_flat_relative_v2_seed42_relv2_smoke_ppo_shaped_v2_2,shaped_v2,pruned_shots,random_medium,flat,relative_v2,42,215040,0.5699999928474426,1791267741.0085135,shaped_v2_pruned_shots_random_medium_flat_relative_v2_seed42_relv2_smoke_ppo_shaped_v2_2.csv
shaped_v2_pruned_shots_random_medium_flat_relative_v2,shaped_v2_pruned_shots_random_medium_flat_relative_v2_seed42_relv2_smoke_ppo_shaped_v2_2,shaped_v2,pruned_shots,random_medium,flat,relative_v2,42,220160,0.5899999737739563,1791267748.798159,shaped_v2_pruned_shots_random_medium_flat_relative_v2_seed42_relv2_smoke_ppo_shaped_v2_2.csv
shaped_v2_pruned_shots_random_medium_flat_relative_v2,shaped_v2_pruned_shots_random_medium_flat_relative_v2_seed42_relv2_smoke_ppo_shaped_v2_2,shaped_v2,pruned_shots,random_medium,flat,relative_v2,42,225280,0.6000000238418579,1791267756.4919739,shaped_v2_pruned_shots_random_medium_flat_relative_v2_seed42_relv2_smoke_ppo_shaped_v2_2.csv
shaped_v2_pruned_shots_random_medium_flat_relative_v2,shaped_v2_pruned_shots_random_medium_flat_relative_v2_seed42_relv2_smoke_ppo_shaped_v2_2,shaped_v2,pruned_shots,random_medium,flat,relative_v2,42,230400,0.6000000238418579,1791267764.2623744,shaped_v2_pruned_shots_random_medium_flat_relative_v2_seed42_relv2_smoke_ppo_shaped_v2_2.csv
shaped_v2_pruned_shots_random_medium_flat_relative_v2,shaped_v2_pruned_shots_random_medium_flat_relative_v2_seed42_relv2_smoke_ppo_shaped_v2_2,shaped_v2,pruned_shots,random_medium,flat,relative_v2,42,235520,0.6399999856948853,1791267772.0676515,shaped_v2_pruned_shots_random_medium_flat_relative_v2_seed42_relv2_smoke_ppo_shaped_v2_2.csv
shaped_v2_pruned_shots_random_medium_flat_relative_v2,shaped_v2_pruned_shots_random_medium_flat_relative_v2_seed42_relv2_smoke_ppo_shaped_v2_2,shaped_v2,pruned_shots,random_medium,flat,relative_v2,42,240640,0.6100000143051147,1791267779.812789,shaped_v2_pruned_shots_random_medium_flat_relative_v2_seed42_relv2_smoke_ppo_shaped_v2_2.csv
shaped_v2_pruned_shots_random_medium_flat_relative_v2,shaped_v2_pruned_shots_random_medium_flat_relative_v2_seed42_relv2_smoke_ppo_shaped_v2_2,shaped_v2,pruned_shots,random_medium,flat,relative_v2,42,245760,0.6000000238418579,1791267787.5569677,shaped_v2_pruned_shots_random_medium_flat_relative_v2_seed42_relv2_smoke_ppo_shaped_v2_2.csv
shaped_v2_pruned_shots_random_medium_flat_relative_v2,shaped_v2_pruned_shots_random_medium_flat_relative_v2_seed42_relv2_smoke_ppo_shaped_v2_2,shaped_v2,pruned_shots,random_medium,flat,relative_v2,42,250880,0.6200000047683716,1791267795.3797376,shaped_v2_pruned_shots_random_medium_flat_relative_v2_seed42_relv2_smoke_ppo_shaped_v2_2.csv
shaped_v2_pruned_shots_random_medium_flat_relative_v2,shaped_v2_pruned_shots_random_medium_flat_relative_v2_seed42_relv2_smoke_ppo_shaped_v2_2,shaped_v2,pruned_shots,random_medium,flat,relative_v2,42,256000,0.6000000238418579,1791267803.1046035,shaped_v2_pruned_shots_random_medium_flat_relative_v2_seed42_relv2_smoke_ppo_shaped_v2_2.csv
shaped_v2_pruned_shots_random_medium_flat_relative_v2,shaped_v2_pruned_shots_random_medium_flat_relative_v2_seed42_relv2_smoke_ppo_shaped_v2_2,shaped_v2,pruned_shots,random_medium,flat,relative_v2,42,260096,0.5799999833106995,1791267809.5098257,shaped_v2_pruned_shots_random_medium_flat_relative_v2_seed42_relv2_smoke_ppo_shaped_v2_2.csv
shaped_v2_pruned_shots_random_medium_flat_relative_v2,shaped_v2_pruned_shots_random_medium_flat_relative_v2_seed42_relv2_smoke_ppo_shaped_v2_2,shaped_v2,pruned_shots,random_medium,flat,relative_v2,42,265216,0.6200000047683716,1791267817.2276652,shaped_v2_pruned_shots_random_medium_flat_relative_v2_seed42_relv2_smoke_ppo_shaped_v2_2.csv
shaped_v2_pruned_shots_random_medium_flat_relative_v2,shaped_v2_pruned_shots_random_medium_flat_relative_v2_seed42_relv2_smoke_ppo_shaped_v2_2,shaped_v2,pruned_shots,random_medium,flat,relative_v2,42,270336,0.5799999833106995,1791267824.9874792,shaped_v2_pruned_shots_random_medium_flat_relative_v2_seed42_relv2_smoke_ppo_shaped_v2_2.csv
shaped_v2_pruned_shots_random_medium_flat_relative_v2,shaped_v2_pruned_shots_random_medium_flat_relative_v2_seed42_relv2_smoke_ppo_shaped_v2_2,shaped_v2,pruned_shots,random_medium,flat,relative_v2,42,275456,0.5899999737739563,1791267832.760002,shaped_v2_pruned_shots_random_medium_flat_relative_v2_seed42_relv2_smoke_ppo_shaped_v2_2.csv
shaped_v2_pruned_shots_random_medium_flat_relative_v2,shaped_v2_pruned_shots_random_medium_flat_relative_v2_seed42_relv2_smoke_ppo_shaped_v2_2,shaped_v2,pruned_shots,random_medium,flat,relative_v2,42,280576,0.6100000143051147,1791267840.5237427,shaped_v2_pruned_shots_random_medium_flat_relative_v2_seed42_relv2_smoke_ppo_shaped_v2_2.csv
shaped_v2_pruned_shots_random_medium_flat_relative_v2,shaped_v2_pruned_shots_random_medium_flat_relative_v2_seed42_relv2_smoke_ppo_shaped_v2_2,shaped_v2,pruned_shots,random_medium,flat,relative_v2,42,285696,0.6299999952316284,1791267848.315711,shaped_v2_pruned_shots_random_medium_flat_relative_v2_seed42_relv2_smoke_ppo_shaped_v2_2.csv
shaped_v2_pruned_shots_random_medium_flat_relative_v2,shaped_v2_pruned_shots_random_medium_flat_relative_v2_seed42_relv2_smoke_ppo_shaped_v2_2,shaped_v2,pruned_shots,random_medium,flat,relative_v2,42,290816,0.6100000143051147,1791267856.1894965,shaped_v2_pruned_shots_random_medium_flat_relative_v2_seed42_relv2_smoke_ppo_shaped_v2_2.csv
shaped_v2_pruned_shots_random_medium_flat_relative_v2,shaped_v2_pruned_shots_random_medium_flat_relative_v2_seed42_relv2_smoke_ppo_shaped_v2_2,shaped_v2,pruned_shots,random_medium,flat,relative_v2,42,295936,0.6299999952316284,1791267864.047222,shaped_v2_pruned_shots_random_medium_flat_relative_v2_seed42_relv2_smoke_ppo_shaped_v2_2.csv
shaped_v2_pruned_shots_random_medium_flat_relative_v2,shaped_v2_pruned_shots_random_medium_flat_relative_v2_seed42_relv2_smoke_ppo_shaped_v2_2,shaped_v2,pruned_shots,random_medium,flat,relative_v2,42,300032,0.6000000238418579,1791267870.4381666,shaped_v2_pruned_shots_random_medium_flat_relative_v2_seed42_relv2_smoke_ppo_shaped_v2_2.csv
shaped_v2_pruned_shots_random_medium_transformer_none,shaped_v2_pruned_shots_random_medium_transformer_seed42_ppo_shaped_v2_2,shaped_v2,pruned_shots,random_medium,transformer,none,42,5120,0.0,1791256149.0947452,shaped_v2_pruned_shots_random_medium_transformer_seed42_ppo_shaped_v2_2.csv
shaped_v2_pruned_shots_random_medium_transformer_none,shaped_v2_pruned_shots_random_medium_transformer_seed42_ppo_shaped_v2_2,shaped_v2,pruned_shots,random_medium,transformer,none,42,10240,0.09000000357627869,1791256174.8044038,shaped_v2_pruned_shots_random_medium_transformer_seed42_ppo_shaped_v2_2.csv
shaped_v2_pruned_shots_random_medium_transformer_none,shaped_v2_pruned_shots_random_medium_transformer_seed42_ppo_shaped_v2_2,shaped_v2,pruned_shots,random_medium,transformer,none,42,15360,0.17000000178813934,1791256200.150369,shaped_v2_pruned_shots_random_medium_transformer_seed42_ppo_shaped_v2_2.csv
shaped_v2_pruned_shots_random_medium_transformer_none,shaped_v2_pruned_shots_random_medium_transformer_seed42_ppo_shaped_v2_2,shaped_v2,pruned_shots,random_medium,transformer,none,42,20480,0.17000000178813934,1791256230.5560424,shaped_v2_pruned_shots_random_medium_transformer_seed42_ppo_shaped_v2_2.csv
shaped_v2_pruned_shots_random_medium_transformer_none,shaped_v2_pruned_shots_random_medium_transformer_seed42_ppo_shaped_v2_2,shaped_v2,pruned_shots,random_medium,transformer,none,42,25600,0.11999999731779099,1791256255.687322,shaped_v2_pruned_shots_random_medium_transformer_seed42_ppo_shaped_v2_2.csv
shaped_v2_pruned_shots_random_medium_transformer_none,shaped_v2_pruned_shots_random_medium_transformer_seed42_ppo_shaped_v2_2,shaped_v2,pruned_shots,random_medium,transformer,none,42,30720,0.12999999523162842,1791256287.640403,shaped_v2_pruned_shots_random_medium_transformer_seed42_ppo_shaped_v2_2.csv
shaped_v2_pruned_shots_random_medium_transformer_none,shaped_v2_pruned_shots_random_medium_transformer_seed42_ppo_shaped_v2_2,shaped_v2,pruned_shots,random_medium,transformer,none,42,35840,0.18000000715255737,1791256313.0728564,shaped_v2_pruned_shots_random_medium_transformer_seed42_ppo_shaped_v2_2.csv
shaped_v2_pruned_shots_random_medium_transformer_none,shaped_v2_pruned_shots_random_medium_transformer_seed42_ppo_shaped_v2_2,shaped_v2,pruned_shots,random_medium,transformer,none,42,40960,0.20000000298023224,1791256338.8264563,shaped_v2_pruned_shots_random_medium_transformer_seed42_ppo_shaped_v2_2.csv
shaped_v2_pruned_shots_random_medium_transformer_none,shaped_v2_pruned_shots_random_medium_transformer_seed42_ppo_shaped_v2_2,shaped_v2,pruned_shots,random_medium,transformer,none,42,45056,0.17000000178813934,1791256359.7063677,shaped_v2_pruned_shots_random_medium_transformer_seed42_ppo_shaped_v2_2.csv
shaped_v2_pruned_shots_random_medium_transformer_none,shaped_v2_pruned_shots_random_medium_transformer_seed42_ppo_shaped_v2_2,shaped_v2,pruned_shots,random_medium,transformer,none,42,50176,0.18000000715255737,1791256385.3856573,shaped_v2_pruned_shots_random_medium_transformer_seed42_ppo_shaped_v2_2.csv
shaped_v2_pruned_shots_random_medium_transformer_none,shaped_v2_pruned_shots_random_medium_transformer_seed42_ppo_shaped_v2_2,shaped_v2,pruned_shots,random_medium,transformer,none,42,55296,0.1899999976158142,1791256411.1026385,shaped_v2_pruned_shots_random_medium_transformer_seed42_ppo_shaped_v2_2.csv
shaped_v2_pruned_shots_random_medium_transformer_none,shaped_v2_pruned_shots_random_medium_transformer_seed42_ppo_shaped_v2_2,shaped_v2,pruned_shots,random_medium,transformer,none,42,60416,0.1899999976158142,1791256437.1168127,shaped_v2_pruned_shots_random_medium_transformer_seed42_ppo_shaped_v2_2.csv
shaped_v2_pruned_shots_random_medium_transformer_none,shaped_v2_pruned_shots_random_medium_transformer_seed42_ppo_shaped_v2_2,shaped_v2,pruned_shots,random_medium,transformer,none,42,65536,0.18000000715255737,1791256463.2379782,shaped_v2_pruned_shots_random_medium_transformer_seed42_ppo_shaped_v2_2.csv
shaped_v2_pruned_shots_random_medium_transformer_none,shaped_v2_pruned_shots_random_medium_transformer_seed42_ppo_shaped_v2_2,shaped_v2,pruned_shots,random_medium,transformer,none,42,70656,0.20000000298023224,1791256489.1891227,shaped_v2_pruned_shots_random_medium_transformer_seed42_ppo_shaped_v2_2.csv
shaped_v2_pruned_shots_random_medium_transformer_none,shaped_v2_pruned_shots_random_medium_transformer_seed42_ppo_shaped_v2_2,shaped_v2,pruned_shots,random_medium,transformer,none,42,75776,0.2199999988079071,1791256515.0440135,shaped_v2_pruned_shots_random_medium_transformer_seed42_ppo_shaped_v2_2.csv
shaped_v2_pruned_shots_random_medium_transformer_none,shaped_v2_pruned_shots_random_medium_transformer_seed42_ppo_shaped_v2_2,shaped_v2,pruned_shots,random_medium,transformer,none,42,80896,0.25999999046325684,1791256540.4049933,shaped_v2_pruned_shots_random_medium_transformer_seed42_ppo_shaped_v2_2.csv
shaped_v2_pruned_shots_random_medium_transformer_none,shaped_v2_pruned_shots_random_medium_transformer_seed42_ppo_shaped_v2_2,shaped_v2,pruned_shots,random_medium,transformer,none,42,86016,0.27000001072883606,1791256565.8352559,shaped_v2_pruned_shots_random_medium_transformer_seed42_ppo_shaped_v2_2.csv
shaped_v2_pruned_shots_random_medium_transformer_none,shaped_v2_pruned_shots_random_medium_transformer_seed42_ppo_shaped_v2_2,shaped_v2,pruned_shots,random_medium,transformer,none,42,90112,0.25,1791256586.355867,shaped_v2_pruned_shots_random_medium_transformer_seed42_ppo_shaped_v2_2.csv
shaped_v2_pruned_shots_random_medium_transformer_none,shaped_v2_pruned_shots_random_medium_transformer_seed42_ppo_shaped_v2_2,shaped_v2,pruned_shots,random_medium,transformer,none,42,95232,0.18000000715255737,1791256612.8063335,shaped_v2_pruned_shots_random_medium_transformer_seed42_ppo_shaped_v2_2.csv
shaped_v2_pruned_shots_random_medium_transformer_none,shaped_v2_pruned_shots_random_medium_transformer_seed42_ppo_shaped_v2_2,shaped_v2,pruned_shots,random_medium,transformer,none,42,100352,0.3400000035762787,1791256638.2847297,shaped_v2_pruned_shots_random_medium_transformer_seed42_ppo_shaped_v2_2.csv
shaped_v2_pruned_shots_random_medium_transformer_none,shaped_v2_pruned_shots_random_medium_transformer_seed42_ppo_shaped_v2_2,shaped_v2,pruned_shots,random_medium,transformer,none,42,105472,0.28999999165534973,1791256663.7359428,shaped_v2_pruned_shots_random_medium_transformer_seed42_ppo_shaped_v2_2.csv
shaped_v2_pruned_shots_random_medium_transformer_none,shaped_v2_pruned_shots_random_medium_transformer_seed42_ppo_shaped_v2_2,shaped_v2,pruned_shots,random_medium,transformer,none,42,110592,0.1599999964237213,1791256689.3414562,shaped_v2_pruned_shots_random_medium_transformer_seed42_ppo_shaped_v2_2.csv
shaped_v2_pruned_shots_random_medium_transformer_none,shaped_v2_pruned_shots_random_medium_transformer_seed42_ppo_shaped_v2_2,shaped_v2,pruned_shots,random_medium,transformer,none,42,115712,0.25999999046325684,1791256715.3198235,shaped_v2_pruned_shots_random_medium_transformer_seed42_ppo_shaped_v2_2.csv
shaped_v2_pruned_shots_random_medium_transformer_none,shaped_v2_pruned_shots_random_medium_transformer_seed42_ppo_shaped_v2_2,shaped_v2,pruned_shots,random_medium,transformer,none,42,120832,0.3199999928474426,1791256740.7354653,shaped_v2_pruned_shots_random_medium_transformer_seed42_ppo_shaped_v2_2.csv
shaped_v2_pruned_shots_random_medium_transformer_none,shaped_v2_pruned_shots_random_medium_transformer_seed42_ppo_shaped_v2_2,shaped_v2,pruned_shots,random_medium,transformer,none,42,125952,0.30000001192092896,1791256766.3154943,shaped_v2_pruned_shots_random_medium_transformer_seed42_ppo_shaped_v2_2.csv
shaped_v2_pruned_shots_random_medium_transformer_none,shaped_v2_pruned_shots_random_medium_transformer_seed42_ppo_shaped_v2_2,shaped_v2,pruned_shots,random_medium,transformer,none,42,130048,0.30000001192092896,1791256786.7684193,shaped_v2_pruned_shots_random_medium_transformer_seed42_ppo_shaped_v2_2.csv
shaped_v2_pruned_shots_random_medium_transformer_none,shaped_v2_pruned_shots_random_medium_transformer_seed42_ppo_shaped_v2_2,shaped_v2,pruned_shots,random_medium,transformer,none,42,135168,0.18000000715255737,1791256813.236957,shaped_v2_pruned_shots_random_medium_transformer_seed42_ppo_shaped_v2_2.csv
shaped_v2_pruned_shots_random_medium_transformer_none,shaped_v2_pruned_shots_random_medium_transformer_seed42_ppo_shaped_v2_2,shaped_v2,pruned_shots,random_medium,transformer,none,42,140288,0.28999999165534973,1791256838.7175367,shaped_v2_pruned_shots_random_medium_transformer_seed42_ppo_shaped_v2_2.csv
shaped_v2_pruned_shots_random_medium_transformer_none,shaped_v2_pruned_shots_random_medium_transformer_seed42_ppo_shaped_v2_2,shaped_v2,pruned_shots,random_medium,transformer,none,42,145408,0.25,1791256863.7398026,shaped_v2_pruned_shots_random_medium_transformer_seed42_ppo_shaped_v2_2.csv
shaped_v2_pruned_shots_random_medium_transformer_none,shaped_v2_pruned_shots_random_medium_transformer_seed42_ppo_shaped_v2_2,shaped_v2,pruned_shots,random_medium,transformer,none,42,150528,0.28999999165534973,1791256888.651615,shaped_v2_pruned_shots_random_medium_transformer_seed42_ppo_shaped_v2_2.csv
shaped_v2_pruned_shots_random_medium_transformer_none,shaped_v2_pruned_shots_random_medium_transformer_seed42_ppo_shaped_v2_2,shaped_v2,pruned_shots,random_medium,transformer,none,42,155648,0.23999999463558197,1791256913.4474962,shaped_v2_pruned_shots_random_medium_transformer_seed42_ppo_shaped_v2_2.csv
shaped_v2_pruned_shots_random_medium_transformer_none,shaped_v2_pruned_shots_random_medium_transformer_seed42_ppo_shaped_v2_2,shaped_v2,pruned_shots,random_medium,transformer,none,42,160768,0.25,1791256938.3507802,shaped_v2_pruned_shots_random_medium_transformer_seed42_ppo_shaped_v2_2.csv
shaped_v2_pruned_shots_random_medium_transformer_none,shaped_v2_pruned_shots_random_medium_transformer_seed42_ppo_shaped_v2_2,shaped_v2,pruned_shots,random_medium,transformer,none,42,165888,0.2800000011920929,1791256963.4317107,shaped_v2_pruned_shots_random_medium_transformer_seed42_ppo_shaped_v2_2.csv
shaped_v2_pruned_shots_random_medium_transformer_none,shaped_v2_pruned_shots_random_medium_transformer_seed42_ppo_shaped_v2_2,shaped_v2,pruned_shots,random_medium,transformer,none,42,171008,0.28999999165534973,1791256988.5662708,shaped_v2_pruned_shots_random_medium_transformer_seed42_ppo_shaped_v2_2.csv
shaped_v2_pruned_shots_random_medium_transformer_none,shaped_v2_pruned_shots_random_medium_transformer_seed42_ppo_shaped_v2_2,shaped_v2,pruned_shots,random_medium,transformer,none,42,175104,0.30000001192092896,1791257008.455869,shaped_v2_pruned_shots_random_medium_transformer_seed42_ppo_shaped_v2_2.csv
shaped_v2_pruned_shots_random_medium_transformer_none,shaped_v2_pruned_shots_random_medium_transformer_seed42_ppo_shaped_v2_2,shaped_v2,pruned_shots,random_medium,transformer,none,42,180224,0.20999999344348907,1791257033.4552486,shaped_v2_pruned_shots_random_medium_transformer_seed42_ppo_shaped_v2_2.csv
shaped_v2_pruned_shots_random_medium_transformer_none,shaped_v2_pruned_shots_random_medium_transformer_seed42_ppo_shaped_v2_2,shaped_v2,pruned_shots,random_medium,transformer,none,42,185344,0.25,1791257058.2525325,shaped_v2_pruned_shots_random_medium_transformer_seed42_ppo_shaped_v2_2.csv
shaped_v2_pruned_shots_random_medium_transformer_none,shaped_v2_pruned_shots_random_medium_transformer_seed42_ppo_shaped_v2_2,shaped_v2,pruned_shots,random_medium,transformer,none,42,190464,0.2199999988079071,1791257083.0635061,shaped_v2_pruned_shots_random_medium_transformer_seed42_ppo_shaped_v2_2.csv
shaped_v2_pruned_shots_random_medium_transformer_none,shaped_v2_pruned_shots_random_medium_transformer_seed42_ppo_shaped_v2_2,shaped_v2,pruned_shots,random_medium,transformer,none,42,195584,0.2800000011920929,1791257107.719677,shaped_v2_pruned_shots_random_medium_transformer_seed42_ppo_shaped_v2_2.csv
shaped_v2_pruned_shots_random_medium_transformer_none,shaped_v2_pruned_shots_random_medium_transformer_seed42_ppo_shaped_v2_2,shaped_v2,pruned_shots,random_medium,transformer,none,42,200704,0.33000001311302185,1791257132.687424,shaped_v2_pruned_shots_random_medium_transformer_seed42_ppo_shaped_v2_2.csv
shaped_v2_pruned_shots_random_medium_transformer_none,shaped_v2_pruned_shots_random_medium_transformer_seed42_ppo_shaped_v2_2,shaped_v2,pruned_shots,random_medium,transformer,none,42,205824,0.3499999940395355,1791257157.5400436,shaped_v2_pruned_shots_random_medium_transformer_seed42_ppo_shaped_v2_2.csv
shaped_v2_pruned_shots_random_medium_transformer_none,shaped_v2_pruned_shots_random_medium_transformer_seed42_ppo_shaped_v2_2,shaped_v2,pruned_shots,random_medium,transformer,none,42,210944,0.28999999165534973,1791257182.5374568,shaped_v2_pruned_shots_random_medium_transformer_seed42_ppo_shaped_v2_2.csv
shaped_v2_pruned_shots_random_medium_transformer_none,shaped_v2_pruned_shots_random_medium_transformer_seed42_ppo_shaped_v2_2,shaped_v2,pruned_shots,random_medium,transformer,none,42,215040,0.20000000298023224,1791257202.7413843,shaped_v2_pruned_shots_random_medium_transformer_seed42_ppo_shaped_v2_2.csv
shaped_v2_pruned_shots_random_medium_transformer_none,shaped_v2_pruned_shots_random_medium_transformer_seed42_ppo_shaped_v2_2,shaped_v2,pruned_shots,random_medium,transformer,none,42,220160,0.30000001192092896,1791257227.4903848,shaped_v2_pruned_shots_random_medium_transformer_seed42_ppo_shaped_v2_2.csv
shaped_v2_pruned_shots_random_medium_transformer_none,shaped_v2_pruned_shots_random_medium_transformer_seed42_ppo_shaped_v2_2,shaped_v2,pruned_shots,random_medium,transformer,none,42,225280,0.2800000011920929,1791257252.4318197,shaped_v2_pruned_shots_random_medium_transformer_seed42_ppo_shaped_v2_2.csv
shaped_v2_pruned_shots_random_medium_transformer_none,shaped_v2_pruned_shots_random_medium_transformer_seed42_ppo_shaped_v2_2,shaped_v2,pruned_shots,random_medium,transformer,none,42,230400,0.25,1791257278.111966,shaped_v2_pruned_shots_random_medium_transformer_seed42_ppo_shaped_v2_2.csv
shaped_v2_pruned_shots_random_medium_transformer_none,shaped_v2_pruned_shots_random_medium_transformer_seed42_ppo_shaped_v2_2,shaped_v2,pruned_shots,random_medium,transformer,none,42,235520,0.3400000035762787,1791257303.5262296,shaped_v2_pruned_shots_random_medium_transformer_seed42_ppo_shaped_v2_2.csv
shaped_v2_pruned_shots_random_medium_transformer_none,shaped_v2_pruned_shots_random_medium_transformer_seed42_ppo_shaped_v2_2,shaped_v2,pruned_shots,random_medium,transformer,none,42,240640,0.28999999165534973,1791257328.1315444,shaped_v2_pruned_shots_random_medium_transformer_seed42_ppo_shaped_v2_2.csv
shaped_v2_pruned_shots_random_medium_transformer_none,shaped_v2_pruned_shots_random_medium_transformer_seed42_ppo_shaped_v2_2,shaped_v2,pruned_shots,random_medium,transformer,none,42,245760,0.30000001192092896,1791257353.118349,shaped_v2_pruned_shots_random_medium_transformer_seed42_ppo_shaped_v2_2.csv
shaped_v2_pruned_shots_random_medium_transformer_none,shaped_v2_pruned_shots_random_medium_transformer_seed42_ppo_shaped_v2_2,shaped_v2,pruned_shots,random_medium,transformer,none,42,250880,0.2800000011920929,1791257378.377454,shaped_v2_pruned_shots_random_medium_transformer_seed42_ppo_shaped_v2_2.csv
shaped_v2_pruned_shots_random_medium_transformer_none,shaped_v2_pruned_shots_random_medium_transformer_seed42_ppo_shaped_v2_2,shaped_v2,pruned_shots,random_medium,transformer,none,42,256000,0.30000001192092896,1791257403.203987,shaped_v2_pruned_shots_random_medium_transformer_seed42_ppo_shaped_v2_2.csv
shaped_v2_pruned_shots_random_medium_transformer_none,shaped_v2_pruned_shots_random_medium_transformer_seed42_ppo_shaped_v2_2,shaped_v2,pruned_shots,random_medium,transformer,none,42,260096,0.27000001072883606,1791257423.7137828,shaped_v2_pruned_shots_random_medium_transformer_seed42_ppo_shaped_v2_2.csv
shaped_v2_pruned_shots_random_medium_transformer_none,shaped_v2_pruned_shots_random_medium_transformer_seed42_ppo_shaped_v2_2,shaped_v2,pruned_shots,random_medium,transformer,none,42,265216,0.30000001192092896,1791257448.8446102,shaped_v2_pruned_shots_random_medium_transformer_seed42_ppo_shaped_v2_2.csv
shaped_v2_pruned_shots_random_medium_transformer_none,shaped_v2_pruned_shots_random_medium_transformer_seed42_ppo_shaped_v2_2,shaped_v2,pruned_shots,random_medium,transformer,none,42,270336,0.28999999165534973,1791257474.1916227,shaped_v2_pruned_shots_random_medium_transformer_seed42_ppo_shaped_v2_2.csv
shaped_v2_pruned_shots_random_medium_transformer_none,shaped_v2_pruned_shots_random_medium_transformer_seed42_ppo_shaped_v2_2,shaped_v2,pruned_shots,random_medium,transformer,none,42,275456,0.28999999165534973,1791257499.4546115,shaped_v2_pruned_shots_random_medium_transformer_seed42_ppo_shaped_v2_2.csv
shaped_v2_pruned_shots_random_medium_transformer_none,shaped_v2_pruned_shots_random_medium_transformer_seed42_ppo_shaped_v2_2,shaped_v2,pruned_shots,random_medium,transformer,none,42,280576,0.30000001192092896,1791257524.394686,shaped_v2_pruned_shots_random_medium_transformer_seed42_ppo_shaped_v2_2.csv
shaped_v2_pruned_shots_random_medium_transformer_none,shaped_v2_pruned_shots_random_medium_transformer_seed42_ppo_shaped_v2_2,shaped_v2,pruned_shots,random_medium,transformer,none,42,285696,0.23000000417232513,1791257549.561841,shaped_v2_pruned_shots_random_medium_transformer_seed42_ppo_shaped_v2_2.csv
shaped_v2_pruned_shots_random_medium_transformer_none,shaped_v2_pruned_shots_random_medium_transformer_seed42_ppo_shaped_v2_2,shaped_v2,pruned_shots,random_medium,transformer,none,42,290816,0.23999999463558197,1791257574.9727702,shaped_v2_pruned_shots_random_medium_transformer_seed42_ppo_shaped_v2_2.csv
shaped_v2_pruned_shots_random_medium_transformer_none,shaped_v2_pruned_shots_random_medium_transformer_seed42_ppo_shaped_v2_2,shaped_v2,pruned_shots,random_medium,transformer,none,42,295936,0.25,1791257600.7432604,shaped_v2_pruned_shots_random_medium_transformer_seed42_ppo_shaped_v2_2.csv
shaped_v2_pruned_shots_random_medium_transformer_none,shaped_v2_pruned_shots_random_medium_transformer_seed42_ppo_shaped_v2_2,shaped_v2,pruned_shots,random_medium,transformer,none,42,300032,0.25,1791257621.215894,shaped_v2_pruned_shots_random_medium_transformer_seed42_ppo_shaped_v2_2.csv
shaped_v2_pruned_shots_random_medium_unet_lite_none,shaped_v2_pruned_shots_random_medium_unet_lite_seed42_ppo_shaped_v2_2,shaped_v2,pruned_shots,random_medium,unet_lite,none,42,5120,0.0,1791250892.7261865,shaped_v2_pruned_shots_random_medium_unet_lite_seed42_ppo_shaped_v2_2.csv
shaped_v2_pruned_shots_random_medium_unet_lite_none,shaped_v2_pruned_shots_random_medium_unet_lite_seed42_ppo_shaped_v2_2,shaped_v2,pruned_shots,random_medium,unet_lite,none,42,10240,0.019999999552965164,1791250910.4108572,shaped_v2_pruned_shots_random_medium_unet_lite_seed42_ppo_shaped_v2_2.csv
shaped_v2_pruned_shots_random_medium_unet_lite_none,shaped_v2_pruned_shots_random_medium_unet_lite_seed42_ppo_shaped_v2_2,shaped_v2,pruned_shots,random_medium,unet_lite,none,42,15360,0.11999999731779099,1791250927.7942815,shaped_v2_pruned_shots_random_medium_unet_lite_seed42_ppo_shaped_v2_2.csv
shaped_v2_pruned_shots_random_medium_unet_lite_none,shaped_v2_pruned_shots_random_medium_unet_lite_seed42_ppo_shaped_v2_2,shaped_v2,pruned_shots,random_medium,unet_lite,none,42,20480,0.17000000178813934,1791250944.5943732,shaped_v2_pruned_shots_random_medium_unet_lite_seed42_ppo_shaped_v2_2.csv
shaped_v2_pruned_shots_random_medium_unet_lite_none,shaped_v2_pruned_shots_random_medium_unet_lite_seed42_ppo_shaped_v2_2,shaped_v2,pruned_shots,random_medium,unet_lite,none,42,25600,0.17000000178813934,1791250961.3397915,shaped_v2_pruned_shots_random_medium_unet_lite_seed42_ppo_shaped_v2_2.csv
shaped_v2_pruned_shots_random_medium_unet_lite_none,shaped_v2_pruned_shots_random_medium_unet_lite_seed42_ppo_shaped_v2_2,shaped_v2,pruned_shots,random_medium,unet_lite,none,42,30720,0.17000000178813934,1791250978.0007594,shaped_v2_pruned_shots_random_medium_unet_lite_seed42_ppo_shaped_v2_2.csv
shaped_v2_pruned_shots_random_medium_unet_lite_none,shaped_v2_pruned_shots_random_medium_unet_lite_seed42_ppo_shaped_v2_2,shaped_v2,pruned_shots,random_medium,unet_lite,none,42,35840,0.18000000715255737,1791250994.5911515,shaped_v2_pruned_shots_random_medium_unet_lite_seed42_ppo_shaped_v2_2.csv
shaped_v2_pruned_shots_random_medium_unet_lite_none,shaped_v2_pruned_shots_random_medium_unet_lite_seed42_ppo_shaped_v2_2,shaped_v2,pruned_shots,random_medium,unet_lite,none,42,40960,0.18000000715255737,1791251011.0069976,shaped_v2_pruned_shots_random_medium_unet_lite_seed42_ppo_shaped_v2_2.csv
shaped_v2_pruned_shots_random_medium_unet_lite_none,shaped_v2_pruned_shots_random_medium_unet_lite_seed42_ppo_shaped_v2_2,shaped_v2,pruned_shots,random_medium,unet_lite,none,42,45056,0.18000000715255737,1791251024.3503144,shaped_v2_pruned_shots_random_medium_unet_lite_seed42_ppo_shaped_v2_2.csv
shaped_v2_pruned_shots_random_medium_unet_lite_none,shaped_v2_pruned_shots_random_medium_unet_lite_seed42_ppo_shaped_v2_2,shaped_v2,pruned_shots,random_medium,unet_lite,none,42,50176,0.14000000059604645,1791251041.0005784,shaped_v2_pruned_shots_random_medium_unet_lite_seed42_ppo_shaped_v2_2.csv
shaped_v2_pruned_shots_random_medium_unet_lite_none,shaped_v2_pruned_shots_random_medium_unet_lite_seed42_ppo_shaped_v2_2,shaped_v2,pruned_shots,random_medium,unet_lite,none,42,55296,0.12999999523162842,1791251057.6466289,shaped_v2_pruned_shots_random_medium_unet_lite_seed42_ppo_shaped_v2_2.csv
shaped_v2_pruned_shots_random_medium_unet_lite_none,shaped_v2_pruned_shots_random_medium_unet_lite_seed42_ppo_shaped_v2_2,shaped_v2,pruned_shots,random_medium,unet_lite,none,42,60416,0.14000000059604645,1791251074.130252,shaped_v2_pruned_shots_random_medium_unet_lite_seed42_ppo_shaped_v2_2.csv
shaped_v2_pruned_shots_random_medium_unet_lite_none,shaped_v2_pruned_shots_random_medium_unet_lite_seed42_ppo_shaped_v2_2,shaped_v2,pruned_shots,random_medium,unet_lite,none,42,65536,0.14000000059604645,1791251090.583067,shaped_v2_pruned_shots_random_medium_unet_lite_seed42_ppo_shaped_v2_2.csv
shaped_v2_pruned_shots_random_medium_unet_lite_none,shaped_v2_pruned_shots_random_medium_unet_lite_seed42_ppo_shaped_v2_2,shaped_v2,pruned_shots,random_medium,unet_lite,none,42,70656,0.15000000596046448,1791251107.0992424,shaped_v2_pruned_shots_random_medium_unet_lite_seed42_ppo_shaped_v2_2.csv
shaped_v2_pruned_shots_random_medium_unet_lite_none,shaped_v2_pruned_shots_random_medium_unet_lite_seed42_ppo_shaped_v2_2,shaped_v2,pruned_shots,random_medium,unet_lite,none,42,75776,0.14000000059604645,1791251123.6903238,shaped_v2_pruned_shots_random_medium_unet_lite_seed42_ppo_shaped_v2_2.csv
shaped_v2_pruned_shots_random_medium_unet_lite_none,shaped_v2_pruned_shots_random_medium_unet_lite_seed42_ppo_shaped_v2_2,shaped_v2,pruned_shots,random_medium,unet_lite,none,42,80896,0.14000000059604645,1791251140.1249294,shaped_v2_pruned_shots_random_medium_unet_lite_seed42_ppo_shaped_v2_2.csv
shaped_v2_pruned_shots_random_medium_unet_lite_none,shaped_v2_pruned_shots_random_medium_unet_lite_seed42_ppo_shaped_v2_2,shaped_v2,pruned_shots,random_medium,unet_lite,none,42,86016,0.15000000596046448,1791251157.7161257,shaped_v2_pruned_shots_random_medium_unet_lite_seed42_ppo_shaped_v2_2.csv
shaped_v2_pruned_shots_random_medium_unet_lite_none,shaped_v2_pruned_shots_random_medium_unet_lite_seed42_ppo_shaped_v2_2,shaped_v2,pruned_shots,random_medium,unet_lite,none,42,90112,0.15000000596046448,1791251171.9003525,shaped_v2_pruned_shots_random_medium_unet_lite_seed42_ppo_shaped_v2_2.csv
shaped_v2_pruned_shots_random_medium_unet_lite_none,shaped_v2_pruned_shots_random_medium_unet_lite_seed42_ppo_shaped_v2_2,shaped_v2,pruned_shots,random_medium,unet_lite,none,42,95232,0.14000000059604645,1791251189.2024584,shaped_v2_pruned_shots_random_medium_unet_lite_seed42_ppo_shaped_v2_2.csv
shaped_v2_pruned_shots_random_medium_unet_lite_none,shaped_v2_pruned_shots_random_medium_unet_lite_seed42_ppo_shaped_v2_2,shaped_v2,pruned_shots,random_medium,unet_lite,none,42,100352,0.07999999821186066,1791251207.0999527,shaped_v2_pruned_shots_random_medium_unet_lite_seed42_ppo_shaped_v2_2.csv
shaped_v2_pruned_shots_random_medium_unet_lite_none,shaped_v2_pruned_shots_random_medium_unet_lite_seed42_ppo_shaped_v2_2,shaped_v2,pruned_shots,random_medium,unet_lite,none,42,105472,0.14000000059604645,1791251223.9547992,shaped_v2_pruned_shots_random_medium_unet_lite_seed42_ppo_shaped_v2_2.csv
shaped_v2_pruned_shots_random_medium_unet_lite_none,shaped_v2_pruned_shots_random_medium_unet_lite_seed42_ppo_shaped_v2_2,shaped_v2,pruned_shots,random_medium,unet_lite,none,42,110592,0.15000000596046448,1791251240.9262843,shaped_v2_pruned_shots_random_medium_unet_lite_seed42_ppo_shaped_v2_2.csv
shaped_v2_pruned_shots_random_medium_unet_lite_none,shaped_v2_pruned_shots_random_medium_unet_lite_seed42_ppo_shaped_v2_2,shaped_v2,pruned_shots,random_medium,unet_lite,none,42,115712,0.14000000059604645,1791251257.9853082,shaped_v2_pruned_shots_random_medium_unet_lite_seed42_ppo_shaped_v2_2.csv
shaped_v2_pruned_shots_random_medium_unet_lite_none,shaped_v2_pruned_shots_random_medium_unet_lite_seed42_ppo_shaped_v2_2,shaped_v2,pruned_shots,random_medium,unet_lite,none,42,120832,0.15000000596046448,1791251274.85808,shaped_v2_pruned_shots_random_medium_unet_lite_seed42_ppo_shaped_v2_2.csv
shaped_v2_pruned_shots_random_medium_unet_lite_none,shaped_v2_pruned_shots_random_medium_unet_lite_seed42_ppo_shaped_v2_2,shaped_v2,pruned_shots,random_medium,unet_lite,none,42,125952,0.18000000715255737,1791251291.6750605,shaped_v2_pruned_shots_random_medium_unet_lite_seed42_ppo_shaped_v2_2.csv
shaped_v2_pruned_shots_random_medium_unet_lite_none,shaped_v2_pruned_shots_random_medium_unet_lite_seed42_ppo_shaped_v2_2,shaped_v2,pruned_shots,random_medium,unet_lite,none,42,130048,0.2199999988079071,1791251305.6572266,shaped_v2_pruned_shots_random_medium_unet_lite_seed42_ppo_shaped_v2_2.csv
shaped_v2_pruned_shots_random_medium_unet_lite_none,shaped_v2_pruned_shots_random_medium_unet_lite_seed42_ppo_shaped_v2_2,shaped_v2,pruned_shots,random_medium,unet_lite,none,42,135168,0.18000000715255737,1791251322.8482506,shaped_v2_pruned_shots_random_medium_unet_lite_seed42_ppo_shaped_v2_2.csv
shaped_v2_pruned_shots_random_medium_unet_lite_none,shaped_v2_pruned_shots_random_medium_unet_lite_seed42_ppo_shaped_v2_2,shaped_v2,pruned_shots,random_medium,unet_lite,none,42,140288,0.20000000298023224,1791251339.970411,shaped_v2_pruned_shots_random_medium_unet_lite_seed42_ppo_shaped_v2_2.csv
shaped_v2_pruned_shots_random_medium_unet_lite_none,shaped_v2_pruned_shots_random_medium_unet_lite_seed42_ppo_shaped_v2_2,shaped_v2,pruned_shots,random_medium,unet_lite,none,42,145408,0.23000000417232513,1791251357.1013772,shaped_v2_pruned_shots_random_medium_unet_lite_seed42_ppo_shaped_v2_2.csv
shaped_v2_pruned_shots_random_medium_unet_lite_none,shaped_v2_pruned_shots_random_medium_unet_lite_seed42_ppo_shaped_v2_2,shaped_v2,pruned_shots,random_medium,unet_lite,none,42,150528,0.28999999165534973,1791251374.3971665,shaped_v2_pruned_shots_random_medium_unet_lite_seed42_ppo_shaped_v2_2.csv
shaped_v2_pruned_shots_random_medium_unet_lite_none,shaped_v2_pruned_shots_random_medium_unet_lite_seed42_ppo_shaped_v2_2,shaped_v2,pruned_shots,random_medium,unet_lite,none,42,155648,0.2800000011920929,1791251391.560679,shaped_v2_pruned_shots_random_medium_unet_lite_seed42_ppo_shaped_v2_2.csv
shaped_v2_pruned_shots_random_medium_unet_lite_none,shaped_v2_pruned_shots_random_medium_unet_lite_seed42_ppo_shaped_v2_2,shaped_v2,pruned_shots,random_medium,unet_lite,none,42,160768,0.27000001072883606,1791251408.7020917,shaped_v2_pruned_shots_random_medium_unet_lite_seed42_ppo_shaped_v2_2.csv
shaped_v2_pruned_shots_random_medium_unet_lite_none,shaped_v2_pruned_shots_random_medium_unet_lite_seed42_ppo_shaped_v2_2,shaped_v2,pruned_shots,random_medium,unet_lite,none,42,165888,0.2800000011920929,1791251425.8025448,shaped_v2_pruned_shots_random_medium_unet_lite_seed42_ppo_shaped_v2_2.csv
shaped_v2_pruned_shots_random_medium_unet_lite_none,shaped_v2_pruned_shots_random_medium_unet_lite_seed42_ppo_shaped_v2_2,shaped_v2,pruned_shots,random_medium,unet_lite,none,42,171008,0.2800000011920929,1791251442.7659621,shaped_v2_pruned_shots_random_medium_unet_lite_seed42_ppo_shaped_v2_2.csv
shaped_v2_pruned_shots_random_medium_unet_lite_none,shaped_v2_pruned_shots_random_medium_unet_lite_seed42_ppo_shaped_v2_2,shaped_v2,pruned_shots,random_medium,unet_lite,none,42,175104,0.30000001192092896,1791251456.5761757,shaped_v2_pruned_shots_random_medium_unet_lite_seed42_ppo_shaped_v2_2.csv
shaped_v2_pruned_shots_random_medium_unet_lite_none,shaped_v2_pruned_shots_random_medium_unet_lite_seed42_ppo_shaped_v2_2,shaped_v2,pruned_shots,random_medium,unet_lite,none,42,180224,0.23000000417232513,1791251473.972664,shaped_v2_pruned_shots_random_medium_unet_lite_seed42_ppo_shaped_v2_2.csv
shaped_v2_pruned_shots_random_medium_unet_lite_none,shaped_v2_pruned_shots_random_medium_unet_lite_seed42_ppo_shaped_v2_2,shaped_v2,pruned_shots,random_medium,unet_lite,none,42,185344,0.3100000023841858,1791251491.1913257,shaped_v2_pruned_shots_random_medium_unet_lite_seed42_ppo_shaped_v2_2.csv
shaped_v2_pruned_shots_random_medium_unet_lite_none,shaped_v2_pruned_shots_random_medium_unet_lite_seed42_ppo_shaped_v2_2,shaped_v2,pruned_shots,random_medium,unet_lite,none,42,190464,0.3100000023841858,1791251508.3090858,shaped_v2_pruned_shots_random_medium_unet_lite_seed42_ppo_shaped_v2_2.csv
shaped_v2_pruned_shots_random_medium_unet_lite_none,shaped_v2_pruned_shots_random_medium_unet_lite_seed42_ppo_shaped_v2_2,shaped_v2,pruned_shots,random_medium,unet_lite,none,42,195584,0.3100000023841858,1791251525.2559557,shaped_v2_pruned_shots_random_medium_unet_lite_seed42_ppo_shaped_v2_2.csv
shaped_v2_pruned_shots_random_medium_unet_lite_none,shaped_v2_pruned_shots_random_medium_unet_lite_seed42_ppo_shaped_v2_2,shaped_v2,pruned_shots,random_medium,unet_lite,none,42,200704,0.3100000023841858,1791251545.9455075,shaped_v2_pruned_shots_random_medium_unet_lite_seed42_ppo_shaped_v2_2.csv
shaped_v2_pruned_shots_random_medium_unet_lite_none,shaped_v2_pruned_shots_random_medium_unet_lite_seed42_ppo_shaped_v2_2,shaped_v2,pruned_shots,random_medium,unet_lite,none,42,205824,0.3100000023841858,1791251596.3433163,shaped_v2_pruned_shots_random_medium_unet_lite_seed42_ppo_shaped_v2_2.csv
shaped_v2_pruned_shots_random_medium_unet_lite_none,shaped_v2_pruned_shots_random_medium_unet_lite_seed42_ppo_shaped_v2_2,shaped_v2,pruned_shots,random_medium,unet_lite,none,42,210944,0.2800000011920929,1791251613.087858,shaped_v2_pruned_shots_random_medium_unet_lite_seed42_ppo_shaped_v2_2.csv
shaped_v2_pruned_shots_random_medium_unet_lite_none,shaped_v2_pruned_shots_random_medium_unet_lite_seed42_ppo_shaped_v2_2,shaped_v2,pruned_shots,random_medium,unet_lite,none,42,215040,0.28999999165534973,1791251627.0136466,shaped_v2_pruned_shots_random_medium_unet_lite_seed42_ppo_shaped_v2_2.csv
shaped_v2_pruned_shots_random_medium_unet_lite_none,shaped_v2_pruned_shots_random_medium_unet_lite_seed42_ppo_shaped_v2_2,shaped_v2,pruned_shots,random_medium,unet_lite,none,42,220160,0.27000001072883606,1791251643.8424215,shaped_v2_pruned_shots_random_medium_unet_lite_seed42_ppo_shaped_v2_2.csv
shaped_v2_pruned_shots_random_medium_unet_lite_none,shaped_v2_pruned_shots_random_medium_unet_lite_seed42_ppo_shaped_v2_2,shaped_v2,pruned_shots,random_medium,unet_lite,none,42,225280,0.3400000035762787,1791251660.4312787,shaped_v2_pruned_shots_random_medium_unet_lite_seed42_ppo_shaped_v2_2.csv
shaped_v2_pruned_shots_random_medium_unet_lite_none,shaped_v2_pruned_shots_random_medium_unet_lite_seed42_ppo_shaped_v2_2,shaped_v2,pruned_shots,random_medium,unet_lite,none,42,230400,0.25999999046325684,1791251677.182982,shaped_v2_pruned_shots_random_medium_unet_lite_seed42_ppo_shaped_v2_2.csv
shaped_v2_pruned_shots_random_medium_unet_lite_none,shaped_v2_pruned_shots_random_medium_unet_lite_seed42_ppo_shaped_v2_2,shaped_v2,pruned_shots,random_medium,unet_lite,none,42,235520,0.20000000298023224,1791251693.8162532,shaped_v2_pruned_shots_random_medium_unet_lite_seed42_ppo_shaped_v2_2.csv
shaped_v2_pruned_shots_random_medium_unet_lite_none,shaped_v2_pruned_shots_random_medium_unet_lite_seed42_ppo_shaped_v2_2,shaped_v2,pruned_shots,random_medium,unet_lite,none,42,240640,0.3100000023841858,1791251710.6170208,shaped_v2_pruned_shots_random_medium_unet_lite_seed42_ppo_shaped_v2_2.csv
shaped_v2_pruned_shots_random_medium_unet_lite_none,shaped_v2_pruned_shots_random_medium_unet_lite_seed42_ppo_shaped_v2_2,shaped_v2,pruned_shots,random_medium,unet_lite,none,42,245760,0.23999999463558197,1791251727.2688794,shaped_v2_pruned_shots_random_medium_unet_lite_seed42_ppo_shaped_v2_2.csv
shaped_v2_pruned_shots_random_medium_unet_lite_none,shaped_v2_pruned_shots_random_medium_unet_lite_seed42_ppo_shaped_v2_2,shaped_v2,pruned_shots,random_medium,unet_lite,none,42,250880,0.20999999344348907,1791251744.0338223,shaped_v2_pruned_shots_random_medium_unet_lite_seed42_ppo_shaped_v2_2.csv
shaped_v2_pruned_shots_random_medium_unet_lite_none,shaped_v2_pruned_shots_random_medium_unet_lite_seed42_ppo_shaped_v2_2,shaped_v2,pruned_shots,random_medium,unet_lite,none,42,256000,0.1599999964237213,1791251760.8514123,shaped_v2_pruned_shots_random_medium_unet_lite_seed42_ppo_shaped_v2_2.csv
shaped_v2_pruned_shots_random_medium_unet_lite_none,shaped_v2_pruned_shots_random_medium_unet_lite_seed42_ppo_shaped_v2_2,shaped_v2,pruned_shots,random_medium,unet_lite,none,42,260096,0.23000000417232513,1791251774.5127246,shaped_v2_pruned_shots_random_medium_unet_lite_seed42_ppo_shaped_v2_2.csv
shaped_v2_pruned_shots_random_medium_unet_lite_none,shaped_v2_pruned_shots_random_medium_unet_lite_seed42_ppo_shaped_v2_2,shaped_v2,pruned_shots,random_medium,unet_lite,none,42,265216,0.3100000023841858,1791251791.3307946,shaped_v2_pruned_shots_random_medium_unet_lite_seed42_ppo_shaped_v2_2.csv
shaped_v2_pruned_shots_random_medium_unet_lite_none,shaped_v2_pruned_shots_random_medium_unet_lite_seed42_ppo_shaped_v2_2,shaped_v2,pruned_shots,random_medium,unet_lite,none,42,270336,0.25,1791251808.2445264,shaped_v2_pruned_shots_random_medium_unet_lite_seed42_ppo_shaped_v2_2.csv
shaped_v2_pruned_shots_random_medium_unet_lite_none,shaped_v2_pruned_shots_random_medium_unet_lite_seed42_ppo_shaped_v2_2,shaped_v2,pruned_shots,random_medium,unet_lite,none,42,275456,0.27000001072883606,1791251825.0162077,shaped_v2_pruned_shots_random_medium_unet_lite_seed42_ppo_shaped_v2_2.csv
shaped_v2_pruned_shots_random_medium_unet_lite_none,shaped_v2_pruned_shots_random_medium_unet_lite_seed42_ppo_shaped_v2_2,shaped_v2,pruned_shots,random_medium,unet_lite,none,42,280576,0.30000001192092896,1791251841.8653398,shaped_v2_pruned_shots_random_medium_unet_lite_seed42_ppo_shaped_v2_2.csv
shaped_v2_pruned_shots_random_medium_unet_lite_none,shaped_v2_pruned_shots_random_medium_unet_lite_seed42_ppo_shaped_v2_2,shaped_v2,pruned_shots,random_medium,unet_lite,none,42,285696,0.23999999463558197,1791251858.735705,shaped_v2_pruned_shots_random_medium_unet_lite_seed42_ppo_shaped_v2_2.csv
shaped_v2_pruned_shots_random_medium_unet_lite_none,shaped_v2_pruned_shots_random_medium_unet_lite_seed42_ppo_shaped_v2_2,shaped_v2,pruned_shots,random_medium,unet_lite,none,42,290816,0.25,1791251875.5600855,shaped_v2_pruned_shots_random_medium_unet_lite_seed42_ppo_shaped_v2_2.csv
shaped_v2_pruned_shots_random_medium_unet_lite_none,shaped_v2_pruned_shots_random_medium_unet_lite_seed42_ppo_shaped_v2_2,shaped_v2,pruned_shots,random_medium,unet_lite,none,42,295936,0.27000001072883606,1791251892.3005097,shaped_v2_pruned_shots_random_medium_unet_lite_seed42_ppo_shaped_v2_2.csv
shaped_v2_pruned_shots_random_medium_unet_lite_none,shaped_v2_pruned_shots_random_medium_unet_lite_seed42_ppo_shaped_v2_2,shaped_v2,pruned_shots,random_medium,unet_lite,none,42,300032,0.25999999046325684,1791251905.8361075,shaped_v2_pruned_shots_random_medium_unet_lite_seed42_ppo_shaped_v2_2.csv
shaped_v2_pruned_shots_random_medium_unknown_none,shaped_v2_pruned_shots_random_medium_seed42_ppo_shaped_v2_1,shaped_v2,pruned_shots,random_medium,unknown,none,42,5120,0.30000001192092896,1791211008.7667568,shaped_v2_pruned_shots_random_medium_seed42_ppo_shaped_v2_1.csv
shaped_v2_pruned_shots_random_medium_unknown_none,shaped_v2_pruned_shots_random_medium_seed42_scratch2_ppo_shaped_v2_1,shaped_v2,pruned_shots,random_medium,unknown,none,42,5120,0.029999999329447746,1791214556.8196976,shaped_v2_pruned_shots_random_medium_seed42_scratch2_ppo_shaped_v2_1.csv
shaped_v2_pruned_shots_random_medium_unknown_none,shaped_v2_pruned_shots_random_medium_seed42_scratch_ppo_shaped_v2_1,shaped_v2,pruned_shots,random_medium,unknown,none,42,5120,0.029999999329447746,1791212215.4014354,shaped_v2_pruned_shots_random_medium_seed42_scratch_ppo_shaped_v2_1.csv
shaped_v2_pruned_shots_random_medium_unknown_none,shaped_v2_pruned_shots_random_medium_seed42_weights_only_ppo_shaped_v2_1,shaped_v2,pruned_shots,random_medium,unknown,none,42,5120,0.27000001072883606,1791214379.1476083,shaped_v2_pruned_shots_random_medium_seed42_weights_only_ppo_shaped_v2_1.csv
shaped_v2_pruned_shots_random_medium_unknown_none,shaped_v2_pruned_shots_random_medium_seed42_ppo_shaped_v2_1,shaped_v2,pruned_shots,random_medium,unknown,none,42,10240,0.30000001192092896,1791211015.901839,shaped_v2_pruned_shots_random_medium_seed42_ppo_shaped_v2_1.csv
shaped_v2_pruned_shots_random_medium_unknown_none,shaped_v2_pruned_shots_random_medium_seed42_scratch2_ppo_shaped_v2_1,shaped_v2,pruned_shots,random_medium,unknown,none,42,10240,0.009999999776482582,1791214564.6387677,shaped_v2_pruned_shots_random_medium_seed42_scratch2_ppo_shaped_v2_1.csv
shaped_v2_pruned_shots_random_medium_unknown_none,shaped_v2_pruned_shots_random_medium_seed42_scratch_ppo_shaped_v2_1,shaped_v2,pruned_shots,random_medium,unknown,none,42,10240,0.009999999776482582,1791212223.2010553,shaped_v2_pruned_shots_random_medium_seed42_scratch_ppo_shaped_v2_1.csv
shaped_v2_pruned_shots_random_medium_unknown_none,shaped_v2_pruned_shots_random_medium_seed42_weights_only_ppo_shaped_v2_1,shaped_v2,pruned_shots,random_medium,unknown,none,42,10240,0.28999999165534973,1791214389.036333,shaped_v2_pruned_shots_random_medium_seed42_weights_only_ppo_shaped_v2_1.csv
shaped_v2_pruned_shots_random_medium_unknown_none,shaped_v2_pruned_shots_random_medium_seed42_ppo_shaped_v2_1,shaped_v2,pruned_shots,random_medium,unknown,none,42,15360,0.30000001192092896,1791211023.1332757,shaped_v2_pruned_shots_random_medium_seed42_ppo_shaped_v2_1.csv
shaped_v2_pruned_shots_random_medium_unknown_none,shaped_v2_pruned_shots_random_medium_seed42_scratch2_ppo_shaped_v2_1,shaped_v2,pruned_shots,random_medium,unknown,none,42,15360,0.11999999731779099,1791214572.825807,shaped_v2_pruned_shots_random_medium_seed42_scratch2_ppo_shaped_v2_1.csv
shaped_v2_pruned_shots_random_medium_unknown_none,shaped_v2_pruned_shots_random_medium_seed42_scratch_ppo_shaped_v2_1,shaped_v2,pruned_shots,random_medium,unknown,none,42,15360,0.11999999731779099,1791212230.922129,shaped_v2_pruned_shots_random_medium_seed42_scratch_ppo_shaped_v2_1.csv
shaped_v2_pruned_shots_random_medium_unknown_none,shaped_v2_pruned_shots_random_medium_seed42_weights_only_ppo_shaped_v2_1,shaped_v2,pruned_shots,random_medium,unknown,none,42,15360,0.3199999928474426,1791214396.3730438,shaped_v2_pruned_shots_random_medium_seed42_weights_only_ppo_shaped_v2_1.csv
shaped_v2_pruned_shots_random_medium_unknown_none,shaped_v2_pruned_shots_random_medium_seed42_ppo_shaped_v2_1,shaped_v2,pruned_shots,random_medium,unknown,none,42,20480,0.2800000011920929,1791211030.304979,shaped_v2_pruned_shots_random_medium_seed42_ppo_shaped_v2_1.csv
shaped_v2_pruned_shots_random_medium_unknown_none,shaped_v2_pruned_shots_random_medium_seed42_scratch2_ppo_shaped_v2_1,shaped_v2,pruned_shots,random_medium,unknown,none,42,20480,0.20000000298023224,1791214589.7086155,shaped_v2_pruned_shots_random_medium_seed42_scratch2_ppo_shaped_v2_1.csv
shaped_v2_pruned_shots_random_medium_unknown_none,shaped_v2_pruned_shots_random_medium_seed42_scratch_ppo_shaped_v2_1,shaped_v2,pruned_shots,random_medium,unknown,none,42,20480,0.20000000298023224,1791212244.544906,shaped_v2_pruned_shots_random_medium_seed42_scratch_ppo_shaped_v2_1.csv
shaped_v2_pruned_shots_random_medium_unknown_none,shaped_v2_pruned_shots_random_medium_seed42_weights_only_ppo_shaped_v2_1,shaped_v2,pruned_shots,random_medium,unknown,none,42,20480,0.2800000011920929,1791214403.8064778,shaped_v2_pruned_shots_random_medium_seed42_weights_only_ppo_shaped_v2_1.csv
shaped_v2_pruned_shots_random_medium_unknown_none,shaped_v2_pruned_shots_random_medium_seed42_ppo_shaped_v2_1,shaped_v2,pruned_shots,random_medium,unknown,none,42,25600,0.28999999165534973,1791211037.5251715,shaped_v2_pruned_shots_random_medium_seed42_ppo_shaped_v2_1.csv
shaped_v2_pruned_shots_random_medium_unknown_none,shaped_v2_pruned_shots_random_medium_seed42_scratch2_ppo_shaped_v2_1,shaped_v2,pruned_shots,random_medium,unknown,none,42,25600,0.2199999988079071,1791214606.5655549,shaped_v2_pruned_shots_random_medium_seed42_scratch2_ppo_shaped_v2_1.csv
shaped_v2_pruned_shots_random_medium_unknown_none,shaped_v2_pruned_shots_random_medium_seed42_scratch_ppo_shaped_v2_1,shaped_v2,pruned_shots,random_medium,unknown,none,42,25600,0.2199999988079071,1791212261.0156636,shaped_v2_pruned_shots_random_medium_seed42_scratch_ppo_shaped_v2_1.csv
shaped_v2_pruned_shots_random_medium_unknown_none,shaped_v2_pruned_shots_random_medium_seed42_weights_only_ppo_shaped_v2_1,shaped_v2,pruned_shots,random_medium,unknown,none,42,25600,0.30000001192092896,1791214411.144826,shaped_v2_pruned_shots_random_medium_seed42_weights_only_ppo_shaped_v2_1.csv
shaped_v2_pruned_shots_random_medium_unknown_none,shaped_v2_pruned_shots_random_medium_seed42_ppo_shaped_v2_1,shaped_v2,pruned_shots,random_medium,unknown,none,42,30720,0.33000001311302185,1791211044.716164,shaped_v2_pruned_shots_random_medium_seed42_ppo_shaped_v2_1.csv
shaped_v2_pruned_shots_random_medium_unknown_none,shaped_v2_pruned_shots_random_medium_seed42_scratch2_ppo_shaped_v2_1,shaped_v2,pruned_shots,random_medium,unknown,none,42,30720,0.20000000298023224,1791214623.1382613,shaped_v2_pruned_shots_random_medium_seed42_scratch2_ppo_shaped_v2_1.csv
shaped_v2_pruned_shots_random_medium_unknown_none,shaped_v2_pruned_shots_random_medium_seed42_scratch_ppo_shaped_v2_1,shaped_v2,pruned_shots,random_medium,unknown,none,42,30720,0.20000000298023224,1791212277.4557173,shaped_v2_pruned_shots_random_medium_seed42_scratch_ppo_shaped_v2_1.csv
shaped_v2_pruned_shots_random_medium_unknown_none,shaped_v2_pruned_shots_random_medium_seed42_weights_only_ppo_shaped_v2_1,shaped_v2,pruned_shots,random_medium,unknown,none,42,30720,0.30000001192092896,1791214418.570892,shaped_v2_pruned_shots_random_medium_seed42_weights_only_ppo_shaped_v2_1.csv
shaped_v2_pruned_shots_random_medium_unknown_none,shaped_v2_pruned_shots_random_medium_seed42_ppo_shaped_v2_1,shaped_v2,pruned_shots,random_medium,unknown,none,42,35840,0.3100000023841858,1791211051.9619303,shaped_v2_pruned_shots_random_medium_seed42_ppo_shaped_v2_1.csv
shaped_v2_pruned_shots_random_medium_unknown_none,shaped_v2_pruned_shots_random_medium_seed42_scratch2_ppo_shaped_v2_1,shaped_v2,pruned_shots,random_medium,unknown,none,42,35840,0.30000001192092896,1791214639.7065089,shaped_v2_pruned_shots_random_medium_seed42_scratch2_ppo_shaped_v2_1.csv
shaped_v2_pruned_shots_random_medium_unknown_none,shaped_v2_pruned_shots_random_medium_seed42_scratch_ppo_shaped_v2_1,shaped_v2,pruned_shots,random_medium,unknown,none,42,35840,0.30000001192092896,1791212293.973299,shaped_v2_pruned_shots_random_medium_seed42_scratch_ppo_shaped_v2_1.csv
shaped_v2_pruned_shots_random_medium_unknown_none,shaped_v2_pruned_shots_random_medium_seed42_weights_only_ppo_shaped_v2_1,shaped_v2,pruned_shots,random_medium,unknown,none,42,35840,0.2800000011920929,1791214425.979261,shaped_v2_pruned_shots_random_medium_seed42_weights_only_ppo_shaped_v2_1.csv
shaped_v2_pruned_shots_random_medium_unknown_none,shaped_v2_pruned_shots_random_medium_seed42_ppo_shaped_v2_1,shaped_v2,pruned_shots,random_medium,unknown,none,42,40960,0.3199999928474426,1791211059.26148,shaped_v2_pruned_shots_random_medium_seed42_ppo_shaped_v2_1.csv
shaped_v2_pruned_shots_random_medium_unknown_none,shaped_v2_pruned_shots_random_medium_seed42_scratch2_ppo_shaped_v2_1,shaped_v2,pruned_shots,random_medium,unknown,none,42,40960,0.25999999046325684,1791214655.4614933,shaped_v2_pruned_shots_random_medium_seed42_scratch2_ppo_shaped_v2_1.csv
shaped_v2_pruned_shots_random_medium_unknown_none,shaped_v2_pruned_shots_random_medium_seed42_scratch_ppo_shaped_v2_1,shaped_v2,pruned_shots,random_medium,unknown,none,42,40960,0.25999999046325684,1791212310.6641142,shaped_v2_pruned_shots_random_medium_seed42_scratch_ppo_shaped_v2_1.csv
shaped_v2_pruned_shots_random_medium_unknown_none,shaped_v2_pruned_shots_random_medium_seed42_weights_only_ppo_shaped_v2_1,shaped_v2,pruned_shots,random_medium,unknown,none,42,40960,0.28999999165534973,1791214433.420214,shaped_v2_pruned_shots_random_medium_seed42_weights_only_ppo_shaped_v2_1.csv
shaped_v2_pruned_shots_random_medium_unknown_none,shaped_v2_pruned_shots_random_medium_seed42_ppo_shaped_v2_1,shaped_v2,pruned_shots,random_medium,unknown,none,42,45056,0.3499999940395355,1791211065.1460464,shaped_v2_pruned_shots_random_medium_seed42_ppo_shaped_v2_1.csv
shaped_v2_pruned_shots_random_medium_unknown_none,shaped_v2_pruned_shots_random_medium_seed42_scratch2_ppo_shaped_v2_1,shaped_v2,pruned_shots,random_medium,unknown,none,42,45056,0.23999999463558197,1791214667.4241662,shaped_v2_pruned_shots_random_medium_seed42_scratch2_ppo_shaped_v2_1.csv
shaped_v2_pruned_shots_random_medium_unknown_none,shaped_v2_pruned_shots_random_medium_seed42_scratch_ppo_shaped_v2_1,shaped_v2,pruned_shots,random_medium,unknown,none,42,45056,0.23999999463558197,1791212324.0844378,shaped_v2_pruned_shots_random_medium_seed42_scratch_ppo_shaped_v2_1.csv
shaped_v2_pruned_shots_random_medium_unknown_none,shaped_v2_pruned_shots_random_medium_seed42_weights_only_ppo_shaped_v2_1,shaped_v2,pruned_shots,random_medium,unknown,none,42,45056,0.3100000023841858,1791214439.409639,shaped_v2_pruned_shots_random_medium_seed42_weights_only_ppo_shaped_v2_1.csv
shaped_v2_pruned_shots_random_medium_unknown_none,shaped_v2_pruned_shots_random_medium_seed42_ppo_shaped_v2_1,shaped_v2,pruned_shots,random_medium,unknown,none,42,50176,0.3499999940395355,1791211072.6682675,shaped_v2_pruned_shots_random_medium_seed42_ppo_shaped_v2_1.csv
shaped_v2_pruned_shots_random_medium_unknown_none,shaped_v2_pruned_shots_random_medium_seed42_scratch2_ppo_shaped_v2_1,shaped_v2,pruned_shots,random_medium,unknown,none,42,50176,0.25999999046325684,1791214674.7199192,shaped_v2_pruned_shots_random_medium_seed42_scratch2_ppo_shaped_v2_1.csv
shaped_v2_pruned_shots_random_medium_unknown_none,shaped_v2_pruned_shots_random_medium_seed42_scratch_ppo_shaped_v2_1,shaped_v2,pruned_shots,random_medium,unknown,none,42,50176,0.25999999046325684,1791212331.6795106,shaped_v2_pruned_shots_random_medium_seed42_scratch_ppo_shaped_v2_1.csv
shaped_v2_pruned_shots_random_medium_unknown_none,shaped_v2_pruned_shots_random_medium_seed42_weights_only_ppo_shaped_v2_1,shaped_v2,pruned_shots,random_medium,unknown,none,42,50176,0.33000001311302185,1791214446.875968,shaped_v2_pruned_shots_random_medium_seed42_weights_only_ppo_shaped_v2_1.csv
shaped_v2_pruned_shots_random_medium_unknown_none,shaped_v2_pruned_shots_random_medium_seed42_ppo_shaped_v2_1,shaped_v2,pruned_shots,random_medium,unknown,none,42,55296,0.33000001311302185,1791211079.8388221,shaped_v2_pruned_shots_random_medium_seed42_ppo_shaped_v2_1.csv
shaped_v2_pruned_shots_random_medium_unknown_none,shaped_v2_pruned_shots_random_medium_seed42_scratch2_ppo_shaped_v2_1,shaped_v2,pruned_shots,random_medium,unknown,none,42,55296,0.3499999940395355,1791214681.7984507,shaped_v2_pruned_shots_random_medium_seed42_scratch2_ppo_shaped_v2_1.csv
shaped_v2_pruned_shots_random_medium_unknown_none,shaped_v2_pruned_shots_random_medium_seed42_scratch_ppo_shaped_v2_1,shaped_v2,pruned_shots,random_medium,unknown,none,42,55296,0.3499999940395355,1791212338.7102215,shaped_v2_pruned_shots_random_medium_seed42_scratch_ppo_shaped_v2_1.csv
shaped_v2_pruned_shots_random_medium_unknown_none,shaped_v2_pruned_shots_random_medium_seed42_weights_only_ppo_shaped_v2_1,shaped_v2,pruned_shots,random_medium,unknown,none,42,55296,0.33000001311302185,1791214454.277123,shaped_v2_pruned_shots_random_medium_seed42_weights_only_ppo_shaped_v2_1.csv
shaped_v2_pruned_shots_random_medium_unknown_none,shaped_v2_pruned_shots_random_medium_seed42_ppo_shaped_v2_1,shaped_v2,pruned_shots,random_medium,unknown,none,42,60416,0.3400000035762787,1791211087.1788511,shaped_v2_pruned_shots_random_medium_seed42_ppo_shaped_v2_1.csv
shaped_v2_pruned_shots_random_medium_unknown_none,shaped_v2_pruned_shots_random_medium_seed42_scratch2_ppo_shaped_v2_1,shaped_v2,pruned_shots,random_medium,unknown,none,42,60416,0.38999998569488525,1791214688.8564029,shaped_v2_pruned_shots_random_medium_seed42_scratch2_ppo_shaped_v2_1.csv
shaped_v2_pruned_shots_random_medium_unknown_none,shaped_v2_pruned_shots_random_medium_seed42_scratch_ppo_shaped_v2_1,shaped_v2,pruned_shots,random_medium,unknown,none,42,60416,0.38999998569488525,1791212345.763632,shaped_v2_pruned_shots_random_medium_seed42_scratch_ppo_shaped_v2_1.csv
shaped_v2_pruned_shots_random_medium_unknown_none,shaped_v2_pruned_shots_random_medium_seed42_weights_only_ppo_shaped_v2_1,shaped_v2,pruned_shots,random_medium,unknown,none,42,60416,0.3400000035762787,1791214461.6723597,shaped_v2_pruned_shots_random_medium_seed42_weights_only_ppo_shaped_v2_1.csv
shaped_v2_pruned_shots_random_medium_unknown_none,shaped_v2_pruned_shots_random_medium_seed42_ppo_shaped_v2_1,shaped_v2,pruned_shots,random_medium,unknown,none,42,65536,0.3499999940395355,1791211094.3864126,shaped_v2_pruned_shots_random_medium_seed42_ppo_shaped_v2_1.csv
shaped_v2_pruned_shots_random_medium_unknown_none,shaped_v2_pruned_shots_random_medium_seed42_scratch2_ppo_shaped_v2_1,shaped_v2,pruned_shots,random_medium,unknown,none,42,65536,0.4000000059604645,1791214695.9993868,shaped_v2_pruned_shots_random_medium_seed42_scratch2_ppo_shaped_v2_1.csv
shaped_v2_pruned_shots_random_medium_unknown_none,shaped_v2_pruned_shots_random_medium_seed42_scratch_ppo_shaped_v2_1,shaped_v2,pruned_shots,random_medium,unknown,none,42,65536,0.4000000059604645,1791212352.9017606,shaped_v2_pruned_shots_random_medium_seed42_scratch_ppo_shaped_v2_1.csv
shaped_v2_pruned_shots_random_medium_unknown_none,shaped_v2_pruned_shots_random_medium_seed42_weights_only_ppo_shaped_v2_1,shaped_v2,pruned_shots,random_medium,unknown,none,42,65536,0.36000001430511475,1791214469.0646784,shaped_v2_pruned_shots_random_medium_seed42_weights_only_ppo_shaped_v2_1.csv
shaped_v2_pruned_shots_random_medium_unknown_none,shaped_v2_pruned_shots_random_medium_seed42_ppo_shaped_v2_1,shaped_v2,pruned_shots,random_medium,unknown,none,42,70656,0.33000001311302185,1791211101.580927,shaped_v2_pruned_shots_random_medium_seed42_ppo_shaped_v2_1.csv
shaped_v2_pruned_shots_random_medium_unknown_none,shaped_v2_pruned_shots_random_medium_seed42_scratch2_ppo_shaped_v2_1,shaped_v2,pruned_shots,random_medium,unknown,none,42,70656,0.41999998688697815,1791214703.1265411,shaped_v2_pruned_shots_random_medium_seed42_scratch2_ppo_shaped_v2_1.csv
shaped_v2_pruned_shots_random_medium_unknown_none,shaped_v2_pruned_shots_random_medium_seed42_scratch_ppo_shaped_v2_1,shaped_v2,pruned_shots,random_medium,unknown,none,42,70656,0.41999998688697815,1791212360.0557404,shaped_v2_pruned_shots_random_medium_seed42_scratch_ppo_shaped_v2_1.csv
shaped_v2_pruned_shots_random_medium_unknown_none,shaped_v2_pruned_shots_random_medium_seed42_weights_only_ppo_shaped_v2_1,shaped_v2,pruned_shots,random_medium,unknown,none,42,70656,0.28999999165534973,1791214476.616443,shaped_v2_pruned_shots_random_medium_seed42_weights_only_ppo_shaped_v2_1.csv
shaped_v2_pruned_shots_random_medium_unknown_none,shaped_v2_pruned_shots_random_medium_seed42_ppo_shaped_v2_1,shaped_v2,pruned_shots,random_medium,unknown,none,42,75776,0.3499999940395355,1791211108.7679024,shaped_v2_pruned_shots_random_medium_seed42_ppo_shaped_v2_1.csv
shaped_v2_pruned_shots_random_medium_unknown_none,shaped_v2_pruned_shots_random_medium_seed42_scratch2_ppo_shaped_v2_1,shaped_v2,pruned_shots,random_medium,unknown,none,42,75776,0.3799999952316284,1791214710.2050939,shaped_v2_pruned_shots_random_medium_seed42_scratch2_ppo_shaped_v2_1.csv
shaped_v2_pruned_shots_random_medium_unknown_none,shaped_v2_pruned_shots_random_medium_seed42_scratch_ppo_shaped_v2_1,shaped_v2,pruned_shots,random_medium,unknown,none,42,75776,0.3799999952316284,1791212367.1031995,shaped_v2_pruned_shots_random_medium_seed42_scratch_ppo_shaped_v2_1.csv
shaped_v2_pruned_shots_random_medium_unknown_none,shaped_v2_pruned_shots_random_medium_seed42_weights_only_ppo_shaped_v2_1,shaped_v2,pruned_shots,random_medium,unknown,none,42,75776,0.30000001192092896,1791214484.1642902,shaped_v2_pruned_shots_random_medium_seed42_weights_only_ppo_shaped_v2_1.csv
shaped_v2_pruned_shots_random_medium_unknown_none,shaped_v2_pruned_shots_random_medium_seed42_ppo_shaped_v2_1,shaped_v2,pruned_shots,random_medium,unknown,none,42,80896,0.3100000023841858,1791211116.0107574,shaped_v2_pruned_shots_random_medium_seed42_ppo_shaped_v2_1.csv
shaped_v2_pruned_shots_random_medium_unknown_none,shaped_v2_pruned_shots_random_medium_seed42_scratch2_ppo_shaped_v2_1,shaped_v2,pruned_shots,random_medium,unknown,none,42,80896,0.38999998569488525,1791214717.3716986,shaped_v2_pruned_shots_random_medium_seed42_scratch2_ppo_shaped_v2_1.csv
shaped_v2_pruned_shots_random_medium_unknown_none,shaped_v2_pruned_shots_random_medium_seed42_scratch_ppo_shaped_v2_1,shaped_v2,pruned_shots,random_medium,unknown,none,42,80896,0.38999998569488525,1791212374.2439342,shaped_v2_pruned_shots_random_medium_seed42_scratch_ppo_shaped_v2_1.csv
shaped_v2_pruned_shots_random_medium_unknown_none,shaped_v2_pruned_shots_random_medium_seed42_weights_only_ppo_shaped_v2_1,shaped_v2,pruned_shots,random_medium,unknown,none,42,80896,0.27000001072883606,1791214491.9963202,shaped_v2_pruned_shots_random_medium_seed42_weights_only_ppo_shaped_v2_1.csv
shaped_v2_pruned_shots_random_medium_unknown_none,shaped_v2_pruned_shots_random_medium_seed42_ppo_shaped_v2_1,shaped_v2,pruned_shots,random_medium,unknown,none,42,86016,0.3400000035762787,1791211123.2275832,shaped_v2_pruned_shots_random_medium_seed42_ppo_shaped_v2_1.csv
shaped_v2_pruned_shots_random_medium_unknown_none,shaped_v2_pruned_shots_random_medium_seed42_scratch2_ppo_shaped_v2_1,shaped_v2,pruned_shots,random_medium,unknown,none,42,86016,0.41999998688697815,1791214724.4191473,shaped_v2_pruned_shots_random_medium_seed42_scratch2_ppo_shaped_v2_1.csv
shaped_v2_pruned_shots_random_medium_unknown_none,shaped_v2_pruned_shots_random_medium_seed42_scratch_ppo_shaped_v2_1,shaped_v2,pruned_shots,random_medium,unknown,none,42,86016,0.41999998688697815,1791212381.3090658,shaped_v2_pruned_shots_random_medium_seed42_scratch_ppo_shaped_v2_1.csv
shaped_v2_pruned_shots_random_medium_unknown_none,shaped_v2_pruned_shots_random_medium_seed42_weights_only_ppo_shaped_v2_1,shaped_v2,pruned_shots,random_medium,unknown,none,42,86016,0.3100000023841858,1791214499.3614357,shaped_v2_pruned_shots_random_medium_seed42_weights_only_ppo_shaped_v2_1.csv
shaped_v2_pruned_shots_random_medium_unknown_none,shaped_v2_pruned_shots_random_medium_seed42_ppo_shaped_v2_1,shaped_v2,pruned_shots,random_medium,unknown,none,42,90112,0.3400000035762787,1791211129.1431599,shaped_v2_pruned_shots_random_medium_seed42_ppo_shaped_v2_1.csv
shaped_v2_pruned_shots_random_medium_unknown_none,shaped_v2_pruned_shots_random_medium_seed42_scratch2_ppo_shaped_v2_1,shaped_v2,pruned_shots,random_medium,unknown,none,42,90112,0.46000000834465027,1791214730.2434573,shaped_v2_pruned_shots_random_medium_seed42_scratch2_ppo_shaped_v2_1.csv
shaped_v2_pruned_shots_random_medium_unknown_none,shaped_v2_pruned_shots_random_medium_seed42_scratch_ppo_shaped_v2_1,shaped_v2,pruned_shots,random_medium,unknown,none,42,90112,0.46000000834465027,1791212387.0651784,shaped_v2_pruned_shots_random_medium_seed42_scratch_ppo_shaped_v2_1.csv
shaped_v2_pruned_shots_random_medium_unknown_none,shaped_v2_pruned_shots_random_medium_seed42_weights_only_ppo_shaped_v2_1,shaped_v2,pruned_shots,random_medium,unknown,none,42,90112,0.33000001311302185,1791214505.403427,shaped_v2_pruned_shots_random_medium_seed42_weights_only_ppo_shaped_v2_1.csv
shaped_v2_pruned_shots_random_medium_unknown_none,shaped_v2_pruned_shots_random_medium_seed42_ppo_shaped_v2_1,shaped_v2,pruned_shots,random_medium,unknown,none,42,95232,0.3499999940395355,1791211136.4337842,shaped_v2_pruned_shots_random_medium_seed42_ppo_shaped_v2_1.csv
shaped_v2_pruned_shots_random_medium_unknown_none,shaped_v2_pruned_shots_random_medium_seed42_scratch2_ppo_shaped_v2_1,shaped_v2,pruned_shots,random_medium,unknown,none,42,95232,0.46000000834465027,1791214737.3199728,shaped_v2_pruned_shots_random_medium_seed42_scratch2_ppo_shaped_v2_1.csv
shaped_v2_pruned_shots_random_medium_unknown_none,shaped_v2_pruned_shots_random_medium_seed42_scratch_ppo_shaped_v2_1,shaped_v2,pruned_shots,random_medium,unknown,none,42,95232,0.46000000834465027,1791212394.1310458,shaped_v2_pruned_shots_random_medium_seed42_scratch_ppo_shaped_v2_1.csv
shaped_v2_pruned_shots_random_medium_unknown_none,shaped_v2_pruned_shots_random_medium_seed42_weights_only_ppo_shaped_v2_1,shaped_v2,pruned_shots,random_medium,unknown,none,42,95232,0.3700000047683716,1791214512.9041705,shaped_v2_pruned_shots_random_medium_seed42_weights_only_ppo_shaped_v2_1.csv
shaped_v2_pruned_shots_random_medium_unknown_none,shaped_v2_pruned_shots_random_medium_seed42_ppo_shaped_v2_1,shaped_v2,pruned_shots,random_medium,unknown,none,42,100352,0.3100000023841858,1791211143.6693072,shaped_v2_pruned_shots_random_medium_seed42_ppo_shaped_v2_1.csv
shaped_v2_pruned_shots_random_medium_unknown_none,shaped_v2_pruned_shots_random_medium_seed42_scratch2_ppo_shaped_v2_1,shaped_v2,pruned_shots,random_medium,unknown,none,42,100352,0.44999998807907104,1791214744.496436,shaped_v2_pruned_shots_random_medium_seed42_scratch2_ppo_shaped_v2_1.csv
shaped_v2_pruned_shots_random_medium_unknown_none,shaped_v2_pruned_shots_random_medium_seed42_scratch_ppo_shaped_v2_1,shaped_v2,pruned_shots,random_medium,unknown,none,42,100352,0.44999998807907104,1791212401.2445664,shaped_v2_pruned_shots_random_medium_seed42_scratch_ppo_shaped_v2_1.csv
shaped_v2_pruned_shots_random_medium_unknown_none,shaped_v2_pruned_shots_random_medium_seed42_weights_only_ppo_shaped_v2_1,shaped_v2,pruned_shots,random_medium,unknown,none,42,100352,0.3499999940395355,1791214520.4436753,shaped_v2_pruned_shots_random_medium_seed42_weights_only_ppo_shaped_v2_1.csv
shaped_v2_pruned_shots_random_medium_unknown_none,shaped_v2_pruned_shots_random_medium_seed42_ppo_shaped_v2_1,shaped_v2,pruned_shots,random_medium,unknown,none,42,105472,0.3499999940395355,1791211150.902621,shaped_v2_pruned_shots_random_medium_seed42_ppo_shaped_v2_1.csv
shaped_v2_pruned_shots_random_medium_unknown_none,shaped_v2_pruned_shots_random_medium_seed42_scratch2_ppo_shaped_v2_1,shaped_v2,pruned_shots,random_medium,unknown,none,42,105472,0.41999998688697815,1791214751.636659,shaped_v2_pruned_shots_random_medium_seed42_scratch2_ppo_shaped_v2_1.csv
shaped_v2_pruned_shots_random_medium_unknown_none,shaped_v2_pruned_shots_random_medium_seed42_ppo_shaped_v2_1,shaped_v2,pruned_shots,random_medium,unknown,none,42,110592,0.3700000047683716,1791211158.1779742,shaped_v2_pruned_shots_random_medium_seed42_ppo_shaped_v2_1.csv
shaped_v2_pruned_shots_random_medium_unknown_none,shaped_v2_pruned_shots_random_medium_seed42_scratch2_ppo_shaped_v2_1,shaped_v2,pruned_shots,random_medium,unknown,none,42,110592,0.4000000059604645,1791214758.848602,shaped_v2_pruned_shots_random_medium_seed42_scratch2_ppo_shaped_v2_1.csv
shaped_v2_pruned_shots_random_medium_unknown_none,shaped_v2_pruned_shots_random_medium_seed42_ppo_shaped_v2_1,shaped_v2,pruned_shots,random_medium,unknown,none,42,115712,0.3400000035762787,1791211165.6419325,shaped_v2_pruned_shots_random_medium_seed42_ppo_shaped_v2_1.csv
shaped_v2_pruned_shots_random_medium_unknown_none,shaped_v2_pruned_shots_random_medium_seed42_scratch2_ppo_shaped_v2_1,shaped_v2,pruned_shots,random_medium,unknown,none,42,115712,0.4300000071525574,1791214766.0373154,shaped_v2_pruned_shots_random_medium_seed42_scratch2_ppo_shaped_v2_1.csv
shaped_v2_pruned_shots_random_medium_unknown_none,shaped_v2_pruned_shots_random_medium_seed42_ppo_shaped_v2_1,shaped_v2,pruned_shots,random_medium,unknown,none,42,120832,0.3700000047683716,1791211172.92792,shaped_v2_pruned_shots_random_medium_seed42_ppo_shaped_v2_1.csv
shaped_v2_pruned_shots_random_medium_unknown_none,shaped_v2_pruned_shots_random_medium_seed42_scratch2_ppo_shaped_v2_1,shaped_v2,pruned_shots,random_medium,unknown,none,42,120832,0.4399999976158142,1791214773.1959605,shaped_v2_pruned_shots_random_medium_seed42_scratch2_ppo_shaped_v2_1.csv
shaped_v2_pruned_shots_random_medium_unknown_none,shaped_v2_pruned_shots_random_medium_seed42_ppo_shaped_v2_1,shaped_v2,pruned_shots,random_medium,unknown,none,42,125952,0.3400000035762787,1791211180.2855706,shaped_v2_pruned_shots_random_medium_seed42_ppo_shaped_v2_1.csv
shaped_v2_pruned_shots_random_medium_unknown_none,shaped_v2_pruned_shots_random_medium_seed42_scratch2_ppo_shaped_v2_1,shaped_v2,pruned_shots,random_medium,unknown,none,42,125952,0.4300000071525574,1791214780.4977415,shaped_v2_pruned_shots_random_medium_seed42_scratch2_ppo_shaped_v2_1.csv
shaped_v2_pruned_shots_random_medium_unknown_none,shaped_v2_pruned_shots_random_medium_seed42_ppo_shaped_v2_1,shaped_v2,pruned_shots,random_medium,unknown,none,42,130048,0.41999998688697815,1791211186.1419275,shaped_v2_pruned_shots_random_medium_seed42_ppo_shaped_v2_1.csv
shaped_v2_pruned_shots_random_medium_unknown_none,shaped_v2_pruned_shots_random_medium_seed42_scratch2_ppo_shaped_v2_1,shaped_v2,pruned_shots,random_medium,unknown,none,42,130048,0.4300000071525574,1791214786.2899358,shaped_v2_pruned_shots_random_medium_seed42_scratch2_ppo_shaped_v2_1.csv
shaped_v2_pruned_shots_random_medium_unknown_none,shaped_v2_pruned_shots_random_medium_seed42_ppo_shaped_v2_1,shaped_v2,pruned_shots,random_medium,unknown,none,42,135168,0.3799999952316284,1791211193.4599729,shaped_v2_pruned_shots_random_medium_seed42_ppo_shaped_v2_1.csv
shaped_v2_pruned_shots_random_medium_unknown_none,shaped_v2_pruned_shots_random_medium_seed42_scratch2_ppo_shaped_v2_1,shaped_v2,pruned_shots,random_medium,unknown,none,42,135168,0.4099999964237213,1791214793.450222,shaped_v2_pruned_shots_random_medium_seed42_scratch2_ppo_shaped_v2_1.csv
shaped_v2_pruned_shots_random_medium_unknown_none,shaped_v2_pruned_shots_random_medium_seed42_ppo_shaped_v2_1,shaped_v2,pruned_shots,random_medium,unknown,none,42,140288,0.3499999940395355,1791211200.8064947,shaped_v2_pruned_shots_random_medium_seed42_ppo_shaped_v2_1.csv
shaped_v2_pruned_shots_random_medium_unknown_none,shaped_v2_pruned_shots_random_medium_seed42_scratch2_ppo_shaped_v2_1,shaped_v2,pruned_shots,random_medium,unknown,none,42,140288,0.41999998688697815,1791214800.5785346,shaped_v2_pruned_shots_random_medium_seed42_scratch2_ppo_shaped_v2_1.csv
shaped_v2_pruned_shots_random_medium_unknown_none,shaped_v2_pruned_shots_random_medium_seed42_ppo_shaped_v2_1,shaped_v2,pruned_shots,random_medium,unknown,none,42,145408,0.4000000059604645,1791211208.2214248,shaped_v2_pruned_shots_random_medium_seed42_ppo_shaped_v2_1.csv
shaped_v2_pruned_shots_random_medium_unknown_none,shaped_v2_pruned_shots_random_medium_seed42_scratch2_ppo_shaped_v2_1,shaped_v2,pruned_shots,random_medium,unknown,none,42,145408,0.4099999964237213,1791214807.8001354,shaped_v2_pruned_shots_random_medium_seed42_scratch2_ppo_shaped_v2_1.csv
shaped_v2_pruned_shots_random_medium_unknown_none,shaped_v2_pruned_shots_random_medium_seed42_ppo_shaped_v2_1,shaped_v2,pruned_shots,random_medium,unknown,none,42,150528,0.4099999964237213,1791211215.4053786,shaped_v2_pruned_shots_random_medium_seed42_ppo_shaped_v2_1.csv
shaped_v2_pruned_shots_random_medium_unknown_none,shaped_v2_pruned_shots_random_medium_seed42_scratch2_ppo_shaped_v2_1,shaped_v2,pruned_shots,random_medium,unknown,none,42,150528,0.49000000953674316,1791214815.1022341,shaped_v2_pruned_shots_random_medium_seed42_scratch2_ppo_shaped_v2_1.csv
shaped_v2_pruned_shots_random_medium_unknown_none,shaped_v2_pruned_shots_random_medium_seed42_ppo_shaped_v2_1,shaped_v2,pruned_shots,random_medium,unknown,none,42,155648,0.44999998807907104,1791211222.6427011,shaped_v2_pruned_shots_random_medium_seed42_ppo_shaped_v2_1.csv
shaped_v2_pruned_shots_random_medium_unknown_none,shaped_v2_pruned_shots_random_medium_seed42_scratch2_ppo_shaped_v2_1,shaped_v2,pruned_shots,random_medium,unknown,none,42,155648,0.5099999904632568,1791214822.277893,shaped_v2_pruned_shots_random_medium_seed42_scratch2_ppo_shaped_v2_1.csv
shaped_v2_pruned_shots_random_medium_unknown_none,shaped_v2_pruned_shots_random_medium_seed42_ppo_shaped_v2_1,shaped_v2,pruned_shots,random_medium,unknown,none,42,160768,0.4099999964237213,1791211229.8845294,shaped_v2_pruned_shots_random_medium_seed42_ppo_shaped_v2_1.csv
shaped_v2_pruned_shots_random_medium_unknown_none,shaped_v2_pruned_shots_random_medium_seed42_scratch2_ppo_shaped_v2_1,shaped_v2,pruned_shots,random_medium,unknown,none,42,160768,0.5,1791214829.3791018,shaped_v2_pruned_shots_random_medium_seed42_scratch2_ppo_shaped_v2_1.csv
shaped_v2_pruned_shots_random_medium_unknown_none,shaped_v2_pruned_shots_random_medium_seed42_ppo_shaped_v2_1,shaped_v2,pruned_shots,random_medium,unknown,none,42,165888,0.4300000071525574,1791211237.151342,shaped_v2_pruned_shots_random_medium_seed42_ppo_shaped_v2_1.csv
shaped_v2_pruned_shots_random_medium_unknown_none,shaped_v2_pruned_shots_random_medium_seed42_scratch2_ppo_shaped_v2_1,shaped_v2,pruned_shots,random_medium,unknown,none,42,165888,0.47999998927116394,1791214836.567599,shaped_v2_pruned_shots_random_medium_seed42_scratch2_ppo_shaped_v2_1.csv
shaped_v2_pruned_shots_random_medium_unknown_none,shaped_v2_pruned_shots_random_medium_seed42_ppo_shaped_v2_1,shaped_v2,pruned_shots,random_medium,unknown,none,42,171008,0.4300000071525574,1791211244.4599957,shaped_v2_pruned_shots_random_medium_seed42_ppo_shaped_v2_1.csv
shaped_v2_pruned_shots_random_medium_unknown_none,shaped_v2_pruned_shots_random_medium_seed42_scratch2_ppo_shaped_v2_1,shaped_v2,pruned_shots,random_medium,unknown,none,42,171008,0.5099999904632568,1791214843.7440403,shaped_v2_pruned_shots_random_medium_seed42_scratch2_ppo_shaped_v2_1.csv
shaped_v2_pruned_shots_random_medium_unknown_none,shaped_v2_pruned_shots_random_medium_seed42_ppo_shaped_v2_1,shaped_v2,pruned_shots,random_medium,unknown,none,42,175104,0.44999998807907104,1791211250.4169037,shaped_v2_pruned_shots_random_medium_seed42_ppo_shaped_v2_1.csv
shaped_v2_pruned_shots_random_medium_unknown_none,shaped_v2_pruned_shots_random_medium_seed42_scratch2_ppo_shaped_v2_1,shaped_v2,pruned_shots,random_medium,unknown,none,42,175104,0.5199999809265137,1791214849.5295668,shaped_v2_pruned_shots_random_medium_seed42_scratch2_ppo_shaped_v2_1.csv
shaped_v2_pruned_shots_random_medium_unknown_none,shaped_v2_pruned_shots_random_medium_seed42_ppo_shaped_v2_1,shaped_v2,pruned_shots,random_medium,unknown,none,42,180224,0.3700000047683716,1791211257.9328606,shaped_v2_pruned_shots_random_medium_seed42_ppo_shaped_v2_1.csv
shaped_v2_pruned_shots_random_medium_unknown_none,shaped_v2_pruned_shots_random_medium_seed42_scratch2_ppo_shaped_v2_1,shaped_v2,pruned_shots,random_medium,unknown,none,42,180224,0.49000000953674316,1791214856.683129,shaped_v2_pruned_shots_random_medium_seed42_scratch2_ppo_shaped_v2_1.csv
shaped_v2_pruned_shots_random_medium_unknown_none,shaped_v2_pruned_shots_random_medium_seed42_ppo_shaped_v2_1,shaped_v2,pruned_shots,random_medium,unknown,none,42,185344,0.4099999964237213,1791211265.2904892,shaped_v2_pruned_shots_random_medium_seed42_ppo_shaped_v2_1.csv
shaped_v2_pruned_shots_random_medium_unknown_none,shaped_v2_pruned_shots_random_medium_seed42_scratch2_ppo_shaped_v2_1,shaped_v2,pruned_shots,random_medium,unknown,none,42,185344,0.4699999988079071,1791214863.9676728,shaped_v2_pruned_shots_random_medium_seed42_scratch2_ppo_shaped_v2_1.csv
shaped_v2_pruned_shots_random_medium_unknown_none,shaped_v2_pruned_shots_random_medium_seed42_ppo_shaped_v2_1,shaped_v2,pruned_shots,random_medium,unknown,none,42,190464,0.4399999976158142,1791211272.5168777,shaped_v2_pruned_shots_random_medium_seed42_ppo_shaped_v2_1.csv
shaped_v2_pruned_shots_random_medium_unknown_none,shaped_v2_pruned_shots_random_medium_seed42_scratch2_ppo_shaped_v2_1,shaped_v2,pruned_shots,random_medium,unknown,none,42,190464,0.5,1791214871.1953838,shaped_v2_pruned_shots_random_medium_seed42_scratch2_ppo_shaped_v2_1.csv
shaped_v2_pruned_shots_random_medium_unknown_none,shaped_v2_pruned_shots_random_medium_seed42_ppo_shaped_v2_1,shaped_v2,pruned_shots,random_medium,unknown,none,42,195584,0.46000000834465027,1791211279.730565,shaped_v2_pruned_shots_random_medium_seed42_ppo_shaped_v2_1.csv
shaped_v2_pruned_shots_random_medium_unknown_none,shaped_v2_pruned_shots_random_medium_seed42_scratch2_ppo_shaped_v2_1,shaped_v2,pruned_shots,random_medium,unknown,none,42,195584,0.5,1791214878.3683465,shaped_v2_pruned_shots_random_medium_seed42_scratch2_ppo_shaped_v2_1.csv
shaped_v2_pruned_shots_random_medium_unknown_none,shaped_v2_pruned_shots_random_medium_seed42_ppo_shaped_v2_1,shaped_v2,pruned_shots,random_medium,unknown,none,42,200704,0.4300000071525574,1791211286.900114,shaped_v2_pruned_shots_random_medium_seed42_ppo_shaped_v2_1.csv
shaped_v2_pruned_shots_random_medium_unknown_none,shaped_v2_pruned_shots_random_medium_seed42_scratch2_ppo_shaped_v2_1,shaped_v2,pruned_shots,random_medium,unknown,none,42,200704,0.49000000953674316,1791214885.4281163,shaped_v2_pruned_shots_random_medium_seed42_scratch2_ppo_shaped_v2_1.csv
shaped_v2_pruned_shots_random_medium_unknown_none,shaped_v2_pruned_shots_random_medium_seed42_ppo_shaped_v2_1,shaped_v2,pruned_shots,random_medium,unknown,none,42,205824,0.46000000834465027,1791211294.1230192,shaped_v2_pruned_shots_random_medium_seed42_ppo_shaped_v2_1.csv
shaped_v2_pruned_shots_random_medium_unknown_none,shaped_v2_pruned_shots_random_medium_seed42_scratch2_ppo_shaped_v2_1,shaped_v2,pruned_shots,random_medium,unknown,none,42,205824,0.4699999988079071,1791214892.4894671,shaped_v2_pruned_shots_random_medium_seed42_scratch2_ppo_shaped_v2_1.csv
shaped_v2_pruned_shots_random_medium_unknown_none,shaped_v2_pruned_shots_random_medium_seed42_ppo_shaped_v2_1,shaped_v2,pruned_shots,random_medium,unknown,none,42,210944,0.4699999988079071,1791211301.3038423,shaped_v2_pruned_shots_random_medium_seed42_ppo_shaped_v2_1.csv
shaped_v2_pruned_shots_random_medium_unknown_none,shaped_v2_pruned_shots_random_medium_seed42_scratch2_ppo_shaped_v2_1,shaped_v2,pruned_shots,random_medium,unknown,none,42,210944,0.4699999988079071,1791214899.5703695,shaped_v2_pruned_shots_random_medium_seed42_scratch2_ppo_shaped_v2_1.csv
shaped_v2_pruned_shots_random_medium_unknown_none,shaped_v2_pruned_shots_random_medium_seed42_ppo_shaped_v2_1,shaped_v2,pruned_shots,random_medium,unknown,none,42,215040,0.44999998807907104,1791211307.1630423,shaped_v2_pruned_shots_random_medium_seed42_ppo_shaped_v2_1.csv
shaped_v2_pruned_shots_random_medium_unknown_none,shaped_v2_pruned_shots_random_medium_seed42_scratch2_ppo_shaped_v2_1,shaped_v2,pruned_shots,random_medium,unknown,none,42,215040,0.5,1791214905.2934678,shaped_v2_pruned_shots_random_medium_seed42_scratch2_ppo_shaped_v2_1.csv
shaped_v2_pruned_shots_random_medium_unknown_none,shaped_v2_pruned_shots_random_medium_seed42_ppo_shaped_v2_1,shaped_v2,pruned_shots,random_medium,unknown,none,42,220160,0.44999998807907104,1791211314.3561554,shaped_v2_pruned_shots_random_medium_seed42_ppo_shaped_v2_1.csv
shaped_v2_pruned_shots_random_medium_unknown_none,shaped_v2_pruned_shots_random_medium_seed42_scratch2_ppo_shaped_v2_1,shaped_v2,pruned_shots,random_medium,unknown,none,42,220160,0.5099999904632568,1791214912.3528776,shaped_v2_pruned_shots_random_medium_seed42_scratch2_ppo_shaped_v2_1.csv
shaped_v2_pruned_shots_random_medium_unknown_none,shaped_v2_pruned_shots_random_medium_seed42_ppo_shaped_v2_1,shaped_v2,pruned_shots,random_medium,unknown,none,42,225280,0.47999998927116394,1791211321.534075,shaped_v2_pruned_shots_random_medium_seed42_ppo_shaped_v2_1.csv
shaped_v2_pruned_shots_random_medium_unknown_none,shaped_v2_pruned_shots_random_medium_seed42_scratch2_ppo_shaped_v2_1,shaped_v2,pruned_shots,random_medium,unknown,none,42,225280,0.550000011920929,1791214919.473734,shaped_v2_pruned_shots_random_medium_seed42_scratch2_ppo_shaped_v2_1.csv
shaped_v2_pruned_shots_random_medium_unknown_none,shaped_v2_pruned_shots_random_medium_seed42_ppo_shaped_v2_1,shaped_v2,pruned_shots,random_medium,unknown,none,42,230400,0.4399999976158142,1791211328.8382053,shaped_v2_pruned_shots_random_medium_seed42_ppo_shaped_v2_1.csv
shaped_v2_pruned_shots_random_medium_unknown_none,shaped_v2_pruned_shots_random_medium_seed42_scratch2_ppo_shaped_v2_1,shaped_v2,pruned_shots,random_medium,unknown,none,42,230400,0.550000011920929,1791214926.6291783,shaped_v2_pruned_shots_random_medium_seed42_scratch2_ppo_shaped_v2_1.csv
shaped_v2_pruned_shots_random_medium_unknown_none,shaped_v2_pruned_shots_random_medium_seed42_ppo_shaped_v2_1,shaped_v2,pruned_shots,random_medium,unknown,none,42,235520,0.46000000834465027,1791211336.059155,shaped_v2_pruned_shots_random_medium_seed42_ppo_shaped_v2_1.csv
shaped_v2_pruned_shots_random_medium_unknown_none,shaped_v2_pruned_shots_random_medium_seed42_scratch2_ppo_shaped_v2_1,shaped_v2,pruned_shots,random_medium,unknown,none,42,235520,0.5299999713897705,1791214933.6974685,shaped_v2_pruned_shots_random_medium_seed42_scratch2_ppo_shaped_v2_1.csv
shaped_v2_pruned_shots_random_medium_unknown_none,shaped_v2_pruned_shots_random_medium_seed42_ppo_shaped_v2_1,shaped_v2,pruned_shots,random_medium,unknown,none,42,240640,0.4699999988079071,1791211343.180557,shaped_v2_pruned_shots_random_medium_seed42_ppo_shaped_v2_1.csv
shaped_v2_pruned_shots_random_medium_unknown_none,shaped_v2_pruned_shots_random_medium_seed42_scratch2_ppo_shaped_v2_1,shaped_v2,pruned_shots,random_medium,unknown,none,42,240640,0.5199999809265137,1791214941.039384,shaped_v2_pruned_shots_random_medium_seed42_scratch2_ppo_shaped_v2_1.csv
shaped_v2_pruned_shots_random_medium_unknown_none,shaped_v2_pruned_shots_random_medium_seed42_ppo_shaped_v2_1,shaped_v2,pruned_shots,random_medium,unknown,none,42,245760,0.44999998807907104,1791211350.338086,shaped_v2_pruned_shots_random_medium_seed42_ppo_shaped_v2_1.csv
shaped_v2_pruned_shots_random_medium_unknown_none,shaped_v2_pruned_shots_random_medium_seed42_scratch2_ppo_shaped_v2_1,shaped_v2,pruned_shots,random_medium,unknown,none,42,245760,0.5600000023841858,1791214948.2129996,shaped_v2_pruned_shots_random_medium_seed42_scratch2_ppo_shaped_v2_1.csv
shaped_v2_pruned_shots_random_medium_unknown_none,shaped_v2_pruned_shots_random_medium_seed42_ppo_shaped_v2_1,shaped_v2,pruned_shots,random_medium,unknown,none,42,250880,0.44999998807907104,1791211357.5004396,shaped_v2_pruned_shots_random_medium_seed42_ppo_shaped_v2_1.csv
shaped_v2_pruned_shots_random_medium_unknown_none,shaped_v2_pruned_shots_random_medium_seed42_scratch2_ppo_shaped_v2_1,shaped_v2,pruned_shots,random_medium,unknown,none,42,250880,0.5699999928474426,1791214955.366214,shaped_v2_pruned_shots_random_medium_seed42_scratch2_ppo_shaped_v2_1.csv
shaped_v2_pruned_shots_random_medium_unknown_none,shaped_v2_pruned_shots_random_medium_seed42_ppo_shaped_v2_1,shaped_v2,pruned_shots,random_medium,unknown,none,42,256000,0.4300000071525574,1791211364.6383321,shaped_v2_pruned_shots_random_medium_seed42_ppo_shaped_v2_1.csv
shaped_v2_pruned_shots_random_medium_unknown_none,shaped_v2_pruned_shots_random_medium_seed42_scratch2_ppo_shaped_v2_1,shaped_v2,pruned_shots,random_medium,unknown,none,42,256000,0.5699999928474426,1791214962.5517077,shaped_v2_pruned_shots_random_medium_seed42_scratch2_ppo_shaped_v2_1.csv
shaped_v2_pruned_shots_random_medium_unknown_none,shaped_v2_pruned_shots_random_medium_seed42_ppo_shaped_v2_1,shaped_v2,pruned_shots,random_medium,unknown,none,42,260096,0.41999998688697815,1791211370.5156124,shaped_v2_pruned_shots_random_medium_seed42_ppo_shaped_v2_1.csv
shaped_v2_pruned_shots_random_medium_unknown_none,shaped_v2_pruned_shots_random_medium_seed42_scratch2_ppo_shaped_v2_1,shaped_v2,pruned_shots,random_medium,unknown,none,42,260096,0.5099999904632568,1791214968.3620458,shaped_v2_pruned_shots_random_medium_seed42_scratch2_ppo_shaped_v2_1.csv
shaped_v2_pruned_shots_random_medium_unknown_none,shaped_v2_pruned_shots_random_medium_seed42_ppo_shaped_v2_1,shaped_v2,pruned_shots,random_medium,unknown,none,42,265216,0.4300000071525574,1791211377.7653348,shaped_v2_pruned_shots_random_medium_seed42_ppo_shaped_v2_1.csv
shaped_v2_pruned_shots_random_medium_unknown_none,shaped_v2_pruned_shots_random_medium_seed42_scratch2_ppo_shaped_v2_1,shaped_v2,pruned_shots,random_medium,unknown,none,42,265216,0.5099999904632568,1791214975.6014323,shaped_v2_pruned_shots_random_medium_seed42_scratch2_ppo_shaped_v2_1.csv
shaped_v2_pruned_shots_random_medium_unknown_none,shaped_v2_pruned_shots_random_medium_seed42_ppo_shaped_v2_1,shaped_v2,pruned_shots,random_medium,unknown,none,42,270336,0.4300000071525574,1791211384.9300988,shaped_v2_pruned_shots_random_medium_seed42_ppo_shaped_v2_1.csv
shaped_v2_pruned_shots_random_medium_unknown_none,shaped_v2_pruned_shots_random_medium_seed42_scratch2_ppo_shaped_v2_1,shaped_v2,pruned_shots,random_medium,unknown,none,42,270336,0.5400000214576721,1791214982.8616936,shaped_v2_pruned_shots_random_medium_seed42_scratch2_ppo_shaped_v2_1.csv
shaped_v2_pruned_shots_random_medium_unknown_none,shaped_v2_pruned_shots_random_medium_seed42_ppo_shaped_v2_1,shaped_v2,pruned_shots,random_medium,unknown,none,42,275456,0.38999998569488525,1791211392.2266479,shaped_v2_pruned_shots_random_medium_seed42_ppo_shaped_v2_1.csv
shaped_v2_pruned_shots_random_medium_unknown_none,shaped_v2_pruned_shots_random_medium_seed42_scratch2_ppo_shaped_v2_1,shaped_v2,pruned_shots,random_medium,unknown,none,42,275456,0.550000011920929,1791214989.9859624,shaped_v2_pruned_shots_random_medium_seed42_scratch2_ppo_shaped_v2_1.csv
shaped_v2_pruned_shots_random_medium_unknown_none,shaped_v2_pruned_shots_random_medium_seed42_ppo_shaped_v2_1,shaped_v2,pruned_shots,random_medium,unknown,none,42,280576,0.4000000059604645,1791211399.3892398,shaped_v2_pruned_shots_random_medium_seed42_ppo_shaped_v2_1.csv
shaped_v2_pruned_shots_random_medium_unknown_none,shaped_v2_pruned_shots_random_medium_seed42_scratch2_ppo_shaped_v2_1,shaped_v2,pruned_shots,random_medium,unknown,none,42,280576,0.5400000214576721,1791214997.2131035,shaped_v2_pruned_shots_random_medium_seed42_scratch2_ppo_shaped_v2_1.csv
shaped_v2_pruned_shots_random_medium_unknown_none,shaped_v2_pruned_shots_random_medium_seed42_ppo_shaped_v2_1,shaped_v2,pruned_shots,random_medium,unknown,none,42,285696,0.4099999964237213,1791211406.5288715,shaped_v2_pruned_shots_random_medium_seed42_ppo_shaped_v2_1.csv
shaped_v2_pruned_shots_random_medium_unknown_none,shaped_v2_pruned_shots_random_medium_seed42_scratch2_ppo_shaped_v2_1,shaped_v2,pruned_shots,random_medium,unknown,none,42,285696,0.5600000023841858,1791215004.4475596,shaped_v2_pruned_shots_random_medium_seed42_scratch2_ppo_shaped_v2_1.csv
shaped_v2_pruned_shots_random_medium_unknown_none,shaped_v2_pruned_shots_random_medium_seed42_ppo_shaped_v2_1,shaped_v2,pruned_shots,random_medium,unknown,none,42,290816,0.41999998688697815,1791211413.6251826,shaped_v2_pruned_shots_random_medium_seed42_ppo_shaped_v2_1.csv
shaped_v2_pruned_shots_random_medium_unknown_none,shaped_v2_pruned_shots_random_medium_seed42_scratch2_ppo_shaped_v2_1,shaped_v2,pruned_shots,random_medium,unknown,none,42,290816,0.5299999713897705,1791215011.6518912,shaped_v2_pruned_shots_random_medium_seed42_scratch2_ppo_shaped_v2_1.csv
shaped_v2_pruned_shots_random_medium_unknown_none,shaped_v2_pruned_shots_random_medium_seed42_ppo_shaped_v2_1,shaped_v2,pruned_shots,random_medium,unknown,none,42,295936,0.44999998807907104,1791211420.8785334,shaped_v2_pruned_shots_random_medium_seed42_ppo_shaped_v2_1.csv
shaped_v2_pruned_shots_random_medium_unknown_none,shaped_v2_pruned_shots_random_medium_seed42_scratch2_ppo_shaped_v2_1,shaped_v2,pruned_shots,random_medium,unknown,none,42,295936,0.5600000023841858,1791215018.8134124,shaped_v2_pruned_shots_random_medium_seed42_scratch2_ppo_shaped_v2_1.csv
shaped_v2_pruned_shots_random_medium_unknown_none,shaped_v2_pruned_shots_random_medium_seed42_ppo_shaped_v2_1,shaped_v2,pruned_shots,random_medium,unknown,none,42,300032,0.4399999976158142,1791211426.7281003,shaped_v2_pruned_shots_random_medium_seed42_ppo_shaped_v2_1.csv
shaped_v2_pruned_shots_random_medium_unknown_none,shaped_v2_pruned_shots_random_medium_seed42_scratch2_ppo_shaped_v2_1,shaped_v2,pruned_shots,random_medium,unknown,none,42,300032,0.550000011920929,1791215024.6388683,shaped_v2_pruned_shots_random_medium_seed42_scratch2_ppo_shaped_v2_1.csv
